Site Name ,ST-HENRI
Site Number ,10
Logger ,Capacitive Water Level
Logger Serial Number ,41360


Scan No ,Date and Time,       Capacitive Water Level,        ,
        ,        ,RAW VALUE ,CALIBRATED VALUE,

1,01/05/2025 , 11:23:38,1111,1111
2,01/05/2025 , 12:23:38,1074,1074
3,01/05/2025 , 13:23:38,1066,1066
4,01/05/2025 , 14:23:38,1107,1107
5,01/05/2025 , 15:23:38,1214,1214
6,01/05/2025 , 16:23:38,1624,1624
7,01/05/2025 , 17:23:38,1864,1864
8,01/05/2025 , 18:23:38,1993,1993
9,01/05/2025 , 19:23:38,2063,2063
10,01/05/2025 , 20:23:38,2096,2096
11,01/05/2025 , 21:23:38,2114,2114
12,01/05/2025 , 22:23:38,2125,2125
13,01/05/2025 , 23:23:38,2131,2131
14,02/05/2025 , 00:23:38,2135,2135
15,02/05/2025 , 01:23:38,2137,2137
16,02/05/2025 , 02:23:38,2139,2139
17,02/05/2025 , 03:23:38,2139,2139
18,02/05/2025 , 04:23:38,2140,2140
19,02/05/2025 , 05:23:38,2140,2140
20,02/05/2025 , 06:23:38,2140,2140
21,02/05/2025 , 07:23:38,2141,2141
22,02/05/2025 , 08:23:38,2142,2142
23,02/05/2025 , 09:23:38,2143,2143
24,02/05/2025 , 10:23:38,2146,2146
25,02/05/2025 , 11:23:38,2152,2152
26,02/05/2025 , 12:23:38,2167,2167
27,02/05/2025 , 13:23:38,2182,2182
28,02/05/2025 , 14:23:38,2192,2192
29,02/05/2025 , 15:23:38,2195,2195
30,02/05/2025 , 16:23:38,2198,2198
31,02/05/2025 , 17:23:38,2199,2199
32,02/05/2025 , 18:23:38,2199,2199
33,02/05/2025 , 19:23:38,2199,2199
34,02/05/2025 , 20:23:38,2198,2198
35,02/05/2025 , 21:23:38,2196,2196
36,02/05/2025 , 22:23:38,2194,2194
37,02/05/2025 , 23:23:38,2192,2192
38,03/05/2025 , 00:23:38,2190,2190
39,03/05/2025 , 01:23:38,2187,2187
40,03/05/2025 , 02:23:38,2185,2185
41,03/05/2025 , 03:23:38,2182,2182
42,03/05/2025 , 04:23:38,2181,2181
43,03/05/2025 , 05:23:38,2178,2178
44,03/05/2025 , 06:23:38,2176,2176
45,03/05/2025 , 07:23:38,2173,2173
46,03/05/2025 , 08:23:38,2172,2172
47,03/05/2025 , 09:23:38,2169,2169
48,03/05/2025 , 10:23:38,2167,2167
49,03/05/2025 , 11:23:38,2165,2165
50,03/05/2025 , 12:23:38,2164,2164
51,03/05/2025 , 13:23:38,2161,2161
52,03/05/2025 , 14:23:38,2161,2161
53,03/05/2025 , 15:23:38,2160,2160
54,03/05/2025 , 16:23:38,2159,2159
55,03/05/2025 , 17:23:38,2158,2158
56,03/05/2025 , 18:23:38,2157,2157
57,03/05/2025 , 19:23:38,2156,2156
58,03/05/2025 , 20:23:38,2155,2155
59,03/05/2025 , 21:23:38,2154,2154
60,03/05/2025 , 22:23:38,2152,2152
61,03/05/2025 , 23:23:38,2152,2152
62,04/05/2025 , 00:23:38,2152,2152
63,04/05/2025 , 01:23:38,2152,2152
64,04/05/2025 , 02:23:38,2152,2152
65,04/05/2025 , 03:23:38,2151,2151
66,04/05/2025 , 04:23:38,2150,2150
67,04/05/2025 , 05:23:38,2150,2150
68,04/05/2025 , 06:23:38,2149,2149
69,04/05/2025 , 07:23:38,2149,2149
70,04/05/2025 , 08:23:38,2149,2149
71,04/05/2025 , 09:23:38,2148,2148
72,04/05/2025 , 10:23:38,2148,2148
73,04/05/2025 , 11:23:38,2147,2147
74,04/05/2025 , 12:23:38,2146,2146
75,04/05/2025 , 13:23:38,2146,2146
76,04/05/2025 , 14:23:38,2145,2145
77,04/05/2025 , 15:23:38,2145,2145
78,04/05/2025 , 16:23:38,2144,2144
79,04/05/2025 , 17:23:38,2143,2143
80,04/05/2025 , 18:23:38,2142,2142
81,04/05/2025 , 19:23:38,2142,2142
82,04/05/2025 , 20:23:38,2141,2141
83,04/05/2025 , 21:23:38,2140,2140
84,04/05/2025 , 22:23:38,2139,2139
85,04/05/2025 , 23:23:38,2139,2139
86,05/05/2025 , 00:23:38,2138,2138
87,05/05/2025 , 01:23:38,2138,2138
88,05/05/2025 , 02:23:38,2138,2138
89,05/05/2025 , 03:23:38,2138,2138
90,05/05/2025 , 04:23:38,2137,2137
91,05/05/2025 , 05:23:38,2137,2137
92,05/05/2025 , 06:23:38,2137,2137
93,05/05/2025 , 07:23:38,2137,2137
94,05/05/2025 , 08:23:38,2136,2136
95,05/05/2025 , 09:23:38,2136,2136
96,05/05/2025 , 10:23:38,2136,2136
97,05/05/2025 , 11:23:38,2135,2135
98,05/05/2025 , 12:23:38,2135,2135
99,05/05/2025 , 13:23:38,2135,2135
100,05/05/2025 , 14:23:38,2135,2135
101,05/05/2025 , 15:23:38,2134,2134
102,05/05/2025 , 16:23:38,2134,2134
103,05/05/2025 , 17:23:38,2134,2134
104,05/05/2025 , 18:23:38,2133,2133
105,05/05/2025 , 19:23:38,2133,2133
106,05/05/2025 , 20:23:38,2132,2132
107,05/05/2025 , 21:23:38,2131,2131
108,05/05/2025 , 22:23:38,2131,2131
109,05/05/2025 , 23:23:38,2131,2131
110,06/05/2025 , 00:23:38,2130,2130
111,06/05/2025 , 01:23:38,2130,2130
112,06/05/2025 , 02:23:38,2130,2130
113,06/05/2025 , 03:23:38,2130,2130
114,06/05/2025 , 04:23:38,2130,2130
115,06/05/2025 , 05:23:38,2130,2130
116,06/05/2025 , 06:23:38,2130,2130
117,06/05/2025 , 07:23:38,2130,2130
118,06/05/2025 , 08:23:38,2130,2130
119,06/05/2025 , 09:23:38,2130,2130
120,06/05/2025 , 10:23:38,2130,2130
121,06/05/2025 , 11:23:38,2130,2130
122,06/05/2025 , 12:23:38,2130,2130
123,06/05/2025 , 13:23:38,2130,2130
124,06/05/2025 , 14:23:38,2130,2130
125,06/05/2025 , 15:23:38,2130,2130
126,06/05/2025 , 16:23:38,2129,2129
127,06/05/2025 , 17:23:38,2130,2130
128,06/05/2025 , 18:23:38,2129,2129
129,06/05/2025 , 19:23:38,2129,2129
130,06/05/2025 , 20:23:38,2129,2129
131,06/05/2025 , 21:23:38,2129,2129
132,06/05/2025 , 22:23:38,2129,2129
133,06/05/2025 , 23:23:38,2128,2128
134,07/05/2025 , 00:23:38,2128,2128
135,07/05/2025 , 01:23:38,2128,2128
136,07/05/2025 , 02:23:38,2129,2129
137,07/05/2025 , 03:23:38,2129,2129
138,07/05/2025 , 04:23:38,2129,2129
139,07/05/2025 , 05:23:38,2129,2129
140,07/05/2025 , 06:23:38,2129,2129
141,07/05/2025 , 07:23:38,2129,2129
142,07/05/2025 , 08:23:38,2129,2129
143,07/05/2025 , 09:23:38,2129,2129
144,07/05/2025 , 10:23:38,2130,2130
145,07/05/2025 , 11:23:38,2129,2129
146,07/05/2025 , 12:23:38,2129,2129
147,07/05/2025 , 13:23:38,2129,2129
148,07/05/2025 , 14:23:38,2129,2129
149,07/05/2025 , 15:23:38,2129,2129
150,07/05/2025 , 16:23:38,2130,2130
151,07/05/2025 , 17:23:38,2131,2131
152,07/05/2025 , 18:23:38,2134,2134
153,07/05/2025 , 19:23:38,2136,2136
154,07/05/2025 , 20:23:38,2147,2147
155,07/05/2025 , 21:23:38,2160,2160
156,07/05/2025 , 22:23:38,2169,2169
157,07/05/2025 , 23:23:38,2174,2174
158,08/05/2025 , 00:23:38,2174,2174
159,08/05/2025 , 01:23:38,2175,2175
160,08/05/2025 , 02:23:38,2175,2175
161,08/05/2025 , 03:23:38,2175,2175
162,08/05/2025 , 04:23:38,2175,2175
163,08/05/2025 , 05:23:38,2174,2174
164,08/05/2025 , 06:23:38,2172,2172
165,08/05/2025 , 07:23:38,2171,2171
166,08/05/2025 , 08:23:38,2169,2169
167,08/05/2025 , 09:23:38,2167,2167
168,08/05/2025 , 10:23:38,2165,2165
169,08/05/2025 , 11:23:38,2163,2163
170,08/05/2025 , 12:23:38,2162,2162
171,08/05/2025 , 13:23:38,2160,2160
172,08/05/2025 , 14:23:38,2158,2158
173,08/05/2025 , 15:23:38,2157,2157
174,08/05/2025 , 16:23:38,2156,2156
175,08/05/2025 , 17:23:38,2154,2154
176,08/05/2025 , 18:23:38,2154,2154
177,08/05/2025 , 19:23:38,2152,2152
178,08/05/2025 , 20:23:38,2151,2151
179,08/05/2025 , 21:23:38,2151,2151
180,08/05/2025 , 22:23:38,2150,2150
181,08/05/2025 , 23:23:38,2149,2149
182,09/05/2025 , 00:23:38,2149,2149
183,09/05/2025 , 01:23:38,2147,2147
184,09/05/2025 , 02:23:38,2148,2148
185,09/05/2025 , 03:23:38,2147,2147
186,09/05/2025 , 04:23:38,2147,2147
187,09/05/2025 , 05:23:38,2147,2147
188,09/05/2025 , 06:23:38,2148,2148
189,09/05/2025 , 07:23:38,2149,2149
190,09/05/2025 , 08:23:38,2152,2152
191,09/05/2025 , 09:23:38,2158,2158
192,09/05/2025 , 10:23:38,2163,2163
193,09/05/2025 , 11:23:38,2165,2165
194,09/05/2025 , 12:23:38,2167,2167
195,09/05/2025 , 13:23:38,2166,2166
196,09/05/2025 , 14:23:38,2165,2165
197,09/05/2025 , 15:23:38,2164,2164
198,09/05/2025 , 16:23:38,2163,2163
199,09/05/2025 , 17:23:38,2161,2161
200,09/05/2025 , 18:23:38,2159,2159
201,09/05/2025 , 19:23:38,2158,2158
202,09/05/2025 , 20:23:38,2157,2157
203,09/05/2025 , 21:23:38,2155,2155
204,09/05/2025 , 22:23:38,2154,2154
205,09/05/2025 , 23:23:38,2154,2154
206,10/05/2025 , 00:23:38,2153,2153
207,10/05/2025 , 01:23:38,2152,2152
208,10/05/2025 , 02:23:38,2152,2152
209,10/05/2025 , 03:23:38,2152,2152
210,10/05/2025 , 04:23:38,2152,2152
211,10/05/2025 , 05:23:38,2151,2151
212,10/05/2025 , 06:23:38,2151,2151
213,10/05/2025 , 07:23:38,2151,2151
214,10/05/2025 , 08:23:38,2151,2151
215,10/05/2025 , 09:23:38,2150,2150
216,10/05/2025 , 10:23:38,2150,2150
217,10/05/2025 , 11:23:38,2149,2149
218,10/05/2025 , 12:23:38,2148,2148
219,10/05/2025 , 13:23:38,2148,2148
220,10/05/2025 , 14:23:38,2147,2147
221,10/05/2025 , 15:23:38,2146,2146
222,10/05/2025 , 16:23:38,2146,2146
223,10/05/2025 , 17:23:38,2145,2145
224,10/05/2025 , 18:23:38,2145,2145
225,10/05/2025 , 19:23:38,2144,2144
226,10/05/2025 , 20:23:38,2144,2144
227,10/05/2025 , 21:23:38,2143,2143
228,10/05/2025 , 22:23:38,2142,2142
229,10/05/2025 , 23:23:38,2142,2142
230,11/05/2025 , 00:23:38,2141,2141
231,11/05/2025 , 01:23:38,2141,2141
232,11/05/2025 , 02:23:38,2140,2140
233,11/05/2025 , 03:23:38,2140,2140
234,11/05/2025 , 04:23:38,2140,2140
235,11/05/2025 , 05:23:38,2139,2139
236,11/05/2025 , 06:23:38,2138,2138
237,11/05/2025 , 07:23:38,2138,2138
238,11/05/2025 , 08:23:38,2137,2137
239,11/05/2025 , 09:23:38,2137,2137
240,11/05/2025 , 10:23:38,2136,2136
241,11/05/2025 , 11:23:38,2136,2136
242,11/05/2025 , 12:23:38,2135,2135
243,11/05/2025 , 13:23:38,2134,2134
244,11/05/2025 , 14:23:38,2133,2133
245,11/05/2025 , 15:23:38,2133,2133
246,11/05/2025 , 16:23:38,2132,2132
247,11/05/2025 , 17:23:38,2131,2131
248,11/05/2025 , 18:23:38,2130,2130
249,11/05/2025 , 19:23:38,2130,2130
250,11/05/2025 , 20:23:38,2129,2129
251,11/05/2025 , 21:23:38,2127,2127
252,11/05/2025 , 22:23:38,2126,2126
253,11/05/2025 , 23:23:38,2125,2125
254,12/05/2025 , 00:23:38,2125,2125
255,12/05/2025 , 01:23:38,2124,2124
256,12/05/2025 , 02:23:38,2124,2124
257,12/05/2025 , 03:23:38,2123,2123
258,12/05/2025 , 04:23:38,2123,2123
259,12/05/2025 , 05:23:38,2122,2122
260,12/05/2025 , 06:23:38,2122,2122
261,12/05/2025 , 07:23:38,2121,2121
262,12/05/2025 , 08:23:38,2121,2121
263,12/05/2025 , 09:23:38,2121,2121
264,12/05/2025 , 10:23:38,2120,2120
265,12/05/2025 , 11:23:38,2120,2120
266,12/05/2025 , 12:23:38,2119,2119
267,12/05/2025 , 13:23:38,2118,2118
268,12/05/2025 , 14:23:38,2116,2116
269,12/05/2025 , 15:23:38,2114,2114
270,12/05/2025 , 16:23:38,2112,2112
271,12/05/2025 , 17:23:38,2110,2110
272,12/05/2025 , 18:23:38,2108,2108
273,12/05/2025 , 19:23:38,2106,2106
274,12/05/2025 , 20:23:38,2103,2103
275,12/05/2025 , 21:23:38,2101,2101
276,12/05/2025 , 22:23:38,2098,2098
277,12/05/2025 , 23:23:38,2096,2096
278,13/05/2025 , 00:23:38,2094,2094
279,13/05/2025 , 01:23:38,2092,2092
280,13/05/2025 , 02:23:38,2091,2091
281,13/05/2025 , 03:23:38,2089,2089
282,13/05/2025 , 04:23:38,2088,2088
283,13/05/2025 , 05:23:38,2087,2087
284,13/05/2025 , 06:23:38,2086,2086
285,13/05/2025 , 07:23:38,2085,2085
286,13/05/2025 , 08:23:38,2084,2084
287,13/05/2025 , 09:23:38,2083,2083
288,13/05/2025 , 10:23:38,2081,2081
289,13/05/2025 , 11:23:38,2080,2080
290,13/05/2025 , 12:23:38,2079,2079
291,13/05/2025 , 13:23:38,2077,2077
292,13/05/2025 , 14:23:38,2076,2076
293,13/05/2025 , 15:23:38,2073,2073
294,13/05/2025 , 16:23:38,2071,2071
295,13/05/2025 , 17:23:38,2069,2069
296,13/05/2025 , 18:23:38,2066,2066
297,13/05/2025 , 19:23:38,2064,2064
298,13/05/2025 , 20:23:38,2062,2062
299,13/05/2025 , 21:23:38,2059,2059
300,13/05/2025 , 22:23:38,2058,2058
301,13/05/2025 , 23:23:38,2056,2056
302,14/05/2025 , 00:23:38,2055,2055
303,14/05/2025 , 01:23:38,2053,2053
304,14/05/2025 , 02:23:38,2051,2051
305,14/05/2025 , 03:23:38,2051,2051
306,14/05/2025 , 04:23:38,2048,2048
307,14/05/2025 , 05:23:38,2048,2048
308,14/05/2025 , 06:23:38,2047,2047
309,14/05/2025 , 07:23:38,2046,2046
310,14/05/2025 , 08:23:38,2045,2045
311,14/05/2025 , 09:23:38,2045,2045
312,14/05/2025 , 10:23:38,2043,2043
313,14/05/2025 , 11:23:38,2042,2042
314,14/05/2025 , 12:23:38,2041,2041
315,14/05/2025 , 13:23:38,2040,2040
316,14/05/2025 , 14:23:38,2038,2038
317,14/05/2025 , 15:23:38,2036,2036
318,14/05/2025 , 16:23:38,2034,2034
319,14/05/2025 , 17:23:38,2031,2031
320,14/05/2025 , 18:23:38,2029,2029
321,14/05/2025 , 19:23:38,2026,2026
322,14/05/2025 , 20:23:38,2024,2024
323,14/05/2025 , 21:23:38,2022,2022
324,14/05/2025 , 22:23:38,2019,2019
325,14/05/2025 , 23:23:38,2017,2017
326,15/05/2025 , 00:23:38,2016,2016
327,15/05/2025 , 01:23:38,2015,2015
328,15/05/2025 , 02:23:38,2013,2013
329,15/05/2025 , 03:23:38,2013,2013
330,15/05/2025 , 04:23:38,2013,2013
331,15/05/2025 , 05:23:38,2012,2012
332,15/05/2025 , 06:23:38,2012,2012
333,15/05/2025 , 07:23:38,2013,2013
334,15/05/2025 , 08:23:38,2012,2012
335,15/05/2025 , 09:23:38,2012,2012
336,15/05/2025 , 10:23:38,2012,2012
337,15/05/2025 , 11:23:38,2013,2013
338,15/05/2025 , 12:23:38,2013,2013
339,15/05/2025 , 13:23:38,2012,2012
340,15/05/2025 , 14:23:38,2011,2011
341,15/05/2025 , 15:23:38,2010,2010
342,15/05/2025 , 16:23:38,2009,2009
343,15/05/2025 , 17:23:38,2008,2008
344,15/05/2025 , 18:23:38,2006,2006
345,15/05/2025 , 19:23:38,2005,2005
346,15/05/2025 , 20:23:38,2003,2003
347,15/05/2025 , 21:23:38,2002,2002
348,15/05/2025 , 22:23:38,2001,2001
349,15/05/2025 , 23:23:38,2000,2000
350,16/05/2025 , 00:23:38,1999,1999
351,16/05/2025 , 01:23:38,1998,1998
352,16/05/2025 , 02:23:38,1997,1997
353,16/05/2025 , 03:23:38,1997,1997
354,16/05/2025 , 04:23:38,1997,1997
355,16/05/2025 , 05:23:38,1996,1996
356,16/05/2025 , 06:23:38,1995,1995
357,16/05/2025 , 07:23:38,1996,1996
358,16/05/2025 , 08:23:38,1996,1996
359,16/05/2025 , 09:23:38,1996,1996
360,16/05/2025 , 10:23:38,1996,1996
361,16/05/2025 , 11:23:38,1996,1996
362,16/05/2025 , 12:23:38,1995,1995
363,16/05/2025 , 13:23:38,1996,1996
364,16/05/2025 , 14:23:38,1995,1995
365,16/05/2025 , 15:23:38,1995,1995
366,16/05/2025 , 16:23:38,1994,1994
367,16/05/2025 , 17:23:38,1993,1993
368,16/05/2025 , 18:23:38,1993,1993
369,16/05/2025 , 19:23:38,1991,1991
370,16/05/2025 , 20:23:38,1991,1991
371,16/05/2025 , 21:23:38,1989,1989
372,16/05/2025 , 22:23:38,1989,1989
373,16/05/2025 , 23:23:38,1990,1990
374,17/05/2025 , 00:23:38,1990,1990
375,17/05/2025 , 01:23:38,1990,1990
376,17/05/2025 , 02:23:38,1990,1990
377,17/05/2025 , 03:23:38,1990,1990
378,17/05/2025 , 04:23:38,1990,1990
379,17/05/2025 , 05:23:38,1990,1990
380,17/05/2025 , 06:23:38,1990,1990
381,17/05/2025 , 07:23:38,1991,1991
382,17/05/2025 , 08:23:38,1991,1991
383,17/05/2025 , 09:23:38,1992,1992
384,17/05/2025 , 10:23:38,1993,1993
385,17/05/2025 , 11:23:38,1993,1993
386,17/05/2025 , 12:23:38,1995,1995
387,17/05/2025 , 13:23:38,1995,1995
388,17/05/2025 , 14:23:38,1999,1999
389,17/05/2025 , 15:23:38,2016,2016
390,17/05/2025 , 16:23:38,2032,2032
391,17/05/2025 , 17:23:38,2067,2067
392,17/05/2025 , 18:23:38,2098,2098
393,17/05/2025 , 19:23:38,2119,2119
394,17/05/2025 , 20:23:38,2133,2133
395,17/05/2025 , 21:23:38,2141,2141
396,17/05/2025 , 22:23:38,2146,2146
397,17/05/2025 , 23:23:38,2151,2151
398,18/05/2025 , 00:23:38,2152,2152
399,18/05/2025 , 01:23:38,2154,2154
400,18/05/2025 , 02:23:38,2154,2154
401,18/05/2025 , 03:23:38,2157,2157
402,18/05/2025 , 04:23:38,2158,2158
403,18/05/2025 , 05:23:38,2162,2162
404,18/05/2025 , 06:23:38,2165,2165
405,18/05/2025 , 07:23:38,2174,2174
406,18/05/2025 , 08:23:38,2192,2192
407,18/05/2025 , 09:23:38,2203,2203
408,18/05/2025 , 10:23:38,2204,2204
409,18/05/2025 , 11:23:38,2204,2204
410,18/05/2025 , 12:23:38,2201,2201
411,18/05/2025 , 13:23:38,2199,2199
412,18/05/2025 , 14:23:38,2196,2196
413,18/05/2025 , 15:23:38,2194,2194
414,18/05/2025 , 16:23:38,2192,2192
415,18/05/2025 , 17:23:38,2189,2189
416,18/05/2025 , 18:23:38,2188,2188
417,18/05/2025 , 19:23:38,2188,2188
418,18/05/2025 , 20:23:38,2185,2185
419,18/05/2025 , 21:23:38,2185,2185
420,18/05/2025 , 22:23:38,2183,2183
421,18/05/2025 , 23:23:38,2183,2183
422,19/05/2025 , 00:23:38,2181,2181
423,19/05/2025 , 01:23:38,2180,2180
424,19/05/2025 , 02:23:38,2179,2179
425,19/05/2025 , 03:23:38,2178,2178
426,19/05/2025 , 04:23:38,2176,2176
427,19/05/2025 , 05:23:38,2175,2175
428,19/05/2025 , 06:23:38,2175,2175
429,19/05/2025 , 07:23:38,2178,2178
430,19/05/2025 , 08:23:38,2187,2187
431,19/05/2025 , 09:23:38,2193,2193
432,19/05/2025 , 10:23:38,2197,2197
433,19/05/2025 , 11:23:38,2197,2197
434,19/05/2025 , 12:23:38,2197,2197
435,19/05/2025 , 13:23:38,2197,2197
436,19/05/2025 , 14:23:38,2197,2197
437,19/05/2025 , 15:23:38,2196,2196
438,19/05/2025 , 16:23:38,2195,2195
439,19/05/2025 , 17:23:38,2194,2194
440,19/05/2025 , 18:23:38,2193,2193
441,19/05/2025 , 19:23:38,2192,2192
442,19/05/2025 , 20:23:38,2192,2192
443,19/05/2025 , 21:23:38,2192,2192
444,19/05/2025 , 22:23:38,2191,2191
445,19/05/2025 , 23:23:38,2191,2191
446,20/05/2025 , 00:23:38,2190,2190
447,20/05/2025 , 01:23:38,2187,2187
448,20/05/2025 , 02:23:38,2185,2185
449,20/05/2025 , 03:23:38,2182,2182
450,20/05/2025 , 04:23:38,2181,2181
451,20/05/2025 , 05:23:38,2178,2178
452,20/05/2025 , 06:23:38,2176,2176
453,20/05/2025 , 07:23:38,2175,2175
454,20/05/2025 , 08:23:38,2173,2173
455,20/05/2025 , 09:23:38,2171,2171
456,20/05/2025 , 10:23:38,2170,2170
457,20/05/2025 , 11:23:38,2167,2167
458,20/05/2025 , 12:23:38,2167,2167
459,20/05/2025 , 13:23:38,2165,2165
460,20/05/2025 , 14:23:38,2163,2163
461,20/05/2025 , 15:23:38,2160,2160
462,20/05/2025 , 16:23:38,2159,2159
463,20/05/2025 , 17:23:38,2157,2157
464,20/05/2025 , 18:23:38,2154,2154
465,20/05/2025 , 19:23:38,2153,2153
466,20/05/2025 , 20:23:38,2152,2152
467,20/05/2025 , 21:23:38,2150,2150
468,20/05/2025 , 22:23:38,2149,2149
469,20/05/2025 , 23:23:38,2148,2148
470,21/05/2025 , 00:23:38,2147,2147
471,21/05/2025 , 01:23:38,2146,2146
472,21/05/2025 , 02:23:38,2145,2145
473,21/05/2025 , 03:23:38,2143,2143
474,21/05/2025 , 04:23:38,2143,2143
475,21/05/2025 , 05:23:38,2142,2142
476,21/05/2025 , 06:23:38,2141,2141
477,21/05/2025 , 07:23:38,2140,2140
478,21/05/2025 , 08:23:38,2140,2140
479,21/05/2025 , 09:23:38,2139,2139
480,21/05/2025 , 10:23:38,2138,2138
481,21/05/2025 , 11:23:38,2138,2138
482,21/05/2025 , 12:23:38,2137,2137
483,21/05/2025 , 13:23:38,2136,2136
484,21/05/2025 , 14:23:38,2135,2135
485,21/05/2025 , 15:23:38,2134,2134
486,21/05/2025 , 16:23:38,2133,2133
487,21/05/2025 , 17:23:38,2132,2132
488,21/05/2025 , 18:23:38,2131,2131
489,21/05/2025 , 19:23:38,2130,2130
490,21/05/2025 , 20:23:38,2128,2128
491,21/05/2025 , 21:23:38,2127,2127
492,21/05/2025 , 22:23:38,2127,2127
493,21/05/2025 , 23:23:38,2125,2125
494,22/05/2025 , 00:23:38,2125,2125
495,22/05/2025 , 01:23:38,2124,2124
496,22/05/2025 , 02:23:38,2123,2123
497,22/05/2025 , 03:23:38,2122,2122
498,22/05/2025 , 04:23:38,2121,2121
499,22/05/2025 , 05:23:38,2120,2120
500,22/05/2025 , 06:23:38,2118,2118
501,22/05/2025 , 07:23:38,2117,2117
502,22/05/2025 , 08:23:38,2116,2116
503,22/05/2025 , 09:23:38,2114,2114
504,22/05/2025 , 10:23:38,2112,2112
505,22/05/2025 , 11:23:38,2111,2111
506,22/05/2025 , 12:23:38,2109,2109
507,22/05/2025 , 13:23:38,2106,2106
508,22/05/2025 , 14:23:38,2104,2104
509,22/05/2025 , 15:23:38,2101,2101
510,22/05/2025 , 16:23:38,2098,2098
511,22/05/2025 , 17:23:38,2094,2094
512,22/05/2025 , 18:23:38,2090,2090
513,22/05/2025 , 19:23:38,2086,2086
514,22/05/2025 , 20:23:38,2083,2083
515,22/05/2025 , 21:23:38,2080,2080
516,22/05/2025 , 22:23:38,2077,2077
517,22/05/2025 , 23:23:38,2074,2074
518,23/05/2025 , 00:23:38,2070,2070
519,23/05/2025 , 01:23:38,2068,2068
520,23/05/2025 , 02:23:38,2066,2066
521,23/05/2025 , 03:23:38,2063,2063
522,23/05/2025 , 04:23:38,2061,2061
523,23/05/2025 , 05:23:38,2059,2059
524,23/05/2025 , 06:23:38,2057,2057
525,23/05/2025 , 07:23:38,2056,2056
526,23/05/2025 , 08:23:38,2056,2056
527,23/05/2025 , 09:23:38,2054,2054
528,23/05/2025 , 10:23:38,2053,2053
529,23/05/2025 , 11:23:38,2051,2051
530,23/05/2025 , 12:23:38,2051,2051
531,23/05/2025 , 13:23:38,2050,2050
532,23/05/2025 , 14:23:38,2049,2049
533,23/05/2025 , 15:23:38,2048,2048
534,23/05/2025 , 16:23:38,2049,2049
535,23/05/2025 , 17:23:38,2051,2051
536,23/05/2025 , 18:23:38,2052,2052
537,23/05/2025 , 19:23:38,2053,2053
538,23/05/2025 , 20:23:38,2054,2054
539,23/05/2025 , 21:23:38,2056,2056
540,23/05/2025 , 22:23:38,2059,2059
541,23/05/2025 , 23:23:38,2064,2064
542,24/05/2025 , 00:23:38,2067,2067
543,24/05/2025 , 01:23:38,2072,2072
544,24/05/2025 , 02:23:38,2076,2076
545,24/05/2025 , 03:23:38,2081,2081
546,24/05/2025 , 04:23:38,2085,2085
547,24/05/2025 , 05:23:38,2090,2090
548,24/05/2025 , 06:23:38,2096,2096
549,24/05/2025 , 07:23:38,2104,2104
550,24/05/2025 , 08:23:38,2116,2116
551,24/05/2025 , 09:23:38,2126,2126
552,24/05/2025 , 10:23:38,2134,2134
553,24/05/2025 , 11:23:38,2140,2140
554,24/05/2025 , 12:23:38,2143,2143
555,24/05/2025 , 13:23:38,2144,2144
556,24/05/2025 , 14:23:38,2145,2145
557,24/05/2025 , 15:23:38,2145,2145
558,24/05/2025 , 16:23:38,2145,2145
559,24/05/2025 , 17:23:38,2145,2145
560,24/05/2025 , 18:23:38,2145,2145
561,24/05/2025 , 19:23:38,2145,2145
562,24/05/2025 , 20:23:38,2145,2145
563,24/05/2025 , 21:23:38,2145,2145
564,24/05/2025 , 22:23:38,2144,2144
565,24/05/2025 , 23:23:38,2144,2144
566,25/05/2025 , 00:23:38,2143,2143
567,25/05/2025 , 01:23:38,2143,2143
568,25/05/2025 , 02:23:38,2143,2143
569,25/05/2025 , 03:23:38,2142,2142
570,25/05/2025 , 04:23:38,2142,2142
571,25/05/2025 , 05:23:38,2141,2141
572,25/05/2025 , 06:23:38,2141,2141
573,25/05/2025 , 07:23:38,2141,2141
574,25/05/2025 , 08:23:38,2140,2140
575,25/05/2025 , 09:23:38,2141,2141
576,25/05/2025 , 10:23:38,2141,2141
577,25/05/2025 , 11:23:38,2140,2140
578,25/05/2025 , 12:23:38,2140,2140
579,25/05/2025 , 13:23:38,2140,2140
580,25/05/2025 , 14:23:38,2139,2139
581,25/05/2025 , 15:23:38,2138,2138
582,25/05/2025 , 16:23:38,2137,2137
583,25/05/2025 , 17:23:38,2136,2136
584,25/05/2025 , 18:23:38,2136,2136
585,25/05/2025 , 19:23:38,2135,2135
586,25/05/2025 , 20:23:38,2133,2133
587,25/05/2025 , 21:23:38,2132,2132
588,25/05/2025 , 22:23:38,2131,2131
589,25/05/2025 , 23:23:38,2130,2130
590,26/05/2025 , 00:23:38,2129,2129
591,26/05/2025 , 01:23:38,2129,2129
592,26/05/2025 , 02:23:38,2128,2128
593,26/05/2025 , 03:23:38,2127,2127
594,26/05/2025 , 04:23:38,2126,2126
595,26/05/2025 , 05:23:38,2125,2125
596,26/05/2025 , 06:23:38,2125,2125
597,26/05/2025 , 07:23:38,2123,2123
598,26/05/2025 , 08:23:38,2122,2122
599,26/05/2025 , 09:23:38,2121,2121
600,26/05/2025 , 10:23:38,2120,2120
601,26/05/2025 , 11:23:38,2118,2118
602,26/05/2025 , 12:23:38,2116,2116
603,26/05/2025 , 13:23:38,2113,2113
604,26/05/2025 , 14:23:38,2110,2110
605,26/05/2025 , 15:23:38,2106,2106
606,26/05/2025 , 16:23:38,2101,2101
607,26/05/2025 , 17:23:38,2097,2097
608,26/05/2025 , 18:23:38,2093,2093
609,26/05/2025 , 19:23:38,2088,2088
610,26/05/2025 , 20:23:38,2083,2083
611,26/05/2025 , 21:23:38,2079,2079
612,26/05/2025 , 22:23:38,2074,2074
613,26/05/2025 , 23:23:38,2070,2070
614,27/05/2025 , 00:23:38,2066,2066
615,27/05/2025 , 01:23:38,2063,2063
616,27/05/2025 , 02:23:38,2059,2059
617,27/05/2025 , 03:23:38,2056,2056
618,27/05/2025 , 04:23:38,2053,2053
619,27/05/2025 , 05:23:38,2051,2051
620,27/05/2025 , 06:23:38,2048,2048
621,27/05/2025 , 07:23:38,2045,2045
622,27/05/2025 , 08:23:38,2043,2043
623,27/05/2025 , 09:23:38,2040,2040
624,27/05/2025 , 10:23:38,2038,2038
625,27/05/2025 , 11:23:38,2035,2035
626,27/05/2025 , 12:23:38,2032,2032
627,27/05/2025 , 13:23:38,2030,2030
628,27/05/2025 , 14:23:38,2026,2026
629,27/05/2025 , 15:23:38,2022,2022
630,27/05/2025 , 16:23:38,2019,2019
631,27/05/2025 , 17:23:38,2015,2015
632,27/05/2025 , 18:23:38,2012,2012
633,27/05/2025 , 19:23:38,2009,2009
634,27/05/2025 , 20:23:38,2006,2006
635,27/05/2025 , 21:23:38,2002,2002
636,27/05/2025 , 22:23:38,1999,1999
637,27/05/2025 , 23:23:38,1997,1997
638,28/05/2025 , 00:23:38,1995,1995
639,28/05/2025 , 01:23:38,1993,1993
640,28/05/2025 , 02:23:38,1991,1991
641,28/05/2025 , 03:23:38,1990,1990
642,28/05/2025 , 04:23:38,1988,1988
643,28/05/2025 , 05:23:38,1987,1987
644,28/05/2025 , 06:23:38,1985,1985
645,28/05/2025 , 07:23:38,1985,1985
646,28/05/2025 , 08:23:38,1985,1985
647,28/05/2025 , 09:23:38,1984,1984
648,28/05/2025 , 10:23:38,1983,1983
649,28/05/2025 , 11:23:38,1982,1982
650,28/05/2025 , 12:23:38,1983,1983
651,28/05/2025 , 13:23:38,1982,1982
652,28/05/2025 , 14:23:38,1981,1981
653,28/05/2025 , 15:23:38,1980,1980
654,28/05/2025 , 16:23:38,1979,1979
655,28/05/2025 , 17:23:38,1978,1978
656,28/05/2025 , 18:23:38,1977,1977
657,28/05/2025 , 19:23:38,1976,1976
658,28/05/2025 , 20:23:38,1974,1974
659,28/05/2025 , 21:23:38,1972,1972
660,28/05/2025 , 22:23:38,1971,1971
661,28/05/2025 , 23:23:38,1969,1969
662,29/05/2025 , 00:23:38,1968,1968
663,29/05/2025 , 01:23:38,1967,1967
664,29/05/2025 , 02:23:38,1966,1966
665,29/05/2025 , 03:23:38,1965,1965
666,29/05/2025 , 04:23:38,1964,1964
667,29/05/2025 , 05:23:38,1963,1963
668,29/05/2025 , 06:23:38,1962,1962
669,29/05/2025 , 07:23:38,1961,1961
670,29/05/2025 , 08:23:38,1959,1959
671,29/05/2025 , 09:23:38,1958,1958
672,29/05/2025 , 10:23:38,1956,1956
673,29/05/2025 , 11:23:38,1954,1954
674,29/05/2025 , 12:23:38,1952,1952
675,29/05/2025 , 13:23:38,1949,1949
676,29/05/2025 , 14:23:38,1939,1939
677,29/05/2025 , 15:23:38,1936,1936
678,29/05/2025 , 16:23:38,1934,1934
679,29/05/2025 , 17:23:38,1932,1932
680,29/05/2025 , 18:23:38,1931,1931
681,29/05/2025 , 19:23:38,1928,1928
682,29/05/2025 , 20:23:38,1927,1927
683,29/05/2025 , 21:23:38,1925,1925
684,29/05/2025 , 22:23:38,1923,1923
685,29/05/2025 , 23:23:38,1922,1922
686,30/05/2025 , 00:23:38,1921,1921
687,30/05/2025 , 01:23:38,1920,1920
688,30/05/2025 , 02:23:38,1918,1918
689,30/05/2025 , 03:23:38,1917,1917
690,30/05/2025 , 04:23:38,1916,1916
691,30/05/2025 , 05:23:38,1915,1915
692,30/05/2025 , 06:23:38,1914,1914
693,30/05/2025 , 07:23:38,1913,1913
694,30/05/2025 , 08:23:38,1911,1911
695,30/05/2025 , 09:23:38,1910,1910
696,30/05/2025 , 10:23:38,1910,1910
697,30/05/2025 , 11:23:38,1909,1909
698,30/05/2025 , 12:23:38,1908,1908
699,30/05/2025 , 13:23:38,1907,1907
700,30/05/2025 , 14:23:38,1907,1907
701,30/05/2025 , 15:23:38,1906,1906
702,30/05/2025 , 16:23:38,1905,1905
703,30/05/2025 , 17:23:38,1904,1904
704,30/05/2025 , 18:23:38,1902,1902
705,30/05/2025 , 19:23:38,1901,1901
706,30/05/2025 , 20:23:38,1900,1900
707,30/05/2025 , 21:23:38,1898,1898
708,30/05/2025 , 22:23:38,1897,1897
709,30/05/2025 , 23:23:38,1895,1895
710,31/05/2025 , 00:23:38,1894,1894
711,31/05/2025 , 01:23:38,1893,1893
712,31/05/2025 , 02:23:38,1892,1892
713,31/05/2025 , 03:23:38,1891,1891
714,31/05/2025 , 04:23:38,1890,1890
715,31/05/2025 , 05:23:38,1889,1889
716,31/05/2025 , 06:23:38,1888,1888
717,31/05/2025 , 07:23:38,1887,1887
718,31/05/2025 , 08:23:38,1886,1886
719,31/05/2025 , 09:23:38,1886,1886
720,31/05/2025 , 10:23:38,1885,1885
721,31/05/2025 , 11:23:38,1884,1884
722,31/05/2025 , 12:23:38,1883,1883
723,31/05/2025 , 13:23:38,1884,1884
724,31/05/2025 , 14:23:38,1885,1885
725,31/05/2025 , 15:23:38,1885,1885
726,31/05/2025 , 16:23:38,1886,1886
727,31/05/2025 , 17:23:38,1885,1885
728,31/05/2025 , 18:23:38,1888,1888
729,31/05/2025 , 19:23:38,1890,1890
730,31/05/2025 , 20:23:38,1895,1895
731,31/05/2025 , 21:23:38,1901,1901
732,31/05/2025 , 22:23:38,1928,1928
733,31/05/2025 , 23:23:38,1941,1941
734,01/06/2025 , 00:23:38,1971,1971
735,01/06/2025 , 01:23:38,2008,2008
736,01/06/2025 , 02:23:38,2052,2052
737,01/06/2025 , 03:23:38,2085,2085
738,01/06/2025 , 04:23:38,2107,2107
739,01/06/2025 , 05:23:38,2119,2119
740,01/06/2025 , 06:23:38,2128,2128
741,01/06/2025 , 07:23:38,2133,2133
742,01/06/2025 , 08:23:38,2136,2136
743,01/06/2025 , 09:23:38,2138,2138
744,01/06/2025 , 10:23:38,2139,2139
745,01/06/2025 , 11:23:38,2140,2140
746,01/06/2025 , 12:23:38,2140,2140
747,01/06/2025 , 13:23:38,2140,2140
748,01/06/2025 , 14:23:38,2140,2140
749,01/06/2025 , 15:23:38,2140,2140
750,01/06/2025 , 16:23:38,2139,2139
751,01/06/2025 , 17:23:38,2138,2138
752,01/06/2025 , 18:23:38,2138,2138
753,01/06/2025 , 19:23:38,2138,2138
754,01/06/2025 , 20:23:38,2137,2137
755,01/06/2025 , 21:23:38,2137,2137
756,01/06/2025 , 22:23:38,2136,2136
757,01/06/2025 , 23:23:38,2135,2135
758,02/06/2025 , 00:23:38,2135,2135
759,02/06/2025 , 01:23:38,2134,2134
760,02/06/2025 , 02:23:38,2134,2134
761,02/06/2025 , 03:23:38,2133,2133
762,02/06/2025 , 04:23:38,2132,2132
763,02/06/2025 , 05:23:38,2132,2132
764,02/06/2025 , 06:23:38,2131,2131
765,02/06/2025 , 07:23:38,2130,2130
766,02/06/2025 , 08:23:38,2130,2130
767,02/06/2025 , 09:23:38,2130,2130
768,02/06/2025 , 10:23:38,2129,2129
769,02/06/2025 , 11:23:38,2128,2128
770,02/06/2025 , 12:23:38,2127,2127
771,02/06/2025 , 13:23:38,2126,2126
772,02/06/2025 , 14:23:38,2125,2125
773,02/06/2025 , 15:23:38,2124,2124
774,02/06/2025 , 16:23:38,2123,2123
775,02/06/2025 , 17:23:38,2120,2120
776,02/06/2025 , 18:23:38,2118,2118
777,02/06/2025 , 19:23:38,2116,2116
778,02/06/2025 , 20:23:38,2114,2114
779,02/06/2025 , 21:23:38,2112,2112
780,02/06/2025 , 22:23:38,2108,2108
781,02/06/2025 , 23:23:38,2107,2107
782,03/06/2025 , 00:23:38,2104,2104
783,03/06/2025 , 01:23:38,2102,2102
784,03/06/2025 , 02:23:38,2099,2099
785,03/06/2025 , 03:23:38,2097,2097
786,03/06/2025 , 04:23:38,2094,2094
787,03/06/2025 , 05:23:38,2092,2092
788,03/06/2025 , 06:23:38,2089,2089
789,03/06/2025 , 07:23:38,2087,2087
790,03/06/2025 , 08:23:38,2084,2084
791,03/06/2025 , 09:23:38,2082,2082
792,03/06/2025 , 10:23:38,2080,2080
793,03/06/2025 , 11:23:38,2076,2076
794,03/06/2025 , 12:23:38,2073,2073
795,03/06/2025 , 13:23:38,2070,2070
796,03/06/2025 , 14:23:38,2065,2065
797,03/06/2025 , 15:23:38,2061,2061
798,03/06/2025 , 16:23:38,2056,2056
799,03/06/2025 , 17:23:38,2051,2051
800,03/06/2025 , 18:23:38,2046,2046
801,03/06/2025 , 19:23:38,2041,2041
802,03/06/2025 , 20:23:38,2037,2037
803,03/06/2025 , 21:23:38,2032,2032
804,03/06/2025 , 22:23:38,2027,2027
805,03/06/2025 , 23:23:38,2023,2023
806,04/06/2025 , 00:23:38,2020,2020
807,04/06/2025 , 01:23:38,2017,2017
808,04/06/2025 , 02:23:38,2014,2014
809,04/06/2025 , 03:23:38,2011,2011
810,04/06/2025 , 04:23:38,2008,2008
811,04/06/2025 , 05:23:38,2005,2005
812,04/06/2025 , 06:23:38,2004,2004
813,04/06/2025 , 07:23:38,2001,2001
814,04/06/2025 , 08:23:38,2000,2000
815,04/06/2025 , 09:23:38,1998,1998
816,04/06/2025 , 10:23:38,1997,1997
817,04/06/2025 , 11:23:38,1995,1995
818,04/06/2025 , 12:23:38,1993,1993
819,04/06/2025 , 13:23:38,1992,1992
820,04/06/2025 , 14:23:38,1991,1991
821,04/06/2025 , 15:23:38,1990,1990
822,04/06/2025 , 16:23:38,1989,1989
823,04/06/2025 , 17:23:38,1987,1987
824,04/06/2025 , 18:23:38,1986,1986
825,04/06/2025 , 19:23:38,1984,1984
826,04/06/2025 , 20:23:38,1982,1982
827,04/06/2025 , 21:23:38,1980,1980
828,04/06/2025 , 22:23:38,1978,1978
829,04/06/2025 , 23:23:38,1976,1976
830,05/06/2025 , 00:23:38,1975,1975
831,05/06/2025 , 01:23:38,1973,1973
832,05/06/2025 , 02:23:38,1971,1971
833,05/06/2025 , 03:23:38,1969,1969
834,05/06/2025 , 04:23:38,1968,1968
835,05/06/2025 , 05:23:38,1966,1966
836,05/06/2025 , 06:23:38,1964,1964
837,05/06/2025 , 07:23:38,1961,1961
838,05/06/2025 , 08:23:38,1958,1958
839,05/06/2025 , 09:23:38,1954,1954
840,05/06/2025 , 10:23:38,1939,1939
841,05/06/2025 , 11:23:38,1937,1937
842,05/06/2025 , 12:23:38,1934,1934
843,05/06/2025 , 13:23:38,1932,1932
844,05/06/2025 , 14:23:38,1929,1929
845,05/06/2025 , 15:23:38,1926,1926
846,05/06/2025 , 16:23:38,1924,1924
847,05/06/2025 , 17:23:38,1922,1922
848,05/06/2025 , 18:23:38,1919,1919
849,05/06/2025 , 19:23:38,1915,1915
850,05/06/2025 , 20:23:38,1913,1913
851,05/06/2025 , 21:23:38,1910,1910
852,05/06/2025 , 22:23:38,1908,1908
853,05/06/2025 , 23:23:38,1905,1905
854,06/06/2025 , 00:23:38,1903,1903
855,06/06/2025 , 01:23:38,1901,1901
856,06/06/2025 , 02:23:38,1899,1899
857,06/06/2025 , 03:23:38,1897,1897
858,06/06/2025 , 04:23:38,1895,1895
859,06/06/2025 , 05:23:38,1893,1893
860,06/06/2025 , 06:23:38,1891,1891
861,06/06/2025 , 07:23:38,1889,1889
862,06/06/2025 , 08:23:38,1888,1888
863,06/06/2025 , 09:23:38,1887,1887
864,06/06/2025 , 10:23:38,1886,1886
865,06/06/2025 , 11:23:38,1884,1884
866,06/06/2025 , 12:23:38,1883,1883
867,06/06/2025 , 13:23:38,1881,1881
868,06/06/2025 , 14:23:38,1880,1880
869,06/06/2025 , 15:23:38,1878,1878
870,06/06/2025 , 16:23:38,1877,1877
871,06/06/2025 , 17:23:38,1875,1875
872,06/06/2025 , 18:23:38,1873,1873
873,06/06/2025 , 19:23:38,1872,1872
874,06/06/2025 , 20:23:38,1870,1870
875,06/06/2025 , 21:23:38,1869,1869
876,06/06/2025 , 22:23:38,1867,1867
877,06/06/2025 , 23:23:38,1866,1866
878,07/06/2025 , 00:23:38,1865,1865
879,07/06/2025 , 01:23:38,1864,1864
880,07/06/2025 , 02:23:38,1862,1862
881,07/06/2025 , 03:23:38,1861,1861
882,07/06/2025 , 04:23:38,1861,1861
883,07/06/2025 , 05:23:38,1860,1860
884,07/06/2025 , 06:23:38,1859,1859
885,07/06/2025 , 07:23:38,1859,1859
886,07/06/2025 , 08:23:38,1858,1858
887,07/06/2025 , 09:23:38,1856,1856
888,07/06/2025 , 10:23:38,1855,1855
889,07/06/2025 , 11:23:38,1854,1854
890,07/06/2025 , 12:23:38,1853,1853
891,07/06/2025 , 13:23:38,1852,1852
892,07/06/2025 , 14:23:38,1851,1851
893,07/06/2025 , 15:23:38,1851,1851
894,07/06/2025 , 16:23:38,1849,1849
895,07/06/2025 , 17:23:38,1848,1848
896,07/06/2025 , 18:23:38,1846,1846
897,07/06/2025 , 19:23:38,1844,1844
898,07/06/2025 , 20:23:38,1842,1842
899,07/06/2025 , 21:23:38,1841,1841
900,07/06/2025 , 22:23:38,1839,1839
901,07/06/2025 , 23:23:38,1838,1838
902,08/06/2025 , 00:23:38,1837,1837
903,08/06/2025 , 01:23:38,1836,1836
904,08/06/2025 , 02:23:38,1835,1835
905,08/06/2025 , 03:23:38,1834,1834
906,08/06/2025 , 04:23:38,1834,1834
907,08/06/2025 , 05:23:38,1833,1833
908,08/06/2025 , 06:23:38,1832,1832
909,08/06/2025 , 07:23:38,1832,1832
910,08/06/2025 , 08:23:38,1831,1831
911,08/06/2025 , 09:23:38,1830,1830
912,08/06/2025 , 10:23:38,1829,1829
913,08/06/2025 , 11:23:38,1827,1827
914,08/06/2025 , 12:23:38,1826,1826
915,08/06/2025 , 13:23:38,1826,1826
916,08/06/2025 , 14:23:38,1824,1824
917,08/06/2025 , 15:23:38,1823,1823
918,08/06/2025 , 16:23:38,1822,1822
919,08/06/2025 , 17:23:38,1821,1821
920,08/06/2025 , 18:23:38,1819,1819
921,08/06/2025 , 19:23:38,1818,1818
922,08/06/2025 , 20:23:38,1817,1817
923,08/06/2025 , 21:23:38,1815,1815
924,08/06/2025 , 22:23:38,1814,1814
925,08/06/2025 , 23:23:38,1813,1813
926,09/06/2025 , 00:23:38,1812,1812
927,09/06/2025 , 01:23:38,1811,1811
928,09/06/2025 , 02:23:38,1809,1809
929,09/06/2025 , 03:23:38,1808,1808
930,09/06/2025 , 04:23:38,1808,1808
931,09/06/2025 , 05:23:38,1807,1807
932,09/06/2025 , 06:23:38,1807,1807
933,09/06/2025 , 07:23:38,1806,1806
934,09/06/2025 , 08:23:38,1805,1805
935,09/06/2025 , 09:23:38,1805,1805
936,09/06/2025 , 10:23:38,1804,1804
937,09/06/2025 , 11:23:38,1803,1803
938,09/06/2025 , 12:23:38,1803,1803
939,09/06/2025 , 13:23:38,1801,1801
940,09/06/2025 , 14:23:38,1801,1801
941,09/06/2025 , 15:23:38,1800,1800
942,09/06/2025 , 16:23:38,1799,1799
943,09/06/2025 , 17:23:38,1797,1797
944,09/06/2025 , 18:23:38,1796,1796
945,09/06/2025 , 19:23:38,1796,1796
946,09/06/2025 , 20:23:38,1796,1796
947,09/06/2025 , 21:23:38,1796,1796
948,09/06/2025 , 22:23:38,1795,1795
949,09/06/2025 , 23:23:38,1794,1794
950,10/06/2025 , 00:23:38,1793,1793
951,10/06/2025 , 01:23:38,1793,1793
952,10/06/2025 , 02:23:38,1792,1792
953,10/06/2025 , 03:23:38,1791,1791
954,10/06/2025 , 04:23:38,1791,1791
955,10/06/2025 , 05:23:38,1790,1790
956,10/06/2025 , 06:23:38,1790,1790
957,10/06/2025 , 07:23:38,1789,1789
958,10/06/2025 , 08:23:38,1788,1788
959,10/06/2025 , 09:23:38,1788,1788
960,10/06/2025 , 10:23:38,1787,1787
961,10/06/2025 , 11:23:38,1787,1787
962,10/06/2025 , 12:23:38,1787,1787
963,10/06/2025 , 13:23:38,1787,1787
964,10/06/2025 , 14:23:38,1786,1786
965,10/06/2025 , 15:23:38,1786,1786
966,10/06/2025 , 16:23:38,1786,1786
967,10/06/2025 , 17:23:38,1786,1786
968,10/06/2025 , 18:23:38,1785,1785
969,10/06/2025 , 19:23:38,1785,1785
970,10/06/2025 , 20:23:38,1784,1784
971,10/06/2025 , 21:23:38,1783,1783
972,10/06/2025 , 22:23:38,1783,1783
973,10/06/2025 , 23:23:38,1782,1782
974,11/06/2025 , 00:23:38,1781,1781
975,11/06/2025 , 01:23:38,1781,1781
976,11/06/2025 , 02:23:38,1780,1780
977,11/06/2025 , 03:23:38,1779,1779
978,11/06/2025 , 04:23:38,1779,1779
979,11/06/2025 , 05:23:38,1778,1778
980,11/06/2025 , 06:23:38,1778,1778
981,11/06/2025 , 07:23:38,1777,1777
982,11/06/2025 , 08:23:38,1776,1776
983,11/06/2025 , 09:23:38,1775,1775
984,11/06/2025 , 10:23:38,1775,1775
985,11/06/2025 , 11:23:38,1774,1774
986,11/06/2025 , 12:23:38,1774,1774
987,11/06/2025 , 13:23:38,1773,1773
988,11/06/2025 , 14:23:38,1773,1773
989,11/06/2025 , 15:23:38,1773,1773
990,11/06/2025 , 16:23:38,1772,1772
991,11/06/2025 , 17:23:38,1771,1771
992,11/06/2025 , 18:23:38,1771,1771
993,11/06/2025 , 19:23:38,1770,1770
994,11/06/2025 , 20:23:38,1769,1769
995,11/06/2025 , 21:23:38,1768,1768
996,11/06/2025 , 22:23:38,1767,1767
997,11/06/2025 , 23:23:38,1767,1767
998,12/06/2025 , 00:23:38,1766,1766
999,12/06/2025 , 01:23:38,1766,1766
1000,12/06/2025 , 02:23:38,1765,1765
1001,12/06/2025 , 03:23:38,1764,1764
1002,12/06/2025 , 04:23:38,1764,1764
1003,12/06/2025 , 05:23:38,1763,1763
1004,12/06/2025 , 06:23:38,1762,1762
1005,12/06/2025 , 07:23:38,1762,1762
1006,12/06/2025 , 08:23:38,1761,1761
1007,12/06/2025 , 09:23:38,1760,1760
1008,12/06/2025 , 10:23:38,1759,1759
1009,12/06/2025 , 11:23:38,1758,1758
1010,12/06/2025 , 12:23:38,1757,1757
1011,12/06/2025 , 13:23:38,1757,1757
1012,12/06/2025 , 14:23:38,1757,1757
1013,12/06/2025 , 15:23:38,1756,1756
1014,12/06/2025 , 16:23:38,1755,1755
1015,12/06/2025 , 17:23:38,1754,1754
1016,12/06/2025 , 18:23:38,1754,1754
1017,12/06/2025 , 19:23:38,1752,1752
1018,12/06/2025 , 20:23:38,1752,1752
1019,12/06/2025 , 21:23:38,1751,1751
1020,12/06/2025 , 22:23:38,1750,1750
1021,12/06/2025 , 23:23:38,1749,1749
1022,13/06/2025 , 00:23:38,1748,1748
1023,13/06/2025 , 01:23:38,1747,1747
1024,13/06/2025 , 02:23:38,1746,1746
1025,13/06/2025 , 03:23:38,1746,1746
1026,13/06/2025 , 04:23:38,1745,1745
1027,13/06/2025 , 05:23:38,1744,1744
1028,13/06/2025 , 06:23:38,1744,1744
1029,13/06/2025 , 07:23:38,1743,1743
1030,13/06/2025 , 08:23:38,1743,1743
1031,13/06/2025 , 09:23:38,1742,1742
1032,13/06/2025 , 10:23:38,1741,1741
1033,13/06/2025 , 11:23:38,1741,1741
1034,13/06/2025 , 12:23:38,1740,1740
1035,13/06/2025 , 13:23:38,1740,1740
1036,13/06/2025 , 14:23:38,1739,1739
1037,13/06/2025 , 15:23:38,1738,1738
1038,13/06/2025 , 16:23:38,1738,1738
1039,13/06/2025 , 17:23:38,1737,1737
1040,13/06/2025 , 18:23:38,1736,1736
1041,13/06/2025 , 19:23:38,1735,1735
1042,13/06/2025 , 20:23:38,1735,1735
1043,13/06/2025 , 21:23:38,1733,1733
1044,13/06/2025 , 22:23:38,1733,1733
1045,13/06/2025 , 23:23:38,1732,1732
1046,14/06/2025 , 00:23:38,1732,1732
1047,14/06/2025 , 01:23:38,1731,1731
1048,14/06/2025 , 02:23:38,1730,1730
1049,14/06/2025 , 03:23:38,1730,1730
1050,14/06/2025 , 04:23:38,1729,1729
1051,14/06/2025 , 05:23:38,1729,1729
1052,14/06/2025 , 06:23:38,1728,1728
1053,14/06/2025 , 07:23:38,1728,1728
1054,14/06/2025 , 08:23:38,1728,1728
1055,14/06/2025 , 09:23:38,1727,1727
1056,14/06/2025 , 10:23:38,1727,1727
1057,14/06/2025 , 11:23:38,1726,1726
1058,14/06/2025 , 12:23:38,1726,1726
1059,14/06/2025 , 13:23:38,1725,1725
1060,14/06/2025 , 14:23:38,1725,1725
1061,14/06/2025 , 15:23:38,1724,1724
1062,14/06/2025 , 16:23:38,1724,1724
1063,14/06/2025 , 17:23:38,1723,1723
1064,14/06/2025 , 18:23:38,1723,1723
1065,14/06/2025 , 19:23:38,1722,1722
1066,14/06/2025 , 20:23:38,1721,1721
1067,14/06/2025 , 21:23:38,1720,1720
1068,14/06/2025 , 22:23:38,1720,1720
1069,14/06/2025 , 23:23:38,1719,1719
1070,15/06/2025 , 00:23:38,1719,1719
1071,15/06/2025 , 01:23:38,1718,1718
1072,15/06/2025 , 02:23:38,1718,1718
1073,15/06/2025 , 03:23:38,1717,1717
1074,15/06/2025 , 04:23:38,1717,1717
1075,15/06/2025 , 05:23:38,1716,1716
1076,15/06/2025 , 06:23:38,1716,1716
1077,15/06/2025 , 07:23:38,1715,1715
1078,15/06/2025 , 08:23:38,1715,1715
1079,15/06/2025 , 09:23:38,1715,1715
1080,15/06/2025 , 10:23:38,1715,1715
1081,15/06/2025 , 11:23:38,1714,1714
1082,15/06/2025 , 12:23:38,1714,1714
1083,15/06/2025 , 13:23:38,1713,1713
1084,15/06/2025 , 14:23:38,1713,1713
1085,15/06/2025 , 15:23:38,1712,1712
1086,15/06/2025 , 16:23:38,1712,1712
1087,15/06/2025 , 17:23:38,1711,1711
1088,15/06/2025 , 18:23:38,1710,1710
1089,15/06/2025 , 19:23:38,1710,1710
1090,15/06/2025 , 20:23:38,1710,1710
1091,15/06/2025 , 21:23:38,1708,1708
1092,15/06/2025 , 22:23:38,1708,1708
1093,15/06/2025 , 23:23:38,1707,1707
1094,16/06/2025 , 00:23:38,1706,1706
1095,16/06/2025 , 01:23:38,1706,1706
1096,16/06/2025 , 02:23:38,1705,1705
1097,16/06/2025 , 03:23:38,1704,1704
1098,16/06/2025 , 04:23:38,1703,1703
1099,16/06/2025 , 05:23:38,1703,1703
1100,16/06/2025 , 06:23:38,1703,1703
1101,16/06/2025 , 07:23:38,1703,1703
1102,16/06/2025 , 08:23:38,1702,1702
1103,16/06/2025 , 09:23:38,1702,1702
1104,16/06/2025 , 10:23:38,1702,1702
1105,16/06/2025 , 11:23:38,1702,1702
1106,16/06/2025 , 12:23:38,1701,1701
1107,16/06/2025 , 13:23:38,1701,1701
1108,16/06/2025 , 14:23:38,1701,1701
1109,16/06/2025 , 15:23:38,1701,1701
1110,16/06/2025 , 16:23:38,1700,1700
1111,16/06/2025 , 17:23:38,1700,1700
1112,16/06/2025 , 18:23:38,1699,1699
1113,16/06/2025 , 19:23:38,1699,1699
1114,16/06/2025 , 20:23:38,1698,1698
1115,16/06/2025 , 21:23:38,1697,1697
1116,16/06/2025 , 22:23:38,1697,1697
1117,16/06/2025 , 23:23:38,1696,1696
1118,17/06/2025 , 00:23:38,1695,1695
1119,17/06/2025 , 01:23:38,1695,1695
1120,17/06/2025 , 02:23:38,1695,1695
1121,17/06/2025 , 03:23:38,1694,1694
1122,17/06/2025 , 04:23:38,1693,1693
1123,17/06/2025 , 05:23:38,1693,1693
1124,17/06/2025 , 06:23:38,1693,1693
1125,17/06/2025 , 07:23:38,1693,1693
1126,17/06/2025 , 08:23:38,1692,1692
1127,17/06/2025 , 09:23:38,1692,1692
1128,17/06/2025 , 10:23:38,1692,1692
1129,17/06/2025 , 11:23:38,1691,1691
1130,17/06/2025 , 12:23:38,1691,1691
1131,17/06/2025 , 13:23:38,1690,1690
1132,17/06/2025 , 14:23:38,1689,1689
1133,17/06/2025 , 15:23:38,1689,1689
1134,17/06/2025 , 16:23:38,1688,1688
1135,17/06/2025 , 17:23:38,1688,1688
1136,17/06/2025 , 18:23:38,1687,1687
1137,17/06/2025 , 19:23:38,1687,1687
1138,17/06/2025 , 20:23:38,1687,1687
1139,17/06/2025 , 21:23:38,1686,1686
1140,17/06/2025 , 22:23:38,1686,1686
1141,17/06/2025 , 23:23:38,1685,1685
1142,18/06/2025 , 00:23:38,1685,1685
1143,18/06/2025 , 01:23:38,1685,1685
1144,18/06/2025 , 02:23:38,1684,1684
1145,18/06/2025 , 03:23:38,1684,1684
1146,18/06/2025 , 04:23:38,1684,1684
1147,18/06/2025 , 05:23:38,1684,1684
1148,18/06/2025 , 06:23:38,1683,1683
1149,18/06/2025 , 07:23:38,1683,1683
1150,18/06/2025 , 08:23:38,1682,1682
1151,18/06/2025 , 09:23:38,1681,1681
1152,18/06/2025 , 10:23:38,1684,1684
1153,18/06/2025 , 11:23:38,1685,1685
1154,18/06/2025 , 12:23:38,1685,1685
1155,18/06/2025 , 13:23:38,1685,1685
1156,18/06/2025 , 14:23:38,1685,1685
1157,18/06/2025 , 15:23:38,1685,1685
1158,18/06/2025 , 16:23:38,1686,1686
1159,18/06/2025 , 17:23:38,1686,1686
1160,18/06/2025 , 18:23:38,1686,1686
1161,18/06/2025 , 19:23:38,1686,1686
1162,18/06/2025 , 20:23:38,1685,1685
1163,18/06/2025 , 21:23:38,1685,1685
1164,18/06/2025 , 22:23:38,1685,1685
1165,18/06/2025 , 23:23:38,1685,1685
1166,19/06/2025 , 00:23:38,1685,1685
1167,19/06/2025 , 01:23:38,1685,1685
1168,19/06/2025 , 02:23:38,1685,1685
1169,19/06/2025 , 03:23:38,1685,1685
1170,19/06/2025 , 04:23:38,1684,1684
1171,19/06/2025 , 05:23:38,1684,1684
1172,19/06/2025 , 06:23:38,1684,1684
1173,19/06/2025 , 07:23:38,1684,1684
1174,19/06/2025 , 08:23:38,1684,1684
1175,19/06/2025 , 09:23:38,1684,1684
1176,19/06/2025 , 10:23:38,1684,1684
1177,19/06/2025 , 11:23:38,1684,1684
1178,19/06/2025 , 12:23:38,1687,1687
1179,19/06/2025 , 13:23:38,1693,1693
1180,19/06/2025 , 14:23:38,1704,1704
1181,19/06/2025 , 15:23:38,1714,1714
1182,19/06/2025 , 16:23:38,1724,1724
1183,19/06/2025 , 17:23:38,1734,1734
1184,19/06/2025 , 18:23:38,1748,1748
1185,19/06/2025 , 19:23:38,1768,1768
1186,19/06/2025 , 20:23:38,1790,1790
1187,19/06/2025 , 21:23:38,1811,1811
1188,19/06/2025 , 22:23:38,1834,1834
1189,19/06/2025 , 23:23:38,1865,1865
1190,20/06/2025 , 00:23:38,1905,1905
1191,20/06/2025 , 01:23:38,1948,1948
1192,20/06/2025 , 02:23:38,1987,1987
1193,20/06/2025 , 03:23:38,2021,2021
1194,20/06/2025 , 04:23:38,2256,2256
1195,20/06/2025 , 05:23:38,2230,2230
1196,20/06/2025 , 06:23:38,2231,2231
1197,20/06/2025 , 07:23:38,2233,2233
1198,20/06/2025 , 08:23:38,2224,2224
1199,20/06/2025 , 09:23:38,2247,2247
1200,20/06/2025 , 10:23:38,2237,2237
1201,20/06/2025 , 11:23:38,2225,2225
1202,20/06/2025 , 12:23:38,2217,2217
1203,20/06/2025 , 13:23:38,2216,2216
1204,20/06/2025 , 14:23:38,2215,2215
1205,20/06/2025 , 15:23:38,2218,2218
1206,20/06/2025 , 16:23:38,2213,2213
1207,20/06/2025 , 17:23:38,2208,2208
1208,20/06/2025 , 18:23:38,2203,2203
1209,20/06/2025 , 19:23:38,2199,2199
1210,20/06/2025 , 20:23:38,2197,2197
1211,20/06/2025 , 21:23:38,2190,2190
1212,20/06/2025 , 22:23:38,2186,2186
1213,20/06/2025 , 23:23:38,2182,2182
1214,21/06/2025 , 00:23:38,2179,2179
1215,21/06/2025 , 01:23:38,2176,2176
1216,21/06/2025 , 02:23:38,2174,2174
1217,21/06/2025 , 03:23:38,2172,2172
1218,21/06/2025 , 04:23:38,2170,2170
1219,21/06/2025 , 05:23:38,2169,2169
1220,21/06/2025 , 06:23:38,2168,2168
1221,21/06/2025 , 07:23:38,2166,2166
1222,21/06/2025 , 08:23:38,2164,2164
1223,21/06/2025 , 09:23:38,2160,2160
1224,21/06/2025 , 10:23:38,2158,2158
1225,21/06/2025 , 11:23:38,2155,2155
1226,21/06/2025 , 12:23:38,2152,2152
1227,21/06/2025 , 13:23:38,2150,2150
1228,21/06/2025 , 14:23:38,2148,2148
1229,21/06/2025 , 15:23:38,2146,2146
1230,21/06/2025 , 16:23:38,2143,2143
1231,21/06/2025 , 17:23:38,2141,2141
1232,21/06/2025 , 18:23:38,2138,2138
1233,21/06/2025 , 19:23:38,2136,2136
1234,21/06/2025 , 20:23:38,2134,2134
1235,21/06/2025 , 21:23:38,2131,2131
1236,21/06/2025 , 22:23:38,2130,2130
1237,21/06/2025 , 23:23:38,2129,2129
1238,22/06/2025 , 00:23:38,2129,2129
1239,22/06/2025 , 01:23:38,2128,2128
1240,22/06/2025 , 02:23:38,2127,2127
1241,22/06/2025 , 03:23:38,2127,2127
1242,22/06/2025 , 04:23:38,2135,2135
1243,22/06/2025 , 05:23:38,2142,2142
1244,22/06/2025 , 06:23:38,2154,2154
1245,22/06/2025 , 07:23:38,2170,2170
1246,22/06/2025 , 08:23:38,2178,2178
1247,22/06/2025 , 09:23:38,2182,2182
1248,22/06/2025 , 10:23:38,2182,2182
1249,22/06/2025 , 11:23:38,2182,2182
1250,22/06/2025 , 12:23:38,2182,2182
1251,22/06/2025 , 13:23:38,2179,2179
1252,22/06/2025 , 14:23:38,2176,2176
1253,22/06/2025 , 15:23:38,2172,2172
1254,22/06/2025 , 16:23:38,2170,2170
1255,22/06/2025 , 17:23:38,2167,2167
1256,22/06/2025 , 18:23:38,2163,2163
1257,22/06/2025 , 19:23:38,2159,2159
1258,22/06/2025 , 20:23:38,2157,2157
1259,22/06/2025 , 21:23:38,2154,2154
1260,22/06/2025 , 22:23:38,2152,2152
1261,22/06/2025 , 23:23:38,2151,2151
1262,23/06/2025 , 00:23:38,2150,2150
1263,23/06/2025 , 01:23:38,2149,2149
1264,23/06/2025 , 02:23:38,2148,2148
1265,23/06/2025 , 03:23:38,2147,2147
1266,23/06/2025 , 04:23:38,2146,2146
1267,23/06/2025 , 05:23:38,2146,2146
1268,23/06/2025 , 06:23:38,2145,2145
1269,23/06/2025 , 07:23:38,2144,2144
1270,23/06/2025 , 08:23:38,2143,2143
1271,23/06/2025 , 09:23:38,2142,2142
1272,23/06/2025 , 10:23:38,2142,2142
1273,23/06/2025 , 11:23:38,2140,2140
1274,23/06/2025 , 12:23:38,2138,2138
1275,23/06/2025 , 13:23:38,2136,2136
1276,23/06/2025 , 14:23:38,2133,2133
1277,23/06/2025 , 15:23:38,2130,2130
1278,23/06/2025 , 16:23:38,2127,2127
1279,23/06/2025 , 17:23:38,2123,2123
1280,23/06/2025 , 18:23:38,2118,2118
1281,23/06/2025 , 19:23:38,2113,2113
1282,23/06/2025 , 20:23:38,2108,2108
1283,23/06/2025 , 21:23:38,2104,2104
1284,23/06/2025 , 22:23:38,2271,2271
1285,23/06/2025 , 23:23:38,2244,2244
1286,24/06/2025 , 00:23:38,2237,2237
1287,24/06/2025 , 01:23:38,2272,2272
1288,24/06/2025 , 02:23:38,2246,2246
1289,24/06/2025 , 03:23:38,2233,2233
1290,24/06/2025 , 04:23:38,2227,2227
1291,24/06/2025 , 05:23:38,2223,2223
1292,24/06/2025 , 06:23:38,2218,2218
1293,24/06/2025 , 07:23:38,2216,2216
1294,24/06/2025 , 08:23:38,2211,2211
1295,24/06/2025 , 09:23:38,2205,2205
1296,24/06/2025 , 10:23:38,2200,2200
1297,24/06/2025 , 11:23:38,2195,2195
1298,24/06/2025 , 12:23:38,2190,2190
1299,24/06/2025 , 13:23:38,2187,2187
1300,24/06/2025 , 14:23:38,2183,2183
1301,24/06/2025 , 15:23:38,2181,2181
1302,24/06/2025 , 16:23:38,2178,2178
1303,24/06/2025 , 17:23:38,2174,2174
1304,24/06/2025 , 18:23:38,2172,2172
1305,24/06/2025 , 19:23:38,2169,2169
1306,24/06/2025 , 20:23:38,2166,2166
1307,24/06/2025 , 21:23:38,2163,2163
1308,24/06/2025 , 22:23:38,2160,2160
1309,24/06/2025 , 23:23:38,2158,2158
1310,25/06/2025 , 00:23:38,2156,2156
1311,25/06/2025 , 01:23:38,2155,2155
1312,25/06/2025 , 02:23:38,2153,2153
1313,25/06/2025 , 03:23:38,2152,2152
1314,25/06/2025 , 04:23:38,2151,2151
1315,25/06/2025 , 05:23:38,2149,2149
1316,25/06/2025 , 06:23:38,2148,2148
1317,25/06/2025 , 07:23:38,2147,2147
1318,25/06/2025 , 08:23:38,2146,2146
1319,25/06/2025 , 09:23:38,2144,2144
1320,25/06/2025 , 10:23:38,2142,2142
1321,25/06/2025 , 11:23:38,2140,2140
1322,25/06/2025 , 12:23:38,2136,2136
1323,25/06/2025 , 13:23:38,2133,2133
1324,25/06/2025 , 14:23:38,2130,2130
1325,25/06/2025 , 15:23:38,2126,2126
1326,25/06/2025 , 16:23:38,2121,2121
1327,25/06/2025 , 17:23:38,2115,2115
1328,25/06/2025 , 18:23:38,2109,2109
1329,25/06/2025 , 19:23:38,2102,2102
1330,25/06/2025 , 20:23:38,2096,2096
1331,25/06/2025 , 21:23:38,2089,2089
1332,25/06/2025 , 22:23:38,2083,2083
1333,25/06/2025 , 23:23:38,2076,2076
1334,26/06/2025 , 00:23:38,2070,2070
1335,26/06/2025 , 01:23:38,2064,2064
1336,26/06/2025 , 02:23:38,2059,2059
1337,26/06/2025 , 03:23:38,2054,2054
1338,26/06/2025 , 04:23:38,2049,2049
1339,26/06/2025 , 05:23:38,2045,2045
1340,26/06/2025 , 06:23:38,2042,2042
1341,26/06/2025 , 07:23:38,2038,2038
1342,26/06/2025 , 08:23:38,2033,2033
1343,26/06/2025 , 09:23:38,2029,2029
1344,26/06/2025 , 10:23:38,2026,2026
1345,26/06/2025 , 11:23:38,2023,2023
1346,26/06/2025 , 12:23:38,2020,2020
1347,26/06/2025 , 13:23:38,2017,2017
1348,26/06/2025 , 14:23:38,2014,2014
1349,26/06/2025 , 15:23:38,2011,2011
1350,26/06/2025 , 16:23:38,2009,2009
1351,26/06/2025 , 17:23:38,2007,2007
1352,26/06/2025 , 18:23:38,2004,2004
1353,26/06/2025 , 19:23:38,2003,2003
1354,26/06/2025 , 20:23:38,2000,2000
1355,26/06/2025 , 21:23:38,1998,1998
1356,26/06/2025 , 22:23:38,1996,1996
1357,26/06/2025 , 23:23:38,1994,1994
1358,27/06/2025 , 00:23:38,1993,1993
1359,27/06/2025 , 01:23:38,1993,1993
1360,27/06/2025 , 02:23:38,1991,1991
1361,27/06/2025 , 03:23:38,1991,1991
1362,27/06/2025 , 04:23:38,1990,1990
1363,27/06/2025 , 05:23:38,1990,1990
1364,27/06/2025 , 06:23:38,1989,1989
1365,27/06/2025 , 07:23:38,1989,1989
1366,27/06/2025 , 08:23:38,1988,1988
1367,27/06/2025 , 09:23:38,1987,1987
1368,27/06/2025 , 10:23:38,1987,1987
1369,27/06/2025 , 11:23:38,1986,1986
1370,27/06/2025 , 12:23:38,1985,1985
1371,27/06/2025 , 13:23:38,1984,1984
1372,27/06/2025 , 14:23:38,1983,1983
1373,27/06/2025 , 15:23:38,1981,1981
1374,27/06/2025 , 16:23:38,1980,1980
1375,27/06/2025 , 17:23:38,1979,1979
1376,27/06/2025 , 18:23:38,1978,1978
1377,27/06/2025 , 19:23:38,1976,1976
1378,27/06/2025 , 20:23:38,1974,1974
1379,27/06/2025 , 21:23:38,1973,1973
1380,27/06/2025 , 22:23:38,1972,1972
1381,27/06/2025 , 23:23:38,1971,1971
1382,28/06/2025 , 00:23:38,1970,1970
1383,28/06/2025 , 01:23:38,1969,1969
1384,28/06/2025 , 02:23:38,1968,1968
1385,28/06/2025 , 03:23:38,1969,1969
1386,28/06/2025 , 04:23:38,1969,1969
1387,28/06/2025 , 05:23:38,1971,1971
1388,28/06/2025 , 06:23:38,1973,1973
1389,28/06/2025 , 07:23:38,1974,1974
1390,28/06/2025 , 08:23:38,1978,1978
1391,28/06/2025 , 09:23:38,1982,1982
1392,28/06/2025 , 10:23:38,1991,1991
1393,28/06/2025 , 11:23:38,2005,2005
1394,28/06/2025 , 12:23:38,2029,2029
1395,28/06/2025 , 13:23:38,2053,2053
1396,28/06/2025 , 14:23:38,2076,2076
1397,28/06/2025 , 15:23:38,2095,2095
1398,28/06/2025 , 16:23:38,2110,2110
1399,28/06/2025 , 17:23:38,2121,2121
1400,28/06/2025 , 18:23:38,2133,2133
1401,28/06/2025 , 19:23:38,2143,2143
1402,28/06/2025 , 20:23:38,2149,2149
1403,28/06/2025 , 21:23:38,2154,2154
1404,28/06/2025 , 22:23:38,2160,2160
1405,28/06/2025 , 23:23:38,2194,2194
1406,29/06/2025 , 00:23:38,2217,2217
1407,29/06/2025 , 01:23:38,2221,2221
1408,29/06/2025 , 02:23:38,2221,2221
1409,29/06/2025 , 03:23:38,2219,2219
1410,29/06/2025 , 04:23:38,2217,2217
1411,29/06/2025 , 05:23:38,2215,2215
1412,29/06/2025 , 06:23:38,2213,2213
1413,29/06/2025 , 07:23:38,2210,2210
1414,29/06/2025 , 08:23:38,2208,2208
1415,29/06/2025 , 09:23:38,2206,2206
1416,29/06/2025 , 10:23:38,2202,2202
1417,29/06/2025 , 11:23:38,2199,2199
1418,29/06/2025 , 12:23:38,2197,2197
1419,29/06/2025 , 13:23:38,2195,2195
1420,29/06/2025 , 14:23:38,2193,2193
1421,29/06/2025 , 15:23:38,2191,2191
1422,29/06/2025 , 16:23:38,2188,2188
1423,29/06/2025 , 17:23:38,2187,2187
1424,29/06/2025 , 18:23:38,2183,2183
1425,29/06/2025 , 19:23:38,2182,2182
1426,29/06/2025 , 20:23:38,2181,2181
1427,29/06/2025 , 21:23:38,2178,2178
1428,29/06/2025 , 22:23:38,2175,2175
1429,29/06/2025 , 23:23:38,2173,2173
1430,30/06/2025 , 00:23:38,2173,2173
1431,30/06/2025 , 01:23:38,2171,2171
1432,30/06/2025 , 02:23:38,2169,2169
1433,30/06/2025 , 03:23:38,2167,2167
1434,30/06/2025 , 04:23:38,2165,2165
1435,30/06/2025 , 05:23:38,2163,2163
1436,30/06/2025 , 06:23:38,2160,2160
1437,30/06/2025 , 07:23:38,2159,2159
1438,30/06/2025 , 08:23:38,2158,2158
1439,30/06/2025 , 09:23:38,2156,2156
1440,30/06/2025 , 10:23:38,2154,2154
1441,30/06/2025 , 11:23:38,2152,2152
1442,30/06/2025 , 12:23:38,2150,2150
1443,30/06/2025 , 13:23:38,2149,2149
1444,30/06/2025 , 14:23:38,2147,2147
1445,30/06/2025 , 15:23:38,2144,2144
1446,30/06/2025 , 16:23:38,2142,2142
1447,30/06/2025 , 17:23:38,2138,2138
1448,30/06/2025 , 18:23:38,2134,2134
1449,30/06/2025 , 19:23:38,2131,2131
1450,30/06/2025 , 20:23:38,2128,2128
1451,30/06/2025 , 21:23:38,2124,2124
1452,30/06/2025 , 22:23:38,2119,2119
1453,30/06/2025 , 23:23:38,2116,2116
1454,01/07/2025 , 00:23:38,2113,2113
1455,01/07/2025 , 01:23:38,2109,2109
1456,01/07/2025 , 02:23:38,2106,2106
1457,01/07/2025 , 03:23:38,2104,2104
1458,01/07/2025 , 04:23:38,2100,2100
1459,01/07/2025 , 05:23:38,2097,2097
1460,01/07/2025 , 06:23:38,2095,2095
1461,01/07/2025 , 07:23:38,2093,2093
1462,01/07/2025 , 08:23:38,2090,2090
1463,01/07/2025 , 09:23:38,2090,2090
1464,01/07/2025 , 10:23:38,2090,2090
1465,01/07/2025 , 11:23:38,2092,2092
1466,01/07/2025 , 12:23:38,2096,2096
1467,01/07/2025 , 13:23:38,2109,2109
1468,01/07/2025 , 14:23:38,2124,2124
1469,01/07/2025 , 15:23:38,2134,2134
1470,01/07/2025 , 16:23:38,2140,2140
1471,01/07/2025 , 17:23:38,2145,2145
1472,01/07/2025 , 18:23:38,2148,2148
1473,01/07/2025 , 19:23:38,2155,2155
1474,01/07/2025 , 20:23:38,2169,2169
1475,01/07/2025 , 21:23:38,2180,2180
1476,01/07/2025 , 22:23:38,2185,2185
1477,01/07/2025 , 23:23:38,2188,2188
1478,02/07/2025 , 00:23:38,2188,2188
1479,02/07/2025 , 01:23:38,2187,2187
1480,02/07/2025 , 02:23:38,2188,2188
1481,02/07/2025 , 03:23:38,2187,2187
1482,02/07/2025 , 04:23:38,2185,2185
1483,02/07/2025 , 05:23:38,2185,2185
1484,02/07/2025 , 06:23:38,2183,2183
1485,02/07/2025 , 07:23:38,2182,2182
1486,02/07/2025 , 08:23:38,2180,2180
1487,02/07/2025 , 09:23:38,2178,2178
1488,02/07/2025 , 10:23:38,2176,2176
1489,02/07/2025 , 11:23:38,2173,2173
1490,02/07/2025 , 12:23:38,2172,2172
1491,02/07/2025 , 13:23:38,2169,2169
1492,02/07/2025 , 14:23:38,2165,2165
1493,02/07/2025 , 15:23:38,2160,2160
1494,02/07/2025 , 16:23:38,2158,2158
1495,02/07/2025 , 17:23:38,2155,2155
1496,02/07/2025 , 18:23:38,2153,2153
1497,02/07/2025 , 19:23:38,2151,2151
1498,02/07/2025 , 20:23:38,2149,2149
1499,02/07/2025 , 21:23:38,2148,2148
1500,02/07/2025 , 22:23:38,2146,2146
1501,02/07/2025 , 23:23:38,2145,2145
1502,03/07/2025 , 00:23:38,2144,2144
1503,03/07/2025 , 01:23:38,2143,2143
1504,03/07/2025 , 02:23:38,2142,2142
1505,03/07/2025 , 03:23:38,2140,2140
1506,03/07/2025 , 04:23:38,2138,2138
1507,03/07/2025 , 05:23:38,2136,2136
1508,03/07/2025 , 06:23:38,2135,2135
1509,03/07/2025 , 07:23:38,2133,2133
1510,03/07/2025 , 08:23:38,2133,2133
1511,03/07/2025 , 09:23:38,2131,2131
1512,03/07/2025 , 10:23:38,2130,2130
1513,03/07/2025 , 11:23:38,2126,2126
1514,03/07/2025 , 12:23:38,2124,2124
1515,03/07/2025 , 13:23:38,2123,2123
1516,03/07/2025 , 14:23:38,2121,2121
1517,03/07/2025 , 15:23:38,2118,2118
1518,03/07/2025 , 16:23:38,2116,2116
1519,03/07/2025 , 17:23:38,2113,2113
1520,03/07/2025 , 18:23:38,2110,2110
1521,03/07/2025 , 19:23:38,2108,2108
1522,03/07/2025 , 20:23:38,2106,2106
1523,03/07/2025 , 21:23:38,2104,2104
1524,03/07/2025 , 22:23:38,2101,2101
1525,03/07/2025 , 23:23:38,2100,2100
1526,04/07/2025 , 00:23:38,2098,2098
1527,04/07/2025 , 01:23:38,2096,2096
1528,04/07/2025 , 02:23:38,2095,2095
1529,04/07/2025 , 03:23:38,2093,2093
1530,04/07/2025 , 04:23:38,2092,2092
1531,04/07/2025 , 05:23:38,2090,2090
1532,04/07/2025 , 06:23:38,2089,2089
1533,04/07/2025 , 07:23:38,2088,2088
1534,04/07/2025 , 08:23:38,2086,2086
1535,04/07/2025 , 09:23:38,2084,2084
1536,04/07/2025 , 10:23:38,2082,2082
1537,04/07/2025 , 11:23:38,2078,2078
1538,04/07/2025 , 12:23:38,2076,2076
1539,04/07/2025 , 13:23:38,2074,2074
1540,04/07/2025 , 14:23:38,2070,2070
1541,04/07/2025 , 15:23:38,2067,2067
1542,04/07/2025 , 16:23:38,2064,2064
1543,04/07/2025 , 17:23:38,2062,2062
1544,04/07/2025 , 18:23:38,2058,2058
1545,04/07/2025 , 19:23:38,2054,2054
1546,04/07/2025 , 20:23:38,2051,2051
1547,04/07/2025 , 21:23:38,2047,2047
1548,04/07/2025 , 22:23:38,2045,2045
1549,04/07/2025 , 23:23:38,2042,2042
1550,05/07/2025 , 00:23:38,2038,2038
1551,05/07/2025 , 01:23:38,2034,2034
1552,05/07/2025 , 02:23:38,2032,2032
1553,05/07/2025 , 03:23:38,2029,2029
1554,05/07/2025 , 04:23:38,2027,2027
1555,05/07/2025 , 05:23:38,2025,2025
1556,05/07/2025 , 06:23:38,2023,2023
1557,05/07/2025 , 07:23:38,2021,2021
1558,05/07/2025 , 08:23:38,2020,2020
1559,05/07/2025 , 09:23:38,2018,2018
1560,05/07/2025 , 10:23:38,2015,2015
1561,05/07/2025 , 11:23:38,2014,2014
1562,05/07/2025 , 12:23:38,2013,2013
1563,05/07/2025 , 13:23:38,2011,2011
1564,05/07/2025 , 14:23:38,2010,2010
1565,05/07/2025 , 15:23:38,2008,2008
1566,05/07/2025 , 16:23:38,2007,2007
1567,05/07/2025 , 17:23:38,2004,2004
1568,05/07/2025 , 18:23:38,2002,2002
1569,05/07/2025 , 19:23:38,2001,2001
1570,05/07/2025 , 20:23:38,2001,2001
1571,05/07/2025 , 21:23:38,2001,2001
1572,05/07/2025 , 22:23:38,1999,1999
1573,05/07/2025 , 23:23:38,1999,1999
1574,06/07/2025 , 00:23:38,1997,1997
1575,06/07/2025 , 01:23:38,1997,1997
1576,06/07/2025 , 02:23:38,1997,1997
1577,06/07/2025 , 03:23:38,1997,1997
1578,06/07/2025 , 04:23:38,1996,1996
1579,06/07/2025 , 05:23:38,1996,1996
1580,06/07/2025 , 06:23:38,1996,1996
1581,06/07/2025 , 07:23:38,1996,1996
1582,06/07/2025 , 08:23:38,1996,1996
1583,06/07/2025 , 09:23:38,1996,1996
1584,06/07/2025 , 10:23:38,1996,1996
1585,06/07/2025 , 11:23:38,1997,1997
1586,06/07/2025 , 12:23:38,1997,1997
1587,06/07/2025 , 13:23:38,1998,1998
1588,06/07/2025 , 14:23:38,1999,1999
1589,06/07/2025 , 15:23:38,1999,1999
1590,06/07/2025 , 16:23:38,2000,2000
1591,06/07/2025 , 17:23:38,2005,2005
1592,06/07/2025 , 18:23:38,2011,2011
1593,06/07/2025 , 19:23:38,2023,2023
1594,06/07/2025 , 20:23:38,2044,2044
1595,06/07/2025 , 21:23:38,2071,2071
1596,06/07/2025 , 22:23:38,2096,2096
1597,06/07/2025 , 23:23:38,2117,2117
1598,07/07/2025 , 00:23:38,2133,2133
1599,07/07/2025 , 01:23:38,2149,2149
1600,07/07/2025 , 02:23:38,2194,2194
1601,07/07/2025 , 03:23:38,2240,2240
1602,07/07/2025 , 04:23:38,2259,2259
1603,07/07/2025 , 05:23:38,2268,2268
1604,07/07/2025 , 06:23:38,2266,2266
1605,07/07/2025 , 07:23:38,2254,2254
1606,07/07/2025 , 08:23:38,2246,2246
1607,07/07/2025 , 09:23:38,2237,2237
1608,07/07/2025 , 10:23:38,2233,2233
1609,07/07/2025 , 11:23:38,2230,2230
1610,07/07/2025 , 12:23:38,2225,2225
1611,07/07/2025 , 13:23:38,2222,2222
1612,07/07/2025 , 14:23:38,2220,2220
1613,07/07/2025 , 15:23:38,2218,2218
1614,07/07/2025 , 16:23:38,2215,2215
1615,07/07/2025 , 17:23:38,2212,2212
1616,07/07/2025 , 18:23:38,2210,2210
1617,07/07/2025 , 19:23:38,2208,2208
1618,07/07/2025 , 20:23:38,2209,2209
1619,07/07/2025 , 21:23:38,2220,2220
1620,07/07/2025 , 22:23:38,2230,2230
1621,07/07/2025 , 23:23:38,2229,2229
1622,08/07/2025 , 00:23:38,2224,2224
1623,08/07/2025 , 01:23:38,2221,2221
1624,08/07/2025 , 02:23:38,2218,2218
1625,08/07/2025 , 03:23:38,2214,2214
1626,08/07/2025 , 04:23:38,2211,2211
1627,08/07/2025 , 05:23:38,2209,2209
1628,08/07/2025 , 06:23:38,2205,2205
1629,08/07/2025 , 07:23:38,2203,2203
1630,08/07/2025 , 08:23:38,2200,2200
1631,08/07/2025 , 09:23:38,2196,2196
1632,08/07/2025 , 10:23:38,2193,2193
1633,08/07/2025 , 11:23:38,2191,2191
1634,08/07/2025 , 12:23:38,2189,2189
1635,08/07/2025 , 13:23:38,2186,2186
1636,08/07/2025 , 14:23:38,2182,2182
1637,08/07/2025 , 15:23:38,2179,2179
1638,08/07/2025 , 16:23:38,2177,2177
1639,08/07/2025 , 17:23:38,2174,2174
1640,08/07/2025 , 18:23:38,2172,2172
1641,08/07/2025 , 19:23:38,2168,2168
1642,08/07/2025 , 20:23:38,2165,2165
1643,08/07/2025 , 21:23:38,2162,2162
1644,08/07/2025 , 22:23:38,2160,2160
1645,08/07/2025 , 23:23:38,2158,2158
1646,09/07/2025 , 00:23:38,2157,2157
1647,09/07/2025 , 01:23:38,2155,2155
1648,09/07/2025 , 02:23:38,2154,2154
1649,09/07/2025 , 03:23:38,2153,2153
1650,09/07/2025 , 04:23:38,2152,2152
1651,09/07/2025 , 05:23:38,2150,2150
1652,09/07/2025 , 06:23:38,2151,2151
1653,09/07/2025 , 07:23:38,2150,2150
1654,09/07/2025 , 08:23:38,2149,2149
1655,09/07/2025 , 09:23:38,2147,2147
1656,09/07/2025 , 10:23:38,2146,2146
1657,09/07/2025 , 11:23:38,2144,2144
1658,09/07/2025 , 12:23:38,2141,2141
1659,09/07/2025 , 13:23:38,2139,2139
1660,09/07/2025 , 14:23:38,2135,2135
1661,09/07/2025 , 15:23:38,2132,2132
1662,09/07/2025 , 16:23:38,2130,2130
1663,09/07/2025 , 17:23:38,2125,2125
1664,09/07/2025 , 18:23:38,2119,2119
1665,09/07/2025 , 19:23:38,2114,2114
1666,09/07/2025 , 20:23:38,2108,2108
1667,09/07/2025 , 21:23:38,2103,2103
1668,09/07/2025 , 22:23:38,2098,2098
1669,09/07/2025 , 23:23:38,2093,2093
1670,10/07/2025 , 00:23:38,2089,2089
1671,10/07/2025 , 01:23:38,2084,2084
1672,10/07/2025 , 02:23:38,2080,2080
1673,10/07/2025 , 03:23:38,2076,2076
1674,10/07/2025 , 04:23:38,2071,2071
1675,10/07/2025 , 05:23:38,2067,2067
1676,10/07/2025 , 06:23:38,2064,2064
1677,10/07/2025 , 07:23:38,2061,2061
1678,10/07/2025 , 08:23:38,2057,2057
1679,10/07/2025 , 09:23:38,2053,2053
1680,10/07/2025 , 10:23:38,2050,2050
1681,10/07/2025 , 11:23:38,2047,2047
1682,10/07/2025 , 12:23:38,2044,2044
1683,10/07/2025 , 13:23:38,2041,2041
1684,10/07/2025 , 14:23:38,2038,2038
1685,10/07/2025 , 15:23:38,2034,2034
1686,10/07/2025 , 16:23:38,2031,2031
1687,10/07/2025 , 17:23:38,2028,2028
1688,10/07/2025 , 18:23:38,2026,2026
1689,10/07/2025 , 19:23:38,2024,2024
1690,10/07/2025 , 20:23:38,2022,2022
1691,10/07/2025 , 21:23:38,2019,2019
1692,10/07/2025 , 22:23:38,2018,2018
1693,10/07/2025 , 23:23:38,2016,2016
1694,11/07/2025 , 00:23:38,2022,2022
1695,11/07/2025 , 01:23:38,2067,2067
1696,11/07/2025 , 02:23:38,2131,2131
1697,11/07/2025 , 03:23:38,2159,2159
1698,11/07/2025 , 04:23:38,2173,2173
1699,11/07/2025 , 05:23:38,2180,2180
1700,11/07/2025 , 06:23:38,2183,2183
1701,11/07/2025 , 07:23:38,2185,2185
1702,11/07/2025 , 08:23:38,2186,2186
1703,11/07/2025 , 09:23:38,2186,2186
1704,11/07/2025 , 10:23:38,2187,2187
1705,11/07/2025 , 11:23:38,2186,2186
1706,11/07/2025 , 12:23:38,2186,2186
1707,11/07/2025 , 13:23:38,2185,2185
1708,11/07/2025 , 14:23:38,2185,2185
1709,11/07/2025 , 15:23:38,2184,2184
1710,11/07/2025 , 16:23:38,2182,2182
1711,11/07/2025 , 17:23:38,2179,2179
1712,11/07/2025 , 18:23:38,2177,2177
1713,11/07/2025 , 19:23:38,2175,2175
1714,11/07/2025 , 20:23:38,2172,2172
1715,11/07/2025 , 21:23:38,2169,2169
1716,11/07/2025 , 22:23:38,2165,2165
1717,11/07/2025 , 23:23:38,2164,2164
1718,12/07/2025 , 00:23:38,2162,2162
1719,12/07/2025 , 01:23:38,2159,2159
1720,12/07/2025 , 02:23:38,2159,2159
1721,12/07/2025 , 03:23:38,2158,2158
1722,12/07/2025 , 04:23:38,2157,2157
1723,12/07/2025 , 05:23:38,2155,2155
1724,12/07/2025 , 06:23:38,2154,2154
1725,12/07/2025 , 07:23:38,2152,2152
1726,12/07/2025 , 08:23:38,2152,2152
1727,12/07/2025 , 09:23:38,2151,2151
1728,12/07/2025 , 10:23:38,2150,2150
1729,12/07/2025 , 11:23:38,2149,2149
1730,12/07/2025 , 12:23:38,2146,2146
1731,12/07/2025 , 13:23:38,2145,2145
1732,12/07/2025 , 14:23:38,2141,2141
1733,12/07/2025 , 15:23:38,2137,2137
1734,12/07/2025 , 16:23:38,2134,2134
1735,12/07/2025 , 17:23:38,2130,2130
1736,12/07/2025 , 18:23:38,2127,2127
1737,12/07/2025 , 19:23:38,2121,2121
1738,12/07/2025 , 20:23:38,2116,2116
1739,12/07/2025 , 21:23:38,2110,2110
1740,12/07/2025 , 22:23:38,2105,2105
1741,12/07/2025 , 23:23:38,2100,2100
1742,13/07/2025 , 00:23:38,2096,2096
1743,13/07/2025 , 01:23:38,2092,2092
1744,13/07/2025 , 02:23:38,2088,2088
1745,13/07/2025 , 03:23:38,2084,2084
1746,13/07/2025 , 04:23:38,2080,2080
1747,13/07/2025 , 05:23:38,2076,2076
1748,13/07/2025 , 06:23:38,2072,2072
1749,13/07/2025 , 07:23:38,2068,2068
1750,13/07/2025 , 08:23:38,2065,2065
1751,13/07/2025 , 09:23:38,2062,2062
1752,13/07/2025 , 10:23:38,2058,2058
1753,13/07/2025 , 11:23:38,2054,2054
1754,13/07/2025 , 12:23:38,2050,2050
1755,13/07/2025 , 13:23:38,2046,2046
1756,13/07/2025 , 14:23:38,2043,2043
1757,13/07/2025 , 15:23:38,2038,2038
1758,13/07/2025 , 16:23:38,2035,2035
1759,13/07/2025 , 17:23:38,2030,2030
1760,13/07/2025 , 18:23:38,2027,2027
1761,13/07/2025 , 19:23:38,2024,2024
1762,13/07/2025 , 20:23:38,2027,2027
1763,13/07/2025 , 21:23:38,2042,2042
1764,13/07/2025 , 22:23:38,2088,2088
1765,13/07/2025 , 23:23:38,2126,2126
1766,14/07/2025 , 00:23:38,2149,2149
1767,14/07/2025 , 01:23:38,2163,2163
1768,14/07/2025 , 02:23:38,2178,2178
1769,14/07/2025 , 03:23:38,2354,2354
1770,14/07/2025 , 04:23:38,2305,2305
1771,14/07/2025 , 05:23:38,2286,2286
1772,14/07/2025 , 06:23:38,2268,2268
1773,14/07/2025 , 07:23:38,2249,2249
1774,14/07/2025 , 08:23:38,2240,2240
1775,14/07/2025 , 09:23:38,2236,2236
1776,14/07/2025 , 10:23:38,2233,2233
1777,14/07/2025 , 11:23:38,2229,2229
1778,14/07/2025 , 12:23:38,2225,2225
1779,14/07/2025 , 13:23:38,2223,2223
1780,14/07/2025 , 14:23:38,2219,2219
1781,14/07/2025 , 15:23:38,2216,2216
1782,14/07/2025 , 16:23:38,2212,2212
1783,14/07/2025 , 17:23:38,2210,2210
1784,14/07/2025 , 18:23:38,2205,2205
1785,14/07/2025 , 19:23:38,2202,2202
1786,14/07/2025 , 20:23:38,2198,2198
1787,14/07/2025 , 21:23:38,2196,2196
1788,14/07/2025 , 22:23:38,2193,2193
1789,14/07/2025 , 23:23:38,2192,2192
1790,15/07/2025 , 00:23:38,2190,2190
1791,15/07/2025 , 01:23:38,2188,2188
1792,15/07/2025 , 02:23:38,2187,2187
1793,15/07/2025 , 03:23:38,2185,2185
1794,15/07/2025 , 04:23:38,2183,2183
1795,15/07/2025 , 05:23:38,2182,2182
1796,15/07/2025 , 06:23:38,2180,2180
1797,15/07/2025 , 07:23:38,2177,2177
1798,15/07/2025 , 08:23:38,2176,2176
1799,15/07/2025 , 09:23:38,2174,2174
1800,15/07/2025 , 10:23:38,2172,2172
1801,15/07/2025 , 11:23:38,2170,2170
1802,15/07/2025 , 12:23:38,2167,2167
1803,15/07/2025 , 13:23:38,2164,2164
1804,15/07/2025 , 14:23:38,2161,2161
1805,15/07/2025 , 15:23:38,2158,2158
1806,15/07/2025 , 16:23:38,2156,2156
1807,15/07/2025 , 17:23:38,2153,2153
1808,15/07/2025 , 18:23:38,2151,2151
1809,15/07/2025 , 19:23:38,2149,2149
1810,15/07/2025 , 20:23:38,2147,2147
1811,15/07/2025 , 21:23:38,2145,2145
1812,15/07/2025 , 22:23:38,2143,2143
1813,15/07/2025 , 23:23:38,2141,2141
1814,16/07/2025 , 00:23:38,2139,2139
1815,16/07/2025 , 01:23:38,2137,2137
1816,16/07/2025 , 02:23:38,2135,2135
1817,16/07/2025 , 03:23:38,2134,2134
1818,16/07/2025 , 04:23:38,2133,2133
1819,16/07/2025 , 05:23:38,2131,2131
1820,16/07/2025 , 06:23:38,2130,2130
1821,16/07/2025 , 07:23:38,2128,2128
1822,16/07/2025 , 08:23:38,2126,2126
1823,16/07/2025 , 09:23:38,2124,2124
1824,16/07/2025 , 10:23:38,2121,2121
1825,16/07/2025 , 11:23:38,2117,2117
1826,16/07/2025 , 12:23:38,2113,2113
1827,16/07/2025 , 13:23:38,2108,2108
1828,16/07/2025 , 14:23:38,2101,2101
1829,16/07/2025 , 15:23:38,2095,2095
1830,16/07/2025 , 16:23:38,2088,2088
1831,16/07/2025 , 17:23:38,2081,2081
1832,16/07/2025 , 18:23:38,2072,2072
1833,16/07/2025 , 19:23:38,2065,2065
1834,16/07/2025 , 20:23:38,2058,2058
1835,16/07/2025 , 21:23:38,2052,2052
1836,16/07/2025 , 22:23:38,2046,2046
1837,16/07/2025 , 23:23:38,2043,2043
1838,17/07/2025 , 00:23:38,2037,2037
1839,17/07/2025 , 01:23:38,2033,2033
1840,17/07/2025 , 02:23:38,2029,2029
1841,17/07/2025 , 03:23:38,2026,2026
1842,17/07/2025 , 04:23:38,2024,2024
1843,17/07/2025 , 05:23:38,2022,2022
1844,17/07/2025 , 06:23:38,2020,2020
1845,17/07/2025 , 07:23:38,2018,2018
1846,17/07/2025 , 08:23:38,2016,2016
1847,17/07/2025 , 09:23:38,2015,2015
1848,17/07/2025 , 10:23:38,2014,2014
1849,17/07/2025 , 11:23:38,2012,2012
1850,17/07/2025 , 12:23:38,2019,2019
1851,17/07/2025 , 13:23:38,2026,2026
1852,17/07/2025 , 14:23:38,2039,2039
1853,17/07/2025 , 15:23:38,2058,2058
1854,17/07/2025 , 16:23:38,2080,2080
1855,17/07/2025 , 17:23:38,2101,2101
1856,17/07/2025 , 18:23:38,2118,2118
1857,17/07/2025 , 19:23:38,2138,2138
1858,17/07/2025 , 20:23:38,2159,2159
1859,17/07/2025 , 21:23:38,2174,2174
1860,17/07/2025 , 22:23:38,2184,2184
1861,17/07/2025 , 23:23:38,2186,2186
1862,18/07/2025 , 00:23:38,2188,2188
1863,18/07/2025 , 01:23:38,2188,2188
1864,18/07/2025 , 02:23:38,2187,2187
1865,18/07/2025 , 03:23:38,2188,2188
1866,18/07/2025 , 04:23:38,2187,2187
1867,18/07/2025 , 05:23:38,2186,2186
1868,18/07/2025 , 06:23:38,2185,2185
1869,18/07/2025 , 07:23:38,2183,2183
1870,18/07/2025 , 08:23:38,2182,2182
1871,18/07/2025 , 09:23:38,2180,2180
1872,18/07/2025 , 10:23:38,2177,2177
1873,18/07/2025 , 11:23:38,2176,2176
1874,18/07/2025 , 12:23:38,2173,2173
1875,18/07/2025 , 13:23:38,2171,2171
1876,18/07/2025 , 14:23:38,2169,2169
1877,18/07/2025 , 15:23:38,2165,2165
1878,18/07/2025 , 16:23:38,2162,2162
1879,18/07/2025 , 17:23:38,2158,2158
1880,18/07/2025 , 18:23:38,2156,2156
1881,18/07/2025 , 19:23:38,2154,2154
1882,18/07/2025 , 20:23:38,2152,2152
1883,18/07/2025 , 21:23:38,2150,2150
1884,18/07/2025 , 22:23:38,2149,2149
1885,18/07/2025 , 23:23:38,2147,2147
1886,19/07/2025 , 00:23:38,2146,2146
1887,19/07/2025 , 01:23:38,2145,2145
1888,19/07/2025 , 02:23:38,2144,2144
1889,19/07/2025 , 03:23:38,2142,2142
1890,19/07/2025 , 04:23:38,2140,2140
1891,19/07/2025 , 05:23:38,2139,2139
1892,19/07/2025 , 06:23:38,2137,2137
1893,19/07/2025 , 07:23:38,2136,2136
1894,19/07/2025 , 08:23:38,2134,2134
1895,19/07/2025 , 09:23:38,2133,2133
1896,19/07/2025 , 10:23:38,2132,2132
1897,19/07/2025 , 11:23:38,2129,2129
1898,19/07/2025 , 12:23:38,2125,2125
1899,19/07/2025 , 13:23:38,2122,2122
1900,19/07/2025 , 14:23:38,2118,2118
1901,19/07/2025 , 15:23:38,2114,2114
1902,19/07/2025 , 16:23:38,2108,2108
1903,19/07/2025 , 17:23:38,2101,2101
1904,19/07/2025 , 18:23:38,2096,2096
1905,19/07/2025 , 19:23:38,2089,2089
1906,19/07/2025 , 20:23:38,2083,2083
1907,19/07/2025 , 21:23:38,2076,2076
1908,19/07/2025 , 22:23:38,2070,2070
1909,19/07/2025 , 23:23:38,2064,2064
1910,20/07/2025 , 00:23:38,2059,2059
1911,20/07/2025 , 01:23:38,2054,2054
1912,20/07/2025 , 02:23:38,2049,2049
1913,20/07/2025 , 03:23:38,2046,2046
1914,20/07/2025 , 04:23:38,2043,2043
1915,20/07/2025 , 05:23:38,2040,2040
1916,20/07/2025 , 06:23:38,2036,2036
1917,20/07/2025 , 07:23:38,2032,2032
1918,20/07/2025 , 08:23:38,2029,2029
1919,20/07/2025 , 09:23:38,2027,2027
1920,20/07/2025 , 10:23:38,2025,2025
1921,20/07/2025 , 11:23:38,2022,2022
1922,20/07/2025 , 12:23:38,2020,2020
1923,20/07/2025 , 13:23:38,2018,2018
1924,20/07/2025 , 14:23:38,2016,2016
1925,20/07/2025 , 15:23:38,2014,2014
1926,20/07/2025 , 16:23:38,2012,2012
1927,20/07/2025 , 17:23:38,2010,2010
1928,20/07/2025 , 18:23:38,2008,2008
1929,20/07/2025 , 19:23:38,2005,2005
1930,20/07/2025 , 20:23:38,2003,2003
1931,20/07/2025 , 21:23:38,2001,2001
1932,20/07/2025 , 22:23:38,2000,2000
1933,20/07/2025 , 23:23:38,1999,1999
1934,21/07/2025 , 00:23:38,1997,1997
1935,21/07/2025 , 01:23:38,1996,1996
1936,21/07/2025 , 02:23:38,1995,1995
1937,21/07/2025 , 03:23:38,1994,1994
1938,21/07/2025 , 04:23:38,1993,1993
1939,21/07/2025 , 05:23:38,1993,1993
1940,21/07/2025 , 06:23:38,1992,1992
1941,21/07/2025 , 07:23:38,1992,1992
1942,21/07/2025 , 08:23:38,1991,1991
1943,21/07/2025 , 09:23:38,1990,1990
1944,21/07/2025 , 10:23:38,1989,1989
1945,21/07/2025 , 11:23:38,1988,1988
1946,21/07/2025 , 12:23:38,1987,1987
1947,21/07/2025 , 13:23:38,1985,1985
1948,21/07/2025 , 14:23:38,1984,1984
1949,21/07/2025 , 15:23:38,1983,1983
1950,21/07/2025 , 16:23:38,1981,1981
1951,21/07/2025 , 17:23:38,1980,1980
1952,21/07/2025 , 18:23:38,1978,1978
1953,21/07/2025 , 19:23:38,1976,1976
1954,21/07/2025 , 20:23:38,1974,1974
1955,21/07/2025 , 21:23:38,1972,1972
1956,21/07/2025 , 22:23:38,1970,1970
1957,21/07/2025 , 23:23:38,1967,1967
1958,22/07/2025 , 00:23:38,1962,1962
1959,22/07/2025 , 01:23:38,1946,1946
1960,22/07/2025 , 02:23:38,1943,1943
1961,22/07/2025 , 03:23:38,1941,1941
1962,22/07/2025 , 04:23:38,1939,1939
1963,22/07/2025 , 05:23:38,1937,1937
1964,22/07/2025 , 06:23:38,1936,1936
1965,22/07/2025 , 07:23:38,1934,1934
1966,22/07/2025 , 08:23:38,1933,1933
1967,22/07/2025 , 09:23:38,1932,1932
1968,22/07/2025 , 10:23:38,1930,1930
1969,22/07/2025 , 11:23:38,1929,1929
1970,22/07/2025 , 12:23:38,1927,1927
1971,22/07/2025 , 13:23:38,1925,1925
1972,22/07/2025 , 14:23:38,1923,1923
1973,22/07/2025 , 15:23:38,1921,1921
1974,22/07/2025 , 16:23:38,1918,1918
1975,22/07/2025 , 17:23:38,1917,1917
1976,22/07/2025 , 18:23:38,1914,1914
1977,22/07/2025 , 19:23:38,1911,1911
1978,22/07/2025 , 20:23:38,1909,1909
1979,22/07/2025 , 21:23:38,1908,1908
1980,22/07/2025 , 22:23:38,1905,1905
1981,22/07/2025 , 23:23:38,1904,1904
1982,23/07/2025 , 00:23:38,1902,1902
1983,23/07/2025 , 01:23:38,1900,1900
1984,23/07/2025 , 02:23:38,1899,1899
1985,23/07/2025 , 03:23:38,1897,1897
1986,23/07/2025 , 04:23:38,1897,1897
1987,23/07/2025 , 05:23:38,1895,1895
1988,23/07/2025 , 06:23:38,1894,1894
1989,23/07/2025 , 07:23:38,1893,1893
1990,23/07/2025 , 08:23:38,1892,1892
1991,23/07/2025 , 09:23:38,1892,1892
1992,23/07/2025 , 10:23:38,1891,1891
1993,23/07/2025 , 11:23:38,1889,1889
1994,23/07/2025 , 12:23:38,1888,1888
1995,23/07/2025 , 13:23:38,1886,1886
1996,23/07/2025 , 14:23:38,1885,1885
1997,23/07/2025 , 15:23:38,1883,1883
1998,23/07/2025 , 16:23:38,1881,1881
1999,23/07/2025 , 17:23:38,1879,1879
2000,23/07/2025 , 18:23:38,1878,1878
2001,23/07/2025 , 19:23:38,1876,1876
2002,23/07/2025 , 20:23:38,1875,1875
2003,23/07/2025 , 21:23:38,1874,1874
2004,23/07/2025 , 22:23:38,1872,1872
2005,23/07/2025 , 23:23:38,1871,1871
2006,24/07/2025 , 00:23:38,1870,1870
2007,24/07/2025 , 01:23:38,1869,1869
2008,24/07/2025 , 02:23:38,1868,1868
2009,24/07/2025 , 03:23:38,1867,1867
2010,24/07/2025 , 04:23:38,1867,1867
2011,24/07/2025 , 05:23:38,1865,1865
2012,24/07/2025 , 06:23:38,1865,1865
2013,24/07/2025 , 07:23:38,1864,1864
2014,24/07/2025 , 08:23:38,1863,1863
2015,24/07/2025 , 09:23:38,1862,1862
2016,24/07/2025 , 10:23:38,1861,1861
2017,24/07/2025 , 11:23:38,1861,1861
2018,24/07/2025 , 12:23:38,1860,1860
2019,24/07/2025 , 13:23:38,1859,1859
2020,24/07/2025 , 14:23:38,1858,1858
2021,24/07/2025 , 15:23:38,1858,1858
2022,24/07/2025 , 16:23:38,1856,1856
2023,24/07/2025 , 17:23:38,1854,1854
2024,24/07/2025 , 18:23:38,1853,1853
2025,24/07/2025 , 19:23:38,1851,1851
2026,24/07/2025 , 20:23:38,1850,1850
2027,24/07/2025 , 21:23:38,1849,1849
2028,24/07/2025 , 22:23:38,1847,1847
2029,24/07/2025 , 23:23:38,1846,1846
2030,25/07/2025 , 00:23:38,1845,1845
2031,25/07/2025 , 01:23:38,1844,1844
2032,25/07/2025 , 02:23:38,1843,1843
2033,25/07/2025 , 03:23:38,1841,1841
2034,25/07/2025 , 04:23:38,1840,1840
2035,25/07/2025 , 05:23:38,1920,1920
2036,25/07/2025 , 06:23:38,1921,1921
2037,25/07/2025 , 07:23:38,1922,1922
2038,25/07/2025 , 08:23:38,1935,1935
2039,25/07/2025 , 09:23:38,1939,1939
2040,25/07/2025 , 10:23:38,1945,1945
2041,25/07/2025 , 11:23:38,1954,1954
2042,25/07/2025 , 12:23:38,1976,1976
2043,25/07/2025 , 13:23:38,1982,1982
2044,25/07/2025 , 14:23:38,1987,1987
2045,25/07/2025 , 15:23:38,1998,1998
2046,25/07/2025 , 16:23:38,2010,2010
2047,25/07/2025 , 17:23:38,2020,2020
2048,25/07/2025 , 18:23:38,2028,2028
2049,25/07/2025 , 19:23:38,2033,2033
2050,25/07/2025 , 20:23:38,2036,2036
2051,25/07/2025 , 21:23:38,2037,2037
2052,25/07/2025 , 22:23:38,2038,2038
2053,25/07/2025 , 23:23:38,2038,2038
2054,26/07/2025 , 00:23:38,2037,2037
2055,26/07/2025 , 01:23:38,2037,2037
2056,26/07/2025 , 02:23:38,2037,2037
2057,26/07/2025 , 03:23:38,2036,2036
2058,26/07/2025 , 04:23:38,2033,2033
2059,26/07/2025 , 05:23:38,2031,2031
2060,26/07/2025 , 06:23:38,2026,2026
2061,26/07/2025 , 07:23:38,2023,2023
2062,26/07/2025 , 08:23:38,2021,2021
2063,26/07/2025 , 09:23:38,2018,2018
2064,26/07/2025 , 10:23:38,2015,2015
2065,26/07/2025 , 11:23:38,2012,2012
2066,26/07/2025 , 12:23:38,2010,2010
2067,26/07/2025 , 13:23:38,2006,2006
2068,26/07/2025 , 14:23:38,2003,2003
2069,26/07/2025 , 15:23:38,2000,2000
2070,26/07/2025 , 16:23:38,1999,1999
2071,26/07/2025 , 17:23:38,1997,1997
2072,26/07/2025 , 18:23:38,1995,1995
2073,26/07/2025 , 19:23:38,1994,1994
2074,26/07/2025 , 20:23:38,1992,1992
2075,26/07/2025 , 21:23:38,1990,1990
2076,26/07/2025 , 22:23:38,1989,1989
2077,26/07/2025 , 23:23:38,1987,1987
2078,27/07/2025 , 00:23:38,1986,1986
2079,27/07/2025 , 01:23:38,1985,1985
2080,27/07/2025 , 02:23:38,1983,1983
2081,27/07/2025 , 03:23:38,1982,1982
2082,27/07/2025 , 04:23:38,1980,1980
2083,27/07/2025 , 05:23:38,1979,1979
2084,27/07/2025 , 06:23:38,1978,1978
2085,27/07/2025 , 07:23:38,1977,1977
2086,27/07/2025 , 08:23:38,1975,1975
2087,27/07/2025 , 09:23:38,1974,1974
2088,27/07/2025 , 10:23:38,1972,1972
2089,27/07/2025 , 11:23:38,1970,1970
2090,27/07/2025 , 12:23:38,1966,1966
2091,27/07/2025 , 13:23:38,1960,1960
2092,27/07/2025 , 14:23:38,1956,1956
2093,27/07/2025 , 15:23:38,1943,1943
2094,27/07/2025 , 16:23:38,1940,1940
2095,27/07/2025 , 17:23:38,1936,1936
2096,27/07/2025 , 18:23:38,1934,1934
2097,27/07/2025 , 19:23:38,1931,1931
2098,27/07/2025 , 20:23:38,1928,1928
2099,27/07/2025 , 21:23:38,1926,1926
2100,27/07/2025 , 22:23:38,1924,1924
2101,27/07/2025 , 23:23:38,1930,1930
2102,28/07/2025 , 00:23:38,1937,1937
2103,28/07/2025 , 01:23:38,1940,1940
2104,28/07/2025 , 02:23:38,1942,1942
2105,28/07/2025 , 03:23:38,1942,1942
2106,28/07/2025 , 04:23:38,1942,1942
2107,28/07/2025 , 05:23:38,1941,1941
2108,28/07/2025 , 06:23:38,1941,1941
2109,28/07/2025 , 07:23:38,1940,1940
2110,28/07/2025 , 08:23:38,1939,1939
2111,28/07/2025 , 09:23:38,1938,1938
2112,28/07/2025 , 10:23:38,1938,1938
2113,28/07/2025 , 11:23:38,1937,1937
2114,28/07/2025 , 12:23:38,1936,1936
2115,28/07/2025 , 13:23:38,1935,1935
2116,28/07/2025 , 14:23:38,1934,1934
2117,28/07/2025 , 15:23:38,1932,1932
2118,28/07/2025 , 16:23:38,1931,1931
2119,28/07/2025 , 17:23:38,1931,1931
2120,28/07/2025 , 18:23:38,1929,1929
2121,28/07/2025 , 19:23:38,1928,1928
2122,28/07/2025 , 20:23:38,1926,1926
2123,28/07/2025 , 21:23:38,1925,1925
2124,28/07/2025 , 22:23:38,1924,1924
2125,28/07/2025 , 23:23:38,1922,1922
2126,29/07/2025 , 00:23:38,1921,1921
2127,29/07/2025 , 01:23:38,1920,1920
2128,29/07/2025 , 02:23:38,1919,1919
2129,29/07/2025 , 03:23:38,1917,1917
2130,29/07/2025 , 04:23:38,1916,1916
2131,29/07/2025 , 05:23:38,1915,1915
2132,29/07/2025 , 06:23:38,1914,1914
2133,29/07/2025 , 07:23:38,1912,1912
2134,29/07/2025 , 08:23:38,1911,1911
2135,29/07/2025 , 09:23:38,1910,1910
2136,29/07/2025 , 10:23:38,1909,1909
2137,29/07/2025 , 11:23:38,1907,1907
2138,29/07/2025 , 12:23:38,1905,1905
2139,29/07/2025 , 13:23:38,1904,1904
2140,29/07/2025 , 14:23:38,1902,1902
2141,29/07/2025 , 15:23:38,1900,1900
2142,29/07/2025 , 16:23:38,1898,1898
2143,29/07/2025 , 17:23:38,1897,1897
2144,29/07/2025 , 18:23:38,1895,1895
2145,29/07/2025 , 19:23:38,1893,1893
2146,29/07/2025 , 20:23:38,1892,1892
2147,29/07/2025 , 21:23:38,1889,1889
2148,29/07/2025 , 22:23:38,1888,1888
2149,29/07/2025 , 23:23:38,1886,1886
2150,30/07/2025 , 00:23:38,1884,1884
2151,30/07/2025 , 01:23:38,1883,1883
2152,30/07/2025 , 02:23:38,1881,1881
2153,30/07/2025 , 03:23:38,1880,1880
2154,30/07/2025 , 04:23:38,1878,1878
2155,30/07/2025 , 05:23:38,1877,1877
2156,30/07/2025 , 06:23:38,1877,1877
2157,30/07/2025 , 07:23:38,1876,1876
2158,30/07/2025 , 08:23:38,1875,1875
2159,30/07/2025 , 09:23:38,1874,1874
2160,30/07/2025 , 10:23:38,1873,1873
2161,30/07/2025 , 11:23:38,1872,1872
2162,30/07/2025 , 12:23:38,1871,1871
2163,30/07/2025 , 13:23:38,1870,1870
2164,30/07/2025 , 14:23:38,1866,1866
2165,30/07/2025 , 15:23:38,1863,1863
2166,30/07/2025 , 16:23:38,1860,1860
2167,30/07/2025 , 17:23:38,1857,1857
2168,30/07/2025 , 18:23:38,1855,1855
2169,30/07/2025 , 19:23:38,1852,1852
2170,30/07/2025 , 20:23:38,1850,1850
2171,30/07/2025 , 21:23:38,1849,1849
2172,30/07/2025 , 22:23:38,1846,1846
2173,30/07/2025 , 23:23:38,1844,1844
2174,31/07/2025 , 00:23:38,1842,1842
2175,31/07/2025 , 01:23:38,1840,1840
2176,31/07/2025 , 02:23:38,1838,1838
2177,31/07/2025 , 03:23:38,1837,1837
2178,31/07/2025 , 04:23:38,1836,1836
2179,31/07/2025 , 05:23:38,1834,1834
2180,31/07/2025 , 06:23:38,1833,1833
2181,31/07/2025 , 07:23:38,1832,1832
2182,31/07/2025 , 08:23:38,1834,1834
2183,31/07/2025 , 09:23:38,1836,1836
2184,31/07/2025 , 10:23:38,1836,1836
2185,31/07/2025 , 11:23:38,1834,1834
2186,31/07/2025 , 12:23:38,1833,1833
2187,31/07/2025 , 13:23:38,1831,1831
2188,31/07/2025 , 14:23:38,1829,1829
2189,31/07/2025 , 15:23:38,1828,1828
2190,31/07/2025 , 16:23:38,1827,1827
2191,31/07/2025 , 17:23:38,1825,1825
2192,31/07/2025 , 18:23:38,1823,1823
2193,31/07/2025 , 19:23:38,1822,1822
2194,31/07/2025 , 20:23:38,1820,1820
2195,31/07/2025 , 21:23:38,1818,1818
2196,31/07/2025 , 22:23:38,1816,1816
2197,31/07/2025 , 23:23:38,1814,1814
2198,01/08/2025 , 00:23:38,1813,1813
2199,01/08/2025 , 01:23:38,1811,1811
2200,01/08/2025 , 02:23:38,1810,1810
2201,01/08/2025 , 03:23:38,1809,1809
2202,01/08/2025 , 04:23:38,1808,1808
2203,01/08/2025 , 05:23:38,1807,1807
2204,01/08/2025 , 06:23:38,1806,1806
2205,01/08/2025 , 07:23:38,1807,1807
2206,01/08/2025 , 08:23:38,1803,1803
2207,01/08/2025 , 09:23:38,1804,1804
2208,01/08/2025 , 10:23:38,1803,1803
2209,01/08/2025 , 11:23:38,1803,1803
2210,01/08/2025 , 12:23:38,1802,1802
2211,01/08/2025 , 13:23:38,1801,1801
2212,01/08/2025 , 14:23:38,1800,1800
2213,01/08/2025 , 15:23:38,1799,1799
2214,01/08/2025 , 16:23:38,1798,1798
2215,01/08/2025 , 17:23:38,1796,1796
2216,01/08/2025 , 18:23:38,1795,1795
2217,01/08/2025 , 19:23:38,1793,1793
2218,01/08/2025 , 20:23:38,1791,1791
2219,01/08/2025 , 21:23:38,1790,1790
2220,01/08/2025 , 22:23:38,1788,1788
2221,01/08/2025 , 23:23:38,1787,1787
2222,02/08/2025 , 00:23:38,1786,1786
2223,02/08/2025 , 01:23:38,1785,1785
2224,02/08/2025 , 02:23:38,1784,1784
2225,02/08/2025 , 03:23:38,1783,1783
2226,02/08/2025 , 04:23:38,1783,1783
2227,02/08/2025 , 05:23:38,1781,1781
2228,02/08/2025 , 06:23:38,1781,1781
2229,02/08/2025 , 07:23:38,1780,1780
2230,02/08/2025 , 08:23:38,1780,1780
2231,02/08/2025 , 09:23:38,1779,1779
2232,02/08/2025 , 10:23:38,1779,1779
2233,02/08/2025 , 11:23:38,1778,1778
2234,02/08/2025 , 12:23:38,1777,1777
2235,02/08/2025 , 13:23:38,1776,1776
2236,02/08/2025 , 14:23:38,1771,1771
2237,02/08/2025 , 15:23:38,1770,1770
2238,02/08/2025 , 16:23:38,1768,1768
2239,02/08/2025 , 17:23:38,1767,1767
2240,02/08/2025 , 18:23:38,1769,1769
2241,02/08/2025 , 19:23:38,1775,1775
2242,02/08/2025 , 20:23:38,1808,1808
2243,02/08/2025 , 21:23:38,1847,1847
2244,02/08/2025 , 22:23:38,1873,1873
2245,02/08/2025 , 23:23:38,1890,1890
2246,03/08/2025 , 00:23:38,1901,1901
2247,03/08/2025 , 01:23:38,1909,1909
2248,03/08/2025 , 02:23:38,1918,1918
2249,03/08/2025 , 03:23:38,1927,1927
2250,03/08/2025 , 04:23:38,1938,1938
2251,03/08/2025 , 05:23:38,1950,1950
2252,03/08/2025 , 06:23:38,1960,1960
2253,03/08/2025 , 07:23:38,1969,1969
2254,03/08/2025 , 08:23:38,1980,1980
2255,03/08/2025 , 09:23:38,1987,1987
2256,03/08/2025 , 10:23:38,1995,1995
2257,03/08/2025 , 11:23:38,2001,2001
2258,03/08/2025 , 12:23:38,2006,2006
2259,03/08/2025 , 13:23:38,2009,2009
2260,03/08/2025 , 14:23:38,2010,2010
2261,03/08/2025 , 15:23:38,2009,2009
2262,03/08/2025 , 16:23:38,2009,2009
2263,03/08/2025 , 17:23:38,2007,2007
2264,03/08/2025 , 18:23:38,2005,2005
2265,03/08/2025 , 19:23:38,2002,2002
2266,03/08/2025 , 20:23:38,1999,1999
2267,03/08/2025 , 21:23:38,1995,1995
2268,03/08/2025 , 22:23:38,1992,1992
2269,03/08/2025 , 23:23:38,1990,1990
2270,04/08/2025 , 00:23:38,1989,1989
2271,04/08/2025 , 01:23:38,1987,1987
2272,04/08/2025 , 02:23:38,1985,1985
2273,04/08/2025 , 03:23:38,1984,1984
2274,04/08/2025 , 04:23:38,1983,1983
2275,04/08/2025 , 05:23:38,1981,1981
2276,04/08/2025 , 06:23:38,1980,1980
2277,04/08/2025 , 07:23:38,1977,1977
2278,04/08/2025 , 08:23:38,1972,1972
2279,04/08/2025 , 09:23:38,1970,1970
2280,04/08/2025 , 10:23:38,1967,1967
2281,04/08/2025 , 11:23:38,1965,1965
2282,04/08/2025 , 12:23:38,1963,1963
2283,04/08/2025 , 13:23:38,1961,1961
2284,04/08/2025 , 14:23:38,1959,1959
2285,04/08/2025 , 15:23:38,1957,1957
2286,04/08/2025 , 16:23:38,1955,1955
2287,04/08/2025 , 17:23:38,1953,1953
2288,04/08/2025 , 18:23:38,1951,1951
2289,04/08/2025 , 19:23:38,1948,1948
2290,04/08/2025 , 20:23:38,1945,1945
2291,04/08/2025 , 21:23:38,1942,1942
2292,04/08/2025 , 22:23:38,1939,1939
2293,04/08/2025 , 23:23:38,1937,1937
2294,05/08/2025 , 00:23:38,1934,1934
2295,05/08/2025 , 01:23:38,1931,1931
2296,05/08/2025 , 02:23:38,1929,1929
2297,05/08/2025 , 03:23:38,1927,1927
2298,05/08/2025 , 04:23:38,1925,1925
2299,05/08/2025 , 05:23:38,1927,1927
2300,05/08/2025 , 06:23:38,1925,1925
2301,05/08/2025 , 07:23:38,1924,1924
2302,05/08/2025 , 08:23:38,1922,1922
2303,05/08/2025 , 09:23:38,1921,1921
2304,05/08/2025 , 10:23:38,1914,1914
2305,05/08/2025 , 11:23:38,1911,1911
2306,05/08/2025 , 12:23:38,1910,1910
2307,05/08/2025 , 13:23:38,1908,1908
2308,05/08/2025 , 14:23:38,1906,1906
2309,05/08/2025 , 15:23:38,1904,1904
2310,05/08/2025 , 16:23:38,1902,1902
2311,05/08/2025 , 17:23:38,1899,1899
2312,05/08/2025 , 18:23:38,1897,1897
2313,05/08/2025 , 19:23:38,1895,1895
2314,05/08/2025 , 20:23:38,1892,1892
2315,05/08/2025 , 21:23:38,1890,1890
2316,05/08/2025 , 22:23:38,1888,1888
2317,05/08/2025 , 23:23:38,1886,1886
2318,06/08/2025 , 00:23:38,1884,1884
2319,06/08/2025 , 01:23:38,1883,1883
2320,06/08/2025 , 02:23:38,1881,1881
2321,06/08/2025 , 03:23:38,1879,1879
2322,06/08/2025 , 04:23:38,1877,1877
2323,06/08/2025 , 05:23:38,1876,1876
2324,06/08/2025 , 06:23:38,1874,1874
2325,06/08/2025 , 07:23:38,1872,1872
2326,06/08/2025 , 08:23:38,1871,1871
2327,06/08/2025 , 09:23:38,1870,1870
2328,06/08/2025 , 10:23:38,1868,1868
2329,06/08/2025 , 11:23:38,1867,1867
2330,06/08/2025 , 12:23:38,1865,1865
2331,06/08/2025 , 13:23:38,1865,1865
2332,06/08/2025 , 14:23:38,1862,1862
2333,06/08/2025 , 15:23:38,1861,1861
2334,06/08/2025 , 16:23:38,1860,1860
2335,06/08/2025 , 17:23:38,1858,1858
2336,06/08/2025 , 18:23:38,1856,1856
2337,06/08/2025 , 19:23:38,1854,1854
2338,06/08/2025 , 20:23:38,1853,1853
2339,06/08/2025 , 21:23:38,1851,1851
2340,06/08/2025 , 22:23:38,1849,1849
2341,06/08/2025 , 23:23:38,1847,1847
2342,07/08/2025 , 00:23:38,1846,1846
2343,07/08/2025 , 01:23:38,1844,1844
2344,07/08/2025 , 02:23:38,1843,1843
2345,07/08/2025 , 03:23:38,1842,1842
2346,07/08/2025 , 04:23:38,1840,1840
2347,07/08/2025 , 05:23:38,1839,1839
2348,07/08/2025 , 06:23:38,1838,1838
2349,07/08/2025 , 07:23:38,1837,1837
2350,07/08/2025 , 08:23:38,1836,1836
2351,07/08/2025 , 09:23:38,1835,1835
2352,07/08/2025 , 10:23:38,1834,1834
2353,07/08/2025 , 11:23:38,1833,1833
2354,07/08/2025 , 12:23:38,1831,1831
2355,07/08/2025 , 13:23:38,1830,1830
2356,07/08/2025 , 14:23:38,1829,1829
2357,07/08/2025 , 15:23:38,1828,1828
2358,07/08/2025 , 16:23:38,1826,1826
2359,07/08/2025 , 17:23:38,1824,1824
2360,07/08/2025 , 18:23:38,1823,1823
2361,07/08/2025 , 19:23:38,1821,1821
2362,07/08/2025 , 20:23:38,1819,1819
2363,07/08/2025 , 21:23:38,1817,1817
2364,07/08/2025 , 22:23:38,1815,1815
2365,07/08/2025 , 23:23:38,1813,1813
2366,08/08/2025 , 00:23:38,1811,1811
2367,08/08/2025 , 01:23:38,1810,1810
2368,08/08/2025 , 02:23:38,1808,1808
2369,08/08/2025 , 03:23:38,1807,1807
2370,08/08/2025 , 04:23:38,1806,1806
2371,08/08/2025 , 05:23:38,1805,1805
2372,08/08/2025 , 06:23:38,1804,1804
2373,08/08/2025 , 07:23:38,1802,1802
2374,08/08/2025 , 08:23:38,1801,1801
2375,08/08/2025 , 09:23:38,1801,1801
2376,08/08/2025 , 10:23:38,1799,1799
2377,08/08/2025 , 11:23:38,1798,1798
2378,08/08/2025 , 12:23:38,1797,1797
2379,08/08/2025 , 13:23:38,1796,1796
2380,08/08/2025 , 14:23:38,1794,1794
2381,08/08/2025 , 15:23:38,1793,1793
2382,08/08/2025 , 16:23:38,1791,1791
2383,08/08/2025 , 17:23:38,1790,1790
2384,08/08/2025 , 18:23:38,1787,1787
2385,08/08/2025 , 19:23:38,1786,1786
2386,08/08/2025 , 20:23:38,1784,1784
2387,08/08/2025 , 21:23:38,1783,1783
2388,08/08/2025 , 22:23:38,1780,1780
2389,08/08/2025 , 23:23:38,1779,1779
2390,09/08/2025 , 00:23:38,1778,1778
2391,09/08/2025 , 01:23:38,1776,1776
2392,09/08/2025 , 02:23:38,1774,1774
2393,09/08/2025 , 03:23:38,1773,1773
2394,09/08/2025 , 04:23:38,1772,1772
2395,09/08/2025 , 05:23:38,1771,1771
2396,09/08/2025 , 06:23:38,1769,1769
2397,09/08/2025 , 07:23:38,1768,1768
2398,09/08/2025 , 08:23:38,1767,1767
2399,09/08/2025 , 09:23:38,1766,1766
2400,09/08/2025 , 10:23:38,1764,1764
2401,09/08/2025 , 11:23:38,1763,1763
2402,09/08/2025 , 12:23:38,1762,1762
2403,09/08/2025 , 13:23:38,1761,1761
2404,09/08/2025 , 14:23:38,1761,1761
2405,09/08/2025 , 15:23:38,1759,1759
2406,09/08/2025 , 16:23:38,1758,1758
2407,09/08/2025 , 17:23:38,1756,1756
2408,09/08/2025 , 18:23:38,1755,1755
2409,09/08/2025 , 19:23:38,1753,1753
2410,09/08/2025 , 20:23:38,1752,1752
2411,09/08/2025 , 21:23:38,1750,1750
2412,09/08/2025 , 22:23:38,1749,1749
2413,09/08/2025 , 23:23:38,1748,1748
2414,10/08/2025 , 00:23:38,1746,1746
2415,10/08/2025 , 01:23:38,1745,1745
2416,10/08/2025 , 02:23:38,1744,1744
2417,10/08/2025 , 03:23:38,1743,1743
2418,10/08/2025 , 04:23:38,1742,1742
2419,10/08/2025 , 05:23:38,1741,1741
2420,10/08/2025 , 06:23:38,1739,1739
2421,10/08/2025 , 07:23:38,1738,1738
2422,10/08/2025 , 08:23:38,1737,1737
2423,10/08/2025 , 09:23:38,1736,1736
2424,10/08/2025 , 10:23:38,1735,1735
2425,10/08/2025 , 11:23:38,1734,1734
2426,10/08/2025 , 12:23:38,1733,1733
2427,10/08/2025 , 13:23:38,1732,1732
2428,10/08/2025 , 14:23:38,1732,1732
2429,10/08/2025 , 15:23:38,1731,1731
2430,10/08/2025 , 16:23:38,1729,1729
2431,10/08/2025 , 17:23:38,1728,1728
2432,10/08/2025 , 18:23:38,1727,1727
2433,10/08/2025 , 19:23:38,1726,1726
2434,10/08/2025 , 20:23:38,1724,1724
2435,10/08/2025 , 21:23:38,1723,1723
2436,10/08/2025 , 22:23:38,1721,1721
2437,10/08/2025 , 23:23:38,1720,1720
2438,11/08/2025 , 00:23:38,1719,1719
2439,11/08/2025 , 01:23:38,1718,1718
2440,11/08/2025 , 02:23:38,1717,1717
2441,11/08/2025 , 03:23:38,1716,1716
2442,11/08/2025 , 04:23:38,1715,1715
2443,11/08/2025 , 05:23:38,1714,1714
2444,11/08/2025 , 06:23:38,1713,1713
2445,11/08/2025 , 07:23:38,1712,1712
2446,11/08/2025 , 08:23:38,1711,1711
2447,11/08/2025 , 09:23:38,1710,1710
2448,11/08/2025 , 10:23:38,1709,1709
2449,11/08/2025 , 11:23:38,1708,1708
2450,11/08/2025 , 12:23:38,1707,1707
2451,11/08/2025 , 13:23:38,1706,1706
2452,11/08/2025 , 14:23:38,1706,1706
2453,11/08/2025 , 15:23:38,1705,1705
2454,11/08/2025 , 16:23:38,1705,1705
2455,11/08/2025 , 17:23:38,1703,1703
2456,11/08/2025 , 18:23:38,1703,1703
2457,11/08/2025 , 19:23:38,1702,1702
2458,11/08/2025 , 20:23:38,1702,1702
2459,11/08/2025 , 21:23:38,1701,1701
2460,11/08/2025 , 22:23:38,1701,1701
2461,11/08/2025 , 23:23:38,1701,1701
2462,12/08/2025 , 00:23:38,1700,1700
2463,12/08/2025 , 01:23:38,1700,1700
2464,12/08/2025 , 02:23:38,1700,1700
2465,12/08/2025 , 03:23:38,1699,1699
2466,12/08/2025 , 04:23:38,1699,1699
2467,12/08/2025 , 05:23:38,1699,1699
2468,12/08/2025 , 06:23:38,1698,1698
2469,12/08/2025 , 07:23:38,1698,1698
2470,12/08/2025 , 08:23:38,1697,1697
2471,12/08/2025 , 09:23:38,1690,1690
2472,12/08/2025 , 10:23:38,1689,1689
2473,12/08/2025 , 11:23:38,1689,1689
2474,12/08/2025 , 12:23:38,1688,1688
2475,12/08/2025 , 13:23:38,1688,1688
2476,12/08/2025 , 14:23:38,1687,1687
2477,12/08/2025 , 15:23:38,1687,1687
2478,12/08/2025 , 16:23:38,1686,1686
2479,12/08/2025 , 17:23:38,1685,1685
2480,12/08/2025 , 18:23:38,1684,1684
2481,12/08/2025 , 19:23:38,1683,1683
2482,12/08/2025 , 20:23:38,1682,1682
2483,12/08/2025 , 21:23:38,1682,1682
2484,12/08/2025 , 22:23:38,1681,1681
2485,12/08/2025 , 23:23:38,1680,1680
2486,13/08/2025 , 00:23:38,1679,1679
2487,13/08/2025 , 01:23:38,1678,1678
2488,13/08/2025 , 02:23:38,1678,1678
2489,13/08/2025 , 03:23:38,1678,1678
2490,13/08/2025 , 04:23:38,1677,1677
2491,13/08/2025 , 05:23:38,1676,1676
2492,13/08/2025 , 06:23:38,1676,1676
2493,13/08/2025 , 07:23:38,1675,1675
2494,13/08/2025 , 08:23:38,1674,1674
2495,13/08/2025 , 09:23:38,1674,1674
2496,13/08/2025 , 10:23:38,1673,1673
2497,13/08/2025 , 11:23:38,1672,1672
2498,13/08/2025 , 12:23:38,1672,1672
2499,13/08/2025 , 13:23:38,1671,1671
2500,13/08/2025 , 14:23:38,1671,1671
2501,13/08/2025 , 15:23:38,1671,1671
2502,13/08/2025 , 16:23:38,1672,1672
2503,13/08/2025 , 17:23:38,1671,1671
2504,13/08/2025 , 18:23:38,1671,1671
2505,13/08/2025 , 19:23:38,1670,1670
2506,13/08/2025 , 20:23:38,1669,1669
2507,13/08/2025 , 21:23:38,1669,1669
2508,13/08/2025 , 22:23:38,1668,1668
2509,13/08/2025 , 23:23:38,1667,1667
2510,14/08/2025 , 00:23:38,1666,1666
2511,14/08/2025 , 01:23:38,1666,1666
2512,14/08/2025 , 02:23:38,1680,1680
2513,14/08/2025 , 03:23:38,1685,1685
2514,14/08/2025 , 04:23:38,1688,1688
2515,14/08/2025 , 05:23:38,1691,1691
2516,14/08/2025 , 06:23:38,1693,1693
2517,14/08/2025 , 07:23:38,1695,1695
2518,14/08/2025 , 08:23:38,1697,1697
2519,14/08/2025 , 09:23:38,1698,1698
2520,14/08/2025 , 10:23:38,1701,1701
2521,14/08/2025 , 11:23:38,1701,1701
2522,14/08/2025 , 12:23:38,1701,1701
2523,14/08/2025 , 13:23:38,1701,1701
2524,14/08/2025 , 14:23:38,1702,1702
2525,14/08/2025 , 15:23:38,1702,1702
2526,14/08/2025 , 16:23:38,1701,1701
2527,14/08/2025 , 17:23:38,1701,1701
2528,14/08/2025 , 18:23:38,1704,1704
2529,14/08/2025 , 19:23:38,1703,1703
2530,14/08/2025 , 20:23:38,1703,1703
2531,14/08/2025 , 21:23:38,1702,1702
2532,14/08/2025 , 22:23:38,1702,1702
2533,14/08/2025 , 23:23:38,1701,1701
2534,15/08/2025 , 00:23:38,1701,1701
2535,15/08/2025 , 01:23:38,1700,1700
2536,15/08/2025 , 02:23:38,1700,1700
2537,15/08/2025 , 03:23:38,1700,1700
2538,15/08/2025 , 04:23:38,1699,1699
2539,15/08/2025 , 05:23:38,1699,1699
2540,15/08/2025 , 06:23:38,1698,1698
2541,15/08/2025 , 07:23:38,1698,1698
2542,15/08/2025 , 08:23:38,1697,1697
2543,15/08/2025 , 09:23:38,1697,1697
2544,15/08/2025 , 10:23:38,1697,1697
2545,15/08/2025 , 11:23:38,1691,1691
2546,15/08/2025 , 12:23:38,1691,1691
2547,15/08/2025 , 13:23:38,1690,1690
2548,15/08/2025 , 14:23:38,1690,1690
2549,15/08/2025 , 15:23:38,1689,1689
2550,15/08/2025 , 16:23:38,1689,1689
2551,15/08/2025 , 17:23:38,1687,1687
2552,15/08/2025 , 18:23:38,1686,1686
2553,15/08/2025 , 19:23:38,1685,1685
2554,15/08/2025 , 20:23:38,1684,1684
2555,15/08/2025 , 21:23:38,1683,1683
2556,15/08/2025 , 22:23:38,1681,1681
2557,15/08/2025 , 23:23:38,1681,1681
2558,16/08/2025 , 00:23:38,1680,1680
2559,16/08/2025 , 01:23:38,1679,1679
2560,16/08/2025 , 02:23:38,1678,1678
2561,16/08/2025 , 03:23:38,1676,1676
2562,16/08/2025 , 04:23:38,1676,1676
2563,16/08/2025 , 05:23:38,1674,1674
2564,16/08/2025 , 06:23:38,1673,1673
2565,16/08/2025 , 07:23:38,1672,1672
2566,16/08/2025 , 08:23:38,1671,1671
2567,16/08/2025 , 09:23:38,1670,1670
2568,16/08/2025 , 10:23:38,1669,1669
2569,16/08/2025 , 11:23:38,1669,1669
2570,16/08/2025 , 12:23:38,1669,1669
2571,16/08/2025 , 13:23:38,1668,1668
2572,16/08/2025 , 14:23:38,1667,1667
2573,16/08/2025 , 15:23:38,1667,1667
2574,16/08/2025 , 16:23:38,1665,1665
2575,16/08/2025 , 17:23:38,1664,1664
2576,16/08/2025 , 18:23:38,1664,1664
2577,16/08/2025 , 19:23:38,1662,1662
2578,16/08/2025 , 20:23:38,1661,1661
2579,16/08/2025 , 21:23:38,1660,1660
2580,16/08/2025 , 22:23:38,1659,1659
2581,16/08/2025 , 23:23:38,1658,1658
2582,17/08/2025 , 00:23:38,1657,1657
2583,17/08/2025 , 01:23:38,1656,1656
2584,17/08/2025 , 02:23:38,1656,1656
2585,17/08/2025 , 03:23:38,1656,1656
2586,17/08/2025 , 04:23:38,1655,1655
2587,17/08/2025 , 05:23:38,1654,1654
2588,17/08/2025 , 06:23:38,1654,1654
2589,17/08/2025 , 07:23:38,1654,1654
2590,17/08/2025 , 08:23:38,1654,1654
2591,17/08/2025 , 09:23:38,1654,1654
2592,17/08/2025 , 10:23:38,1654,1654
2593,17/08/2025 , 11:23:38,1654,1654
2594,17/08/2025 , 12:23:38,1655,1655
2595,17/08/2025 , 13:23:38,1666,1666
2596,17/08/2025 , 14:23:38,1659,1659
2597,17/08/2025 , 15:23:38,1662,1662
2598,17/08/2025 , 16:23:38,1663,1663
2599,17/08/2025 , 17:23:38,1665,1665
2600,17/08/2025 , 18:23:38,1666,1666
2601,17/08/2025 , 19:23:38,1668,1668
2602,17/08/2025 , 20:23:38,1670,1670
2603,17/08/2025 , 21:23:38,1673,1673
2604,17/08/2025 , 22:23:38,1674,1674
2605,17/08/2025 , 23:23:38,1674,1674
2606,18/08/2025 , 00:23:38,1675,1675
2607,18/08/2025 , 01:23:38,1676,1676
2608,18/08/2025 , 02:23:38,1677,1677
2609,18/08/2025 , 03:23:38,1682,1682
2610,18/08/2025 , 04:23:38,1678,1678
2611,18/08/2025 , 05:23:38,1679,1679
2612,18/08/2025 , 06:23:38,1679,1679
2613,18/08/2025 , 07:23:38,1680,1680
2614,18/08/2025 , 08:23:38,1680,1680
2615,18/08/2025 , 09:23:38,1681,1681
2616,18/08/2025 , 10:23:38,1686,1686
2617,18/08/2025 , 11:23:38,1686,1686
2618,18/08/2025 , 12:23:38,1687,1687
2619,18/08/2025 , 13:23:38,1687,1687
2620,18/08/2025 , 14:23:38,1687,1687
2621,18/08/2025 , 15:23:38,1687,1687
2622,18/08/2025 , 16:23:38,1687,1687
2623,18/08/2025 , 17:23:38,1687,1687
2624,18/08/2025 , 18:23:38,1686,1686
2625,18/08/2025 , 19:23:38,1686,1686
2626,18/08/2025 , 20:23:38,1685,1685
2627,18/08/2025 , 21:23:38,1685,1685
2628,18/08/2025 , 22:23:38,1679,1679
2629,18/08/2025 , 23:23:38,1678,1678
2630,19/08/2025 , 00:23:38,1678,1678
2631,19/08/2025 , 01:23:38,1677,1677
2632,19/08/2025 , 02:23:38,1677,1677
2633,19/08/2025 , 03:23:38,1676,1676
2634,19/08/2025 , 04:23:38,1676,1676
2635,19/08/2025 , 05:23:38,1674,1674
2636,19/08/2025 , 06:23:38,1674,1674
2637,19/08/2025 , 07:23:38,1674,1674
2638,19/08/2025 , 08:23:38,1673,1673
2639,19/08/2025 , 09:23:38,1671,1671
2640,19/08/2025 , 10:23:38,1671,1671
2641,19/08/2025 , 11:23:38,1670,1670
2642,19/08/2025 , 12:23:38,1669,1669
2643,19/08/2025 , 13:23:38,1669,1669
2644,19/08/2025 , 14:23:38,1669,1669
2645,19/08/2025 , 15:23:38,1667,1667
2646,19/08/2025 , 16:23:38,1666,1666
2647,19/08/2025 , 17:23:38,1666,1666
2648,19/08/2025 , 18:23:38,1665,1665
2649,19/08/2025 , 19:23:38,1664,1664
2650,19/08/2025 , 20:23:38,1664,1664
2651,19/08/2025 , 21:23:38,1663,1663
2652,19/08/2025 , 22:23:38,1662,1662
2653,19/08/2025 , 23:23:38,1660,1660
2654,20/08/2025 , 00:23:38,1659,1659
2655,20/08/2025 , 01:23:38,1658,1658
2656,20/08/2025 , 02:23:38,1658,1658
2657,20/08/2025 , 03:23:38,1657,1657
2658,20/08/2025 , 04:23:38,1656,1656
2659,20/08/2025 , 05:23:38,1656,1656
2660,20/08/2025 , 06:23:38,1654,1654
2661,20/08/2025 , 07:23:38,1654,1654
2662,20/08/2025 , 08:23:38,1653,1653
2663,20/08/2025 , 09:23:38,1653,1653
2664,20/08/2025 , 10:23:38,1652,1652
2665,20/08/2025 , 11:23:38,1652,1652
2666,20/08/2025 , 12:23:38,1650,1650
2667,20/08/2025 , 13:23:38,1649,1649
2668,20/08/2025 , 14:23:38,1648,1648
2669,20/08/2025 , 15:23:38,1648,1648
2670,20/08/2025 , 16:23:38,1648,1648
2671,20/08/2025 , 17:23:38,1647,1647
2672,20/08/2025 , 18:23:38,1647,1647
2673,20/08/2025 , 19:23:38,1646,1646
2674,20/08/2025 , 20:23:38,1646,1646
2675,20/08/2025 , 21:23:38,1645,1645
2676,20/08/2025 , 22:23:38,1644,1644
2677,20/08/2025 , 23:23:38,1643,1643
2678,21/08/2025 , 00:23:38,1643,1643
2679,21/08/2025 , 01:23:38,1642,1642
2680,21/08/2025 , 02:23:38,1642,1642
2681,21/08/2025 , 03:23:38,1641,1641
2682,21/08/2025 , 04:23:38,1641,1641
2683,21/08/2025 , 05:23:38,1640,1640
2684,21/08/2025 , 06:23:38,1640,1640
2685,21/08/2025 , 07:23:38,1639,1639
2686,21/08/2025 , 08:23:38,1639,1639
2687,21/08/2025 , 09:23:38,1639,1639
2688,21/08/2025 , 10:23:38,1638,1638
2689,21/08/2025 , 11:23:38,1638,1638
2690,21/08/2025 , 12:23:38,1637,1637
2691,21/08/2025 , 13:23:38,1637,1637
2692,21/08/2025 , 14:23:38,1637,1637
2693,21/08/2025 , 15:23:38,1636,1636
2694,21/08/2025 , 16:23:38,1635,1635
2695,21/08/2025 , 17:23:38,1634,1634
2696,21/08/2025 , 18:23:38,1634,1634
2697,21/08/2025 , 19:23:38,1633,1633
2698,21/08/2025 , 20:23:38,1632,1632
2699,21/08/2025 , 21:23:38,1631,1631
2700,21/08/2025 , 22:23:38,1630,1630
2701,21/08/2025 , 23:23:38,1629,1629
2702,22/08/2025 , 00:23:38,1628,1628
2703,22/08/2025 , 01:23:38,1628,1628
2704,22/08/2025 , 02:23:38,1627,1627
2705,22/08/2025 , 03:23:38,1626,1626
2706,22/08/2025 , 04:23:38,1625,1625
2707,22/08/2025 , 05:23:38,1624,1624
2708,22/08/2025 , 06:23:38,1624,1624
2709,22/08/2025 , 07:23:38,1623,1623
2710,22/08/2025 , 08:23:38,1622,1622
2711,22/08/2025 , 09:23:38,1622,1622
2712,22/08/2025 , 10:23:38,1621,1621
2713,22/08/2025 , 11:23:38,1620,1620
2714,22/08/2025 , 12:23:38,1620,1620
2715,22/08/2025 , 13:23:38,1620,1620
2716,22/08/2025 , 14:23:38,1620,1620
2717,22/08/2025 , 15:23:38,1619,1619
2718,22/08/2025 , 16:23:38,1618,1618
2719,22/08/2025 , 17:23:38,1618,1618
2720,22/08/2025 , 18:23:38,1616,1616
2721,22/08/2025 , 19:23:38,1615,1615
2722,22/08/2025 , 20:23:38,1615,1615
2723,22/08/2025 , 21:23:38,1614,1614
2724,22/08/2025 , 22:23:38,1613,1613
2725,22/08/2025 , 23:23:38,1612,1612
2726,23/08/2025 , 00:23:38,1612,1612
2727,23/08/2025 , 01:23:38,1611,1611
2728,23/08/2025 , 02:23:38,1610,1610
2729,23/08/2025 , 03:23:38,1610,1610
2730,23/08/2025 , 04:23:38,1609,1609
2731,23/08/2025 , 05:23:38,1608,1608
2732,23/08/2025 , 06:23:38,1608,1608
2733,23/08/2025 , 07:23:38,1607,1607
2734,23/08/2025 , 08:23:38,1607,1607
2735,23/08/2025 , 09:23:38,1606,1606
2736,23/08/2025 , 10:23:38,1606,1606
2737,23/08/2025 , 11:23:38,1605,1605
2738,23/08/2025 , 12:23:38,1605,1605
2739,23/08/2025 , 13:23:38,1604,1604
2740,23/08/2025 , 14:23:38,1604,1604
2741,23/08/2025 , 15:23:38,1603,1603
2742,23/08/2025 , 16:23:38,1603,1603
2743,23/08/2025 , 17:23:38,1602,1602
2744,23/08/2025 , 18:23:38,1602,1602
2745,23/08/2025 , 19:23:38,1601,1601
2746,23/08/2025 , 20:23:38,1601,1601
2747,23/08/2025 , 21:23:38,1600,1600
2748,23/08/2025 , 22:23:38,1599,1599
2749,23/08/2025 , 23:23:38,1599,1599
2750,24/08/2025 , 00:23:38,1598,1598
2751,24/08/2025 , 01:23:38,1598,1598
2752,24/08/2025 , 02:23:38,1597,1597
2753,24/08/2025 , 03:23:38,1596,1596
2754,24/08/2025 , 04:23:38,1596,1596
2755,24/08/2025 , 05:23:38,1596,1596
2756,24/08/2025 , 06:23:38,1595,1595
2757,24/08/2025 , 07:23:38,1595,1595
2758,24/08/2025 , 08:23:38,1595,1595
2759,24/08/2025 , 09:23:38,1595,1595
2760,24/08/2025 , 10:23:38,1595,1595
2761,24/08/2025 , 11:23:38,1594,1594
2762,24/08/2025 , 12:23:38,1594,1594
2763,24/08/2025 , 13:23:38,1593,1593
2764,24/08/2025 , 14:23:38,1593,1593
2765,24/08/2025 , 15:23:38,1592,1592
2766,24/08/2025 , 16:23:38,1592,1592
2767,24/08/2025 , 17:23:38,1591,1591
2768,24/08/2025 , 18:23:38,1590,1590
2769,24/08/2025 , 19:23:38,1590,1590
2770,24/08/2025 , 20:23:38,1589,1589
2771,24/08/2025 , 21:23:38,1588,1588
2772,24/08/2025 , 22:23:38,1587,1587
2773,24/08/2025 , 23:23:38,1586,1586
2774,25/08/2025 , 00:23:38,1584,1584
2775,25/08/2025 , 01:23:38,1583,1583
2776,25/08/2025 , 02:23:38,1581,1581
2777,25/08/2025 , 03:23:38,1579,1579
2778,25/08/2025 , 04:23:38,1578,1578
2779,25/08/2025 , 05:23:38,1577,1577
2780,25/08/2025 , 06:23:38,1567,1567
2781,25/08/2025 , 07:23:38,1567,1567
2782,25/08/2025 , 08:23:38,1566,1566
2783,25/08/2025 , 09:23:38,1566,1566
2784,25/08/2025 , 10:23:38,1566,1566
2785,25/08/2025 , 11:23:38,1565,1565
2786,25/08/2025 , 12:23:38,1565,1565
2787,25/08/2025 , 13:23:38,1565,1565
2788,25/08/2025 , 14:23:38,1564,1564
2789,25/08/2025 , 15:23:38,1567,1567
2790,25/08/2025 , 16:23:38,1567,1567
2791,25/08/2025 , 17:23:38,1566,1566
2792,25/08/2025 , 18:23:38,1565,1565
2793,25/08/2025 , 19:23:38,1565,1565
2794,25/08/2025 , 20:23:38,1564,1564
2795,25/08/2025 , 21:23:38,1564,1564
2796,25/08/2025 , 22:23:38,1563,1563
2797,25/08/2025 , 23:23:38,1562,1562
2798,26/08/2025 , 00:23:38,1561,1561
2799,26/08/2025 , 01:23:38,1560,1560
2800,26/08/2025 , 02:23:38,1560,1560
2801,26/08/2025 , 03:23:38,1559,1559
2802,26/08/2025 , 04:23:38,1559,1559
2803,26/08/2025 , 05:23:38,1558,1558
2804,26/08/2025 , 06:23:38,1558,1558
2805,26/08/2025 , 07:23:38,1557,1557
2806,26/08/2025 , 08:23:38,1557,1557
2807,26/08/2025 , 09:23:38,1557,1557
2808,26/08/2025 , 10:23:38,1558,1558
2809,26/08/2025 , 11:23:38,1556,1556
2810,26/08/2025 , 12:23:38,1555,1555
2811,26/08/2025 , 13:23:38,1555,1555
2812,26/08/2025 , 14:23:38,1554,1554
2813,26/08/2025 , 15:23:38,1553,1553
2814,26/08/2025 , 16:23:38,1553,1553
2815,26/08/2025 , 17:23:38,1552,1552
2816,26/08/2025 , 18:23:38,1552,1552
2817,26/08/2025 , 19:23:38,1551,1551
2818,26/08/2025 , 20:23:38,1550,1550
2819,26/08/2025 , 21:23:38,1549,1549
2820,26/08/2025 , 22:23:38,1549,1549
2821,26/08/2025 , 23:23:38,1548,1548
2822,27/08/2025 , 00:23:38,1548,1548
2823,27/08/2025 , 01:23:38,1547,1547
2824,27/08/2025 , 02:23:38,1546,1546
2825,27/08/2025 , 03:23:38,1546,1546
2826,27/08/2025 , 04:23:38,1545,1545
2827,27/08/2025 , 05:23:38,1544,1544
2828,27/08/2025 , 06:23:38,1544,1544
2829,27/08/2025 , 07:23:38,1543,1543
2830,27/08/2025 , 08:23:38,1543,1543
2831,27/08/2025 , 09:23:38,1543,1543
2832,27/08/2025 , 10:23:38,1542,1542
2833,27/08/2025 , 11:23:38,1541,1541
2834,27/08/2025 , 12:23:38,1541,1541
2835,27/08/2025 , 13:23:38,1540,1540
2836,27/08/2025 , 14:23:38,1541,1541
2837,27/08/2025 , 15:23:38,1540,1540
2838,27/08/2025 , 16:23:38,1540,1540
2839,27/08/2025 , 17:23:38,1539,1539
2840,27/08/2025 , 18:23:38,1539,1539
2841,27/08/2025 , 19:23:38,1538,1538
2842,27/08/2025 , 20:23:38,1538,1538
2843,27/08/2025 , 21:23:38,1537,1537
2844,27/08/2025 , 22:23:38,1537,1537
2845,27/08/2025 , 23:23:38,1536,1536
2846,28/08/2025 , 00:23:38,1535,1535
2847,28/08/2025 , 01:23:38,1534,1534
2848,28/08/2025 , 02:23:38,1534,1534
2849,28/08/2025 , 03:23:38,1534,1534
2850,28/08/2025 , 04:23:38,1533,1533
2851,28/08/2025 , 05:23:38,1533,1533
2852,28/08/2025 , 06:23:38,1532,1532
2853,28/08/2025 , 07:23:38,1531,1531
2854,28/08/2025 , 08:23:38,1531,1531
2855,28/08/2025 , 09:23:38,1531,1531
2856,28/08/2025 , 10:23:38,1531,1531
2857,28/08/2025 , 11:23:38,1530,1530
2858,28/08/2025 , 12:23:38,1530,1530
2859,28/08/2025 , 13:23:38,1530,1530
2860,28/08/2025 , 14:23:38,1530,1530
2861,28/08/2025 , 15:23:38,1529,1529
2862,28/08/2025 , 16:23:38,1530,1530
2863,28/08/2025 , 17:23:38,1529,1529
2864,28/08/2025 , 18:23:38,1529,1529
2865,28/08/2025 , 19:23:38,1529,1529
2866,28/08/2025 , 20:23:38,1529,1529
2867,28/08/2025 , 21:23:38,1528,1528
2868,28/08/2025 , 22:23:38,1528,1528
2869,28/08/2025 , 23:23:38,1527,1527
2870,29/08/2025 , 00:23:38,1527,1527
2871,29/08/2025 , 01:23:38,1527,1527
2872,29/08/2025 , 02:23:38,1527,1527
2873,29/08/2025 , 03:23:38,1527,1527
2874,29/08/2025 , 04:23:38,1526,1526
2875,29/08/2025 , 05:23:38,1526,1526
2876,29/08/2025 , 06:23:38,1526,1526
2877,29/08/2025 , 07:23:38,1526,1526
2878,29/08/2025 , 08:23:38,1526,1526
2879,29/08/2025 , 09:23:38,1526,1526
2880,29/08/2025 , 10:23:38,1526,1526
2881,29/08/2025 , 11:23:38,1525,1525
2882,29/08/2025 , 12:23:38,1525,1525
2883,29/08/2025 , 13:23:38,1525,1525
2884,29/08/2025 , 14:23:38,1525,1525
2885,29/08/2025 , 15:23:38,1525,1525
2886,29/08/2025 , 16:23:38,1525,1525
2887,29/08/2025 , 17:23:38,1524,1524
2888,29/08/2025 , 18:23:38,1524,1524
2889,29/08/2025 , 19:23:38,1524,1524
2890,29/08/2025 , 20:23:38,1523,1523
2891,29/08/2025 , 21:23:38,1523,1523
2892,29/08/2025 , 22:23:38,1522,1522
2893,29/08/2025 , 23:23:38,1522,1522
2894,30/08/2025 , 00:23:38,1522,1522
2895,30/08/2025 , 01:23:38,1522,1522
2896,30/08/2025 , 02:23:38,1521,1521
2897,30/08/2025 , 03:23:38,1521,1521
2898,30/08/2025 , 04:23:38,1520,1520
2899,30/08/2025 , 05:23:38,1519,1519
2900,30/08/2025 , 06:23:38,1519,1519
2901,30/08/2025 , 07:23:38,1518,1518
2902,30/08/2025 , 08:23:38,1518,1518
2903,30/08/2025 , 09:23:38,1518,1518
2904,30/08/2025 , 10:23:38,1517,1517
2905,30/08/2025 , 11:23:38,1517,1517
2906,30/08/2025 , 12:23:38,1517,1517
2907,30/08/2025 , 13:23:38,1517,1517
2908,30/08/2025 , 14:23:38,1517,1517
2909,30/08/2025 , 15:23:38,1516,1516
2910,30/08/2025 , 16:23:38,1516,1516
2911,30/08/2025 , 17:23:38,1516,1516
2912,30/08/2025 , 18:23:38,1515,1515
2913,30/08/2025 , 19:23:38,1515,1515
2914,30/08/2025 , 20:23:38,1515,1515
2915,30/08/2025 , 21:23:38,1515,1515
2916,30/08/2025 , 22:23:38,1515,1515
2917,30/08/2025 , 23:23:38,1515,1515
2918,31/08/2025 , 00:23:38,1514,1514
2919,31/08/2025 , 01:23:38,1514,1514
2920,31/08/2025 , 02:23:38,1513,1513
2921,31/08/2025 , 03:23:38,1513,1513
2922,31/08/2025 , 04:23:38,1513,1513
2923,31/08/2025 , 05:23:38,1512,1512
2924,31/08/2025 , 06:23:38,1512,1512
2925,31/08/2025 , 07:23:38,1511,1511
2926,31/08/2025 , 08:23:38,1511,1511
2927,31/08/2025 , 09:23:38,1510,1510
2928,31/08/2025 , 10:23:38,1509,1509
2929,31/08/2025 , 11:23:38,1509,1509
2930,31/08/2025 , 12:23:38,1509,1509
2931,31/08/2025 , 13:23:38,1508,1508
2932,31/08/2025 , 14:23:38,1508,1508
2933,31/08/2025 , 15:23:38,1507,1507
2934,31/08/2025 , 16:23:38,1507,1507
2935,31/08/2025 , 17:23:38,1506,1506
2936,31/08/2025 , 18:23:38,1506,1506
2937,31/08/2025 , 19:23:38,1505,1505
2938,31/08/2025 , 20:23:38,1505,1505
2939,31/08/2025 , 21:23:38,1504,1504
2940,31/08/2025 , 22:23:38,1504,1504
2941,31/08/2025 , 23:23:38,1503,1503
2942,01/09/2025 , 00:23:38,1503,1503
2943,01/09/2025 , 01:23:38,1502,1502
2944,01/09/2025 , 02:23:38,1502,1502
2945,01/09/2025 , 03:23:38,1502,1502
2946,01/09/2025 , 04:23:38,1501,1501
2947,01/09/2025 , 05:23:38,1501,1501
2948,01/09/2025 , 06:23:38,1501,1501
2949,01/09/2025 , 07:23:38,1500,1500
2950,01/09/2025 , 08:23:38,1500,1500
2951,01/09/2025 , 09:23:38,1500,1500
2952,01/09/2025 , 10:23:38,1499,1499
2953,01/09/2025 , 11:23:38,1499,1499
2954,01/09/2025 , 12:23:38,1499,1499
2955,01/09/2025 , 13:23:38,1499,1499
2956,01/09/2025 , 14:23:38,1499,1499
2957,01/09/2025 , 15:23:38,1499,1499
2958,01/09/2025 , 16:23:38,1499,1499
2959,01/09/2025 , 17:23:38,1498,1498
2960,01/09/2025 , 18:23:38,1497,1497
2961,01/09/2025 , 19:23:38,1497,1497
2962,01/09/2025 , 20:23:38,1497,1497
2963,01/09/2025 , 21:23:38,1496,1496
2964,01/09/2025 , 22:23:38,1496,1496
2965,01/09/2025 , 23:23:38,1495,1495
2966,02/09/2025 , 00:23:38,1494,1494
2967,02/09/2025 , 01:23:38,1494,1494
2968,02/09/2025 , 02:23:38,1494,1494
2969,02/09/2025 , 03:23:38,1495,1495
2970,02/09/2025 , 04:23:38,1495,1495
2971,02/09/2025 , 05:23:38,1495,1495
2972,02/09/2025 , 06:23:38,1495,1495
2973,02/09/2025 , 07:23:38,1494,1494
2974,02/09/2025 , 08:23:38,1494,1494
2975,02/09/2025 , 09:23:38,1494,1494
2976,02/09/2025 , 10:23:38,1494,1494
2977,02/09/2025 , 11:23:38,1494,1494
2978,02/09/2025 , 12:23:38,1493,1493
2979,02/09/2025 , 13:23:38,1493,1493
2980,02/09/2025 , 14:23:38,1493,1493
2981,02/09/2025 , 15:23:38,1493,1493
2982,02/09/2025 , 16:23:38,1492,1492
2983,02/09/2025 , 17:23:38,1492,1492
2984,02/09/2025 , 18:23:38,1491,1491
2985,02/09/2025 , 19:23:38,1491,1491
2986,02/09/2025 , 20:23:38,1490,1490
2987,02/09/2025 , 21:23:38,1490,1490
2988,02/09/2025 , 22:23:38,1489,1489
2989,02/09/2025 , 23:23:38,1489,1489
2990,03/09/2025 , 00:23:38,1488,1488
2991,03/09/2025 , 01:23:38,1488,1488
2992,03/09/2025 , 02:23:38,1488,1488
2993,03/09/2025 , 03:23:38,1487,1487
2994,03/09/2025 , 04:23:38,1487,1487
2995,03/09/2025 , 05:23:38,1532,1532
2996,03/09/2025 , 06:23:38,1526,1526
2997,03/09/2025 , 07:23:38,1525,1525
2998,03/09/2025 , 08:23:38,1525,1525
2999,03/09/2025 , 09:23:38,1526,1526
3000,03/09/2025 , 10:23:38,1526,1526
3001,03/09/2025 , 11:23:38,1527,1527
3002,03/09/2025 , 12:23:38,1527,1527
3003,03/09/2025 , 13:23:38,1528,1528
3004,03/09/2025 , 14:23:38,1529,1529
3005,03/09/2025 , 15:23:38,1530,1530
3006,03/09/2025 , 16:23:38,1532,1532
3007,03/09/2025 , 17:23:38,1533,1533
3008,03/09/2025 , 18:23:38,1534,1534
3009,03/09/2025 , 19:23:38,1535,1535
3010,03/09/2025 , 20:23:38,1536,1536
3011,03/09/2025 , 21:23:38,1536,1536
3012,03/09/2025 , 22:23:38,1537,1537
3013,03/09/2025 , 23:23:38,1537,1537
3014,04/09/2025 , 00:23:38,1538,1538
3015,04/09/2025 , 01:23:38,1538,1538
3016,04/09/2025 , 02:23:38,1538,1538
3017,04/09/2025 , 03:23:38,1539,1539
3018,04/09/2025 , 04:23:38,1539,1539
3019,04/09/2025 , 05:23:38,1539,1539
3020,04/09/2025 , 06:23:38,1539,1539
3021,04/09/2025 , 07:23:38,1540,1540
3022,04/09/2025 , 08:23:38,1540,1540
3023,04/09/2025 , 09:23:38,1540,1540
3024,04/09/2025 , 10:23:38,1540,1540
3025,04/09/2025 , 11:23:38,1541,1541
3026,04/09/2025 , 12:23:38,1541,1541
3027,04/09/2025 , 13:23:38,1541,1541
3028,04/09/2025 , 14:23:38,1542,1542
3029,04/09/2025 , 15:23:38,1542,1542
3030,04/09/2025 , 16:23:38,1543,1543
3031,04/09/2025 , 17:23:38,1542,1542
3032,04/09/2025 , 18:23:38,1542,1542
3033,04/09/2025 , 19:23:38,1541,1541
3034,04/09/2025 , 20:23:38,1541,1541
3035,04/09/2025 , 21:23:38,1540,1540
3036,04/09/2025 , 22:23:38,1539,1539
3037,04/09/2025 , 23:23:38,1538,1538
3038,05/09/2025 , 00:23:38,1537,1537
3039,05/09/2025 , 01:23:38,1537,1537
3040,05/09/2025 , 02:23:38,1537,1537
3041,05/09/2025 , 03:23:38,1537,1537
3042,05/09/2025 , 04:23:38,1537,1537
3043,05/09/2025 , 05:23:38,1536,1536
3044,05/09/2025 , 06:23:38,1535,1535
3045,05/09/2025 , 07:23:38,1534,1534
3046,05/09/2025 , 08:23:38,1534,1534
3047,05/09/2025 , 09:23:38,1534,1534
3048,05/09/2025 , 10:23:38,1534,1534
3049,05/09/2025 , 11:23:38,1533,1533
3050,05/09/2025 , 12:23:38,1532,1532
3051,05/09/2025 , 13:23:38,1531,1531
3052,05/09/2025 , 14:23:38,1530,1530
3053,05/09/2025 , 15:23:38,1530,1530
3054,05/09/2025 , 16:23:38,1530,1530
3055,05/09/2025 , 17:23:38,1529,1529
3056,05/09/2025 , 18:23:38,1529,1529
3057,05/09/2025 , 19:23:38,1529,1529
3058,05/09/2025 , 20:23:38,1528,1528
3059,05/09/2025 , 21:23:38,1528,1528
3060,05/09/2025 , 22:23:38,1527,1527
3061,05/09/2025 , 23:23:38,1527,1527
3062,06/09/2025 , 00:23:38,1527,1527
3063,06/09/2025 , 01:23:38,1527,1527
3064,06/09/2025 , 02:23:38,1526,1526
3065,06/09/2025 , 03:23:38,1526,1526
3066,06/09/2025 , 04:23:38,1525,1525
3067,06/09/2025 , 05:23:38,1525,1525
3068,06/09/2025 , 06:23:38,1525,1525
3069,06/09/2025 , 07:23:38,1524,1524
3070,06/09/2025 , 08:23:38,1521,1521
3071,06/09/2025 , 09:23:38,1521,1521
3072,06/09/2025 , 10:23:38,1520,1520
3073,06/09/2025 , 11:23:38,1519,1519
3074,06/09/2025 , 12:23:38,1519,1519
3075,06/09/2025 , 13:23:38,1518,1518
3076,06/09/2025 , 14:23:38,1518,1518
3077,06/09/2025 , 15:23:38,1519,1519
3078,06/09/2025 , 16:23:38,1520,1520
3079,06/09/2025 , 17:23:38,1520,1520
3080,06/09/2025 , 18:23:38,1520,1520
3081,06/09/2025 , 19:23:38,1520,1520
3082,06/09/2025 , 20:23:38,1520,1520
3083,06/09/2025 , 21:23:38,1520,1520
3084,06/09/2025 , 22:23:38,1520,1520
3085,06/09/2025 , 23:23:38,1520,1520
3086,07/09/2025 , 00:23:38,1520,1520
3087,07/09/2025 , 01:23:38,1520,1520
3088,07/09/2025 , 02:23:38,1520,1520
3089,07/09/2025 , 03:23:38,1521,1521
3090,07/09/2025 , 04:23:38,1522,1522
3091,07/09/2025 , 05:23:38,1522,1522
3092,07/09/2025 , 06:23:38,1523,1523
3093,07/09/2025 , 07:23:38,1523,1523
3094,07/09/2025 , 08:23:38,1524,1524
3095,07/09/2025 , 09:23:38,1524,1524
3096,07/09/2025 , 10:23:38,1525,1525
3097,07/09/2025 , 11:23:38,1525,1525
3098,07/09/2025 , 12:23:38,1526,1526
3099,07/09/2025 , 13:23:38,1526,1526
3100,07/09/2025 , 14:23:38,1526,1526
3101,07/09/2025 , 15:23:38,1526,1526
3102,07/09/2025 , 16:23:38,1526,1526
3103,07/09/2025 , 17:23:38,1526,1526
3104,07/09/2025 , 18:23:38,1527,1527
3105,07/09/2025 , 19:23:38,1527,1527
3106,07/09/2025 , 20:23:38,1527,1527
3107,07/09/2025 , 21:23:38,1527,1527
3108,07/09/2025 , 22:23:38,1527,1527
3109,07/09/2025 , 23:23:38,1527,1527
3110,08/09/2025 , 00:23:38,1527,1527
3111,08/09/2025 , 01:23:38,1527,1527
3112,08/09/2025 , 02:23:38,1527,1527
3113,08/09/2025 , 03:23:38,1527,1527
3114,08/09/2025 , 04:23:38,1527,1527
3115,08/09/2025 , 05:23:38,1527,1527
3116,08/09/2025 , 06:23:38,1527,1527
3117,08/09/2025 , 07:23:38,1528,1528
3118,08/09/2025 , 08:23:38,1528,1528
3119,08/09/2025 , 09:23:38,1527,1527
3120,08/09/2025 , 10:23:38,1527,1527
3121,08/09/2025 , 11:23:38,1527,1527
3122,08/09/2025 , 12:23:38,1527,1527
3123,08/09/2025 , 13:23:38,1526,1526
3124,08/09/2025 , 14:23:38,1526,1526
3125,08/09/2025 , 15:23:38,1525,1525
3126,08/09/2025 , 16:23:38,1525,1525
3127,08/09/2025 , 17:23:38,1525,1525
3128,08/09/2025 , 18:23:38,1525,1525
3129,08/09/2025 , 19:23:38,1525,1525
3130,08/09/2025 , 20:23:38,1524,1524
3131,08/09/2025 , 21:23:38,1524,1524
3132,08/09/2025 , 22:23:38,1524,1524
3133,08/09/2025 , 23:23:38,1522,1522
3134,09/09/2025 , 00:23:38,1522,1522
3135,09/09/2025 , 01:23:38,1522,1522
3136,09/09/2025 , 02:23:38,1521,1521
3137,09/09/2025 , 03:23:38,1521,1521
3138,09/09/2025 , 04:23:38,1521,1521
3139,09/09/2025 , 05:23:38,1520,1520
3140,09/09/2025 , 06:23:38,1520,1520
3141,09/09/2025 , 07:23:38,1519,1519
3142,09/09/2025 , 08:23:38,1519,1519
3143,09/09/2025 , 09:23:38,1519,1519
3144,09/09/2025 , 10:23:38,1519,1519
3145,09/09/2025 , 11:23:38,1518,1518
3146,09/09/2025 , 12:23:38,1518,1518
3147,09/09/2025 , 13:23:38,1518,1518
3148,09/09/2025 , 14:23:38,1518,1518
3149,09/09/2025 , 15:23:38,1518,1518
3150,09/09/2025 , 16:23:38,1518,1518
3151,09/09/2025 , 17:23:38,1518,1518
3152,09/09/2025 , 18:23:38,1518,1518
3153,09/09/2025 , 19:23:38,1517,1517
3154,09/09/2025 , 20:23:38,1517,1517
3155,09/09/2025 , 21:23:38,1516,1516
3156,09/09/2025 , 22:23:38,1516,1516
3157,09/09/2025 , 23:23:38,1515,1515
3158,10/09/2025 , 00:23:38,1516,1516
3159,10/09/2025 , 01:23:38,1515,1515
3160,10/09/2025 , 02:23:38,1515,1515
3161,10/09/2025 , 03:23:38,1515,1515
3162,10/09/2025 , 04:23:38,1513,1513
3163,10/09/2025 , 05:23:38,1513,1513
3164,10/09/2025 , 06:23:38,1513,1513
3165,10/09/2025 , 07:23:38,1512,1512
3166,10/09/2025 , 08:23:38,1512,1512
3167,10/09/2025 , 09:23:38,1512,1512
3168,10/09/2025 , 10:23:38,1511,1511
3169,10/09/2025 , 11:23:38,1511,1511
3170,10/09/2025 , 12:23:38,1511,1511
3171,10/09/2025 , 13:23:38,1511,1511
3172,10/09/2025 , 14:23:38,1511,1511
3173,10/09/2025 , 15:23:38,1511,1511
3174,10/09/2025 , 16:23:38,1511,1511
3175,10/09/2025 , 17:23:38,1511,1511
3176,10/09/2025 , 18:23:38,1511,1511
3177,10/09/2025 , 19:23:38,1510,1510
3178,10/09/2025 , 20:23:38,1509,1509
3179,10/09/2025 , 21:23:38,1508,1508
3180,10/09/2025 , 22:23:38,1508,1508
3181,10/09/2025 , 23:23:38,1507,1507
3182,11/09/2025 , 00:23:38,1507,1507
3183,11/09/2025 , 01:23:38,1506,1506
3184,11/09/2025 , 02:23:38,1506,1506
3185,11/09/2025 , 03:23:38,1505,1505
3186,11/09/2025 , 04:23:38,1505,1505
3187,11/09/2025 , 05:23:38,1504,1504
3188,11/09/2025 , 06:23:38,1504,1504
3189,11/09/2025 , 07:23:38,1503,1503
3190,11/09/2025 , 08:23:38,1502,1502
3191,11/09/2025 , 09:23:38,1502,1502
3192,11/09/2025 , 10:23:38,1501,1501
3193,11/09/2025 , 11:23:38,1501,1501
3194,11/09/2025 , 12:23:38,1500,1500
3195,11/09/2025 , 13:23:38,1500,1500
3196,11/09/2025 , 14:23:38,1499,1499
3197,11/09/2025 , 15:23:38,1498,1498
3198,11/09/2025 , 16:23:38,1497,1497
3199,11/09/2025 , 17:23:38,1496,1496
3200,11/09/2025 , 18:23:38,1495,1495
3201,11/09/2025 , 19:23:38,1494,1494
3202,11/09/2025 , 20:23:38,1493,1493
3203,11/09/2025 , 21:23:38,1491,1491
3204,11/09/2025 , 22:23:38,1490,1490
3205,11/09/2025 , 23:23:38,1490,1490
3206,12/09/2025 , 00:23:38,1488,1488
3207,12/09/2025 , 01:23:38,1487,1487
3208,12/09/2025 , 02:23:38,1486,1486
3209,12/09/2025 , 03:23:38,1486,1486
3210,12/09/2025 , 04:23:38,1485,1485
3211,12/09/2025 , 05:23:38,1484,1484
3212,12/09/2025 , 06:23:38,1483,1483
3213,12/09/2025 , 07:23:38,1483,1483
3214,12/09/2025 , 08:23:38,1482,1482
3215,12/09/2025 , 09:23:38,1481,1481
3216,12/09/2025 , 10:23:38,1481,1481
3217,12/09/2025 , 11:23:38,1480,1480
3218,12/09/2025 , 12:23:38,1480,1480
3219,12/09/2025 , 13:23:38,1480,1480
3220,12/09/2025 , 14:23:38,1480,1480
3221,12/09/2025 , 15:23:38,1479,1479
3222,12/09/2025 , 16:23:38,1479,1479
3223,12/09/2025 , 17:23:38,1478,1478
3224,12/09/2025 , 18:23:38,1478,1478
3225,12/09/2025 , 19:23:38,1477,1477
3226,12/09/2025 , 20:23:38,1477,1477
3227,12/09/2025 , 21:23:38,1476,1476
3228,12/09/2025 , 22:23:38,1475,1475
3229,12/09/2025 , 23:23:38,1475,1475
3230,13/09/2025 , 00:23:38,1475,1475
3231,13/09/2025 , 01:23:38,1474,1474
3232,13/09/2025 , 02:23:38,1473,1473
3233,13/09/2025 , 03:23:38,1473,1473
3234,13/09/2025 , 04:23:38,1472,1472
3235,13/09/2025 , 05:23:38,1472,1472
3236,13/09/2025 , 06:23:38,1471,1471
3237,13/09/2025 , 07:23:38,1471,1471
3238,13/09/2025 , 08:23:38,1471,1471
3239,13/09/2025 , 09:23:38,1470,1470
3240,13/09/2025 , 10:23:38,1470,1470
3241,13/09/2025 , 11:23:38,1470,1470
3242,13/09/2025 , 12:23:38,1470,1470
3243,13/09/2025 , 13:23:38,1470,1470
3244,13/09/2025 , 14:23:38,1470,1470
3245,13/09/2025 , 15:23:38,1470,1470
3246,13/09/2025 , 16:23:38,1470,1470
3247,13/09/2025 , 17:23:38,1470,1470
3248,13/09/2025 , 18:23:38,1469,1469
3249,13/09/2025 , 19:23:38,1468,1468
3250,13/09/2025 , 20:23:38,1468,1468
3251,13/09/2025 , 21:23:38,1467,1467
3252,13/09/2025 , 22:23:38,1467,1467
3253,13/09/2025 , 23:23:38,1467,1467
3254,14/09/2025 , 00:23:38,1466,1466
3255,14/09/2025 , 01:23:38,1466,1466
3256,14/09/2025 , 02:23:38,1465,1465
3257,14/09/2025 , 03:23:38,1465,1465
3258,14/09/2025 , 04:23:38,1465,1465
3259,14/09/2025 , 05:23:38,1464,1464
3260,14/09/2025 , 06:23:38,1464,1464
3261,14/09/2025 , 07:23:38,1464,1464
3262,14/09/2025 , 08:23:38,1464,1464
3263,14/09/2025 , 09:23:38,1463,1463
3264,14/09/2025 , 10:23:38,1462,1462
3265,14/09/2025 , 11:23:38,1462,1462
3266,14/09/2025 , 12:23:38,1461,1461
3267,14/09/2025 , 13:23:38,1461,1461
3268,14/09/2025 , 14:23:38,1460,1460
3269,14/09/2025 , 15:23:38,1460,1460
3270,14/09/2025 , 16:23:38,1458,1458
3271,14/09/2025 , 17:23:38,1458,1458
3272,14/09/2025 , 18:23:38,1457,1457
3273,14/09/2025 , 19:23:38,1456,1456
3274,14/09/2025 , 20:23:38,1455,1455
3275,14/09/2025 , 21:23:38,1454,1454
3276,14/09/2025 , 22:23:38,1453,1453
3277,14/09/2025 , 23:23:38,1453,1453
3278,15/09/2025 , 00:23:38,1452,1452
3279,15/09/2025 , 01:23:38,1451,1451
3280,15/09/2025 , 02:23:38,1450,1450
3281,15/09/2025 , 03:23:38,1450,1450
3282,15/09/2025 , 04:23:38,1449,1449
3283,15/09/2025 , 05:23:38,1448,1448
3284,15/09/2025 , 06:23:38,1447,1447
3285,15/09/2025 , 07:23:38,1447,1447
3286,15/09/2025 , 08:23:38,1447,1447
3287,15/09/2025 , 09:23:38,1446,1446
3288,15/09/2025 , 10:23:38,1446,1446
3289,15/09/2025 , 11:23:38,1446,1446
3290,15/09/2025 , 12:23:38,1447,1447
3291,15/09/2025 , 13:23:38,1445,1445
3292,15/09/2025 , 14:23:38,1444,1444
3293,15/09/2025 , 15:23:38,1445,1445
3294,15/09/2025 , 16:23:38,1444,1444
3295,15/09/2025 , 17:23:38,1444,1444
3296,15/09/2025 , 18:23:38,1444,1444
3297,15/09/2025 , 19:23:38,1443,1443
3298,15/09/2025 , 20:23:38,1442,1442
3299,15/09/2025 , 21:23:38,1442,1442
3300,15/09/2025 , 22:23:38,1442,1442
3301,15/09/2025 , 23:23:38,1441,1441
3302,16/09/2025 , 00:23:38,1441,1441
3303,16/09/2025 , 01:23:38,1440,1440
3304,16/09/2025 , 02:23:38,1440,1440
3305,16/09/2025 , 03:23:38,1439,1439
3306,16/09/2025 , 04:23:38,1439,1439
3307,16/09/2025 , 05:23:38,1438,1438
3308,16/09/2025 , 06:23:38,1438,1438
3309,16/09/2025 , 07:23:38,1437,1437
3310,16/09/2025 , 08:23:38,1437,1437
3311,16/09/2025 , 09:23:38,1437,1437
3312,16/09/2025 , 10:23:38,1437,1437
3313,16/09/2025 , 11:23:38,1436,1436
3314,16/09/2025 , 12:23:38,1436,1436
3315,16/09/2025 , 13:23:38,1436,1436
3316,16/09/2025 , 14:23:38,1436,1436
3317,16/09/2025 , 15:23:38,1436,1436
3318,16/09/2025 , 16:23:38,1436,1436
3319,16/09/2025 , 17:23:38,1435,1435
3320,16/09/2025 , 18:23:38,1435,1435
3321,16/09/2025 , 19:23:38,1435,1435
3322,16/09/2025 , 20:23:38,1434,1434
3323,16/09/2025 , 21:23:38,1434,1434
3324,16/09/2025 , 22:23:38,1433,1433
3325,16/09/2025 , 23:23:38,1433,1433
3326,17/09/2025 , 00:23:38,1433,1433
3327,17/09/2025 , 01:23:38,1432,1432
3328,17/09/2025 , 02:23:38,1432,1432
3329,17/09/2025 , 03:23:38,1432,1432
3330,17/09/2025 , 04:23:38,1431,1431
3331,17/09/2025 , 05:23:38,1431,1431
3332,17/09/2025 , 06:23:38,1431,1431
3333,17/09/2025 , 07:23:38,1430,1430
3334,17/09/2025 , 08:23:38,1430,1430
3335,17/09/2025 , 09:23:38,1430,1430
3336,17/09/2025 , 10:23:38,1430,1430
3337,17/09/2025 , 11:23:38,1430,1430
3338,17/09/2025 , 12:23:38,1430,1430
3339,17/09/2025 , 13:23:38,1430,1430
3340,17/09/2025 , 14:23:38,1430,1430
3341,17/09/2025 , 15:23:38,1429,1429
3342,17/09/2025 , 16:23:38,1428,1428
3343,17/09/2025 , 17:23:38,1428,1428
3344,17/09/2025 , 18:23:38,1428,1428
3345,17/09/2025 , 19:23:38,1428,1428
3346,17/09/2025 , 20:23:38,1427,1427
3347,17/09/2025 , 21:23:38,1427,1427
3348,17/09/2025 , 22:23:38,1427,1427
3349,17/09/2025 , 23:23:38,1427,1427
3350,18/09/2025 , 00:23:38,1426,1426
3351,18/09/2025 , 01:23:38,1426,1426
3352,18/09/2025 , 02:23:38,1426,1426
3353,18/09/2025 , 03:23:38,1425,1425
3354,18/09/2025 , 04:23:38,1425,1425
3355,18/09/2025 , 05:23:38,1425,1425
3356,18/09/2025 , 06:23:38,1424,1424
3357,18/09/2025 , 07:23:38,1424,1424
3358,18/09/2025 , 08:23:38,1424,1424
3359,18/09/2025 , 09:23:38,1423,1423
3360,18/09/2025 , 10:23:38,1423,1423
3361,18/09/2025 , 11:23:38,1423,1423
3362,18/09/2025 , 12:23:38,1423,1423
3363,18/09/2025 , 13:23:38,1423,1423
3364,18/09/2025 , 14:23:38,1423,1423
3365,18/09/2025 , 15:23:38,1423,1423
3366,18/09/2025 , 16:23:38,1428,1428
3367,18/09/2025 , 17:23:38,1426,1426
3368,18/09/2025 , 18:23:38,1425,1425
3369,18/09/2025 , 19:23:38,1424,1424
3370,18/09/2025 , 20:23:38,1424,1424
3371,18/09/2025 , 21:23:38,1423,1423
3372,18/09/2025 , 22:23:38,1422,1422
3373,18/09/2025 , 23:23:38,1422,1422
3374,19/09/2025 , 00:23:38,1421,1421
3375,19/09/2025 , 01:23:38,1420,1420
3376,19/09/2025 , 02:23:38,1419,1419
3377,19/09/2025 , 03:23:38,1419,1419
3378,19/09/2025 , 04:23:38,1418,1418
3379,19/09/2025 , 05:23:38,1417,1417
3380,19/09/2025 , 06:23:38,1417,1417
3381,19/09/2025 , 07:23:38,1416,1416
3382,19/09/2025 , 08:23:38,1418,1418
3383,19/09/2025 , 09:23:38,1425,1425
3384,19/09/2025 , 10:23:38,1425,1425
3385,19/09/2025 , 11:23:38,1424,1424
3386,19/09/2025 , 12:23:38,1423,1423
3387,19/09/2025 , 13:23:38,1422,1422
3388,19/09/2025 , 14:23:38,1421,1421
3389,19/09/2025 , 15:23:38,1420,1420
3390,19/09/2025 , 16:23:38,1419,1419
3391,19/09/2025 , 17:23:38,1418,1418
3392,19/09/2025 , 18:23:38,1417,1417
3393,19/09/2025 , 19:23:38,1416,1416
3394,19/09/2025 , 20:23:38,1415,1415
3395,19/09/2025 , 21:23:38,1414,1414
3396,19/09/2025 , 22:23:38,1412,1412
3397,19/09/2025 , 23:23:38,1411,1411
3398,20/09/2025 , 00:23:38,1410,1410
3399,20/09/2025 , 01:23:38,1411,1411
3400,20/09/2025 , 02:23:38,1410,1410
3401,20/09/2025 , 03:23:38,1408,1408
3402,20/09/2025 , 04:23:38,1407,1407
3403,20/09/2025 , 05:23:38,1406,1406
3404,20/09/2025 , 06:23:38,1404,1404
3405,20/09/2025 , 07:23:38,1403,1403
3406,20/09/2025 , 08:23:38,1403,1403
3407,20/09/2025 , 09:23:38,1402,1402
3408,20/09/2025 , 10:23:38,1402,1402
3409,20/09/2025 , 11:23:38,1401,1401
3410,20/09/2025 , 12:23:38,1401,1401
3411,20/09/2025 , 13:23:38,1400,1400
3412,20/09/2025 , 14:23:38,1400,1400
3413,20/09/2025 , 15:23:38,1400,1400
3414,20/09/2025 , 16:23:38,1399,1399
3415,20/09/2025 , 17:23:38,1399,1399
3416,20/09/2025 , 18:23:38,1398,1398
3417,20/09/2025 , 19:23:38,1398,1398
3418,20/09/2025 , 20:23:38,1397,1397
3419,20/09/2025 , 21:23:38,1396,1396
3420,20/09/2025 , 22:23:38,1396,1396
3421,20/09/2025 , 23:23:38,1395,1395
3422,21/09/2025 , 00:23:38,1394,1394
3423,21/09/2025 , 01:23:38,1394,1394
3424,21/09/2025 , 02:23:38,1393,1393
3425,21/09/2025 , 03:23:38,1392,1392
3426,21/09/2025 , 04:23:38,1392,1392
3427,21/09/2025 , 05:23:38,1392,1392
3428,21/09/2025 , 06:23:38,1391,1391
3429,21/09/2025 , 07:23:38,1391,1391
3430,21/09/2025 , 08:23:38,1391,1391
3431,21/09/2025 , 09:23:38,1392,1392
3432,21/09/2025 , 10:23:38,1391,1391
3433,21/09/2025 , 11:23:38,1391,1391
3434,21/09/2025 , 12:23:38,1391,1391
3435,21/09/2025 , 13:23:38,1391,1391
3436,21/09/2025 , 14:23:38,1391,1391
3437,21/09/2025 , 15:23:38,1391,1391
3438,21/09/2025 , 16:23:38,1399,1399
3439,21/09/2025 , 17:23:38,1396,1396
3440,21/09/2025 , 18:23:38,1395,1395
3441,21/09/2025 , 19:23:38,1395,1395
3442,21/09/2025 , 20:23:38,1392,1392
3443,21/09/2025 , 21:23:38,1393,1393
3444,21/09/2025 , 22:23:38,1392,1392
3445,21/09/2025 , 23:23:38,1392,1392
3446,22/09/2025 , 00:23:38,1392,1392
3447,22/09/2025 , 01:23:38,1392,1392
3448,22/09/2025 , 02:23:38,1390,1390
3449,22/09/2025 , 03:23:38,1390,1390
3450,22/09/2025 , 04:23:38,1389,1389
3451,22/09/2025 , 05:23:38,1389,1389
3452,22/09/2025 , 06:23:38,1389,1389
3453,22/09/2025 , 07:23:38,1389,1389
3454,22/09/2025 , 08:23:38,1388,1388
3455,22/09/2025 , 09:23:38,1388,1388
3456,22/09/2025 , 10:23:38,1388,1388
3457,22/09/2025 , 11:23:38,1388,1388
3458,22/09/2025 , 12:23:38,1388,1388
3459,22/09/2025 , 13:23:38,1388,1388
3460,22/09/2025 , 14:23:38,1387,1387
3461,22/09/2025 , 15:23:38,1387,1387
3462,22/09/2025 , 16:23:38,1387,1387
3463,22/09/2025 , 17:23:38,1387,1387
3464,22/09/2025 , 18:23:38,1386,1386
3465,22/09/2025 , 19:23:38,1386,1386
3466,22/09/2025 , 20:23:38,1388,1388
3467,22/09/2025 , 21:23:38,1389,1389
3468,22/09/2025 , 22:23:38,1390,1390
3469,22/09/2025 , 23:23:38,1391,1391
3470,23/09/2025 , 00:23:38,1391,1391
3471,23/09/2025 , 01:23:38,1392,1392
3472,23/09/2025 , 02:23:38,1392,1392
3473,23/09/2025 , 03:23:38,1392,1392
3474,23/09/2025 , 04:23:38,1393,1393
3475,23/09/2025 , 05:23:38,1393,1393
3476,23/09/2025 , 06:23:38,1393,1393
3477,23/09/2025 , 07:23:38,1393,1393
3478,23/09/2025 , 08:23:38,1399,1399
3479,23/09/2025 , 09:23:38,1398,1398
3480,23/09/2025 , 10:23:38,1404,1404
3481,23/09/2025 , 11:23:38,1403,1403
3482,23/09/2025 , 12:23:38,1400,1400
3483,23/09/2025 , 13:23:38,1398,1398
3484,23/09/2025 , 14:23:38,1401,1401
3485,23/09/2025 , 15:23:38,1399,1399
3486,23/09/2025 , 16:23:38,1395,1395
3487,23/09/2025 , 17:23:38,1399,1399
3488,23/09/2025 , 18:23:38,1398,1398
3489,23/09/2025 , 19:23:38,1394,1394
3490,23/09/2025 , 20:23:38,1397,1397
3491,23/09/2025 , 21:23:38,1395,1395
3492,23/09/2025 , 22:23:38,1393,1393
3493,23/09/2025 , 23:23:38,1392,1392
3494,24/09/2025 , 00:23:38,1389,1389
3495,24/09/2025 , 01:23:38,1388,1388
3496,24/09/2025 , 02:23:38,1387,1387
3497,24/09/2025 , 03:23:38,1387,1387
3498,24/09/2025 , 04:23:38,1386,1386
3499,24/09/2025 , 05:23:38,1386,1386
3500,24/09/2025 , 06:23:38,1385,1385
3501,24/09/2025 , 07:23:38,1385,1385
3502,24/09/2025 , 08:23:38,1385,1385
3503,24/09/2025 , 09:23:38,1385,1385
3504,24/09/2025 , 10:23:38,1383,1383
3505,24/09/2025 , 11:23:38,1383,1383
3506,24/09/2025 , 12:23:38,1382,1382
3507,24/09/2025 , 13:23:38,1381,1381
3508,24/09/2025 , 14:23:38,1381,1381
3509,24/09/2025 , 15:23:38,1380,1380
3510,24/09/2025 , 16:23:38,1380,1380
3511,24/09/2025 , 17:23:38,1379,1379
3512,24/09/2025 , 18:23:38,1378,1378
3513,24/09/2025 , 19:23:38,1378,1378
3514,24/09/2025 , 20:23:38,1377,1377
3515,24/09/2025 , 21:23:38,1377,1377
3516,24/09/2025 , 22:23:38,1376,1376
3517,24/09/2025 , 23:23:38,1376,1376
3518,25/09/2025 , 00:23:38,1376,1376
3519,25/09/2025 , 01:23:38,1375,1375
3520,25/09/2025 , 02:23:38,1375,1375
3521,25/09/2025 , 03:23:38,1375,1375
3522,25/09/2025 , 04:23:38,1375,1375
3523,25/09/2025 , 05:23:38,1375,1375
3524,25/09/2025 , 06:23:38,1375,1375
3525,25/09/2025 , 07:23:38,1375,1375
3526,25/09/2025 , 08:23:38,1375,1375
3527,25/09/2025 , 09:23:38,1375,1375
3528,25/09/2025 , 10:23:38,1376,1376
3529,25/09/2025 , 11:23:38,1375,1375
3530,25/09/2025 , 12:23:38,1377,1377
3531,25/09/2025 , 13:23:38,1378,1378
3532,25/09/2025 , 14:23:38,1378,1378
3533,25/09/2025 , 15:23:38,1378,1378
3534,25/09/2025 , 16:23:38,1378,1378
3535,25/09/2025 , 17:23:38,1379,1379
3536,25/09/2025 , 18:23:38,1391,1391
3537,25/09/2025 , 19:23:38,1387,1387
3538,25/09/2025 , 20:23:38,1386,1386
3539,25/09/2025 , 21:23:38,1387,1387
3540,25/09/2025 , 22:23:38,1388,1388
3541,25/09/2025 , 23:23:38,1389,1389
3542,26/09/2025 , 00:23:38,1390,1390
3543,26/09/2025 , 01:23:38,1391,1391
3544,26/09/2025 , 02:23:38,1395,1395
3545,26/09/2025 , 03:23:38,1396,1396
3546,26/09/2025 , 04:23:38,1398,1398
3547,26/09/2025 , 05:23:38,1399,1399
3548,26/09/2025 , 06:23:38,1401,1401
3549,26/09/2025 , 07:23:38,1403,1403
3550,26/09/2025 , 08:23:38,1404,1404
3551,26/09/2025 , 09:23:38,1408,1408
3552,26/09/2025 , 10:23:38,1407,1407
3553,26/09/2025 , 11:23:38,1409,1409
3554,26/09/2025 , 12:23:38,1410,1410
3555,26/09/2025 , 13:23:38,1413,1413
3556,26/09/2025 , 14:23:38,1415,1415
3557,26/09/2025 , 15:23:38,1417,1417
3558,26/09/2025 , 16:23:38,1420,1420
3559,26/09/2025 , 17:23:38,1427,1427
3560,26/09/2025 , 18:23:38,1429,1429
3561,26/09/2025 , 19:23:38,1430,1430
3562,26/09/2025 , 20:23:38,1430,1430
3563,26/09/2025 , 21:23:38,1431,1431
3564,26/09/2025 , 22:23:38,1432,1432
3565,26/09/2025 , 23:23:38,1435,1435
3566,27/09/2025 , 00:23:38,1437,1437
3567,27/09/2025 , 01:23:38,1438,1438
3568,27/09/2025 , 02:23:38,1440,1440
3569,27/09/2025 , 03:23:38,1441,1441
3570,27/09/2025 , 04:23:38,1443,1443
3571,27/09/2025 , 05:23:38,1444,1444
3572,27/09/2025 , 06:23:38,1445,1445
3573,27/09/2025 , 07:23:38,1446,1446
3574,27/09/2025 , 08:23:38,1447,1447
3575,27/09/2025 , 09:23:38,1449,1449
3576,27/09/2025 , 10:23:38,1451,1451
3577,27/09/2025 , 11:23:38,1451,1451
3578,27/09/2025 , 12:23:38,1452,1452
3579,27/09/2025 , 13:23:38,1453,1453
3580,27/09/2025 , 14:23:38,1454,1454
3581,27/09/2025 , 15:23:38,1455,1455
3582,27/09/2025 , 16:23:38,1455,1455
3583,27/09/2025 , 17:23:38,1456,1456
3584,27/09/2025 , 18:23:38,1457,1457
3585,27/09/2025 , 19:23:38,1457,1457
3586,27/09/2025 , 20:23:38,1458,1458
3587,27/09/2025 , 21:23:38,1459,1459
3588,27/09/2025 , 22:23:38,1459,1459
3589,27/09/2025 , 23:23:38,1460,1460
3590,28/09/2025 , 00:23:38,1461,1461
3591,28/09/2025 , 01:23:38,1462,1462
3592,28/09/2025 , 02:23:38,1463,1463
3593,28/09/2025 , 03:23:38,1465,1465
3594,28/09/2025 , 04:23:38,1466,1466
3595,28/09/2025 , 05:23:38,1467,1467
3596,28/09/2025 , 06:23:38,1468,1468
3597,28/09/2025 , 07:23:38,1468,1468
3598,28/09/2025 , 08:23:38,1469,1469
3599,28/09/2025 , 09:23:38,1469,1469
3600,28/09/2025 , 10:23:38,1470,1470
3601,28/09/2025 , 11:23:38,1470,1470
3602,28/09/2025 , 12:23:38,1470,1470
3603,28/09/2025 , 13:23:38,1470,1470
3604,28/09/2025 , 14:23:38,1470,1470
3605,28/09/2025 , 15:23:38,1470,1470
3606,28/09/2025 , 16:23:38,1470,1470
3607,28/09/2025 , 17:23:38,1470,1470
3608,28/09/2025 , 18:23:38,1469,1469
3609,28/09/2025 , 19:23:38,1469,1469
3610,28/09/2025 , 20:23:38,1469,1469
3611,28/09/2025 , 21:23:38,1469,1469
3612,28/09/2025 , 22:23:38,1468,1468
3613,28/09/2025 , 23:23:38,1468,1468
3614,29/09/2025 , 00:23:38,1468,1468
3615,29/09/2025 , 01:23:38,1468,1468
3616,29/09/2025 , 02:23:38,1467,1467
3617,29/09/2025 , 03:23:38,1468,1468
3618,29/09/2025 , 04:23:38,1468,1468
3619,29/09/2025 , 05:23:38,1467,1467
3620,29/09/2025 , 06:23:38,1467,1467
3621,29/09/2025 , 07:23:38,1467,1467
3622,29/09/2025 , 08:23:38,1467,1467
3623,29/09/2025 , 09:23:38,1468,1468
3624,29/09/2025 , 10:23:38,1468,1468
3625,29/09/2025 , 11:23:38,1468,1468
3626,29/09/2025 , 12:23:38,1468,1468
3627,29/09/2025 , 13:23:38,1469,1469
3628,29/09/2025 , 14:23:38,1468,1468
3629,29/09/2025 , 15:23:38,1469,1469
3630,29/09/2025 , 16:23:38,1469,1469
3631,29/09/2025 , 17:23:38,1469,1469
3632,29/09/2025 , 18:23:38,1468,1468
3633,29/09/2025 , 19:23:38,1466,1466
3634,29/09/2025 , 20:23:38,1466,1466
3635,29/09/2025 , 21:23:38,1466,1466
3636,29/09/2025 , 22:23:38,1466,1466
3637,29/09/2025 , 23:23:38,1466,1466
3638,30/09/2025 , 00:23:38,1465,1465
3639,30/09/2025 , 01:23:38,1465,1465
3640,30/09/2025 , 02:23:38,1464,1464
3641,30/09/2025 , 03:23:38,1463,1463
3642,30/09/2025 , 04:23:38,1463,1463
3643,30/09/2025 , 05:23:38,1462,1462
3644,30/09/2025 , 06:23:38,1462,1462
3645,30/09/2025 , 07:23:38,1462,1462
3646,30/09/2025 , 08:23:38,1461,1461
3647,30/09/2025 , 09:23:38,1461,1461
3648,30/09/2025 , 10:23:38,1460,1460
3649,30/09/2025 , 11:23:38,1460,1460
3650,30/09/2025 , 12:23:38,1460,1460
3651,30/09/2025 , 13:23:38,1460,1460
3652,30/09/2025 , 14:23:38,1461,1461
3653,30/09/2025 , 15:23:38,1461,1461
3654,30/09/2025 , 16:23:38,1460,1460
3655,30/09/2025 , 17:23:38,1460,1460
3656,30/09/2025 , 18:23:38,1459,1459
3657,30/09/2025 , 19:23:38,1459,1459
3658,30/09/2025 , 20:23:38,1459,1459
3659,30/09/2025 , 21:23:38,1459,1459
3660,30/09/2025 , 22:23:38,1458,1458
3661,30/09/2025 , 23:23:38,1458,1458
3662,01/10/2025 , 00:23:38,1457,1457
3663,01/10/2025 , 01:23:38,1457,1457
3664,01/10/2025 , 02:23:38,1457,1457
3665,01/10/2025 , 03:23:38,1457,1457
3666,01/10/2025 , 04:23:38,1457,1457
3667,01/10/2025 , 05:23:38,1457,1457
3668,01/10/2025 , 06:23:38,1457,1457
3669,01/10/2025 , 07:23:38,1455,1455
3670,01/10/2025 , 08:23:38,1458,1458
3671,01/10/2025 , 09:23:38,1457,1457
3672,01/10/2025 , 10:23:38,1457,1457
3673,01/10/2025 , 11:23:38,1457,1457
3674,01/10/2025 , 12:23:38,1457,1457
3675,01/10/2025 , 13:23:38,1456,1456
3676,01/10/2025 , 14:23:38,1455,1455
3677,01/10/2025 , 15:23:38,1455,1455
3678,01/10/2025 , 16:23:38,1452,1452
3679,01/10/2025 , 17:23:38,1453,1453
3680,01/10/2025 , 18:23:38,1451,1451
3681,01/10/2025 , 19:23:38,1451,1451
3682,01/10/2025 , 20:23:38,1450,1450
3683,01/10/2025 , 21:23:38,1449,1449
3684,01/10/2025 , 22:23:38,1448,1448
3685,01/10/2025 , 23:23:38,1447,1447
3686,02/10/2025 , 00:23:38,1447,1447
3687,02/10/2025 , 01:23:38,1446,1446
3688,02/10/2025 , 02:23:38,1446,1446
3689,02/10/2025 , 03:23:38,1445,1445
3690,02/10/2025 , 04:23:38,1445,1445
3691,02/10/2025 , 05:23:38,1444,1444
3692,02/10/2025 , 06:23:38,1444,1444
3693,02/10/2025 , 07:23:38,1443,1443
3694,02/10/2025 , 08:23:38,1443,1443
3695,02/10/2025 , 09:23:38,1442,1442
3696,02/10/2025 , 10:23:38,1443,1443
3697,02/10/2025 , 11:23:38,1444,1444
3698,02/10/2025 , 12:23:38,1444,1444
3699,02/10/2025 , 13:23:38,1444,1444
3700,02/10/2025 , 14:23:38,1443,1443
3701,02/10/2025 , 15:23:38,1443,1443
3702,02/10/2025 , 16:23:38,1443,1443
3703,02/10/2025 , 17:23:38,1443,1443
3704,02/10/2025 , 18:23:38,1443,1443
3705,02/10/2025 , 19:23:38,1442,1442
3706,02/10/2025 , 20:23:38,1442,1442
3707,02/10/2025 , 21:23:38,1442,1442
3708,02/10/2025 , 22:23:38,1442,1442
3709,02/10/2025 , 23:23:38,1442,1442
3710,03/10/2025 , 00:23:38,1441,1441
3711,03/10/2025 , 01:23:38,1441,1441
3712,03/10/2025 , 02:23:38,1441,1441
3713,03/10/2025 , 03:23:38,1441,1441
3714,03/10/2025 , 04:23:38,1441,1441
3715,03/10/2025 , 05:23:38,1441,1441
3716,03/10/2025 , 06:23:38,1441,1441
3717,03/10/2025 , 07:23:38,1441,1441
3718,03/10/2025 , 08:23:38,1441,1441
3719,03/10/2025 , 09:23:38,1441,1441
3720,03/10/2025 , 10:23:38,1442,1442
3721,03/10/2025 , 11:23:38,1442,1442
3722,03/10/2025 , 12:23:38,1442,1442
3723,03/10/2025 , 13:23:38,1442,1442
3724,03/10/2025 , 14:23:38,1442,1442
3725,03/10/2025 , 15:23:38,1442,1442
3726,03/10/2025 , 16:23:38,1442,1442
3727,03/10/2025 , 17:23:38,1442,1442
3728,03/10/2025 , 18:23:38,1442,1442
3729,03/10/2025 , 19:23:38,1442,1442
3730,03/10/2025 , 20:23:38,1441,1441
3731,03/10/2025 , 21:23:38,1441,1441
3732,03/10/2025 , 22:23:38,1441,1441
3733,03/10/2025 , 23:23:38,1441,1441
3734,04/10/2025 , 00:23:38,1440,1440
3735,04/10/2025 , 01:23:38,1440,1440
3736,04/10/2025 , 02:23:38,1440,1440
3737,04/10/2025 , 03:23:38,1439,1439
3738,04/10/2025 , 04:23:38,1439,1439
3739,04/10/2025 , 05:23:38,1438,1438
3740,04/10/2025 , 06:23:38,1438,1438
3741,04/10/2025 , 07:23:38,1437,1437
3742,04/10/2025 , 08:23:38,1437,1437
3743,04/10/2025 , 09:23:38,1436,1436
3744,04/10/2025 , 10:23:38,1436,1436
3745,04/10/2025 , 11:23:38,1436,1436
3746,04/10/2025 , 12:23:38,1435,1435
3747,04/10/2025 , 13:23:38,1435,1435
3748,04/10/2025 , 14:23:38,1435,1435
3749,04/10/2025 , 15:23:38,1434,1434
3750,04/10/2025 , 16:23:38,1433,1433
3751,04/10/2025 , 17:23:38,1432,1432
3752,04/10/2025 , 18:23:38,1431,1431
3753,04/10/2025 , 19:23:38,1431,1431
3754,04/10/2025 , 20:23:38,1430,1430
3755,04/10/2025 , 21:23:38,1430,1430
3756,04/10/2025 , 22:23:38,1429,1429
3757,04/10/2025 , 23:23:38,1429,1429
3758,05/10/2025 , 00:23:38,1428,1428
3759,05/10/2025 , 01:23:38,1427,1427
3760,05/10/2025 , 02:23:38,1426,1426
3761,05/10/2025 , 03:23:38,1426,1426
3762,05/10/2025 , 04:23:38,1426,1426
3763,05/10/2025 , 05:23:38,1425,1425
3764,05/10/2025 , 06:23:38,1425,1425
3765,05/10/2025 , 07:23:38,1424,1424
3766,05/10/2025 , 08:23:38,1424,1424
3767,05/10/2025 , 09:23:38,1423,1423
3768,05/10/2025 , 10:23:38,1424,1424
3769,05/10/2025 , 11:23:38,1423,1423
3770,05/10/2025 , 12:23:38,1423,1423
3771,05/10/2025 , 13:23:38,1423,1423
3772,05/10/2025 , 14:23:38,1422,1422
3773,05/10/2025 , 15:23:38,1422,1422
3774,05/10/2025 , 16:23:38,1421,1421
3775,05/10/2025 , 17:23:38,1421,1421
3776,05/10/2025 , 18:23:38,1421,1421
3777,05/10/2025 , 19:23:38,1419,1419
3778,05/10/2025 , 20:23:38,1419,1419
3779,05/10/2025 , 21:23:38,1419,1419
3780,05/10/2025 , 22:23:38,1419,1419
3781,05/10/2025 , 23:23:38,1418,1418
3782,06/10/2025 , 00:23:38,1417,1417
3783,06/10/2025 , 01:23:38,1417,1417
3784,06/10/2025 , 02:23:38,1416,1416
3785,06/10/2025 , 03:23:38,1416,1416
3786,06/10/2025 , 04:23:38,1416,1416
3787,06/10/2025 , 05:23:38,1415,1415
3788,06/10/2025 , 06:23:38,1415,1415
3789,06/10/2025 , 07:23:38,1415,1415
3790,06/10/2025 , 08:23:38,1415,1415
3791,06/10/2025 , 09:23:38,1415,1415
3792,06/10/2025 , 10:23:38,1415,1415
3793,06/10/2025 , 11:23:38,1417,1417
3794,06/10/2025 , 12:23:38,1416,1416
3795,06/10/2025 , 13:23:38,1417,1417
3796,06/10/2025 , 14:23:38,1417,1417
3797,06/10/2025 , 15:23:38,1416,1416
3798,06/10/2025 , 16:23:38,1416,1416
3799,06/10/2025 , 17:23:38,1415,1415
3800,06/10/2025 , 18:23:38,1415,1415
3801,06/10/2025 , 19:23:38,1414,1414
3802,06/10/2025 , 20:23:38,1413,1413
3803,06/10/2025 , 21:23:38,1412,1412
3804,06/10/2025 , 22:23:38,1412,1412
3805,06/10/2025 , 23:23:38,1411,1411
3806,07/10/2025 , 00:23:38,1411,1411
3807,07/10/2025 , 01:23:38,1410,1410
3808,07/10/2025 , 02:23:38,1410,1410
3809,07/10/2025 , 03:23:38,1410,1410
3810,07/10/2025 , 04:23:38,1409,1409
3811,07/10/2025 , 05:23:38,1408,1408
3812,07/10/2025 , 06:23:38,1408,1408
3813,07/10/2025 , 07:23:38,1407,1407
3814,07/10/2025 , 08:23:38,1407,1407
3815,07/10/2025 , 09:23:38,1407,1407
3816,07/10/2025 , 10:23:38,1407,1407
3817,07/10/2025 , 11:23:38,1407,1407
3818,07/10/2025 , 12:23:38,1406,1406
3819,07/10/2025 , 13:23:38,1406,1406
3820,07/10/2025 , 14:23:38,1405,1405
3821,07/10/2025 , 15:23:38,1405,1405
3822,07/10/2025 , 16:23:38,1405,1405
3823,07/10/2025 , 17:23:38,1405,1405
3824,07/10/2025 , 18:23:38,1404,1404
3825,07/10/2025 , 19:23:38,1406,1406
3826,07/10/2025 , 20:23:38,1406,1406
3827,07/10/2025 , 21:23:38,1406,1406
3828,07/10/2025 , 22:23:38,1408,1408
3829,07/10/2025 , 23:23:38,1407,1407
3830,08/10/2025 , 00:23:38,1409,1409
3831,08/10/2025 , 01:23:38,1411,1411
3832,08/10/2025 , 02:23:38,1412,1412
3833,08/10/2025 , 03:23:38,1417,1417
3834,08/10/2025 , 04:23:38,1417,1417
3835,08/10/2025 , 05:23:38,1419,1419
3836,08/10/2025 , 06:23:38,1421,1421
3837,08/10/2025 , 07:23:38,1422,1422
3838,08/10/2025 , 08:23:38,1424,1424
3839,08/10/2025 , 09:23:38,1426,1426
3840,08/10/2025 , 10:23:38,1428,1428
3841,08/10/2025 , 11:23:38,1430,1430
3842,08/10/2025 , 12:23:38,1432,1432
3843,08/10/2025 , 13:23:38,1433,1433
3844,08/10/2025 , 14:23:38,1435,1435
3845,08/10/2025 , 15:23:38,1437,1437
3846,08/10/2025 , 16:23:38,1438,1438
3847,08/10/2025 , 17:23:38,1439,1439
3848,08/10/2025 , 18:23:38,1441,1441
3849,08/10/2025 , 19:23:38,1442,1442
3850,08/10/2025 , 20:23:38,1444,1444
3851,08/10/2025 , 21:23:38,1445,1445
3852,08/10/2025 , 22:23:38,1446,1446
3853,08/10/2025 , 23:23:38,1447,1447
3854,09/10/2025 , 00:23:38,1454,1454
3855,09/10/2025 , 01:23:38,1455,1455
3856,09/10/2025 , 02:23:38,1456,1456
3857,09/10/2025 , 03:23:38,1458,1458
3858,09/10/2025 , 04:23:38,1459,1459
3859,09/10/2025 , 05:23:38,1460,1460
3860,09/10/2025 , 06:23:38,1461,1461
3861,09/10/2025 , 07:23:38,1462,1462
3862,09/10/2025 , 08:23:38,1463,1463
3863,09/10/2025 , 09:23:38,1464,1464
3864,09/10/2025 , 10:23:38,1464,1464
3865,09/10/2025 , 11:23:38,1465,1465
3866,09/10/2025 , 12:23:38,1464,1464
3867,09/10/2025 , 13:23:38,1465,1465
3868,09/10/2025 , 14:23:38,1465,1465
3869,09/10/2025 , 15:23:38,1466,1466
3870,09/10/2025 , 16:23:38,1467,1467
3871,09/10/2025 , 17:23:38,1468,1468
3872,09/10/2025 , 18:23:38,1468,1468
3873,09/10/2025 , 19:23:38,1468,1468
3874,09/10/2025 , 20:23:38,1468,1468
3875,09/10/2025 , 21:23:38,1469,1469
3876,09/10/2025 , 22:23:38,1469,1469
3877,09/10/2025 , 23:23:38,1469,1469
3878,10/10/2025 , 00:23:38,1469,1469
3879,10/10/2025 , 01:23:38,1469,1469
3880,10/10/2025 , 02:23:38,1469,1469
3881,10/10/2025 , 03:23:38,1469,1469
3882,10/10/2025 , 04:23:38,1468,1468
3883,10/10/2025 , 05:23:38,1468,1468
3884,10/10/2025 , 06:23:38,1468,1468
3885,10/10/2025 , 07:23:38,1468,1468
3886,10/10/2025 , 08:23:38,1469,1469
3887,10/10/2025 , 09:23:38,1469,1469
3888,10/10/2025 , 10:23:38,1470,1470
3889,10/10/2025 , 11:23:38,1471,1471
3890,10/10/2025 , 12:23:38,1472,1472
3891,10/10/2025 , 13:23:38,1472,1472
3892,10/10/2025 , 14:23:38,1472,1472
3893,10/10/2025 , 15:23:38,1473,1473
3894,10/10/2025 , 16:23:38,1473,1473
3895,10/10/2025 , 17:23:38,1474,1474
3896,10/10/2025 , 18:23:38,1474,1474
3897,10/10/2025 , 19:23:38,1474,1474
3898,10/10/2025 , 20:23:38,1475,1475
3899,10/10/2025 , 21:23:38,1475,1475
3900,10/10/2025 , 22:23:38,1475,1475
3901,10/10/2025 , 23:23:38,1475,1475
3902,11/10/2025 , 00:23:38,1475,1475
3903,11/10/2025 , 01:23:38,1475,1475
3904,11/10/2025 , 02:23:38,1475,1475
3905,11/10/2025 , 03:23:38,1475,1475
3906,11/10/2025 , 04:23:38,1476,1476
3907,11/10/2025 , 05:23:38,1476,1476
3908,11/10/2025 , 06:23:38,1476,1476
3909,11/10/2025 , 07:23:38,1476,1476
3910,11/10/2025 , 08:23:38,1477,1477
3911,11/10/2025 , 09:23:38,1477,1477
3912,11/10/2025 , 10:23:38,1478,1478
3913,11/10/2025 , 11:23:38,1478,1478
3914,11/10/2025 , 12:23:38,1479,1479
3915,11/10/2025 , 13:23:38,1478,1478
3916,11/10/2025 , 14:23:38,1478,1478
3917,11/10/2025 , 15:23:38,1477,1477
3918,11/10/2025 , 16:23:38,1478,1478
3919,11/10/2025 , 17:23:38,1478,1478
3920,11/10/2025 , 18:23:38,1478,1478
3921,11/10/2025 , 19:23:38,1478,1478
3922,11/10/2025 , 20:23:38,1478,1478
3923,11/10/2025 , 21:23:38,1478,1478
3924,11/10/2025 , 22:23:38,1477,1477
3925,11/10/2025 , 23:23:38,1477,1477
3926,12/10/2025 , 00:23:38,1477,1477
3927,12/10/2025 , 01:23:38,1477,1477
3928,12/10/2025 , 02:23:38,1476,1476
3929,12/10/2025 , 03:23:38,1477,1477
3930,12/10/2025 , 04:23:38,1476,1476
3931,12/10/2025 , 05:23:38,1476,1476
3932,12/10/2025 , 06:23:38,1475,1475
3933,12/10/2025 , 07:23:38,1474,1474
3934,12/10/2025 , 08:23:38,1474,1474
3935,12/10/2025 , 09:23:38,1473,1473
3936,12/10/2025 , 10:23:38,1473,1473
3937,12/10/2025 , 11:23:38,1473,1473
3938,12/10/2025 , 12:23:38,1473,1473
3939,12/10/2025 , 13:23:38,1475,1475
3940,12/10/2025 , 14:23:38,1475,1475
3941,12/10/2025 , 15:23:38,1474,1474
3942,12/10/2025 , 16:23:38,1473,1473
3943,12/10/2025 , 17:23:38,1473,1473
3944,12/10/2025 , 18:23:38,1473,1473
3945,12/10/2025 , 19:23:38,1472,1472
3946,12/10/2025 , 20:23:38,1472,1472
3947,12/10/2025 , 21:23:38,1472,1472
3948,12/10/2025 , 22:23:38,1471,1471
3949,12/10/2025 , 23:23:38,1471,1471
3950,13/10/2025 , 00:23:38,1471,1471
3951,13/10/2025 , 01:23:38,1470,1470
3952,13/10/2025 , 02:23:38,1470,1470
3953,13/10/2025 , 03:23:38,1470,1470
3954,13/10/2025 , 04:23:38,1469,1469
3955,13/10/2025 , 05:23:38,1468,1468
3956,13/10/2025 , 06:23:38,1468,1468
3957,13/10/2025 , 07:23:38,1467,1467
3958,13/10/2025 , 08:23:38,1467,1467
3959,13/10/2025 , 09:23:38,1467,1467
3960,13/10/2025 , 10:23:38,1467,1467
3961,13/10/2025 , 11:23:38,1467,1467
3962,13/10/2025 , 12:23:38,1468,1468
3963,13/10/2025 , 13:23:38,1467,1467
3964,13/10/2025 , 14:23:38,1466,1466
3965,13/10/2025 , 15:23:38,1467,1467
3966,13/10/2025 , 16:23:38,1467,1467
3967,13/10/2025 , 17:23:38,1467,1467
3968,13/10/2025 , 18:23:38,1467,1467
3969,13/10/2025 , 19:23:38,1467,1467
3970,13/10/2025 , 20:23:38,1466,1466
3971,13/10/2025 , 21:23:38,1466,1466
3972,13/10/2025 , 22:23:38,1466,1466
3973,13/10/2025 , 23:23:38,1466,1466
3974,14/10/2025 , 00:23:38,1465,1465
3975,14/10/2025 , 01:23:38,1465,1465
3976,14/10/2025 , 02:23:38,1465,1465
3977,14/10/2025 , 03:23:38,1465,1465
3978,14/10/2025 , 04:23:38,1465,1465
3979,14/10/2025 , 05:23:38,1464,1464
3980,14/10/2025 , 06:23:38,1465,1465
3981,14/10/2025 , 07:23:38,1465,1465
3982,14/10/2025 , 08:23:38,1465,1465
3983,14/10/2025 , 09:23:38,1465,1465
3984,14/10/2025 , 10:23:38,1465,1465
3985,14/10/2025 , 11:23:38,1465,1465
3986,14/10/2025 , 12:23:38,1466,1466
3987,14/10/2025 , 13:23:38,1466,1466
3988,14/10/2025 , 14:23:38,1466,1466
3989,14/10/2025 , 15:23:38,1466,1466
3990,14/10/2025 , 16:23:38,1466,1466
3991,14/10/2025 , 17:23:38,1466,1466
3992,14/10/2025 , 18:23:38,1466,1466
3993,14/10/2025 , 19:23:38,1465,1465
3994,14/10/2025 , 20:23:38,1466,1466
3995,14/10/2025 , 21:23:38,1466,1466
3996,14/10/2025 , 22:23:38,1465,1465
3997,14/10/2025 , 23:23:38,1465,1465
3998,15/10/2025 , 00:23:38,1465,1465
3999,15/10/2025 , 01:23:38,1465,1465
4000,15/10/2025 , 02:23:38,1465,1465
4001,15/10/2025 , 03:23:38,1465,1465
4002,15/10/2025 , 04:23:38,1465,1465
4003,15/10/2025 , 05:23:38,1465,1465
4004,15/10/2025 , 06:23:38,1464,1464
4005,15/10/2025 , 07:23:38,1464,1464
4006,15/10/2025 , 08:23:38,1463,1463
4007,15/10/2025 , 09:23:38,1463,1463
4008,15/10/2025 , 10:23:38,1463,1463
4009,15/10/2025 , 11:23:38,1463,1463
4010,15/10/2025 , 12:23:38,1463,1463
4011,15/10/2025 , 13:23:38,1463,1463
4012,15/10/2025 , 14:23:38,1463,1463
4013,15/10/2025 , 15:23:38,1462,1462
4014,15/10/2025 , 16:23:38,1462,1462
4015,15/10/2025 , 17:23:38,1462,1462
4016,15/10/2025 , 18:23:38,1462,1462
4017,15/10/2025 , 19:23:38,1461,1461
4018,15/10/2025 , 20:23:38,1461,1461
4019,15/10/2025 , 21:23:38,1460,1460
4020,15/10/2025 , 22:23:38,1460,1460
4021,15/10/2025 , 23:23:38,1460,1460
4022,16/10/2025 , 00:23:38,1459,1459
4023,16/10/2025 , 01:23:38,1459,1459
4024,16/10/2025 , 02:23:38,1459,1459
4025,16/10/2025 , 03:23:38,1458,1458
4026,16/10/2025 , 04:23:38,1459,1459
4027,16/10/2025 , 05:23:38,1458,1458
4028,16/10/2025 , 06:23:38,1457,1457
4029,16/10/2025 , 07:23:38,1458,1458
4030,16/10/2025 , 08:23:38,1461,1461
4031,16/10/2025 , 09:23:38,1459,1459
4032,16/10/2025 , 10:23:38,1458,1458
4033,16/10/2025 , 11:23:38,1458,1458
4034,16/10/2025 , 12:23:38,1458,1458
4035,16/10/2025 , 13:23:38,1457,1457
4036,16/10/2025 , 14:23:38,1457,1457
4037,16/10/2025 , 15:23:38,1457,1457
4038,16/10/2025 , 16:23:38,1456,1456
4039,16/10/2025 , 17:23:38,1455,1455
4040,16/10/2025 , 18:23:38,1455,1455
4041,16/10/2025 , 19:23:38,1454,1454
4042,16/10/2025 , 20:23:38,1454,1454
4043,16/10/2025 , 21:23:38,1454,1454
4044,16/10/2025 , 22:23:38,1453,1453
4045,16/10/2025 , 23:23:38,1453,1453
4046,17/10/2025 , 00:23:38,1452,1452
4047,17/10/2025 , 01:23:38,1451,1451
4048,17/10/2025 , 02:23:38,1451,1451
4049,17/10/2025 , 03:23:38,1451,1451
4050,17/10/2025 , 04:23:38,1451,1451
4051,17/10/2025 , 05:23:38,1451,1451
4052,17/10/2025 , 06:23:38,1450,1450
4053,17/10/2025 , 07:23:38,1450,1450
4054,17/10/2025 , 08:23:38,1449,1449
4055,17/10/2025 , 09:23:38,1449,1449
4056,17/10/2025 , 10:23:38,1449,1449
4057,17/10/2025 , 11:23:38,1449,1449
4058,17/10/2025 , 12:23:38,1450,1450
4059,17/10/2025 , 13:23:38,1449,1449
4060,17/10/2025 , 14:23:38,1449,1449
4061,17/10/2025 , 15:23:38,1449,1449
4062,17/10/2025 , 16:23:38,1448,1448
4063,17/10/2025 , 17:23:38,1448,1448
4064,17/10/2025 , 18:23:38,1447,1447
4065,17/10/2025 , 19:23:38,1447,1447
4066,17/10/2025 , 20:23:38,1447,1447
4067,17/10/2025 , 21:23:38,1446,1446
4068,17/10/2025 , 22:23:38,1445,1445
4069,17/10/2025 , 23:23:38,1445,1445
4070,18/10/2025 , 00:23:38,1445,1445
4071,18/10/2025 , 01:23:38,1444,1444
4072,18/10/2025 , 02:23:38,1445,1445
4073,18/10/2025 , 03:23:38,1443,1443
4074,18/10/2025 , 04:23:38,1442,1442
4075,18/10/2025 , 05:23:38,1441,1441
4076,18/10/2025 , 06:23:38,1442,1442
4077,18/10/2025 , 07:23:38,1441,1441
4078,18/10/2025 , 08:23:38,1441,1441
4079,18/10/2025 , 09:23:38,1441,1441
4080,18/10/2025 , 10:23:38,1442,1442
4081,18/10/2025 , 11:23:38,1442,1442
4082,18/10/2025 , 12:23:38,1442,1442
4083,18/10/2025 , 13:23:38,1442,1442
4084,18/10/2025 , 14:23:38,1442,1442
4085,18/10/2025 , 15:23:38,1442,1442
4086,18/10/2025 , 16:23:38,1441,1441
4087,18/10/2025 , 17:23:38,1441,1441
4088,18/10/2025 , 18:23:38,1441,1441
4089,18/10/2025 , 19:23:38,1440,1440
4090,18/10/2025 , 20:23:38,1440,1440
4091,18/10/2025 , 21:23:38,1440,1440
4092,18/10/2025 , 22:23:38,1440,1440
4093,18/10/2025 , 23:23:38,1440,1440
4094,19/10/2025 , 00:23:38,1439,1439
4095,19/10/2025 , 01:23:38,1439,1439
4096,19/10/2025 , 02:23:38,1439,1439
4097,19/10/2025 , 03:23:38,1439,1439
4098,19/10/2025 , 04:23:38,1438,1438
4099,19/10/2025 , 05:23:38,1438,1438
4100,19/10/2025 , 06:23:38,1436,1436
4101,19/10/2025 , 07:23:38,1437,1437
4102,19/10/2025 , 08:23:38,1438,1438
4103,19/10/2025 , 09:23:38,1438,1438
4104,19/10/2025 , 10:23:38,1438,1438
4105,19/10/2025 , 11:23:38,1438,1438
4106,19/10/2025 , 12:23:38,1438,1438
4107,19/10/2025 , 13:23:38,1438,1438
4108,19/10/2025 , 14:23:38,1438,1438
4109,19/10/2025 , 15:23:38,1437,1437
4110,19/10/2025 , 16:23:38,1437,1437
4111,19/10/2025 , 17:23:38,1437,1437
4112,19/10/2025 , 18:23:38,1437,1437
4113,19/10/2025 , 19:23:38,1436,1436
4114,19/10/2025 , 20:23:38,1436,1436
4115,19/10/2025 , 21:23:38,1436,1436
4116,19/10/2025 , 22:23:38,1436,1436
4117,19/10/2025 , 23:23:38,1435,1435
4118,20/10/2025 , 00:23:38,1435,1435
4119,20/10/2025 , 01:23:38,1434,1434
4120,20/10/2025 , 02:23:38,1434,1434
4121,20/10/2025 , 03:23:38,1434,1434
4122,20/10/2025 , 04:23:38,1434,1434
4123,20/10/2025 , 05:23:38,1434,1434
4124,20/10/2025 , 06:23:38,1434,1434
4125,20/10/2025 , 07:23:38,1433,1433
4126,20/10/2025 , 08:23:38,1433,1433
4127,20/10/2025 , 09:23:38,1433,1433
4128,20/10/2025 , 10:23:38,1434,1434
4129,20/10/2025 , 11:23:38,1435,1435
4130,20/10/2025 , 12:23:38,1435,1435
4131,20/10/2025 , 13:23:38,1435,1435
4132,20/10/2025 , 14:23:38,1435,1435
4133,20/10/2025 , 15:23:38,1435,1435
4134,20/10/2025 , 16:23:38,1436,1436
4135,20/10/2025 , 17:23:38,1437,1437
4136,20/10/2025 , 18:23:38,1440,1440
4137,20/10/2025 , 19:23:38,1439,1439
4138,20/10/2025 , 20:23:38,1438,1438
4139,20/10/2025 , 21:23:38,1438,1438
4140,20/10/2025 , 22:23:38,1438,1438
4141,20/10/2025 , 23:23:38,1439,1439
4142,21/10/2025 , 00:23:38,1439,1439
4143,21/10/2025 , 01:23:38,1439,1439
4144,21/10/2025 , 02:23:38,1440,1440
4145,21/10/2025 , 03:23:38,1441,1441
4146,21/10/2025 , 04:23:38,1441,1441
4147,21/10/2025 , 05:23:38,1442,1442
4148,21/10/2025 , 06:23:38,1442,1442
4149,21/10/2025 , 07:23:38,1443,1443
4150,21/10/2025 , 08:23:38,1443,1443
4151,21/10/2025 , 09:23:38,1444,1444
4152,21/10/2025 , 10:23:38,1444,1444
4153,21/10/2025 , 11:23:38,1445,1445
4154,21/10/2025 , 12:23:38,1445,1445
4155,21/10/2025 , 13:23:38,1445,1445
4156,21/10/2025 , 14:23:38,1446,1446
4157,21/10/2025 , 15:23:38,1446,1446
4158,21/10/2025 , 16:23:38,1446,1446
4159,21/10/2025 , 17:23:38,1447,1447
4160,21/10/2025 , 18:23:38,1447,1447
4161,21/10/2025 , 19:23:38,1450,1450
4162,21/10/2025 , 20:23:38,1451,1451
4163,21/10/2025 , 21:23:38,1452,1452
4164,21/10/2025 , 22:23:38,1452,1452
4165,21/10/2025 , 23:23:38,1453,1453
4166,22/10/2025 , 00:23:38,1454,1454
4167,22/10/2025 , 01:23:38,1455,1455
4168,22/10/2025 , 02:23:38,1457,1457
4169,22/10/2025 , 03:23:38,1458,1458
4170,22/10/2025 , 04:23:38,1458,1458
4171,22/10/2025 , 05:23:38,1459,1459
4172,22/10/2025 , 06:23:38,1459,1459
4173,22/10/2025 , 07:23:38,1460,1460
4174,22/10/2025 , 08:23:38,1461,1461
4175,22/10/2025 , 09:23:38,1461,1461
4176,22/10/2025 , 10:23:38,1462,1462
4177,22/10/2025 , 11:23:38,1462,1462
4178,22/10/2025 , 12:23:38,1463,1463
4179,22/10/2025 , 13:23:38,1464,1464
4180,22/10/2025 , 14:23:38,1466,1466
4181,22/10/2025 , 15:23:38,1466,1466
4182,22/10/2025 , 16:23:38,1467,1467
4183,22/10/2025 , 17:23:38,1467,1467
4184,22/10/2025 , 18:23:38,1468,1468
4185,22/10/2025 , 19:23:38,1469,1469
4186,22/10/2025 , 20:23:38,1470,1470
4187,22/10/2025 , 21:23:38,1472,1472
4188,22/10/2025 , 22:23:38,1474,1474
4189,22/10/2025 , 23:23:38,1476,1476
4190,23/10/2025 , 00:23:38,1478,1478
4191,23/10/2025 , 01:23:38,1481,1481
4192,23/10/2025 , 02:23:38,1481,1481
4193,23/10/2025 , 03:23:38,1481,1481
4194,23/10/2025 , 04:23:38,1483,1483
4195,23/10/2025 , 05:23:38,1485,1485
4196,23/10/2025 , 06:23:38,1487,1487
4197,23/10/2025 , 07:23:38,1489,1489
4198,23/10/2025 , 08:23:38,1491,1491
4199,23/10/2025 , 09:23:38,1495,1495
4200,23/10/2025 , 10:23:38,1498,1498
4201,23/10/2025 , 11:23:38,1500,1500
4202,23/10/2025 , 12:23:38,1503,1503
4203,23/10/2025 , 13:23:38,1505,1505
4204,23/10/2025 , 14:23:38,1507,1507
4205,23/10/2025 , 15:23:38,1510,1510
4206,23/10/2025 , 16:23:38,1512,1512
4207,23/10/2025 , 17:23:38,1515,1515
4208,23/10/2025 , 18:23:38,1516,1516
4209,23/10/2025 , 19:23:38,1518,1518
4210,23/10/2025 , 20:23:38,1520,1520
4211,23/10/2025 , 21:23:38,1522,1522
4212,23/10/2025 , 22:23:38,1524,1524
4213,23/10/2025 , 23:23:38,1525,1525
4214,24/10/2025 , 00:23:38,1527,1527
4215,24/10/2025 , 01:23:38,1529,1529
4216,24/10/2025 , 02:23:38,1530,1530
4217,24/10/2025 , 03:23:38,1531,1531
4218,24/10/2025 , 04:23:38,1532,1532
4219,24/10/2025 , 05:23:38,1534,1534
4220,24/10/2025 , 06:23:38,1535,1535
4221,24/10/2025 , 07:23:38,1535,1535
4222,24/10/2025 , 08:23:38,1537,1537
4223,24/10/2025 , 09:23:38,1538,1538
4224,24/10/2025 , 10:23:38,1538,1538
4225,24/10/2025 , 11:23:38,1540,1540
4226,24/10/2025 , 12:23:38,1541,1541
4227,24/10/2025 , 13:23:38,1542,1542
4228,24/10/2025 , 14:23:38,1543,1543
4229,24/10/2025 , 15:23:38,1544,1544
4230,24/10/2025 , 16:23:38,1545,1545
4231,24/10/2025 , 17:23:38,1545,1545
4232,24/10/2025 , 18:23:38,1545,1545
4233,24/10/2025 , 19:23:38,1545,1545
4234,24/10/2025 , 20:23:38,1547,1547
4235,24/10/2025 , 21:23:38,1547,1547
4236,24/10/2025 , 22:23:38,1548,1548
4237,24/10/2025 , 23:23:38,1548,1548
4238,25/10/2025 , 00:23:38,1548,1548
4239,25/10/2025 , 01:23:38,1549,1549
4240,25/10/2025 , 02:23:38,1549,1549
4241,25/10/2025 , 03:23:38,1549,1549
4242,25/10/2025 , 04:23:38,1550,1550
4243,25/10/2025 , 05:23:38,1550,1550
4244,25/10/2025 , 06:23:38,1550,1550
4245,25/10/2025 , 07:23:38,1549,1549
4246,25/10/2025 , 08:23:38,1549,1549
4247,25/10/2025 , 09:23:38,1550,1550
4248,25/10/2025 , 10:23:38,1551,1551
4249,25/10/2025 , 11:23:38,1551,1551
4250,25/10/2025 , 12:23:38,1552,1552
4251,25/10/2025 , 13:23:38,1552,1552
4252,25/10/2025 , 14:23:38,1552,1552
4253,25/10/2025 , 15:23:38,1552,1552
4254,25/10/2025 , 16:23:38,1552,1552
4255,25/10/2025 , 17:23:38,1552,1552
4256,25/10/2025 , 18:23:38,1553,1553
4257,25/10/2025 , 19:23:38,1553,1553
4258,25/10/2025 , 20:23:38,1553,1553
4259,25/10/2025 , 21:23:38,1553,1553
4260,25/10/2025 , 22:23:38,1553,1553
4261,25/10/2025 , 23:23:38,1553,1553
4262,26/10/2025 , 00:23:38,1553,1553
4263,26/10/2025 , 01:23:38,1554,1554
4264,26/10/2025 , 02:23:38,1554,1554
4265,26/10/2025 , 03:23:38,1554,1554
4266,26/10/2025 , 04:23:38,1554,1554
4267,26/10/2025 , 05:23:38,1554,1554
4268,26/10/2025 , 06:23:38,1554,1554
4269,26/10/2025 , 07:23:38,1554,1554
4270,26/10/2025 , 08:23:38,1555,1555
4271,26/10/2025 , 09:23:38,1555,1555
4272,26/10/2025 , 10:23:38,1555,1555
4273,26/10/2025 , 11:23:38,1555,1555
4274,26/10/2025 , 12:23:38,1556,1556
4275,26/10/2025 , 13:23:38,1556,1556
4276,26/10/2025 , 14:23:38,1555,1555
4277,26/10/2025 , 15:23:38,1555,1555
4278,26/10/2025 , 16:23:38,1555,1555
4279,26/10/2025 , 17:23:38,1556,1556
4280,26/10/2025 , 18:23:38,1556,1556
4281,26/10/2025 , 19:23:38,1556,1556
4282,26/10/2025 , 20:23:38,1556,1556
4283,26/10/2025 , 21:23:38,1557,1557
4284,26/10/2025 , 22:23:38,1557,1557
4285,26/10/2025 , 23:23:38,1555,1555
4286,27/10/2025 , 00:23:38,1556,1556
4287,27/10/2025 , 01:23:38,1556,1556
4288,27/10/2025 , 02:23:38,1556,1556
4289,27/10/2025 , 03:23:38,1556,1556
4290,27/10/2025 , 04:23:38,1557,1557
4291,27/10/2025 , 05:23:38,1558,1558
4292,27/10/2025 , 06:23:38,1558,1558
4293,27/10/2025 , 07:23:38,1558,1558
4294,27/10/2025 , 08:23:38,1559,1559
4295,27/10/2025 , 09:23:38,1558,1558
4296,27/10/2025 , 10:23:38,1559,1559
4297,27/10/2025 , 11:23:38,1559,1559
4298,27/10/2025 , 12:23:38,1559,1559
4299,27/10/2025 , 13:23:38,1559,1559
4300,27/10/2025 , 14:23:38,1559,1559
4301,27/10/2025 , 15:23:38,1559,1559
4302,27/10/2025 , 16:23:38,1559,1559
4303,27/10/2025 , 17:23:38,1558,1558
4304,27/10/2025 , 18:23:38,1558,1558
4305,27/10/2025 , 19:23:38,1557,1557
4306,27/10/2025 , 20:23:38,1557,1557
4307,27/10/2025 , 21:23:38,1557,1557
4308,27/10/2025 , 22:23:38,1557,1557
4309,27/10/2025 , 23:23:38,1557,1557
4310,28/10/2025 , 00:23:38,1557,1557
4311,28/10/2025 , 01:23:38,1557,1557
4312,28/10/2025 , 02:23:38,1557,1557
4313,28/10/2025 , 03:23:38,1557,1557
4314,28/10/2025 , 04:23:38,1557,1557
4315,28/10/2025 , 05:23:38,1556,1556
4316,28/10/2025 , 06:23:38,1557,1557
4317,28/10/2025 , 07:23:38,1556,1556
4318,28/10/2025 , 08:23:38,1556,1556
4319,28/10/2025 , 09:23:38,1556,1556
4320,28/10/2025 , 10:23:38,1556,1556
4321,28/10/2025 , 11:23:38,1556,1556
4322,28/10/2025 , 12:23:38,1557,1557
4323,28/10/2025 , 13:23:38,1557,1557
4324,28/10/2025 , 14:23:38,1557,1557
4325,28/10/2025 , 15:23:38,1557,1557
4326,28/10/2025 , 16:23:38,1557,1557
4327,28/10/2025 , 17:23:38,1557,1557
4328,28/10/2025 , 18:23:38,1557,1557
4329,28/10/2025 , 19:23:38,1556,1556
4330,28/10/2025 , 20:23:38,1557,1557
4331,28/10/2025 , 21:23:38,1557,1557
4332,28/10/2025 , 22:23:38,1556,1556
4333,28/10/2025 , 23:23:38,1556,1556
4334,29/10/2025 , 00:23:38,1556,1556
4335,29/10/2025 , 01:23:38,1556,1556
4336,29/10/2025 , 02:23:38,1556,1556
4337,29/10/2025 , 03:23:38,1556,1556
4338,29/10/2025 , 04:23:38,1555,1555
4339,29/10/2025 , 05:23:38,1556,1556
4340,29/10/2025 , 06:23:38,1556,1556
4341,29/10/2025 , 07:23:38,1556,1556
4342,29/10/2025 , 08:23:38,1556,1556
4343,29/10/2025 , 09:23:38,1557,1557
4344,29/10/2025 , 10:23:38,1558,1558
4345,29/10/2025 , 11:23:38,1558,1558
4346,29/10/2025 , 12:23:38,1559,1559
4347,29/10/2025 , 13:23:38,1559,1559
4348,29/10/2025 , 14:23:38,1559,1559
4349,29/10/2025 , 15:23:38,1560,1560
4350,29/10/2025 , 16:23:38,1559,1559
4351,29/10/2025 , 17:23:38,1559,1559
4352,29/10/2025 , 18:23:38,1559,1559
4353,29/10/2025 , 19:23:38,1560,1560
4354,29/10/2025 , 20:23:38,1560,1560
4355,29/10/2025 , 21:23:38,1560,1560
4356,29/10/2025 , 22:23:38,1560,1560
4357,29/10/2025 , 23:23:38,1560,1560
4358,30/10/2025 , 00:23:38,1559,1559
4359,30/10/2025 , 01:23:38,1559,1559
4360,30/10/2025 , 02:23:38,1559,1559
4361,30/10/2025 , 03:23:38,1559,1559
4362,30/10/2025 , 04:23:38,1559,1559
4363,30/10/2025 , 05:23:38,1559,1559
4364,30/10/2025 , 06:23:38,1559,1559
4365,30/10/2025 , 07:23:38,1559,1559
4366,30/10/2025 , 08:23:38,1559,1559
4367,30/10/2025 , 09:23:38,1559,1559
4368,30/10/2025 , 10:23:38,1559,1559
4369,30/10/2025 , 11:23:38,1560,1560
4370,30/10/2025 , 12:23:38,1560,1560
4371,30/10/2025 , 13:23:38,1561,1561
4372,30/10/2025 , 14:23:38,1562,1562
4373,30/10/2025 , 15:23:38,1562,1562
4374,30/10/2025 , 16:23:38,1562,1562
4375,30/10/2025 , 17:23:38,1562,1562
4376,30/10/2025 , 18:23:38,1563,1563
4377,30/10/2025 , 19:23:38,1563,1563
4378,30/10/2025 , 20:23:38,1563,1563
4379,30/10/2025 , 21:23:38,1563,1563
4380,30/10/2025 , 22:23:38,1564,1564
4381,30/10/2025 , 23:23:38,1564,1564
4382,31/10/2025 , 00:23:38,1565,1565
4383,31/10/2025 , 01:23:38,1567,1567
4384,31/10/2025 , 02:23:38,1568,1568
4385,31/10/2025 , 03:23:38,1570,1570
4386,31/10/2025 , 04:23:38,1571,1571
4387,31/10/2025 , 05:23:38,1613,1613
4388,31/10/2025 , 06:23:38,1627,1627
4389,31/10/2025 , 07:23:38,1641,1641
4390,31/10/2025 , 08:23:38,1761,1761
4391,31/10/2025 , 09:23:38,1863,1863
4392,31/10/2025 , 10:23:38,1835,1835
4393,31/10/2025 , 11:23:38,1820,1820
4394,31/10/2025 , 12:23:38,1835,1835
4395,31/10/2025 , 13:23:38,1837,1837
4396,31/10/2025 , 14:23:38,1842,1842
4397,31/10/2025 , 15:23:38,1847,1847
4398,31/10/2025 , 16:23:38,1852,1852
4399,31/10/2025 , 17:23:38,1858,1858
4400,31/10/2025 , 18:23:38,1862,1862
4401,31/10/2025 , 19:23:38,1935,1935
4402,31/10/2025 , 20:23:38,1967,1967
4403,31/10/2025 , 21:23:38,1980,1980
4404,31/10/2025 , 22:23:38,1997,1997
4405,31/10/2025 , 23:23:38,2026,2026
4406,01/11/2025 , 00:23:38,2056,2056
4407,01/11/2025 , 01:23:38,2080,2080
4408,01/11/2025 , 02:23:38,2096,2096
4409,01/11/2025 , 03:23:38,2106,2106
4410,01/11/2025 , 04:23:38,2110,2110
4411,01/11/2025 , 05:23:38,2112,2112
4412,01/11/2025 , 06:23:38,2113,2113
4413,01/11/2025 , 07:23:38,2113,2113
4414,01/11/2025 , 08:23:38,2112,2112
4415,01/11/2025 , 09:23:38,2112,2112
4416,01/11/2025 , 10:23:38,2112,2112
4417,01/11/2025 , 11:23:38,2112,2112
4418,01/11/2025 , 12:23:38,2110,2110
4419,01/11/2025 , 13:23:38,2108,2108
4420,01/11/2025 , 14:23:38,2105,2105
4421,01/11/2025 , 15:23:38,2103,2103
4422,01/11/2025 , 16:23:38,2098,2098
4423,01/11/2025 , 17:23:38,2093,2093
4424,01/11/2025 , 18:23:38,2089,2089
4425,01/11/2025 , 19:23:38,2084,2084
4426,01/11/2025 , 20:23:38,2080,2080
4427,01/11/2025 , 21:23:38,2074,2074
4428,01/11/2025 , 22:23:38,2067,2067
4429,01/11/2025 , 23:23:38,2062,2062
4430,02/11/2025 , 00:23:38,2054,2054
4431,02/11/2025 , 01:23:38,2048,2048
4432,02/11/2025 , 02:23:38,2040,2040
4433,02/11/2025 , 03:23:38,2034,2034
4434,02/11/2025 , 04:23:38,2025,2025
4435,02/11/2025 , 05:23:38,2017,2017
4436,02/11/2025 , 06:23:38,2010,2010
4437,02/11/2025 , 07:23:38,2003,2003
4438,02/11/2025 , 08:23:38,1997,1997
4439,02/11/2025 , 09:23:38,1991,1991
4440,02/11/2025 , 10:23:38,1984,1984
4441,02/11/2025 , 11:23:38,1979,1979
4442,02/11/2025 , 12:23:38,1975,1975
4443,02/11/2025 , 13:23:38,1972,1972
4444,02/11/2025 , 14:23:38,1968,1968
4445,02/11/2025 , 15:23:38,1965,1965
4446,02/11/2025 , 16:23:38,1961,1961
4447,02/11/2025 , 17:23:38,1958,1958
4448,02/11/2025 , 18:23:38,1955,1955
4449,02/11/2025 , 19:23:38,1952,1952
4450,02/11/2025 , 20:23:38,1949,1949
4451,02/11/2025 , 21:23:38,1946,1946
4452,02/11/2025 , 22:23:38,1944,1944
4453,02/11/2025 , 23:23:38,1941,1941
4454,03/11/2025 , 00:23:38,1939,1939
4455,03/11/2025 , 01:23:38,1937,1937
4456,03/11/2025 , 02:23:38,1935,1935
4457,03/11/2025 , 03:23:38,1934,1934
4458,03/11/2025 , 04:23:38,1931,1931
4459,03/11/2025 , 05:23:38,1928,1928
4460,03/11/2025 , 06:23:38,1927,1927
4461,03/11/2025 , 07:23:38,1925,1925
4462,03/11/2025 , 08:23:38,1923,1923
4463,03/11/2025 , 09:23:38,1922,1922
4464,03/11/2025 , 10:23:38,1920,1920
4465,03/11/2025 , 11:23:38,1919,1919
4466,03/11/2025 , 12:23:38,1918,1918
4467,03/11/2025 , 13:23:38,1917,1917
4468,03/11/2025 , 14:23:38,1915,1915
4469,03/11/2025 , 15:23:38,1914,1914
4470,03/11/2025 , 16:23:38,1912,1912
4471,03/11/2025 , 17:23:38,1910,1910
4472,03/11/2025 , 18:23:38,1908,1908
4473,03/11/2025 , 19:23:38,1906,1906
4474,03/11/2025 , 20:23:38,1907,1907
4475,03/11/2025 , 21:23:38,1906,1906
4476,03/11/2025 , 22:23:38,1905,1905
4477,03/11/2025 , 23:23:38,1905,1905
4478,04/11/2025 , 00:23:38,1907,1907
4479,04/11/2025 , 01:23:38,1920,1920
4480,04/11/2025 , 02:23:38,1937,1937
4481,04/11/2025 , 03:23:38,1957,1957
4482,04/11/2025 , 04:23:38,1975,1975
4483,04/11/2025 , 05:23:38,1993,1993
4484,04/11/2025 , 06:23:38,2010,2010
4485,04/11/2025 , 07:23:38,2024,2024
4486,04/11/2025 , 08:23:38,2038,2038
4487,04/11/2025 , 09:23:38,2048,2048
4488,04/11/2025 , 10:23:38,2056,2056
4489,04/11/2025 , 11:23:38,2063,2063
4490,04/11/2025 , 12:23:38,2067,2067
4491,04/11/2025 , 13:23:38,2072,2072
4492,04/11/2025 , 14:23:38,2076,2076
4493,04/11/2025 , 15:23:38,2077,2077
4494,04/11/2025 , 16:23:38,2078,2078
4495,04/11/2025 , 17:23:38,2078,2078
4496,04/11/2025 , 18:23:38,2078,2078
4497,04/11/2025 , 19:23:38,2077,2077
4498,04/11/2025 , 20:23:38,2076,2076
4499,04/11/2025 , 21:23:38,2073,2073
4500,04/11/2025 , 22:23:38,2070,2070
4501,04/11/2025 , 23:23:38,2066,2066
4502,05/11/2025 , 00:23:38,2063,2063
4503,05/11/2025 , 01:23:38,2060,2060
4504,05/11/2025 , 02:23:38,2055,2055
4505,05/11/2025 , 03:23:38,2051,2051
4506,05/11/2025 , 04:23:38,2046,2046
4507,05/11/2025 , 05:23:38,2043,2043
4508,05/11/2025 , 06:23:38,2038,2038
4509,05/11/2025 , 07:23:38,2034,2034
4510,05/11/2025 , 08:23:38,2029,2029
4511,05/11/2025 , 09:23:38,2025,2025
4512,05/11/2025 , 10:23:38,2020,2020
4513,05/11/2025 , 11:23:38,2017,2017
4514,05/11/2025 , 12:23:38,2013,2013
4515,05/11/2025 , 13:23:38,2009,2009
4516,05/11/2025 , 14:23:38,2007,2007
4517,05/11/2025 , 15:23:38,2004,2004
4518,05/11/2025 , 16:23:38,2001,2001
4519,05/11/2025 , 17:23:38,1998,1998
4520,05/11/2025 , 18:23:38,1994,1994
4521,05/11/2025 , 19:23:38,1991,1991
4522,05/11/2025 , 20:23:38,1989,1989
4523,05/11/2025 , 21:23:38,1986,1986
4524,05/11/2025 , 22:23:38,1984,1984
4525,05/11/2025 , 23:23:38,1982,1982
4526,06/11/2025 , 00:23:38,1981,1981
4527,06/11/2025 , 01:23:38,1979,1979
4528,06/11/2025 , 02:23:38,1977,1977
4529,06/11/2025 , 03:23:38,1976,1976
4530,06/11/2025 , 04:23:38,1975,1975
4531,06/11/2025 , 05:23:38,1974,1974
4532,06/11/2025 , 06:23:38,1973,1973
4533,06/11/2025 , 07:23:38,1973,1973
4534,06/11/2025 , 08:23:38,1972,1972
4535,06/11/2025 , 09:23:38,1972,1972
4536,06/11/2025 , 10:23:38,1971,1971
4537,06/11/2025 , 11:23:38,1971,1971
4538,06/11/2025 , 12:23:38,1970,1970
4539,06/11/2025 , 13:23:38,1969,1969
4540,06/11/2025 , 14:23:38,1968,1968
4541,06/11/2025 , 15:23:38,1967,1967
4542,06/11/2025 , 16:23:38,1965,1965
4543,06/11/2025 , 17:23:38,1964,1964
4544,06/11/2025 , 18:23:38,1962,1962
4545,06/11/2025 , 19:23:38,1961,1961
4546,06/11/2025 , 20:23:38,1959,1959
4547,06/11/2025 , 21:23:38,1957,1957
4548,06/11/2025 , 22:23:38,1956,1956
4549,06/11/2025 , 23:23:38,1954,1954
4550,07/11/2025 , 00:23:38,1953,1953
4551,07/11/2025 , 01:23:38,1951,1951
4552,07/11/2025 , 02:23:38,1950,1950
4553,07/11/2025 , 03:23:38,1949,1949
4554,07/11/2025 , 04:23:38,1946,1946
4555,07/11/2025 , 05:23:38,1945,1945
4556,07/11/2025 , 06:23:38,1943,1943
4557,07/11/2025 , 07:23:38,1941,1941
4558,07/11/2025 , 08:23:38,1940,1940
4559,07/11/2025 , 09:23:38,1938,1938
4560,07/11/2025 , 10:23:38,1937,1937
4561,07/11/2025 , 11:23:38,1935,1935
4562,07/11/2025 , 12:23:38,1934,1934
4563,07/11/2025 , 13:23:38,1932,1932
4564,07/11/2025 , 14:23:38,1930,1930
4565,07/11/2025 , 15:23:38,1929,1929
4566,07/11/2025 , 16:23:38,1928,1928
4567,07/11/2025 , 17:23:38,1927,1927
4568,07/11/2025 , 18:23:38,1926,1926
4569,07/11/2025 , 19:23:38,1925,1925
4570,07/11/2025 , 20:23:38,1923,1923
4571,07/11/2025 , 21:23:38,1922,1922
4572,07/11/2025 , 22:23:38,1922,1922
4573,07/11/2025 , 23:23:38,1921,1921
4574,08/11/2025 , 00:23:38,1921,1921
4575,08/11/2025 , 01:23:38,1920,1920
4576,08/11/2025 , 02:23:38,1920,1920
4577,08/11/2025 , 03:23:38,1920,1920
4578,08/11/2025 , 04:23:38,1920,1920
4579,08/11/2025 , 05:23:38,1919,1919
4580,08/11/2025 , 06:23:38,1918,1918
4581,08/11/2025 , 07:23:38,1918,1918
4582,08/11/2025 , 08:23:38,1918,1918
4583,08/11/2025 , 09:23:38,1922,1922
4584,08/11/2025 , 10:23:38,1929,1929
4585,08/11/2025 , 11:23:38,1936,1936
4586,08/11/2025 , 12:23:38,1944,1944
4587,08/11/2025 , 13:23:38,1952,1952
4588,08/11/2025 , 14:23:38,1958,1958
4589,08/11/2025 , 15:23:38,1964,1964
4590,08/11/2025 , 16:23:38,1967,1967
4591,08/11/2025 , 17:23:38,1971,1971
4592,08/11/2025 , 18:23:38,1973,1973
4593,08/11/2025 , 19:23:38,1975,1975
4594,08/11/2025 , 20:23:38,1977,1977
4595,08/11/2025 , 21:23:38,1979,1979
4596,08/11/2025 , 22:23:38,1980,1980
4597,08/11/2025 , 23:23:38,1980,1980
4598,09/11/2025 , 00:23:38,1981,1981
4599,09/11/2025 , 01:23:38,1981,1981
4600,09/11/2025 , 02:23:38,1981,1981
4601,09/11/2025 , 03:23:38,1980,1980
4602,09/11/2025 , 04:23:38,1979,1979
4603,09/11/2025 , 05:23:38,1979,1979
4604,09/11/2025 , 06:23:38,1978,1978
4605,09/11/2025 , 07:23:38,1976,1976
4606,09/11/2025 , 08:23:38,1975,1975
4607,09/11/2025 , 09:23:38,1973,1973
4608,09/11/2025 , 10:23:38,1972,1972
4609,09/11/2025 , 11:23:38,1971,1971
4610,09/11/2025 , 12:23:38,1968,1968
4611,09/11/2025 , 13:23:38,1967,1967
4612,09/11/2025 , 14:23:38,1965,1965
4613,09/11/2025 , 15:23:38,1962,1962
4614,09/11/2025 , 16:23:38,1961,1961
4615,09/11/2025 , 17:23:38,1957,1957
4616,09/11/2025 , 18:23:38,1955,1955
4617,09/11/2025 , 19:23:38,1954,1954
4618,09/11/2025 , 20:23:38,1952,1952
4619,09/11/2025 , 21:23:38,1952,1952
4620,09/11/2025 , 22:23:38,1952,1952
4621,09/11/2025 , 23:23:38,1952,1952
4622,10/11/2025 , 00:23:38,1950,1950
4623,10/11/2025 , 01:23:38,1950,1950
4624,10/11/2025 , 02:23:38,1950,1950
4625,10/11/2025 , 03:23:38,1949,1949
4626,10/11/2025 , 04:23:38,1951,1951
4627,10/11/2025 , 05:23:38,1951,1951
4628,10/11/2025 , 06:23:38,1952,1952
4629,10/11/2025 , 07:23:38,1952,1952
4630,10/11/2025 , 08:23:38,1953,1953
4631,10/11/2025 , 09:23:38,1965,1965
4632,10/11/2025 , 10:23:38,2036,2036
4633,10/11/2025 , 11:23:38,2106,2106
4634,10/11/2025 , 12:23:38,2169,2169
4635,10/11/2025 , 13:23:38,2208,2208
4636,10/11/2025 , 14:23:38,2206,2206
4637,10/11/2025 , 15:23:38,2190,2190
4638,10/11/2025 , 16:23:38,2182,2182
4639,10/11/2025 , 17:23:38,2175,2175
4640,10/11/2025 , 18:23:38,2172,2172
4641,10/11/2025 , 19:23:38,2170,2170
4642,10/11/2025 , 20:23:38,2174,2174
4643,10/11/2025 , 21:23:38,2180,2180
4644,10/11/2025 , 22:23:38,2182,2182
4645,10/11/2025 , 23:23:38,2194,2194
4646,11/11/2025 , 00:23:38,2214,2214
4647,11/11/2025 , 01:23:38,2218,2218
4648,11/11/2025 , 02:23:38,2222,2222
4649,11/11/2025 , 03:23:38,2219,2219
4650,11/11/2025 , 04:23:38,2215,2215
4651,11/11/2025 , 05:23:38,2212,2212
4652,11/11/2025 , 06:23:38,2209,2209
4653,11/11/2025 , 07:23:38,2205,2205
4654,11/11/2025 , 08:23:38,2201,2201
4655,11/11/2025 , 09:23:38,2195,2195
4656,11/11/2025 , 10:23:38,2190,2190
4657,11/11/2025 , 11:23:38,2185,2185
4658,11/11/2025 , 12:23:38,2182,2182
4659,11/11/2025 , 13:23:38,2180,2180
4660,11/11/2025 , 14:23:38,2176,2176
4661,11/11/2025 , 15:23:38,2172,2172
4662,11/11/2025 , 16:23:38,2169,2169
4663,11/11/2025 , 17:23:38,2166,2166
4664,11/11/2025 , 18:23:38,2162,2162
4665,11/11/2025 , 19:23:38,2158,2158
4666,11/11/2025 , 20:23:38,2154,2154
4667,11/11/2025 , 21:23:38,2152,2152
4668,11/11/2025 , 22:23:38,2149,2149
4669,11/11/2025 , 23:23:38,2147,2147
4670,12/11/2025 , 00:23:38,2145,2145
4671,12/11/2025 , 01:23:38,2143,2143
4672,12/11/2025 , 02:23:38,2141,2141
4673,12/11/2025 , 03:23:38,2139,2139
4674,12/11/2025 , 04:23:38,2137,2137
4675,12/11/2025 , 05:23:38,2135,2135
4676,12/11/2025 , 06:23:38,2133,2133
4677,12/11/2025 , 07:23:38,2131,2131
4678,12/11/2025 , 08:23:38,2130,2130
4679,12/11/2025 , 09:23:38,2130,2130
4680,12/11/2025 , 10:23:38,2129,2129
4681,12/11/2025 , 11:23:38,2128,2128
4682,12/11/2025 , 12:23:38,2127,2127
4683,12/11/2025 , 13:23:38,2126,2126
4684,12/11/2025 , 14:23:38,2124,2124
4685,12/11/2025 , 15:23:38,2121,2121
4686,12/11/2025 , 16:23:38,2120,2120
4687,12/11/2025 , 17:23:38,2118,2118
4688,12/11/2025 , 18:23:38,2116,2116
4689,12/11/2025 , 19:23:38,2115,2115
4690,12/11/2025 , 20:23:38,2113,2113
4691,12/11/2025 , 21:23:38,2112,2112
4692,12/11/2025 , 22:23:38,2110,2110
4693,12/11/2025 , 23:23:38,2108,2108
4694,13/11/2025 , 00:23:38,2105,2105
4695,13/11/2025 , 01:23:38,2102,2102
4696,13/11/2025 , 02:23:38,2098,2098
4697,13/11/2025 , 03:23:38,2095,2095
4698,13/11/2025 , 04:23:38,2092,2092
4699,13/11/2025 , 05:23:38,2089,2089
4700,13/11/2025 , 06:23:38,2085,2085
4701,13/11/2025 , 07:23:38,2082,2082
4702,13/11/2025 , 08:23:38,2078,2078
4703,13/11/2025 , 09:23:38,2075,2075
4704,13/11/2025 , 10:23:38,2070,2070
4705,13/11/2025 , 11:23:38,2067,2067
4706,13/11/2025 , 12:23:38,2063,2063
4707,13/11/2025 , 13:23:38,2060,2060
4708,13/11/2025 , 14:23:38,2056,2056
4709,13/11/2025 , 15:23:38,2052,2052
4710,13/11/2025 , 16:23:38,2051,2051
4711,13/11/2025 , 17:23:38,2050,2050
4712,13/11/2025 , 18:23:38,2051,2051
4713,13/11/2025 , 19:23:38,2053,2053
4714,13/11/2025 , 20:23:38,2054,2054
4715,13/11/2025 , 21:23:38,2056,2056
4716,13/11/2025 , 22:23:38,2057,2057
4717,13/11/2025 , 23:23:38,2058,2058
4718,14/11/2025 , 00:23:38,2059,2059
4719,14/11/2025 , 01:23:38,2060,2060
4720,14/11/2025 , 02:23:38,2061,2061
4721,14/11/2025 , 03:23:38,2061,2061
4722,14/11/2025 , 04:23:38,2061,2061
4723,14/11/2025 , 05:23:38,2060,2060
4724,14/11/2025 , 06:23:38,2059,2059
4725,14/11/2025 , 07:23:38,2057,2057
4726,14/11/2025 , 08:23:38,2054,2054
4727,14/11/2025 , 09:23:38,2052,2052
4728,14/11/2025 , 10:23:38,2051,2051
4729,14/11/2025 , 11:23:38,2048,2048
4730,14/11/2025 , 12:23:38,2047,2047
4731,14/11/2025 , 13:23:38,2044,2044
4732,14/11/2025 , 14:23:38,2043,2043
4733,14/11/2025 , 15:23:38,2041,2041
4734,14/11/2025 , 16:23:38,2039,2039
4735,14/11/2025 , 17:23:38,2037,2037
4736,14/11/2025 , 18:23:38,2035,2035
4737,14/11/2025 , 19:23:38,2034,2034
4738,14/11/2025 , 20:23:38,2033,2033
4739,14/11/2025 , 21:23:38,2034,2034
4740,14/11/2025 , 22:23:38,2034,2034
4741,14/11/2025 , 23:23:38,2034,2034
4742,15/11/2025 , 00:23:38,2035,2035
4743,15/11/2025 , 01:23:38,2035,2035
4744,15/11/2025 , 02:23:38,2036,2036
4745,15/11/2025 , 03:23:38,2035,2035
4746,15/11/2025 , 04:23:38,2034,2034
4747,15/11/2025 , 05:23:38,2033,2033
4748,15/11/2025 , 06:23:38,2032,2032
4749,15/11/2025 , 07:23:38,2031,2031
4750,15/11/2025 , 08:23:38,2030,2030
4751,15/11/2025 , 09:23:38,2028,2028
4752,15/11/2025 , 10:23:38,2026,2026
4753,15/11/2025 , 11:23:38,2025,2025
4754,15/11/2025 , 12:23:38,2022,2022
4755,15/11/2025 , 13:23:38,2020,2020
4756,15/11/2025 , 14:23:38,2019,2019
4757,15/11/2025 , 15:23:38,2017,2017
4758,15/11/2025 , 16:23:38,2014,2014
4759,15/11/2025 , 17:23:38,2012,2012
4760,15/11/2025 , 18:23:38,2010,2010
4761,15/11/2025 , 19:23:38,2008,2008
4762,15/11/2025 , 20:23:38,2007,2007
4763,15/11/2025 , 21:23:38,2005,2005
4764,15/11/2025 , 22:23:38,2003,2003
4765,15/11/2025 , 23:23:38,2002,2002
4766,16/11/2025 , 00:23:38,2001,2001
4767,16/11/2025 , 01:23:38,1999,1999
4768,16/11/2025 , 02:23:38,1998,1998
4769,16/11/2025 , 03:23:38,1997,1997
4770,16/11/2025 , 04:23:38,1996,1996
4771,16/11/2025 , 05:23:38,1993,1993
4772,16/11/2025 , 06:23:38,1992,1992
4773,16/11/2025 , 07:23:38,1991,1991
4774,16/11/2025 , 08:23:38,1990,1990
4775,16/11/2025 , 09:23:38,1989,1989
4776,16/11/2025 , 10:23:38,1988,1988
4777,16/11/2025 , 11:23:38,1988,1988
4778,16/11/2025 , 12:23:38,1987,1987
4779,16/11/2025 , 13:23:38,1986,1986
4780,16/11/2025 , 14:23:38,1985,1985
4781,16/11/2025 , 15:23:38,1985,1985
4782,16/11/2025 , 16:23:38,1984,1984
4783,16/11/2025 , 17:23:38,1983,1983
4784,16/11/2025 , 18:23:38,1981,1981
4785,16/11/2025 , 19:23:38,1980,1980
4786,16/11/2025 , 20:23:38,1978,1978
4787,16/11/2025 , 21:23:38,1978,1978
4788,16/11/2025 , 22:23:38,1976,1976
4789,16/11/2025 , 23:23:38,1975,1975
4790,17/11/2025 , 00:23:38,1974,1974
4791,17/11/2025 , 01:23:38,1973,1973
4792,17/11/2025 , 02:23:38,1973,1973
4793,17/11/2025 , 03:23:38,1972,1972
4794,17/11/2025 , 04:23:38,1971,1971
4795,17/11/2025 , 05:23:38,1969,1969
4796,17/11/2025 , 06:23:38,1968,1968
4797,17/11/2025 , 07:23:38,1966,1966
4798,17/11/2025 , 08:23:38,1965,1965
4799,17/11/2025 , 09:23:38,1964,1964
4800,17/11/2025 , 10:23:38,1962,1962
4801,17/11/2025 , 11:23:38,1962,1962
4802,17/11/2025 , 12:23:38,1961,1961
4803,17/11/2025 , 13:23:38,1959,1959
4804,17/11/2025 , 14:23:38,1958,1958
4805,17/11/2025 , 15:23:38,1957,1957
4806,17/11/2025 , 16:23:38,1955,1955
4807,17/11/2025 , 17:23:38,1953,1953
4808,17/11/2025 , 18:23:38,1952,1952
4809,17/11/2025 , 19:23:38,1951,1951
4810,17/11/2025 , 20:23:38,1950,1950
4811,17/11/2025 , 21:23:38,1948,1948
4812,17/11/2025 , 22:23:38,1947,1947
4813,17/11/2025 , 23:23:38,1946,1946
4814,18/11/2025 , 00:23:38,1944,1944
4815,18/11/2025 , 01:23:38,1943,1943
4816,18/11/2025 , 02:23:38,1941,1941
4817,18/11/2025 , 03:23:38,1940,1940
4818,18/11/2025 , 04:23:38,1938,1938
4819,18/11/2025 , 05:23:38,1937,1937
4820,18/11/2025 , 06:23:38,1935,1935
4821,18/11/2025 , 07:23:38,1934,1934
4822,18/11/2025 , 08:23:38,1932,1932
4823,18/11/2025 , 09:23:38,1930,1930
4824,18/11/2025 , 10:23:38,1929,1929
4825,18/11/2025 , 11:23:38,1927,1927
4826,18/11/2025 , 12:23:38,1926,1926
4827,18/11/2025 , 13:23:38,1924,1924
4828,18/11/2025 , 14:23:38,1923,1923
4829,18/11/2025 , 15:23:38,1922,1922
4830,18/11/2025 , 16:23:38,1920,1920
4831,18/11/2025 , 17:23:38,1919,1919
4832,18/11/2025 , 18:23:38,1917,1917
4833,18/11/2025 , 19:23:38,1915,1915
4834,18/11/2025 , 20:23:38,1914,1914
4835,18/11/2025 , 21:23:38,1913,1913
4836,18/11/2025 , 22:23:38,1911,1911
4837,18/11/2025 , 23:23:38,1910,1910
4838,19/11/2025 , 00:23:38,1908,1908
4839,19/11/2025 , 01:23:38,1907,1907
4840,19/11/2025 , 02:23:38,1906,1906
4841,19/11/2025 , 03:23:38,1904,1904
4842,19/11/2025 , 04:23:38,1903,1903
4843,19/11/2025 , 05:23:38,1901,1901
4844,19/11/2025 , 06:23:38,1900,1900
4845,19/11/2025 , 07:23:38,1898,1898
4846,19/11/2025 , 08:23:38,1898,1898
4847,19/11/2025 , 09:23:38,1897,1897
4848,19/11/2025 , 10:23:38,1896,1896
4849,19/11/2025 , 11:23:38,1896,1896
4850,19/11/2025 , 12:23:38,1895,1895
4851,19/11/2025 , 13:23:38,1894,1894
4852,19/11/2025 , 14:23:38,1893,1893
4853,19/11/2025 , 15:23:38,1892,1892
4854,19/11/2025 , 16:23:38,1891,1891
4855,19/11/2025 , 17:23:38,1889,1889
4856,19/11/2025 , 18:23:38,1888,1888
4857,19/11/2025 , 19:23:38,1888,1888
4858,19/11/2025 , 20:23:38,1886,1886
4859,19/11/2025 , 21:23:38,1886,1886
4860,19/11/2025 , 22:23:38,1884,1884
4861,19/11/2025 , 23:23:38,1883,1883
4862,20/11/2025 , 00:23:38,1883,1883
4863,20/11/2025 , 01:23:38,1882,1882
4864,20/11/2025 , 02:23:38,1881,1881
4865,20/11/2025 , 03:23:38,1880,1880
4866,20/11/2025 , 04:23:38,1879,1879
4867,20/11/2025 , 05:23:38,1878,1878
4868,20/11/2025 , 06:23:38,1878,1878
4869,20/11/2025 , 07:23:38,1877,1877
4870,20/11/2025 , 08:23:38,1877,1877
4871,20/11/2025 , 09:23:38,1876,1876
4872,20/11/2025 , 10:23:38,1875,1875
4873,20/11/2025 , 11:23:38,1875,1875
4874,20/11/2025 , 12:23:38,1874,1874
4875,20/11/2025 , 13:23:38,1873,1873
4876,20/11/2025 , 14:23:38,1873,1873
4877,20/11/2025 , 15:23:38,1872,1872
4878,20/11/2025 , 16:23:38,1871,1871
4879,20/11/2025 , 17:23:38,1871,1871
4880,20/11/2025 , 18:23:38,1870,1870
4881,20/11/2025 , 19:23:38,1870,1870
4882,20/11/2025 , 20:23:38,1869,1869
4883,20/11/2025 , 21:23:38,1869,1869
4884,20/11/2025 , 22:23:38,1868,1868
4885,20/11/2025 , 23:23:38,1868,1868
4886,21/11/2025 , 00:23:38,1867,1867
4887,21/11/2025 , 01:23:38,1867,1867
4888,21/11/2025 , 02:23:38,1866,1866
4889,21/11/2025 , 03:23:38,1865,1865
4890,21/11/2025 , 04:23:38,1865,1865
4891,21/11/2025 , 05:23:38,1865,1865
4892,21/11/2025 , 06:23:38,1865,1865
4893,21/11/2025 , 07:23:38,1865,1865
4894,21/11/2025 , 08:23:38,1865,1865
4895,21/11/2025 , 09:23:38,1865,1865
4896,21/11/2025 , 10:23:38,1865,1865
4897,21/11/2025 , 11:23:38,1865,1865
4898,21/11/2025 , 12:23:38,1865,1865
4899,21/11/2025 , 13:23:38,1865,1865
4900,21/11/2025 , 14:23:38,1866,1866
4901,21/11/2025 , 15:23:38,1866,1866
4902,21/11/2025 , 16:23:38,1865,1865
4903,21/11/2025 , 17:23:38,1866,1866
4904,21/11/2025 , 18:23:38,1865,1865
4905,21/11/2025 , 19:23:38,1865,1865
4906,21/11/2025 , 20:23:38,1865,1865
4907,21/11/2025 , 21:23:38,1864,1864
4908,21/11/2025 , 22:23:38,1864,1864
4909,21/11/2025 , 23:23:38,1864,1864
4910,22/11/2025 , 00:23:38,1863,1863
4911,22/11/2025 , 01:23:38,1863,1863
4912,22/11/2025 , 02:23:38,1862,1862
4913,22/11/2025 , 03:23:38,1862,1862
4914,22/11/2025 , 04:23:38,1861,1861
4915,22/11/2025 , 05:23:38,1861,1861
4916,22/11/2025 , 06:23:38,1860,1860
4917,22/11/2025 , 07:23:38,1860,1860
4918,22/11/2025 , 08:23:38,1860,1860
4919,22/11/2025 , 09:23:38,1860,1860
4920,22/11/2025 , 10:23:38,1860,1860
4921,22/11/2025 , 11:23:38,1860,1860
4922,22/11/2025 , 12:23:38,1860,1860
4923,22/11/2025 , 13:23:38,1860,1860
4924,22/11/2025 , 14:23:38,1859,1859
4925,22/11/2025 , 15:23:38,1859,1859
4926,22/11/2025 , 16:23:38,1859,1859
4927,22/11/2025 , 17:23:38,1858,1858
4928,22/11/2025 , 18:23:38,1858,1858
4929,22/11/2025 , 19:23:38,1857,1857
4930,22/11/2025 , 20:23:38,1857,1857
4931,22/11/2025 , 21:23:38,1857,1857
4932,22/11/2025 , 22:23:38,1857,1857
4933,22/11/2025 , 23:23:38,1857,1857
4934,23/11/2025 , 00:23:38,1857,1857
4935,23/11/2025 , 01:23:38,1857,1857
4936,23/11/2025 , 02:23:38,1856,1856
4937,23/11/2025 , 03:23:38,1856,1856
4938,23/11/2025 , 04:23:38,1856,1856
4939,23/11/2025 , 05:23:38,1856,1856
4940,23/11/2025 , 06:23:38,1855,1855
4941,23/11/2025 , 07:23:38,1855,1855
4942,23/11/2025 , 08:23:38,1854,1854
4943,23/11/2025 , 09:23:38,1855,1855
4944,23/11/2025 , 10:23:38,1855,1855
4945,23/11/2025 , 11:23:38,1855,1855
4946,23/11/2025 , 12:23:38,1855,1855
4947,23/11/2025 , 13:23:38,1856,1856
4948,23/11/2025 , 14:23:38,1857,1857
4949,23/11/2025 , 15:23:38,1856,1856
4950,23/11/2025 , 16:23:38,1856,1856
4951,23/11/2025 , 17:23:38,1856,1856
4952,23/11/2025 , 18:23:38,1856,1856
4953,23/11/2025 , 19:23:38,1855,1855
4954,23/11/2025 , 20:23:38,1855,1855
4955,23/11/2025 , 21:23:38,1855,1855
4956,23/11/2025 , 22:23:38,1855,1855
4957,23/11/2025 , 23:23:38,1855,1855
4958,24/11/2025 , 00:23:38,1854,1854
4959,24/11/2025 , 01:23:38,1854,1854
4960,24/11/2025 , 02:23:38,1854,1854
4961,24/11/2025 , 03:23:38,1854,1854
4962,24/11/2025 , 04:23:38,1853,1853
4963,24/11/2025 , 05:23:38,1853,1853
4964,24/11/2025 , 06:23:38,1853,1853
4965,24/11/2025 , 07:23:38,1851,1851
4966,24/11/2025 , 08:23:38,1852,1852
4967,24/11/2025 , 09:23:38,1852,1852
4968,24/11/2025 , 10:23:38,1852,1852
4969,24/11/2025 , 11:23:38,1850,1850
4970,24/11/2025 , 12:23:38,1850,1850
4971,24/11/2025 , 13:23:38,1850,1850
4972,24/11/2025 , 14:23:38,1850,1850
4973,24/11/2025 , 15:23:38,1850,1850
4974,24/11/2025 , 16:23:38,1849,1849
4975,24/11/2025 , 17:23:38,1849,1849
4976,24/11/2025 , 18:23:38,1848,1848
4977,24/11/2025 , 19:23:38,1847,1847
4978,24/11/2025 , 20:23:38,1846,1846
4979,24/11/2025 , 21:23:38,1846,1846
4980,24/11/2025 , 22:23:38,1846,1846
4981,24/11/2025 , 23:23:38,1846,1846
4982,25/11/2025 , 00:23:38,1845,1845
4983,25/11/2025 , 01:23:38,1845,1845
4984,25/11/2025 , 02:23:38,1844,1844
4985,25/11/2025 , 03:23:38,1844,1844
4986,25/11/2025 , 04:23:38,1844,1844
4987,25/11/2025 , 05:23:38,1843,1843
4988,25/11/2025 , 06:23:38,1843,1843
4989,25/11/2025 , 07:23:38,1843,1843
4990,25/11/2025 , 08:23:38,1842,1842
4991,25/11/2025 , 09:23:38,1842,1842
4992,25/11/2025 , 10:23:38,1841,1841
4993,25/11/2025 , 11:23:38,1841,1841
4994,25/11/2025 , 12:23:38,1840,1840
4995,25/11/2025 , 13:23:38,1839,1839
4996,25/11/2025 , 14:23:38,1839,1839
4997,25/11/2025 , 15:23:38,1838,1838
4998,25/11/2025 , 16:23:38,1838,1838
4999,25/11/2025 , 17:23:38,1837,1837
5000,25/11/2025 , 18:23:38,1837,1837
5001,25/11/2025 , 19:23:38,1837,1837
5002,25/11/2025 , 20:23:38,1836,1836
5003,25/11/2025 , 21:23:38,1836,1836
5004,25/11/2025 , 22:23:38,1836,1836
5005,25/11/2025 , 23:23:38,1836,1836
5006,26/11/2025 , 00:23:38,1835,1835
5007,26/11/2025 , 01:23:38,1835,1835
5008,26/11/2025 , 02:23:38,1835,1835
5009,26/11/2025 , 03:23:38,1835,1835
5010,26/11/2025 , 04:23:38,1835,1835
5011,26/11/2025 , 05:23:38,1835,1835
5012,26/11/2025 , 06:23:38,1834,1834
5013,26/11/2025 , 07:23:38,1834,1834
5014,26/11/2025 , 08:23:38,1834,1834
5015,26/11/2025 , 09:23:38,1834,1834
5016,26/11/2025 , 10:23:38,1835,1835
5017,26/11/2025 , 11:23:38,1835,1835
5018,26/11/2025 , 12:23:38,1835,1835
5019,26/11/2025 , 13:23:38,1835,1835
5020,26/11/2025 , 14:23:38,1836,1836
5021,26/11/2025 , 15:23:38,1837,1837
5022,26/11/2025 , 16:23:38,1839,1839
5023,26/11/2025 , 17:23:38,1841,1841
5024,26/11/2025 , 18:23:38,1845,1845
5025,26/11/2025 , 19:23:38,1851,1851
5026,26/11/2025 , 20:23:38,1858,1858
5027,26/11/2025 , 21:23:38,1868,1868
5028,26/11/2025 , 22:23:38,1881,1881
5029,26/11/2025 , 23:23:38,1902,1902
5030,27/11/2025 , 00:23:38,1932,1932
5031,27/11/2025 , 01:23:38,2014,2014
5032,27/11/2025 , 02:23:38,2082,2082
5033,27/11/2025 , 03:23:38,2130,2130
5034,27/11/2025 , 04:23:38,2158,2158
5035,27/11/2025 , 05:23:38,2166,2166
5036,27/11/2025 , 06:23:38,2166,2166
5037,27/11/2025 , 07:23:38,2164,2164
5038,27/11/2025 , 08:23:38,2158,2158
5039,27/11/2025 , 09:23:38,2155,2155
5040,27/11/2025 , 10:23:38,2152,2152
5041,27/11/2025 , 11:23:38,2150,2150
5042,27/11/2025 , 12:23:38,2147,2147
5043,27/11/2025 , 13:23:38,2144,2144
5044,27/11/2025 , 14:23:38,2142,2142
5045,27/11/2025 , 15:23:38,1069,1069
5046,27/11/2025 , 16:23:38,1079,1079
5047,27/11/2025 , 17:23:38,1077,1077
5048,27/11/2025 , 18:23:38,1071,1071
5049,27/11/2025 , 19:23:38,1070,1070
5050,27/11/2025 , 20:23:38,1068,1068
5051,27/11/2025 , 21:23:38,1067,1067
5052,27/11/2025 , 22:23:38,1066,1066
5053,27/11/2025 , 23:23:38,1065,1065
5054,28/11/2025 , 00:23:38,1065,1065
5055,28/11/2025 , 01:23:38,1065,1065
5056,28/11/2025 , 02:23:38,1064,1064
5057,28/11/2025 , 03:23:38,1064,1064
5058,28/11/2025 , 04:23:38,1064,1064
5059,28/11/2025 , 05:23:38,1064,1064
5060,28/11/2025 , 06:23:38,1063,1063
5061,28/11/2025 , 07:23:38,1063,1063
5062,28/11/2025 , 08:23:38,1062,1062
5063,28/11/2025 , 09:23:38,1061,1061
5064,28/11/2025 , 10:23:38,1061,1061
5065,28/11/2025 , 11:23:38,1060,1060
5066,28/11/2025 , 12:23:38,1060,1060
5067,28/11/2025 , 13:23:38,1059,1059
5068,28/11/2025 , 14:23:38,1059,1059
5069,28/11/2025 , 15:23:38,1052,1052
5070,28/11/2025 , 16:23:38,1067,1067