Site Name ,ST-HENRI
Site Number ,100
Logger ,Capacitive Water Level
Logger Serial Number ,41362


Scan No ,Date and Time,       Capacitive Water Level,        ,
        ,        ,RAW VALUE ,CALIBRATED VALUE,

1,11/06/2024 , 15:00:00,1085,1085
2,11/06/2024 , 16:00:00,1094,1094
3,11/06/2024 , 17:00:00,1152,1152
4,11/06/2024 , 18:00:00,1165,1165
5,11/06/2024 , 19:00:00,1228,1228
6,11/06/2024 , 20:00:00,1289,1289
7,11/06/2024 , 21:00:00,1340,1340
8,11/06/2024 , 22:00:00,1380,1380
9,11/06/2024 , 23:00:00,1420,1420
10,11/06/2024 , 23:59:59,1453,1453
11,12/06/2024 , 01:00:00,1480,1480
12,12/06/2024 , 02:00:00,1512,1512
13,12/06/2024 , 03:00:00,1543,1543
14,12/06/2024 , 04:00:00,1570,1570
15,12/06/2024 , 05:00:00,1597,1597
16,12/06/2024 , 06:00:00,1619,1619
17,12/06/2024 , 07:00:00,1638,1638
18,12/06/2024 , 08:00:00,1659,1659
19,12/06/2024 , 09:00:00,1678,1678
20,12/06/2024 , 10:00:00,1696,1696
21,12/06/2024 , 11:00:00,1712,1712
22,12/06/2024 , 12:00:00,1730,1730
23,12/06/2024 , 13:00:00,1745,1745
24,12/06/2024 , 14:00:00,1754,1754
25,12/06/2024 , 15:00:00,1765,1765
26,12/06/2024 , 16:00:00,1775,1775
27,12/06/2024 , 17:00:00,1784,1784
28,12/06/2024 , 18:00:00,1794,1794
29,12/06/2024 , 19:00:00,1801,1801
30,12/06/2024 , 20:00:00,1813,1813
31,12/06/2024 , 21:00:00,1817,1817
32,12/06/2024 , 22:00:00,1823,1823
33,12/06/2024 , 23:00:00,1829,1829
34,12/06/2024 , 23:59:59,1836,1836
35,13/06/2024 , 01:00:00,1841,1841
36,13/06/2024 , 02:00:00,1847,1847
37,13/06/2024 , 03:00:00,1852,1852
38,13/06/2024 , 04:00:00,1856,1856
39,13/06/2024 , 05:00:00,1860,1860
40,13/06/2024 , 06:00:00,1864,1864
41,13/06/2024 , 07:00:00,1868,1868
42,13/06/2024 , 08:00:00,1873,1873
43,13/06/2024 , 09:00:00,1877,1877
44,13/06/2024 , 10:00:00,1881,1881
45,13/06/2024 , 11:00:00,1883,1883
46,13/06/2024 , 12:00:00,1884,1884
47,13/06/2024 , 13:00:00,1886,1886
48,13/06/2024 , 14:00:00,1889,1889
49,13/06/2024 , 15:00:00,1891,1891
50,13/06/2024 , 16:00:00,1892,1892
51,13/06/2024 , 17:00:00,1893,1893
52,13/06/2024 , 18:00:00,1895,1895
53,13/06/2024 , 19:00:00,1896,1896
54,13/06/2024 , 20:00:00,1897,1897
55,13/06/2024 , 21:00:00,1898,1898
56,13/06/2024 , 22:00:00,1899,1899
57,13/06/2024 , 23:00:00,1900,1900
58,13/06/2024 , 23:59:59,1901,1901
59,14/06/2024 , 01:00:00,1902,1902
60,14/06/2024 , 02:00:00,1904,1904
61,14/06/2024 , 03:00:00,1905,1905
62,14/06/2024 , 04:00:00,1906,1906
63,14/06/2024 , 05:00:00,1906,1906
64,14/06/2024 , 06:00:00,1907,1907
65,14/06/2024 , 07:00:00,1907,1907
66,14/06/2024 , 08:00:00,1908,1908
67,14/06/2024 , 09:00:00,1909,1909
68,14/06/2024 , 10:00:00,1909,1909
69,14/06/2024 , 11:00:00,1909,1909
70,14/06/2024 , 12:00:00,1909,1909
71,14/06/2024 , 13:00:00,1909,1909
72,14/06/2024 , 14:00:00,1909,1909
73,14/06/2024 , 15:00:00,1909,1909
74,14/06/2024 , 16:00:00,1909,1909
75,14/06/2024 , 17:00:00,1909,1909
76,14/06/2024 , 18:00:00,1908,1908
77,14/06/2024 , 19:00:00,1908,1908
78,14/06/2024 , 20:00:00,1907,1907
79,14/06/2024 , 21:00:00,1906,1906
80,14/06/2024 , 22:00:00,1905,1905
81,14/06/2024 , 23:00:00,1905,1905
82,14/06/2024 , 23:59:59,1904,1904
83,15/06/2024 , 01:00:00,1903,1903
84,15/06/2024 , 02:00:00,1902,1902
85,15/06/2024 , 03:00:00,1901,1901
86,15/06/2024 , 04:00:00,1900,1900
87,15/06/2024 , 05:00:00,1899,1899
88,15/06/2024 , 06:00:00,1898,1898
89,15/06/2024 , 07:00:00,1897,1897
90,15/06/2024 , 08:00:00,1897,1897
91,15/06/2024 , 09:00:00,1896,1896
92,15/06/2024 , 10:00:00,1896,1896
93,15/06/2024 , 11:00:00,1894,1894
94,15/06/2024 , 12:00:00,1892,1892
95,15/06/2024 , 13:00:00,1891,1891
96,15/06/2024 , 14:00:00,1889,1889
97,15/06/2024 , 15:00:00,1888,1888
98,15/06/2024 , 16:00:00,1886,1886
99,15/06/2024 , 17:00:00,1886,1886
100,15/06/2024 , 18:00:00,1883,1883
101,15/06/2024 , 19:00:00,1882,1882
102,15/06/2024 , 20:00:00,1881,1881
103,15/06/2024 , 21:00:00,1878,1878
104,15/06/2024 , 22:00:00,1876,1876
105,15/06/2024 , 23:00:00,1874,1874
106,15/06/2024 , 23:59:59,1872,1872
107,16/06/2024 , 01:00:00,1871,1871
108,16/06/2024 , 02:00:00,1869,1869
109,16/06/2024 , 03:00:00,1868,1868
110,16/06/2024 , 04:00:00,1866,1866
111,16/06/2024 , 05:00:00,1864,1864
112,16/06/2024 , 06:00:00,1863,1863
113,16/06/2024 , 07:00:00,1862,1862
114,16/06/2024 , 08:00:00,1862,1862
115,16/06/2024 , 09:00:00,1860,1860
116,16/06/2024 , 10:00:00,1859,1859
117,16/06/2024 , 11:00:00,1857,1857
118,16/06/2024 , 12:00:00,1854,1854
119,16/06/2024 , 13:00:00,1852,1852
120,16/06/2024 , 14:00:00,1851,1851
121,16/06/2024 , 15:00:00,1848,1848
122,16/06/2024 , 16:00:00,1847,1847
123,16/06/2024 , 17:00:00,1844,1844
124,16/06/2024 , 18:00:00,1843,1843
125,16/06/2024 , 19:00:00,1841,1841
126,16/06/2024 , 20:00:00,1838,1838
127,16/06/2024 , 21:00:00,1837,1837
128,16/06/2024 , 22:00:00,1835,1835
129,16/06/2024 , 23:00:00,1834,1834
130,16/06/2024 , 23:59:59,1832,1832
131,17/06/2024 , 01:00:00,1830,1830
132,17/06/2024 , 02:00:00,1829,1829
133,17/06/2024 , 03:00:00,1828,1828
134,17/06/2024 , 04:00:00,1826,1826
135,17/06/2024 , 05:00:00,1825,1825
136,17/06/2024 , 06:00:00,1824,1824
137,17/06/2024 , 07:00:00,1823,1823
138,17/06/2024 , 08:00:00,1823,1823
139,17/06/2024 , 09:00:00,1822,1822
140,17/06/2024 , 10:00:00,1821,1821
141,17/06/2024 , 11:00:00,1820,1820
142,17/06/2024 , 12:00:00,1819,1819
143,17/06/2024 , 13:00:00,1818,1818
144,17/06/2024 , 14:00:00,1817,1817
145,17/06/2024 , 15:00:00,1815,1815
146,17/06/2024 , 16:00:00,1813,1813
147,17/06/2024 , 17:00:00,1811,1811
148,17/06/2024 , 18:00:00,1810,1810
149,17/06/2024 , 19:00:00,1808,1808
150,17/06/2024 , 20:00:00,1806,1806
151,17/06/2024 , 21:00:00,1805,1805
152,17/06/2024 , 22:00:00,1804,1804
153,17/06/2024 , 23:00:00,1803,1803
154,17/06/2024 , 23:59:59,1802,1802
155,18/06/2024 , 01:00:00,1800,1800
156,18/06/2024 , 02:00:00,1799,1799
157,18/06/2024 , 03:00:00,1799,1799
158,18/06/2024 , 04:00:00,1798,1798
159,18/06/2024 , 05:00:00,1798,1798
160,18/06/2024 , 06:00:00,1797,1797
161,18/06/2024 , 07:00:00,1796,1796
162,18/06/2024 , 08:00:00,1796,1796
163,18/06/2024 , 09:00:00,1797,1797
164,18/06/2024 , 10:00:00,1797,1797
165,18/06/2024 , 11:00:00,1796,1796
166,18/06/2024 , 12:00:00,1794,1794
167,18/06/2024 , 13:00:00,1793,1793
168,18/06/2024 , 14:00:00,1792,1792
169,18/06/2024 , 15:00:00,1791,1791
170,18/06/2024 , 16:00:00,1790,1790
171,18/06/2024 , 17:00:00,1788,1788
172,18/06/2024 , 18:00:00,1788,1788
173,18/06/2024 , 19:00:00,1787,1787
174,18/06/2024 , 20:00:00,1786,1786
175,18/06/2024 , 21:00:00,1785,1785
176,18/06/2024 , 22:00:00,1785,1785
177,18/06/2024 , 23:00:00,1784,1784
178,18/06/2024 , 23:59:59,1784,1784
179,19/06/2024 , 01:00:00,1783,1783
180,19/06/2024 , 02:00:00,1782,1782
181,19/06/2024 , 03:00:00,1781,1781
182,19/06/2024 , 04:00:00,1780,1780
183,19/06/2024 , 05:00:00,1779,1779
184,19/06/2024 , 06:00:00,1778,1778
185,19/06/2024 , 07:00:00,1777,1777
186,19/06/2024 , 08:00:00,1778,1778
187,19/06/2024 , 09:00:00,1778,1778
188,19/06/2024 , 10:00:00,1778,1778
189,19/06/2024 , 11:00:00,1777,1777
190,19/06/2024 , 12:00:00,1775,1775
191,19/06/2024 , 13:00:00,1773,1773
192,19/06/2024 , 14:00:00,1772,1772
193,19/06/2024 , 15:00:00,1771,1771
194,19/06/2024 , 16:00:00,1770,1770
195,19/06/2024 , 17:00:00,1769,1769
196,19/06/2024 , 18:00:00,1768,1768
197,19/06/2024 , 19:00:00,1767,1767
198,19/06/2024 , 20:00:00,1765,1765
199,19/06/2024 , 21:00:00,1764,1764
200,19/06/2024 , 22:00:00,1763,1763
201,19/06/2024 , 23:00:00,1761,1761
202,19/06/2024 , 23:59:59,1760,1760
203,20/06/2024 , 01:00:00,1759,1759
204,20/06/2024 , 02:00:00,1758,1758
205,20/06/2024 , 03:00:00,1757,1757
206,20/06/2024 , 04:00:00,1756,1756
207,20/06/2024 , 05:00:00,1755,1755
208,20/06/2024 , 06:00:00,1754,1754
209,20/06/2024 , 07:00:00,1753,1753
210,20/06/2024 , 08:00:00,1754,1754
211,20/06/2024 , 09:00:00,1754,1754
212,20/06/2024 , 10:00:00,1753,1753
213,20/06/2024 , 11:00:00,1751,1751
214,20/06/2024 , 12:00:00,1750,1750
215,20/06/2024 , 13:00:00,1749,1749
216,20/06/2024 , 14:00:00,1748,1748
217,20/06/2024 , 15:00:00,1746,1746
218,20/06/2024 , 16:00:00,1744,1744
219,20/06/2024 , 17:00:00,1743,1743
220,20/06/2024 , 18:00:00,1741,1741
221,20/06/2024 , 19:00:00,1740,1740
222,20/06/2024 , 20:00:00,1738,1738
223,20/06/2024 , 21:00:00,1737,1737
224,20/06/2024 , 22:00:00,1736,1736
225,20/06/2024 , 23:00:00,1734,1734
226,20/06/2024 , 23:59:59,1732,1732
227,21/06/2024 , 01:00:00,1726,1726
228,21/06/2024 , 02:00:00,1719,1719
229,21/06/2024 , 03:00:00,1716,1716
230,21/06/2024 , 04:00:00,1713,1713
231,21/06/2024 , 05:00:00,1711,1711
232,21/06/2024 , 06:00:00,1710,1710
233,21/06/2024 , 07:00:00,1709,1709
234,21/06/2024 , 08:00:00,1708,1708
235,21/06/2024 , 09:00:00,1707,1707
236,21/06/2024 , 10:00:00,1706,1706
237,21/06/2024 , 11:00:00,1704,1704
238,21/06/2024 , 12:00:00,1703,1703
239,21/06/2024 , 13:00:00,1701,1701
240,21/06/2024 , 14:00:00,1700,1700
241,21/06/2024 , 15:00:00,1699,1699
242,21/06/2024 , 16:00:00,1697,1697
243,21/06/2024 , 17:00:00,1696,1696
244,21/06/2024 , 18:00:00,1695,1695
245,21/06/2024 , 19:00:00,1694,1694
246,21/06/2024 , 20:00:00,1692,1692
247,21/06/2024 , 21:00:00,1691,1691
248,21/06/2024 , 22:00:00,1690,1690
249,21/06/2024 , 23:00:00,1689,1689
250,21/06/2024 , 23:59:59,1687,1687
251,22/06/2024 , 01:00:00,1686,1686
252,22/06/2024 , 02:00:00,1685,1685
253,22/06/2024 , 03:00:00,1684,1684
254,22/06/2024 , 04:00:00,1683,1683
255,22/06/2024 , 05:00:00,1683,1683
256,22/06/2024 , 06:00:00,1681,1681
257,22/06/2024 , 07:00:00,1680,1680
258,22/06/2024 , 08:00:00,1679,1679
259,22/06/2024 , 09:00:00,1681,1681
260,22/06/2024 , 10:00:00,1681,1681
261,22/06/2024 , 11:00:00,1679,1679
262,22/06/2024 , 12:00:00,1677,1677
263,22/06/2024 , 13:00:00,1676,1676
264,22/06/2024 , 14:00:00,1674,1674
265,22/06/2024 , 15:00:00,1673,1673
266,22/06/2024 , 16:00:00,1671,1671
267,22/06/2024 , 17:00:00,1670,1670
268,22/06/2024 , 18:00:00,1669,1669
269,22/06/2024 , 19:00:00,1667,1667
270,22/06/2024 , 20:00:00,1666,1666
271,22/06/2024 , 21:00:00,1665,1665
272,22/06/2024 , 22:00:00,1664,1664
273,22/06/2024 , 23:00:00,1663,1663
274,22/06/2024 , 23:59:59,1662,1662
275,23/06/2024 , 01:00:00,1661,1661
276,23/06/2024 , 02:00:00,1660,1660
277,23/06/2024 , 03:00:00,1659,1659
278,23/06/2024 , 04:00:00,1658,1658
279,23/06/2024 , 05:00:00,1657,1657
280,23/06/2024 , 06:00:00,1656,1656
281,23/06/2024 , 07:00:00,1656,1656
282,23/06/2024 , 08:00:00,1655,1655
283,23/06/2024 , 09:00:00,1670,1670
284,23/06/2024 , 10:00:00,1657,1657
285,23/06/2024 , 11:00:00,1664,1664
286,23/06/2024 , 12:00:00,1719,1719
287,23/06/2024 , 13:00:00,1801,1801
288,23/06/2024 , 14:00:00,1871,1871
289,23/06/2024 , 15:00:00,1999,1999
290,23/06/2024 , 16:00:00,2328,2328
291,23/06/2024 , 17:00:00,2291,2291
292,23/06/2024 , 18:00:00,2245,2245
293,23/06/2024 , 19:00:00,2218,2218
294,23/06/2024 , 20:00:00,2199,2199
295,23/06/2024 , 21:00:00,2285,2285
296,23/06/2024 , 22:00:00,2324,2324
297,23/06/2024 , 23:00:00,2296,2296
298,23/06/2024 , 23:59:59,2256,2256
299,24/06/2024 , 01:00:00,2227,2227
300,24/06/2024 , 02:00:00,2200,2200
301,24/06/2024 , 03:00:00,2176,2176
302,24/06/2024 , 04:00:00,2155,2155
303,24/06/2024 , 05:00:00,2138,2138
304,24/06/2024 , 06:00:00,2126,2126
305,24/06/2024 , 07:00:00,2116,2116
306,24/06/2024 , 08:00:00,2107,2107
307,24/06/2024 , 09:00:00,2098,2098
308,24/06/2024 , 10:00:00,2092,2092
309,24/06/2024 , 11:00:00,2083,2083
310,24/06/2024 , 12:00:00,2077,2077
311,24/06/2024 , 13:00:00,2071,2071
312,24/06/2024 , 14:00:00,2065,2065
313,24/06/2024 , 15:00:00,2060,2060
314,24/06/2024 , 16:00:00,2056,2056
315,24/06/2024 , 17:00:00,2053,2053
316,24/06/2024 , 18:00:00,2049,2049
317,24/06/2024 , 19:00:00,2046,2046
318,24/06/2024 , 20:00:00,2042,2042
319,24/06/2024 , 21:00:00,2038,2038
320,24/06/2024 , 22:00:00,2032,2032
321,24/06/2024 , 23:00:00,2029,2029
322,24/06/2024 , 23:59:59,2026,2026
323,25/06/2024 , 01:00:00,2022,2022
324,25/06/2024 , 02:00:00,2018,2018
325,25/06/2024 , 03:00:00,2015,2015
326,25/06/2024 , 04:00:00,2013,2013
327,25/06/2024 , 05:00:00,2010,2010
328,25/06/2024 , 06:00:00,2008,2008
329,25/06/2024 , 07:00:00,2005,2005
330,25/06/2024 , 08:00:00,2005,2005
331,25/06/2024 , 09:00:00,2003,2003
332,25/06/2024 , 10:00:00,2002,2002
333,25/06/2024 , 11:00:00,1999,1999
334,25/06/2024 , 12:00:00,1997,1997
335,25/06/2024 , 13:00:00,1994,1994
336,25/06/2024 , 14:00:00,1992,1992
337,25/06/2024 , 15:00:00,1990,1990
338,25/06/2024 , 16:00:00,1988,1988
339,25/06/2024 , 17:00:00,1985,1985
340,25/06/2024 , 18:00:00,1983,1983
341,25/06/2024 , 19:00:00,1981,1981
342,25/06/2024 , 20:00:00,1980,1980
343,25/06/2024 , 21:00:00,1978,1978
344,25/06/2024 , 22:00:00,1976,1976
345,25/06/2024 , 23:00:00,1975,1975
346,25/06/2024 , 23:59:59,1973,1973
347,26/06/2024 , 01:00:00,1971,1971
348,26/06/2024 , 02:00:00,1970,1970
349,26/06/2024 , 03:00:00,1968,1968
350,26/06/2024 , 04:00:00,1967,1967
351,26/06/2024 , 05:00:00,1966,1966
352,26/06/2024 , 06:00:00,1964,1964
353,26/06/2024 , 07:00:00,1964,1964
354,26/06/2024 , 08:00:00,1963,1963
355,26/06/2024 , 09:00:00,1961,1961
356,26/06/2024 , 10:00:00,1960,1960
357,26/06/2024 , 11:00:00,1959,1959
358,26/06/2024 , 12:00:00,1958,1958
359,26/06/2024 , 13:00:00,1956,1956
360,26/06/2024 , 14:00:00,1955,1955
361,26/06/2024 , 15:00:00,1954,1954
362,26/06/2024 , 16:00:00,1954,1954
363,26/06/2024 , 17:00:00,1953,1953
364,26/06/2024 , 18:00:00,1952,1952
365,26/06/2024 , 19:00:00,1951,1951
366,26/06/2024 , 20:00:00,1949,1949
367,26/06/2024 , 21:00:00,1948,1948
368,26/06/2024 , 22:00:00,1946,1946
369,26/06/2024 , 23:00:00,1945,1945
370,26/06/2024 , 23:59:59,1943,1943
371,27/06/2024 , 01:00:00,1942,1942
372,27/06/2024 , 02:00:00,1940,1940
373,27/06/2024 , 03:00:00,1940,1940
374,27/06/2024 , 04:00:00,1941,1941
375,27/06/2024 , 05:00:00,1945,1945
376,27/06/2024 , 06:00:00,1945,1945
377,27/06/2024 , 07:00:00,1945,1945
378,27/06/2024 , 08:00:00,1944,1944
379,27/06/2024 , 09:00:00,1944,1944
380,27/06/2024 , 10:00:00,1943,1943
381,27/06/2024 , 11:00:00,1942,1942
382,27/06/2024 , 12:00:00,1941,1941
383,27/06/2024 , 13:00:00,1940,1940
384,27/06/2024 , 14:00:00,1939,1939
385,27/06/2024 , 15:00:00,1938,1938
386,27/06/2024 , 16:00:00,1937,1937
387,27/06/2024 , 17:00:00,1937,1937
388,27/06/2024 , 18:00:00,1937,1937
389,27/06/2024 , 19:00:00,1936,1936
390,27/06/2024 , 20:00:00,1935,1935
391,27/06/2024 , 21:00:00,1935,1935
392,27/06/2024 , 22:00:00,1934,1934
393,27/06/2024 , 23:00:00,1934,1934
394,27/06/2024 , 23:59:59,1934,1934
395,28/06/2024 , 01:00:00,1933,1933
396,28/06/2024 , 02:00:00,1934,1934
397,28/06/2024 , 03:00:00,1934,1934
398,28/06/2024 , 04:00:00,1935,1935
399,28/06/2024 , 05:00:00,1935,1935
400,28/06/2024 , 06:00:00,1936,1936
401,28/06/2024 , 07:00:00,1937,1937
402,28/06/2024 , 08:00:00,1938,1938
403,28/06/2024 , 09:00:00,1939,1939
404,28/06/2024 , 10:00:00,1940,1940
405,28/06/2024 , 11:00:00,1939,1939
406,28/06/2024 , 12:00:00,1938,1938
407,28/06/2024 , 13:00:00,1938,1938
408,28/06/2024 , 14:00:00,1938,1938
409,28/06/2024 , 15:00:00,1937,1937
410,28/06/2024 , 16:00:00,1936,1936
411,28/06/2024 , 17:00:00,1935,1935
412,28/06/2024 , 18:00:00,1934,1934
413,28/06/2024 , 19:00:00,1934,1934
414,28/06/2024 , 20:00:00,1933,1933
415,28/06/2024 , 21:00:00,1932,1932
416,28/06/2024 , 22:00:00,1931,1931
417,28/06/2024 , 23:00:00,1930,1930
418,28/06/2024 , 23:59:59,1929,1929
419,29/06/2024 , 01:00:00,1928,1928
420,29/06/2024 , 02:00:00,1928,1928
421,29/06/2024 , 03:00:00,1927,1927
422,29/06/2024 , 04:00:00,1926,1926
423,29/06/2024 , 05:00:00,1925,1925
424,29/06/2024 , 06:00:00,1924,1924
425,29/06/2024 , 07:00:00,1923,1923
426,29/06/2024 , 08:00:00,1922,1922
427,29/06/2024 , 09:00:00,1922,1922
428,29/06/2024 , 10:00:00,1922,1922
429,29/06/2024 , 11:00:00,1921,1921
430,29/06/2024 , 12:00:00,1920,1920
431,29/06/2024 , 13:00:00,1918,1918
432,29/06/2024 , 14:00:00,1917,1917
433,29/06/2024 , 15:00:00,1915,1915
434,29/06/2024 , 16:00:00,1914,1914
435,29/06/2024 , 17:00:00,1913,1913
436,29/06/2024 , 18:00:00,1913,1913
437,29/06/2024 , 19:00:00,1913,1913
438,29/06/2024 , 20:00:00,1914,1914
439,29/06/2024 , 21:00:00,1914,1914
440,29/06/2024 , 22:00:00,1914,1914
441,29/06/2024 , 23:00:00,1914,1914
442,29/06/2024 , 23:59:59,1914,1914
443,30/06/2024 , 01:00:00,1914,1914
444,30/06/2024 , 02:00:00,1914,1914
445,30/06/2024 , 03:00:00,1914,1914
446,30/06/2024 , 04:00:00,1914,1914
447,30/06/2024 , 05:00:00,1913,1913
448,30/06/2024 , 06:00:00,1914,1914
449,30/06/2024 , 07:00:00,1916,1916
450,30/06/2024 , 08:00:00,1918,1918
451,30/06/2024 , 09:00:00,1922,1922
452,30/06/2024 , 10:00:00,2034,2034
453,30/06/2024 , 11:00:00,2276,2276
454,30/06/2024 , 12:00:00,2253,2253
455,30/06/2024 , 13:00:00,2225,2225
456,30/06/2024 , 14:00:00,2205,2205
457,30/06/2024 , 15:00:00,2188,2188
458,30/06/2024 , 16:00:00,2168,2168
459,30/06/2024 , 17:00:00,2154,2154
460,30/06/2024 , 18:00:00,2141,2141
461,30/06/2024 , 19:00:00,2133,2133
462,30/06/2024 , 20:00:00,2125,2125
463,30/06/2024 , 21:00:00,2116,2116
464,30/06/2024 , 22:00:00,2108,2108
465,30/06/2024 , 23:00:00,2104,2104
466,30/06/2024 , 23:59:59,2098,2098
467,01/07/2024 , 01:00:00,2092,2092
468,01/07/2024 , 02:00:00,2087,2087
469,01/07/2024 , 03:00:00,2083,2083
470,01/07/2024 , 04:00:00,2078,2078
471,01/07/2024 , 05:00:00,2075,2075
472,01/07/2024 , 06:00:00,2073,2073
473,01/07/2024 , 07:00:00,2070,2070
474,01/07/2024 , 08:00:00,2069,2069
475,01/07/2024 , 09:00:00,2066,2066
476,01/07/2024 , 10:00:00,2063,2063
477,01/07/2024 , 11:00:00,2060,2060
478,01/07/2024 , 12:00:00,2056,2056
479,01/07/2024 , 13:00:00,2053,2053
480,01/07/2024 , 14:00:00,2051,2051
481,01/07/2024 , 15:00:00,2048,2048
482,01/07/2024 , 16:00:00,2045,2045
483,01/07/2024 , 17:00:00,2042,2042
484,01/07/2024 , 18:00:00,2039,2039
485,01/07/2024 , 19:00:00,2036,2036
486,01/07/2024 , 20:00:00,2033,2033
487,01/07/2024 , 21:00:00,2031,2031
488,01/07/2024 , 22:00:00,2028,2028
489,01/07/2024 , 23:00:00,2026,2026
490,01/07/2024 , 23:59:59,2024,2024
491,02/07/2024 , 01:00:00,2022,2022
492,02/07/2024 , 02:00:00,2020,2020
493,02/07/2024 , 03:00:00,2018,2018
494,02/07/2024 , 04:00:00,2017,2017
495,02/07/2024 , 05:00:00,2015,2015
496,02/07/2024 , 06:00:00,2013,2013
497,02/07/2024 , 07:00:00,2012,2012
498,02/07/2024 , 08:00:00,2012,2012
499,02/07/2024 , 09:00:00,2011,2011
500,02/07/2024 , 10:00:00,2008,2008
501,02/07/2024 , 11:00:00,2007,2007
502,02/07/2024 , 12:00:00,2004,2004
503,02/07/2024 , 13:00:00,2003,2003
504,02/07/2024 , 14:00:00,2001,2001
505,02/07/2024 , 15:00:00,1998,1998
506,02/07/2024 , 16:00:00,1997,1997
507,02/07/2024 , 17:00:00,1995,1995
508,02/07/2024 , 18:00:00,1993,1993
509,02/07/2024 , 19:00:00,1991,1991
510,02/07/2024 , 20:00:00,1990,1990
511,02/07/2024 , 21:00:00,1988,1988
512,02/07/2024 , 22:00:00,1986,1986
513,02/07/2024 , 23:00:00,1985,1985
514,02/07/2024 , 23:59:59,1983,1983
515,03/07/2024 , 01:00:00,1982,1982
516,03/07/2024 , 02:00:00,1980,1980
517,03/07/2024 , 03:00:00,1979,1979
518,03/07/2024 , 04:00:00,1978,1978
519,03/07/2024 , 05:00:00,1976,1976
520,03/07/2024 , 06:00:00,1975,1975
521,03/07/2024 , 07:00:00,1974,1974
522,03/07/2024 , 08:00:00,1974,1974
523,03/07/2024 , 09:00:00,1974,1974
524,03/07/2024 , 10:00:00,1973,1973
525,03/07/2024 , 11:00:00,1971,1971
526,03/07/2024 , 12:00:00,1968,1968
527,03/07/2024 , 13:00:00,1967,1967
528,03/07/2024 , 14:00:00,1966,1966
529,03/07/2024 , 15:00:00,1964,1964
530,03/07/2024 , 16:00:00,1961,1961
531,03/07/2024 , 17:00:00,1960,1960
532,03/07/2024 , 18:00:00,1958,1958
533,03/07/2024 , 19:00:00,1957,1957
534,03/07/2024 , 20:00:00,1955,1955
535,03/07/2024 , 21:00:00,1953,1953
536,03/07/2024 , 22:00:00,1952,1952
537,03/07/2024 , 23:00:00,1951,1951
538,03/07/2024 , 23:59:59,1948,1948
539,04/07/2024 , 01:00:00,1947,1947
540,04/07/2024 , 02:00:00,1946,1946
541,04/07/2024 , 03:00:00,1944,1944
542,04/07/2024 , 04:00:00,1943,1943
543,04/07/2024 , 05:00:00,1946,1946
544,04/07/2024 , 06:00:00,1941,1941
545,04/07/2024 , 07:00:00,1940,1940
546,04/07/2024 , 08:00:00,1938,1938
547,04/07/2024 , 09:00:00,1937,1937
548,04/07/2024 , 10:00:00,1937,1937
549,04/07/2024 , 11:00:00,1935,1935
550,04/07/2024 , 12:00:00,1934,1934
551,04/07/2024 , 13:00:00,1933,1933
552,04/07/2024 , 14:00:00,1931,1931
553,04/07/2024 , 15:00:00,1931,1931
554,04/07/2024 , 16:00:00,1929,1929
555,04/07/2024 , 17:00:00,1927,1927
556,04/07/2024 , 18:00:00,1926,1926
557,04/07/2024 , 19:00:00,1923,1923
558,04/07/2024 , 20:00:00,1921,1921
559,04/07/2024 , 21:00:00,1920,1920
560,04/07/2024 , 22:00:00,1918,1918
561,04/07/2024 , 23:00:00,1918,1918
562,04/07/2024 , 23:59:59,1917,1917
563,05/07/2024 , 01:00:00,1915,1915
564,05/07/2024 , 02:00:00,1914,1914
565,05/07/2024 , 03:00:00,1913,1913
566,05/07/2024 , 04:00:00,1912,1912
567,05/07/2024 , 05:00:00,1911,1911
568,05/07/2024 , 06:00:00,1910,1910
569,05/07/2024 , 07:00:00,1910,1910
570,05/07/2024 , 08:00:00,1909,1909
571,05/07/2024 , 09:00:00,1908,1908
572,05/07/2024 , 10:00:00,1907,1907
573,05/07/2024 , 11:00:00,1906,1906
574,05/07/2024 , 12:00:00,1905,1905
575,05/07/2024 , 13:00:00,1903,1903
576,05/07/2024 , 14:00:00,1901,1901
577,05/07/2024 , 15:00:00,1899,1899
578,05/07/2024 , 16:00:00,1898,1898
579,05/07/2024 , 17:00:00,1897,1897
580,05/07/2024 , 18:00:00,1895,1895
581,05/07/2024 , 19:00:00,1893,1893
582,05/07/2024 , 20:00:00,1892,1892
583,05/07/2024 , 21:00:00,1890,1890
584,05/07/2024 , 22:00:00,1888,1888
585,05/07/2024 , 23:00:00,1887,1887
586,05/07/2024 , 23:59:59,1886,1886
587,06/07/2024 , 01:00:00,1884,1884
588,06/07/2024 , 02:00:00,1884,1884
589,06/07/2024 , 03:00:00,1882,1882
590,06/07/2024 , 04:00:00,1881,1881
591,06/07/2024 , 05:00:00,1879,1879
592,06/07/2024 , 06:00:00,1882,1882
593,06/07/2024 , 07:00:00,1891,1891
594,06/07/2024 , 08:00:00,1898,1898
595,06/07/2024 , 09:00:00,1924,1924
596,06/07/2024 , 10:00:00,1953,1953
597,06/07/2024 , 11:00:00,1985,1985
598,06/07/2024 , 12:00:00,2034,2034
599,06/07/2024 , 13:00:00,2056,2056
600,06/07/2024 , 14:00:00,2064,2064
601,06/07/2024 , 15:00:00,2068,2068
602,06/07/2024 , 16:00:00,2069,2069
603,06/07/2024 , 17:00:00,2069,2069
604,06/07/2024 , 18:00:00,2069,2069
605,06/07/2024 , 19:00:00,2068,2068
606,06/07/2024 , 20:00:00,2067,2067
607,06/07/2024 , 21:00:00,2066,2066
608,06/07/2024 , 22:00:00,2064,2064
609,06/07/2024 , 23:00:00,2062,2062
610,06/07/2024 , 23:59:59,2060,2060
611,07/07/2024 , 01:00:00,2057,2057
612,07/07/2024 , 02:00:00,2055,2055
613,07/07/2024 , 03:00:00,2053,2053
614,07/07/2024 , 04:00:00,2051,2051
615,07/07/2024 , 05:00:00,2049,2049
616,07/07/2024 , 06:00:00,2047,2047
617,07/07/2024 , 07:00:00,2045,2045
618,07/07/2024 , 08:00:00,2042,2042
619,07/07/2024 , 09:00:00,2039,2039
620,07/07/2024 , 10:00:00,2037,2037
621,07/07/2024 , 11:00:00,2035,2035
622,07/07/2024 , 12:00:00,2033,2033
623,07/07/2024 , 13:00:00,2031,2031
624,07/07/2024 , 14:00:00,2029,2029
625,07/07/2024 , 15:00:00,2026,2026
626,07/07/2024 , 16:00:00,2024,2024
627,07/07/2024 , 17:00:00,2022,2022
628,07/07/2024 , 18:00:00,2020,2020
629,07/07/2024 , 19:00:00,2017,2017
630,07/07/2024 , 20:00:00,2015,2015
631,07/07/2024 , 21:00:00,2013,2013
632,07/07/2024 , 22:00:00,2012,2012
633,07/07/2024 , 23:00:00,2010,2010
634,07/07/2024 , 23:59:59,2007,2007
635,08/07/2024 , 01:00:00,2006,2006
636,08/07/2024 , 02:00:00,2004,2004
637,08/07/2024 , 03:00:00,2002,2002
638,08/07/2024 , 04:00:00,2001,2001
639,08/07/2024 , 05:00:00,1999,1999
640,08/07/2024 , 06:00:00,1998,1998
641,08/07/2024 , 07:00:00,1997,1997
642,08/07/2024 , 08:00:00,1995,1995
643,08/07/2024 , 09:00:00,1993,1993
644,08/07/2024 , 10:00:00,1992,1992
645,08/07/2024 , 11:00:00,1990,1990
646,08/07/2024 , 12:00:00,1989,1989
647,08/07/2024 , 13:00:00,1987,1987
648,08/07/2024 , 14:00:00,1986,1986
649,08/07/2024 , 15:00:00,1984,1984
650,08/07/2024 , 16:00:00,1983,1983
651,08/07/2024 , 17:00:00,1981,1981
652,08/07/2024 , 18:00:00,1979,1979
653,08/07/2024 , 19:00:00,1978,1978
654,08/07/2024 , 20:00:00,1976,1976
655,08/07/2024 , 21:00:00,1974,1974
656,08/07/2024 , 22:00:00,1972,1972
657,08/07/2024 , 23:00:00,1971,1971
658,08/07/2024 , 23:59:59,1969,1969
659,09/07/2024 , 01:00:00,1967,1967
660,09/07/2024 , 02:00:00,1966,1966
661,09/07/2024 , 03:00:00,1965,1965
662,09/07/2024 , 04:00:00,1964,1964
663,09/07/2024 , 05:00:00,1962,1962
664,09/07/2024 , 06:00:00,1961,1961
665,09/07/2024 , 07:00:00,1960,1960
666,09/07/2024 , 08:00:00,1959,1959
667,09/07/2024 , 09:00:00,1957,1957
668,09/07/2024 , 10:00:00,1956,1956
669,09/07/2024 , 11:00:00,1954,1954
670,09/07/2024 , 12:00:00,1953,1953
671,09/07/2024 , 13:00:00,1951,1951
672,09/07/2024 , 14:00:00,1949,1949
673,09/07/2024 , 15:00:00,1948,1948
674,09/07/2024 , 16:00:00,1947,1947
675,09/07/2024 , 17:00:00,1946,1946
676,09/07/2024 , 18:00:00,1944,1944
677,09/07/2024 , 19:00:00,1942,1942
678,09/07/2024 , 20:00:00,1940,1940
679,09/07/2024 , 21:00:00,1939,1939
680,09/07/2024 , 22:00:00,1938,1938
681,09/07/2024 , 23:00:00,1937,1937
682,09/07/2024 , 23:59:59,1935,1935
683,10/07/2024 , 01:00:00,1934,1934
684,10/07/2024 , 02:00:00,1933,1933
685,10/07/2024 , 03:00:00,1932,1932
686,10/07/2024 , 04:00:00,1931,1931
687,10/07/2024 , 05:00:00,1930,1930
688,10/07/2024 , 06:00:00,1929,1929
689,10/07/2024 , 07:00:00,1928,1928
690,10/07/2024 , 08:00:00,1927,1927
691,10/07/2024 , 09:00:00,1925,1925
692,10/07/2024 , 10:00:00,1924,1924
693,10/07/2024 , 11:00:00,1923,1923
694,10/07/2024 , 12:00:00,1922,1922
695,10/07/2024 , 13:00:00,1920,1920
696,10/07/2024 , 14:00:00,1918,1918
697,10/07/2024 , 15:00:00,1917,1917
698,10/07/2024 , 16:00:00,1916,1916
699,10/07/2024 , 17:00:00,1915,1915
700,10/07/2024 , 18:00:00,1915,1915
701,10/07/2024 , 19:00:00,1914,1914
702,10/07/2024 , 20:00:00,1917,1917
703,10/07/2024 , 21:00:00,1920,1920
704,10/07/2024 , 22:00:00,1921,1921
705,10/07/2024 , 23:00:00,1924,1924
706,10/07/2024 , 23:59:59,1928,1928
707,11/07/2024 , 01:00:00,1932,1932
708,11/07/2024 , 02:00:00,1935,1935
709,11/07/2024 , 03:00:00,1937,1937
710,11/07/2024 , 04:00:00,1940,1940
711,11/07/2024 , 05:00:00,1943,1943
712,11/07/2024 , 06:00:00,1948,1948
713,11/07/2024 , 07:00:00,1951,1951
714,11/07/2024 , 08:00:00,1954,1954
715,11/07/2024 , 09:00:00,1956,1956
716,11/07/2024 , 10:00:00,1957,1957
717,11/07/2024 , 11:00:00,1959,1959
718,11/07/2024 , 12:00:00,1961,1961
719,11/07/2024 , 13:00:00,2080,2080
720,11/07/2024 , 14:00:00,2290,2290
721,11/07/2024 , 15:00:00,2249,2249
722,11/07/2024 , 16:00:00,2224,2224
723,11/07/2024 , 17:00:00,2201,2201
724,11/07/2024 , 18:00:00,2181,2181
725,11/07/2024 , 19:00:00,2164,2164
726,11/07/2024 , 20:00:00,2149,2149
727,11/07/2024 , 21:00:00,2139,2139
728,11/07/2024 , 22:00:00,2130,2130
729,11/07/2024 , 23:00:00,2123,2123
730,11/07/2024 , 23:59:59,2115,2115
731,12/07/2024 , 01:00:00,2108,2108
732,12/07/2024 , 02:00:00,2104,2104
733,12/07/2024 , 03:00:00,2100,2100
734,12/07/2024 , 04:00:00,2095,2095
735,12/07/2024 , 05:00:00,2090,2090
736,12/07/2024 , 06:00:00,2086,2086
737,12/07/2024 , 07:00:00,2082,2082
738,12/07/2024 , 08:00:00,2079,2079
739,12/07/2024 , 09:00:00,2076,2076
740,12/07/2024 , 10:00:00,2073,2073
741,12/07/2024 , 11:00:00,2071,2071
742,12/07/2024 , 12:00:00,2068,2068
743,12/07/2024 , 13:00:00,2066,2066
744,12/07/2024 , 14:00:00,2063,2063
745,12/07/2024 , 15:00:00,2061,2061
746,12/07/2024 , 16:00:00,2058,2058
747,12/07/2024 , 17:00:00,2056,2056
748,12/07/2024 , 18:00:00,2054,2054
749,12/07/2024 , 19:00:00,2052,2052
750,12/07/2024 , 20:00:00,2050,2050
751,12/07/2024 , 21:00:00,2048,2048
752,12/07/2024 , 22:00:00,2045,2045
753,12/07/2024 , 23:00:00,2043,2043
754,12/07/2024 , 23:59:59,2042,2042
755,13/07/2024 , 01:00:00,2039,2039
756,13/07/2024 , 02:00:00,2037,2037
757,13/07/2024 , 03:00:00,2035,2035
758,13/07/2024 , 04:00:00,2033,2033
759,13/07/2024 , 05:00:00,2031,2031
760,13/07/2024 , 06:00:00,2031,2031
761,13/07/2024 , 07:00:00,2028,2028
762,13/07/2024 , 08:00:00,2027,2027
763,13/07/2024 , 09:00:00,2026,2026
764,13/07/2024 , 10:00:00,2025,2025
765,13/07/2024 , 11:00:00,2024,2024
766,13/07/2024 , 12:00:00,2022,2022
767,13/07/2024 , 13:00:00,2019,2019
768,13/07/2024 , 14:00:00,2018,2018
769,13/07/2024 , 15:00:00,2017,2017
770,13/07/2024 , 16:00:00,2015,2015
771,13/07/2024 , 17:00:00,2014,2014
772,13/07/2024 , 18:00:00,2013,2013
773,13/07/2024 , 19:00:00,2011,2011
774,13/07/2024 , 20:00:00,2010,2010
775,13/07/2024 , 21:00:00,2009,2009
776,13/07/2024 , 22:00:00,2007,2007
777,13/07/2024 , 23:00:00,2006,2006
778,13/07/2024 , 23:59:59,2005,2005
779,14/07/2024 , 01:00:00,2004,2004
780,14/07/2024 , 02:00:00,2002,2002
781,14/07/2024 , 03:00:00,2001,2001
782,14/07/2024 , 04:00:00,2001,2001
783,14/07/2024 , 05:00:00,1999,1999
784,14/07/2024 , 06:00:00,1999,1999
785,14/07/2024 , 07:00:00,1998,1998
786,14/07/2024 , 08:00:00,1999,1999
787,14/07/2024 , 09:00:00,1998,1998
788,14/07/2024 , 10:00:00,1997,1997
789,14/07/2024 , 11:00:00,1996,1996
790,14/07/2024 , 12:00:00,1995,1995
791,14/07/2024 , 13:00:00,1993,1993
792,14/07/2024 , 14:00:00,1992,1992
793,14/07/2024 , 15:00:00,1991,1991
794,14/07/2024 , 16:00:00,1989,1989
795,14/07/2024 , 17:00:00,1988,1988
796,14/07/2024 , 18:00:00,1987,1987
797,14/07/2024 , 19:00:00,1986,1986
798,14/07/2024 , 20:00:00,1984,1984
799,14/07/2024 , 21:00:00,1983,1983
800,14/07/2024 , 22:00:00,1981,1981
801,14/07/2024 , 23:00:00,1980,1980
802,14/07/2024 , 23:59:59,1979,1979
803,15/07/2024 , 01:00:00,1978,1978
804,15/07/2024 , 02:00:00,1977,1977
805,15/07/2024 , 03:00:00,1975,1975
806,15/07/2024 , 04:00:00,1974,1974
807,15/07/2024 , 05:00:00,1973,1973
808,15/07/2024 , 06:00:00,1972,1972
809,15/07/2024 , 07:00:00,1972,1972
810,15/07/2024 , 08:00:00,1971,1971
811,15/07/2024 , 09:00:00,1971,1971
812,15/07/2024 , 10:00:00,1970,1970
813,15/07/2024 , 11:00:00,1967,1967
814,15/07/2024 , 12:00:00,1967,1967
815,15/07/2024 , 13:00:00,1966,1966
816,15/07/2024 , 14:00:00,1964,1964
817,15/07/2024 , 15:00:00,1963,1963
818,15/07/2024 , 16:00:00,1961,1961
819,15/07/2024 , 17:00:00,1960,1960
820,15/07/2024 , 18:00:00,1958,1958
821,15/07/2024 , 19:00:00,1958,1958
822,15/07/2024 , 20:00:00,1957,1957
823,15/07/2024 , 21:00:00,1956,1956
824,15/07/2024 , 22:00:00,1954,1954
825,15/07/2024 , 23:00:00,1954,1954
826,15/07/2024 , 23:59:59,1952,1952
827,16/07/2024 , 01:00:00,1951,1951
828,16/07/2024 , 02:00:00,1950,1950
829,16/07/2024 , 03:00:00,1949,1949
830,16/07/2024 , 04:00:00,1949,1949
831,16/07/2024 , 05:00:00,1948,1948
832,16/07/2024 , 06:00:00,1948,1948
833,16/07/2024 , 07:00:00,1946,1946
834,16/07/2024 , 08:00:00,1945,1945
835,16/07/2024 , 09:00:00,1945,1945
836,16/07/2024 , 10:00:00,1943,1943
837,16/07/2024 , 11:00:00,1942,1942
838,16/07/2024 , 12:00:00,1941,1941
839,16/07/2024 , 13:00:00,1939,1939
840,16/07/2024 , 14:00:00,1938,1938
841,16/07/2024 , 15:00:00,1936,1936
842,16/07/2024 , 16:00:00,1935,1935
843,16/07/2024 , 17:00:00,1934,1934
844,16/07/2024 , 18:00:00,1932,1932
845,16/07/2024 , 19:00:00,1931,1931
846,16/07/2024 , 20:00:00,1929,1929
847,16/07/2024 , 21:00:00,1927,1927
848,16/07/2024 , 22:00:00,1926,1926
849,16/07/2024 , 23:00:00,1925,1925
850,16/07/2024 , 23:59:59,1923,1923
851,17/07/2024 , 01:00:00,1922,1922
852,17/07/2024 , 02:00:00,1921,1921
853,17/07/2024 , 03:00:00,1920,1920
854,17/07/2024 , 04:00:00,1918,1918
855,17/07/2024 , 05:00:00,1917,1917
856,17/07/2024 , 06:00:00,1917,1917
857,17/07/2024 , 07:00:00,1915,1915
858,17/07/2024 , 08:00:00,1915,1915
859,17/07/2024 , 09:00:00,1914,1914
860,17/07/2024 , 10:00:00,1913,1913
861,17/07/2024 , 11:00:00,1912,1912
862,17/07/2024 , 12:00:00,1911,1911
863,17/07/2024 , 13:00:00,1910,1910
864,17/07/2024 , 14:00:00,1909,1909
865,17/07/2024 , 15:00:00,1907,1907
866,17/07/2024 , 16:00:00,1906,1906
867,17/07/2024 , 17:00:00,1905,1905
868,17/07/2024 , 18:00:00,1902,1902
869,17/07/2024 , 19:00:00,1901,1901
870,17/07/2024 , 20:00:00,1899,1899
871,17/07/2024 , 21:00:00,1898,1898
872,17/07/2024 , 22:00:00,1896,1896
873,17/07/2024 , 23:00:00,1894,1894
874,17/07/2024 , 23:59:59,1893,1893
875,18/07/2024 , 01:00:00,1892,1892
876,18/07/2024 , 02:00:00,1891,1891
877,18/07/2024 , 03:00:00,1889,1889
878,18/07/2024 , 04:00:00,1888,1888
879,18/07/2024 , 05:00:00,1887,1887
880,18/07/2024 , 06:00:00,1886,1886
881,18/07/2024 , 07:00:00,1885,1885
882,18/07/2024 , 08:00:00,1885,1885
883,18/07/2024 , 09:00:00,1883,1883
884,18/07/2024 , 10:00:00,1883,1883
885,18/07/2024 , 11:00:00,1881,1881
886,18/07/2024 , 12:00:00,1879,1879
887,18/07/2024 , 13:00:00,1878,1878
888,18/07/2024 , 14:00:00,1876,1876
889,18/07/2024 , 15:00:00,1875,1875
890,18/07/2024 , 16:00:00,1873,1873
891,18/07/2024 , 17:00:00,1871,1871
892,18/07/2024 , 18:00:00,1871,1871
893,18/07/2024 , 19:00:00,1870,1870
894,18/07/2024 , 20:00:00,1868,1868
895,18/07/2024 , 21:00:00,1867,1867
896,18/07/2024 , 22:00:00,1865,1865
897,18/07/2024 , 23:00:00,1864,1864
898,18/07/2024 , 23:59:59,1862,1862
899,19/07/2024 , 01:00:00,1861,1861
900,19/07/2024 , 02:00:00,1860,1860
901,19/07/2024 , 03:00:00,1858,1858
902,19/07/2024 , 04:00:00,1857,1857
903,19/07/2024 , 05:00:00,1855,1855
904,19/07/2024 , 06:00:00,1854,1854
905,19/07/2024 , 07:00:00,1854,1854
906,19/07/2024 , 08:00:00,1854,1854
907,19/07/2024 , 09:00:00,1853,1853
908,19/07/2024 , 10:00:00,1852,1852
909,19/07/2024 , 11:00:00,1850,1850
910,19/07/2024 , 12:00:00,1848,1848
911,19/07/2024 , 13:00:00,1846,1846
912,19/07/2024 , 14:00:00,1844,1844
913,19/07/2024 , 15:00:00,1843,1843
914,19/07/2024 , 16:00:00,1841,1841
915,19/07/2024 , 17:00:00,1840,1840
916,19/07/2024 , 18:00:00,1839,1839
917,19/07/2024 , 19:00:00,1838,1838
918,19/07/2024 , 20:00:00,1836,1836
919,19/07/2024 , 21:00:00,1835,1835
920,19/07/2024 , 22:00:00,1833,1833
921,19/07/2024 , 23:00:00,1832,1832
922,19/07/2024 , 23:59:59,1830,1830
923,20/07/2024 , 01:00:00,1829,1829
924,20/07/2024 , 02:00:00,1828,1828
925,20/07/2024 , 03:00:00,1827,1827
926,20/07/2024 , 04:00:00,1826,1826
927,20/07/2024 , 05:00:00,1825,1825
928,20/07/2024 , 06:00:00,1824,1824
929,20/07/2024 , 07:00:00,1823,1823
930,20/07/2024 , 08:00:00,1823,1823
931,20/07/2024 , 09:00:00,1823,1823
932,20/07/2024 , 10:00:00,1822,1822
933,20/07/2024 , 11:00:00,1820,1820
934,20/07/2024 , 12:00:00,1818,1818
935,20/07/2024 , 13:00:00,1816,1816
936,20/07/2024 , 14:00:00,1815,1815
937,20/07/2024 , 15:00:00,1814,1814
938,20/07/2024 , 16:00:00,1813,1813
939,20/07/2024 , 17:00:00,1811,1811
940,20/07/2024 , 18:00:00,1810,1810
941,20/07/2024 , 19:00:00,1810,1810
942,20/07/2024 , 20:00:00,1810,1810
943,20/07/2024 , 21:00:00,1809,1809
944,20/07/2024 , 22:00:00,1809,1809
945,20/07/2024 , 23:00:00,1808,1808
946,20/07/2024 , 23:59:59,1807,1807
947,21/07/2024 , 01:00:00,1806,1806
948,21/07/2024 , 02:00:00,1806,1806
949,21/07/2024 , 03:00:00,1804,1804
950,21/07/2024 , 04:00:00,1804,1804
951,21/07/2024 , 05:00:00,1803,1803
952,21/07/2024 , 06:00:00,1802,1802
953,21/07/2024 , 07:00:00,1801,1801
954,21/07/2024 , 08:00:00,1802,1802
955,21/07/2024 , 09:00:00,1801,1801
956,21/07/2024 , 10:00:00,1800,1800
957,21/07/2024 , 11:00:00,1798,1798
958,21/07/2024 , 12:00:00,1797,1797
959,21/07/2024 , 13:00:00,1796,1796
960,21/07/2024 , 14:00:00,1795,1795
961,21/07/2024 , 15:00:00,1794,1794
962,21/07/2024 , 16:00:00,1793,1793
963,21/07/2024 , 17:00:00,1791,1791
964,21/07/2024 , 18:00:00,1790,1790
965,21/07/2024 , 19:00:00,1789,1789
966,21/07/2024 , 20:00:00,1788,1788
967,21/07/2024 , 21:00:00,1788,1788
968,21/07/2024 , 22:00:00,1787,1787
969,21/07/2024 , 23:00:00,1785,1785
970,21/07/2024 , 23:59:59,1783,1783
971,22/07/2024 , 01:00:00,1782,1782
972,22/07/2024 , 02:00:00,1780,1780
973,22/07/2024 , 03:00:00,1779,1779
974,22/07/2024 , 04:00:00,1777,1777
975,22/07/2024 , 05:00:00,1775,1775
976,22/07/2024 , 06:00:00,1774,1774
977,22/07/2024 , 07:00:00,1774,1774
978,22/07/2024 , 08:00:00,1775,1775
979,22/07/2024 , 09:00:00,1774,1774
980,22/07/2024 , 10:00:00,1774,1774
981,22/07/2024 , 11:00:00,1772,1772
982,22/07/2024 , 12:00:00,1771,1771
983,22/07/2024 , 13:00:00,1769,1769
984,22/07/2024 , 14:00:00,1768,1768
985,22/07/2024 , 15:00:00,1767,1767
986,22/07/2024 , 16:00:00,1766,1766
987,22/07/2024 , 17:00:00,1765,1765
988,22/07/2024 , 18:00:00,1764,1764
989,22/07/2024 , 19:00:00,1764,1764
990,22/07/2024 , 20:00:00,1763,1763
991,22/07/2024 , 21:00:00,1762,1762
992,22/07/2024 , 22:00:00,1761,1761
993,22/07/2024 , 23:00:00,1758,1758
994,22/07/2024 , 23:59:59,1755,1755
995,23/07/2024 , 01:00:00,1754,1754
996,23/07/2024 , 02:00:00,1752,1752
997,23/07/2024 , 03:00:00,1751,1751
998,23/07/2024 , 04:00:00,1749,1749
999,23/07/2024 , 05:00:00,1744,1744
1000,23/07/2024 , 06:00:00,1735,1735
1001,23/07/2024 , 07:00:00,1732,1732
1002,23/07/2024 , 08:00:00,1730,1730
1003,23/07/2024 , 09:00:00,1731,1731
1004,23/07/2024 , 10:00:00,1745,1745
1005,23/07/2024 , 11:00:00,1744,1744
1006,23/07/2024 , 12:00:00,1744,1744
1007,23/07/2024 , 13:00:00,1743,1743
1008,23/07/2024 , 14:00:00,1740,1740
1009,23/07/2024 , 15:00:00,1739,1739
1010,23/07/2024 , 16:00:00,1738,1738
1011,23/07/2024 , 17:00:00,1737,1737
1012,23/07/2024 , 18:00:00,1735,1735
1013,23/07/2024 , 19:00:00,1734,1734
1014,23/07/2024 , 20:00:00,1733,1733
1015,23/07/2024 , 21:00:00,1731,1731
1016,23/07/2024 , 22:00:00,1729,1729
1017,23/07/2024 , 23:00:00,1727,1727
1018,23/07/2024 , 23:59:59,1725,1725
1019,24/07/2024 , 01:00:00,1724,1724
1020,24/07/2024 , 02:00:00,1722,1722
1021,24/07/2024 , 03:00:00,1721,1721
1022,24/07/2024 , 04:00:00,1720,1720
1023,24/07/2024 , 05:00:00,1718,1718
1024,24/07/2024 , 06:00:00,1717,1717
1025,24/07/2024 , 07:00:00,1716,1716
1026,24/07/2024 , 08:00:00,1718,1718
1027,24/07/2024 , 09:00:00,1717,1717
1028,24/07/2024 , 10:00:00,1715,1715
1029,24/07/2024 , 11:00:00,1714,1714
1030,24/07/2024 , 12:00:00,1713,1713
1031,24/07/2024 , 13:00:00,1712,1712
1032,24/07/2024 , 14:00:00,1710,1710
1033,24/07/2024 , 15:00:00,1709,1709
1034,24/07/2024 , 16:00:00,1708,1708
1035,24/07/2024 , 17:00:00,1706,1706
1036,24/07/2024 , 18:00:00,1705,1705
1037,24/07/2024 , 19:00:00,1704,1704
1038,24/07/2024 , 20:00:00,1702,1702
1039,24/07/2024 , 21:00:00,1701,1701
1040,24/07/2024 , 22:00:00,1700,1700
1041,24/07/2024 , 23:00:00,1698,1698
1042,24/07/2024 , 23:59:59,1699,1699
1043,25/07/2024 , 01:00:00,1699,1699
1044,25/07/2024 , 02:00:00,1698,1698
1045,25/07/2024 , 03:00:00,1698,1698
1046,25/07/2024 , 04:00:00,1697,1697
1047,25/07/2024 , 05:00:00,1696,1696
1048,25/07/2024 , 06:00:00,1695,1695
1049,25/07/2024 , 07:00:00,1697,1697
1050,25/07/2024 , 08:00:00,1699,1699
1051,25/07/2024 , 09:00:00,1702,1702
1052,25/07/2024 , 10:00:00,1703,1703
1053,25/07/2024 , 11:00:00,1702,1702
1054,25/07/2024 , 12:00:00,1702,1702
1055,25/07/2024 , 13:00:00,1702,1702
1056,25/07/2024 , 14:00:00,1702,1702
1057,25/07/2024 , 15:00:00,1702,1702
1058,25/07/2024 , 16:00:00,1702,1702
1059,25/07/2024 , 17:00:00,1702,1702
1060,25/07/2024 , 18:00:00,1702,1702
1061,25/07/2024 , 19:00:00,1702,1702
1062,25/07/2024 , 20:00:00,1702,1702
1063,25/07/2024 , 21:00:00,1702,1702
1064,25/07/2024 , 22:00:00,1703,1703
1065,25/07/2024 , 23:00:00,1704,1704
1066,25/07/2024 , 23:59:59,1705,1705
1067,26/07/2024 , 01:00:00,1705,1705
1068,26/07/2024 , 02:00:00,1706,1706
1069,26/07/2024 , 03:00:00,1707,1707
1070,26/07/2024 , 04:00:00,1708,1708
1071,26/07/2024 , 05:00:00,1709,1709
1072,26/07/2024 , 06:00:00,1710,1710
1073,26/07/2024 , 07:00:00,1712,1712
1074,26/07/2024 , 08:00:00,1714,1714
1075,26/07/2024 , 09:00:00,1715,1715
1076,26/07/2024 , 10:00:00,1716,1716
1077,26/07/2024 , 11:00:00,1716,1716
1078,26/07/2024 , 12:00:00,1717,1717
1079,26/07/2024 , 13:00:00,1718,1718
1080,26/07/2024 , 14:00:00,1718,1718
1081,26/07/2024 , 15:00:00,1718,1718
1082,26/07/2024 , 16:00:00,1718,1718
1083,26/07/2024 , 17:00:00,1719,1719
1084,26/07/2024 , 18:00:00,1719,1719
1085,26/07/2024 , 19:00:00,1720,1720
1086,26/07/2024 , 20:00:00,1720,1720
1087,26/07/2024 , 21:00:00,1720,1720
1088,26/07/2024 , 22:00:00,1721,1721
1089,26/07/2024 , 23:00:00,1721,1721
1090,26/07/2024 , 23:59:59,1721,1721
1091,27/07/2024 , 01:00:00,1721,1721
1092,27/07/2024 , 02:00:00,1722,1722
1093,27/07/2024 , 03:00:00,1722,1722
1094,27/07/2024 , 04:00:00,1723,1723
1095,27/07/2024 , 05:00:00,1723,1723
1096,27/07/2024 , 06:00:00,1723,1723
1097,27/07/2024 , 07:00:00,1723,1723
1098,27/07/2024 , 08:00:00,1725,1725
1099,27/07/2024 , 09:00:00,1726,1726
1100,27/07/2024 , 10:00:00,1726,1726
1101,27/07/2024 , 11:00:00,1726,1726
1102,27/07/2024 , 12:00:00,1726,1726
1103,27/07/2024 , 13:00:00,1726,1726
1104,27/07/2024 , 14:00:00,1726,1726
1105,27/07/2024 , 15:00:00,1726,1726
1106,27/07/2024 , 16:00:00,1726,1726
1107,27/07/2024 , 17:00:00,1726,1726
1108,27/07/2024 , 18:00:00,1726,1726
1109,27/07/2024 , 19:00:00,1726,1726
1110,27/07/2024 , 20:00:00,1726,1726
1111,27/07/2024 , 21:00:00,1726,1726
1112,27/07/2024 , 22:00:00,1726,1726
1113,27/07/2024 , 23:00:00,1726,1726
1114,27/07/2024 , 23:59:59,1726,1726
1115,28/07/2024 , 01:00:00,1726,1726
1116,28/07/2024 , 02:00:00,1726,1726
1117,28/07/2024 , 03:00:00,1725,1725
1118,28/07/2024 , 04:00:00,1725,1725
1119,28/07/2024 , 05:00:00,1725,1725
1120,28/07/2024 , 06:00:00,1725,1725
1121,28/07/2024 , 07:00:00,1725,1725
1122,28/07/2024 , 08:00:00,1726,1726
1123,28/07/2024 , 09:00:00,1726,1726
1124,28/07/2024 , 10:00:00,1726,1726
1125,28/07/2024 , 11:00:00,1726,1726
1126,28/07/2024 , 12:00:00,1725,1725
1127,28/07/2024 , 13:00:00,1725,1725
1128,28/07/2024 , 14:00:00,1724,1724
1129,28/07/2024 , 15:00:00,1724,1724
1130,28/07/2024 , 16:00:00,1723,1723
1131,28/07/2024 , 17:00:00,1723,1723
1132,28/07/2024 , 18:00:00,1723,1723
1133,28/07/2024 , 19:00:00,1722,1722
1134,28/07/2024 , 20:00:00,1722,1722
1135,28/07/2024 , 21:00:00,1721,1721
1136,28/07/2024 , 22:00:00,1720,1720
1137,28/07/2024 , 23:00:00,1720,1720
1138,28/07/2024 , 23:59:59,1720,1720
1139,29/07/2024 , 01:00:00,1719,1719
1140,29/07/2024 , 02:00:00,1719,1719
1141,29/07/2024 , 03:00:00,1718,1718
1142,29/07/2024 , 04:00:00,1718,1718
1143,29/07/2024 , 05:00:00,1718,1718
1144,29/07/2024 , 06:00:00,1717,1717
1145,29/07/2024 , 07:00:00,1718,1718
1146,29/07/2024 , 08:00:00,1718,1718
1147,29/07/2024 , 09:00:00,1719,1719
1148,29/07/2024 , 10:00:00,1718,1718
1149,29/07/2024 , 11:00:00,1717,1717
1150,29/07/2024 , 12:00:00,1716,1716
1151,29/07/2024 , 13:00:00,1715,1715
1152,29/07/2024 , 14:00:00,1714,1714
1153,29/07/2024 , 15:00:00,1714,1714
1154,29/07/2024 , 16:00:00,1713,1713
1155,29/07/2024 , 17:00:00,1713,1713
1156,29/07/2024 , 18:00:00,1712,1712
1157,29/07/2024 , 19:00:00,1711,1711
1158,29/07/2024 , 20:00:00,1710,1710
1159,29/07/2024 , 21:00:00,1709,1709
1160,29/07/2024 , 22:00:00,1708,1708
1161,29/07/2024 , 23:00:00,1707,1707
1162,29/07/2024 , 23:59:59,1706,1706
1163,30/07/2024 , 01:00:00,1705,1705
1164,30/07/2024 , 02:00:00,1705,1705
1165,30/07/2024 , 03:00:00,1704,1704
1166,30/07/2024 , 04:00:00,1703,1703
1167,30/07/2024 , 05:00:00,1702,1702
1168,30/07/2024 , 06:00:00,1701,1701
1169,30/07/2024 , 07:00:00,1701,1701
1170,30/07/2024 , 08:00:00,1702,1702
1171,30/07/2024 , 09:00:00,1701,1701
1172,30/07/2024 , 10:00:00,1700,1700
1173,30/07/2024 , 11:00:00,1699,1699
1174,30/07/2024 , 12:00:00,1698,1698
1175,30/07/2024 , 13:00:00,1697,1697
1176,30/07/2024 , 14:00:00,1697,1697
1177,30/07/2024 , 15:00:00,1695,1695
1178,30/07/2024 , 16:00:00,1713,1713
1179,30/07/2024 , 17:00:00,1713,1713
1180,30/07/2024 , 18:00:00,1713,1713
1181,30/07/2024 , 19:00:00,1713,1713
1182,30/07/2024 , 20:00:00,1712,1712
1183,30/07/2024 , 21:00:00,1711,1711
1184,30/07/2024 , 22:00:00,1711,1711
1185,30/07/2024 , 23:00:00,1710,1710
1186,30/07/2024 , 23:59:59,1710,1710
1187,31/07/2024 , 01:00:00,1709,1709
1188,31/07/2024 , 02:00:00,1709,1709
1189,31/07/2024 , 03:00:00,1709,1709
1190,31/07/2024 , 04:00:00,1709,1709
1191,31/07/2024 , 05:00:00,1709,1709
1192,31/07/2024 , 06:00:00,1708,1708
1193,31/07/2024 , 07:00:00,1708,1708
1194,31/07/2024 , 08:00:00,1709,1709
1195,31/07/2024 , 09:00:00,1709,1709
1196,31/07/2024 , 10:00:00,1708,1708
1197,31/07/2024 , 11:00:00,1708,1708
1198,31/07/2024 , 12:00:00,1708,1708
1199,31/07/2024 , 13:00:00,1708,1708
1200,31/07/2024 , 14:00:00,1850,1850
1201,31/07/2024 , 15:00:00,1872,1872
1202,31/07/2024 , 16:00:00,1872,1872
1203,31/07/2024 , 17:00:00,1872,1872
1204,31/07/2024 , 18:00:00,1872,1872
1205,31/07/2024 , 19:00:00,1872,1872
1206,31/07/2024 , 20:00:00,1873,1873
1207,31/07/2024 , 21:00:00,1874,1874
1208,31/07/2024 , 22:00:00,2196,2196
1209,31/07/2024 , 23:00:00,2264,2264
1210,31/07/2024 , 23:59:59,2224,2224
1211,01/08/2024 , 01:00:00,2199,2199
1212,01/08/2024 , 02:00:00,2176,2176
1213,01/08/2024 , 03:00:00,2156,2156
1214,01/08/2024 , 04:00:00,2139,2139
1215,01/08/2024 , 05:00:00,2126,2126
1216,01/08/2024 , 06:00:00,2113,2113
1217,01/08/2024 , 07:00:00,2104,2104
1218,01/08/2024 , 08:00:00,2096,2096
1219,01/08/2024 , 09:00:00,2089,2089
1220,01/08/2024 , 10:00:00,2081,2081
1221,01/08/2024 , 11:00:00,2075,2075
1222,01/08/2024 , 12:00:00,2070,2070
1223,01/08/2024 , 13:00:00,2064,2064
1224,01/08/2024 , 14:00:00,2059,2059
1225,01/08/2024 , 15:00:00,2055,2055
1226,01/08/2024 , 16:00:00,2051,2051
1227,01/08/2024 , 17:00:00,2048,2048
1228,01/08/2024 , 18:00:00,2045,2045
1229,01/08/2024 , 19:00:00,2040,2040
1230,01/08/2024 , 20:00:00,2036,2036
1231,01/08/2024 , 21:00:00,2033,2033
1232,01/08/2024 , 22:00:00,2031,2031
1233,01/08/2024 , 23:00:00,2027,2027
1234,01/08/2024 , 23:59:59,2025,2025
1235,02/08/2024 , 01:00:00,2022,2022
1236,02/08/2024 , 02:00:00,2019,2019
1237,02/08/2024 , 03:00:00,2017,2017
1238,02/08/2024 , 04:00:00,2015,2015
1239,02/08/2024 , 05:00:00,2013,2013
1240,02/08/2024 , 06:00:00,2010,2010
1241,02/08/2024 , 07:00:00,2008,2008
1242,02/08/2024 , 08:00:00,2007,2007
1243,02/08/2024 , 09:00:00,2005,2005
1244,02/08/2024 , 10:00:00,2003,2003
1245,02/08/2024 , 11:00:00,2001,2001
1246,02/08/2024 , 12:00:00,1999,1999
1247,02/08/2024 , 13:00:00,1998,1998
1248,02/08/2024 , 14:00:00,1995,1995
1249,02/08/2024 , 15:00:00,1993,1993
1250,02/08/2024 , 16:00:00,1991,1991
1251,02/08/2024 , 17:00:00,1990,1990
1252,02/08/2024 , 18:00:00,1989,1989
1253,02/08/2024 , 19:00:00,1987,1987
1254,02/08/2024 , 20:00:00,1985,1985
1255,02/08/2024 , 21:00:00,1983,1983
1256,02/08/2024 , 22:00:00,1982,1982
1257,02/08/2024 , 23:00:00,1980,1980
1258,02/08/2024 , 23:59:59,1979,1979
1259,03/08/2024 , 01:00:00,1977,1977
1260,03/08/2024 , 02:00:00,1976,1976
1261,03/08/2024 , 03:00:00,1974,1974
1262,03/08/2024 , 04:00:00,1972,1972
1263,03/08/2024 , 05:00:00,1971,1971
1264,03/08/2024 , 06:00:00,1970,1970
1265,03/08/2024 , 07:00:00,1969,1969
1266,03/08/2024 , 08:00:00,1969,1969
1267,03/08/2024 , 09:00:00,1968,1968
1268,03/08/2024 , 10:00:00,1967,1967
1269,03/08/2024 , 11:00:00,1965,1965
1270,03/08/2024 , 12:00:00,1964,1964
1271,03/08/2024 , 13:00:00,1963,1963
1272,03/08/2024 , 14:00:00,1961,1961
1273,03/08/2024 , 15:00:00,1960,1960
1274,03/08/2024 , 16:00:00,1958,1958
1275,03/08/2024 , 17:00:00,1957,1957
1276,03/08/2024 , 18:00:00,1956,1956
1277,03/08/2024 , 19:00:00,1954,1954
1278,03/08/2024 , 20:00:00,1952,1952
1279,03/08/2024 , 21:00:00,1950,1950
1280,03/08/2024 , 22:00:00,1949,1949
1281,03/08/2024 , 23:00:00,1949,1949
1282,03/08/2024 , 23:59:59,1947,1947
1283,04/08/2024 , 01:00:00,1946,1946
1284,04/08/2024 , 02:00:00,1945,1945
1285,04/08/2024 , 03:00:00,1943,1943
1286,04/08/2024 , 04:00:00,1941,1941
1287,04/08/2024 , 05:00:00,1940,1940
1288,04/08/2024 , 06:00:00,1938,1938
1289,04/08/2024 , 07:00:00,1941,1941
1290,04/08/2024 , 08:00:00,1938,1938
1291,04/08/2024 , 09:00:00,1937,1937
1292,04/08/2024 , 10:00:00,1935,1935
1293,04/08/2024 , 11:00:00,1934,1934
1294,04/08/2024 , 12:00:00,1932,1932
1295,04/08/2024 , 13:00:00,1935,1935
1296,04/08/2024 , 14:00:00,1932,1932
1297,04/08/2024 , 15:00:00,1930,1930
1298,04/08/2024 , 16:00:00,1927,1927
1299,04/08/2024 , 17:00:00,1925,1925
1300,04/08/2024 , 18:00:00,1924,1924
1301,04/08/2024 , 19:00:00,1921,1921
1302,04/08/2024 , 20:00:00,1920,1920
1303,04/08/2024 , 21:00:00,1918,1918
1304,04/08/2024 , 22:00:00,1917,1917
1305,04/08/2024 , 23:00:00,1916,1916
1306,04/08/2024 , 23:59:59,1915,1915
1307,05/08/2024 , 01:00:00,1913,1913
1308,05/08/2024 , 02:00:00,1912,1912
1309,05/08/2024 , 03:00:00,1911,1911
1310,05/08/2024 , 04:00:00,1910,1910
1311,05/08/2024 , 05:00:00,1909,1909
1312,05/08/2024 , 06:00:00,1907,1907
1313,05/08/2024 , 07:00:00,1906,1906
1314,05/08/2024 , 08:00:00,1905,1905
1315,05/08/2024 , 09:00:00,1904,1904
1316,05/08/2024 , 10:00:00,1903,1903
1317,05/08/2024 , 11:00:00,1901,1901
1318,05/08/2024 , 12:00:00,1899,1899
1319,05/08/2024 , 13:00:00,1898,1898
1320,05/08/2024 , 14:00:00,1896,1896
1321,05/08/2024 , 15:00:00,1894,1894
1322,05/08/2024 , 16:00:00,1893,1893
1323,05/08/2024 , 17:00:00,1891,1891
1324,05/08/2024 , 18:00:00,1891,1891
1325,05/08/2024 , 19:00:00,1892,1892
1326,05/08/2024 , 20:00:00,1892,1892
1327,05/08/2024 , 21:00:00,1892,1892
1328,05/08/2024 , 22:00:00,1892,1892
1329,05/08/2024 , 23:00:00,1891,1891
1330,05/08/2024 , 23:59:59,1891,1891
1331,06/08/2024 , 01:00:00,1887,1887
1332,06/08/2024 , 02:00:00,1882,1882
1333,06/08/2024 , 03:00:00,1882,1882
1334,06/08/2024 , 04:00:00,1878,1878
1335,06/08/2024 , 05:00:00,1876,1876
1336,06/08/2024 , 06:00:00,1875,1875
1337,06/08/2024 , 07:00:00,1869,1869
1338,06/08/2024 , 08:00:00,1861,1861
1339,06/08/2024 , 09:00:00,1835,1835
1340,06/08/2024 , 10:00:00,1051,1051
1341,06/08/2024 , 11:00:00,1055,1055
1342,06/08/2024 , 12:00:00,1884,1884
1343,06/08/2024 , 13:00:00,1883,1883
1344,06/08/2024 , 14:00:00,1882,1882
1345,06/08/2024 , 15:00:00,1881,1881
1346,06/08/2024 , 16:00:00,1881,1881
1347,06/08/2024 , 17:00:00,1879,1879
1348,06/08/2024 , 18:00:00,1879,1879
1349,06/08/2024 , 19:00:00,1390,1390
1350,06/08/2024 , 20:00:00,1312,1312
1351,06/08/2024 , 21:00:00,1870,1870
1352,06/08/2024 , 22:00:00,1865,1865
1353,06/08/2024 , 23:00:00,1868,1868
1354,06/08/2024 , 23:59:59,1864,1864
1355,07/08/2024 , 01:00:00,1861,1861
1356,07/08/2024 , 02:00:00,1861,1861
1357,07/08/2024 , 03:00:00,1859,1859
1358,07/08/2024 , 04:00:00,1856,1856
1359,07/08/2024 , 05:00:00,526,526
1360,07/08/2024 , 06:00:00,1409,1409
1361,07/08/2024 , 07:00:00,1808,1808
1362,07/08/2024 , 08:00:00,1868,1868
1363,07/08/2024 , 09:00:00,1868,1868
1364,07/08/2024 , 10:00:00,1865,1865
1365,07/08/2024 , 11:00:00,1864,1864
1366,07/08/2024 , 12:00:00,1863,1863
1367,07/08/2024 , 13:00:00,1862,1862
1368,07/08/2024 , 14:00:00,1861,1861
1369,07/08/2024 , 15:00:00,1860,1860
1370,07/08/2024 , 16:00:00,1858,1858
1371,07/08/2024 , 17:00:00,1857,1857
1372,07/08/2024 , 18:00:00,1856,1856
1373,07/08/2024 , 19:00:00,1854,1854
1374,07/08/2024 , 20:00:00,1852,1852
1375,07/08/2024 , 21:00:00,1846,1846
1376,07/08/2024 , 22:00:00,1827,1827
1377,07/08/2024 , 23:00:00,1588,1588
1378,07/08/2024 , 23:59:59,1765,1765
1379,08/08/2024 , 01:00:00,1822,1822
1380,08/08/2024 , 02:00:00,1830,1830
1381,08/08/2024 , 03:00:00,1839,1839
1382,08/08/2024 , 04:00:00,1841,1841
1383,08/08/2024 , 05:00:00,1841,1841
1384,08/08/2024 , 06:00:00,1841,1841
1385,08/08/2024 , 07:00:00,1841,1841
1386,08/08/2024 , 08:00:00,1842,1842
1387,08/08/2024 , 09:00:00,1842,1842
1388,08/08/2024 , 10:00:00,1840,1840
1389,08/08/2024 , 11:00:00,1840,1840
1390,08/08/2024 , 12:00:00,1838,1838
1391,08/08/2024 , 13:00:00,1837,1837
1392,08/08/2024 , 14:00:00,1836,1836
1393,08/08/2024 , 15:00:00,1835,1835
1394,08/08/2024 , 16:00:00,1833,1833
1395,08/08/2024 , 17:00:00,1832,1832
1396,08/08/2024 , 18:00:00,1831,1831
1397,08/08/2024 , 19:00:00,1830,1830
1398,08/08/2024 , 20:00:00,1828,1828
1399,08/08/2024 , 21:00:00,1826,1826
1400,08/08/2024 , 22:00:00,1826,1826
1401,08/08/2024 , 23:00:00,1824,1824
1402,08/08/2024 , 23:59:59,1823,1823
1403,09/08/2024 , 01:00:00,1822,1822
1404,09/08/2024 , 02:00:00,1821,1821
1405,09/08/2024 , 03:00:00,1820,1820
1406,09/08/2024 , 04:00:00,1819,1819
1407,09/08/2024 , 05:00:00,1818,1818
1408,09/08/2024 , 06:00:00,1817,1817
1409,09/08/2024 , 07:00:00,1816,1816
1410,09/08/2024 , 08:00:00,1815,1815
1411,09/08/2024 , 09:00:00,1814,1814
1412,09/08/2024 , 10:00:00,1814,1814
1413,09/08/2024 , 11:00:00,1818,1818
1414,09/08/2024 , 12:00:00,1820,1820
1415,09/08/2024 , 13:00:00,1822,1822
1416,09/08/2024 , 14:00:00,1826,1826
1417,09/08/2024 , 15:00:00,1842,1842
1418,09/08/2024 , 16:00:00,1975,1975
1419,09/08/2024 , 17:00:00,2331,2331
1420,09/08/2024 , 18:00:00,2362,2362
1421,09/08/2024 , 19:00:00,2315,2315
1422,09/08/2024 , 20:00:00,2287,2287
1423,09/08/2024 , 21:00:00,2328,2328
1424,09/08/2024 , 22:00:00,2326,2326
1425,09/08/2024 , 23:00:00,2283,2283
1426,09/08/2024 , 23:59:59,2258,2258
1427,10/08/2024 , 01:00:00,2241,2241
1428,10/08/2024 , 02:00:00,2221,2221
1429,10/08/2024 , 03:00:00,2210,2210
1430,10/08/2024 , 04:00:00,2194,2194
1431,10/08/2024 , 05:00:00,2181,2181
1432,10/08/2024 , 06:00:00,2166,2166
1433,10/08/2024 , 07:00:00,2152,2152
1434,10/08/2024 , 08:00:00,2142,2142
1435,10/08/2024 , 09:00:00,2133,2133
1436,10/08/2024 , 10:00:00,2126,2126
1437,10/08/2024 , 11:00:00,2117,2117
1438,10/08/2024 , 12:00:00,2110,2110
1439,10/08/2024 , 13:00:00,2104,2104
1440,10/08/2024 , 14:00:00,2100,2100
1441,10/08/2024 , 15:00:00,2094,2094
1442,10/08/2024 , 16:00:00,2089,2089
1443,10/08/2024 , 17:00:00,2084,2084
1444,10/08/2024 , 18:00:00,2080,2080
1445,10/08/2024 , 19:00:00,2077,2077
1446,10/08/2024 , 20:00:00,2073,2073
1447,10/08/2024 , 21:00:00,2070,2070
1448,10/08/2024 , 22:00:00,2068,2068
1449,10/08/2024 , 23:00:00,2065,2065
1450,10/08/2024 , 23:59:59,2062,2062
1451,11/08/2024 , 01:00:00,2060,2060
1452,11/08/2024 , 02:00:00,2058,2058
1453,11/08/2024 , 03:00:00,2057,2057
1454,11/08/2024 , 04:00:00,2056,2056
1455,11/08/2024 , 05:00:00,2054,2054
1456,11/08/2024 , 06:00:00,2053,2053
1457,11/08/2024 , 07:00:00,2052,2052
1458,11/08/2024 , 08:00:00,2052,2052
1459,11/08/2024 , 09:00:00,2051,2051
1460,11/08/2024 , 10:00:00,2048,2048
1461,11/08/2024 , 11:00:00,2046,2046
1462,11/08/2024 , 12:00:00,2044,2044
1463,11/08/2024 , 13:00:00,2042,2042
1464,11/08/2024 , 14:00:00,2040,2040
1465,11/08/2024 , 15:00:00,2037,2037
1466,11/08/2024 , 16:00:00,2036,2036
1467,11/08/2024 , 17:00:00,2033,2033
1468,11/08/2024 , 18:00:00,2031,2031
1469,11/08/2024 , 19:00:00,2030,2030
1470,11/08/2024 , 20:00:00,2028,2028
1471,11/08/2024 , 21:00:00,2026,2026
1472,11/08/2024 , 22:00:00,319,319
1473,11/08/2024 , 23:00:00,344,344
1474,11/08/2024 , 23:59:59,333,333
1475,12/08/2024 , 01:00:00,333,333
1476,12/08/2024 , 02:00:00,333,333
1477,12/08/2024 , 03:00:00,344,344
1478,12/08/2024 , 04:00:00,338,338
1479,12/08/2024 , 05:00:00,354,354
1480,12/08/2024 , 06:00:00,406,406
1481,12/08/2024 , 07:00:00,1031,1031
1482,12/08/2024 , 08:00:00,2014,2014
1483,12/08/2024 , 09:00:00,2013,2013
1484,12/08/2024 , 10:00:00,2012,2012
1485,12/08/2024 , 11:00:00,2010,2010
1486,12/08/2024 , 12:00:00,2009,2009
1487,12/08/2024 , 13:00:00,2008,2008
1488,12/08/2024 , 14:00:00,2007,2007
1489,12/08/2024 , 15:00:00,2005,2005
1490,12/08/2024 , 16:00:00,2003,2003
1491,12/08/2024 , 17:00:00,2002,2002
1492,12/08/2024 , 18:00:00,2001,2001
1493,12/08/2024 , 19:00:00,2000,2000
1494,12/08/2024 , 20:00:00,1999,1999
1495,12/08/2024 , 21:00:00,1997,1997
1496,12/08/2024 , 22:00:00,1987,1987
1497,12/08/2024 , 23:00:00,323,323
1498,12/08/2024 , 23:59:59,324,324
1499,13/08/2024 , 01:00:00,322,322
1500,13/08/2024 , 02:00:00,327,327
1501,13/08/2024 , 03:00:00,462,462
1502,13/08/2024 , 04:00:00,1169,1169
1503,13/08/2024 , 05:00:00,1864,1864
1504,13/08/2024 , 06:00:00,1922,1922
1505,13/08/2024 , 07:00:00,1953,1953
1506,13/08/2024 , 08:00:00,1987,1987
1507,13/08/2024 , 09:00:00,1986,1986
1508,13/08/2024 , 10:00:00,1986,1986
1509,13/08/2024 , 11:00:00,1984,1984
1510,13/08/2024 , 12:00:00,1983,1983
1511,13/08/2024 , 13:00:00,1982,1982
1512,13/08/2024 , 14:00:00,1981,1981
1513,13/08/2024 , 15:00:00,1980,1980
1514,13/08/2024 , 16:00:00,1978,1978
1515,13/08/2024 , 17:00:00,1976,1976
1516,13/08/2024 , 18:00:00,1975,1975
1517,13/08/2024 , 19:00:00,1973,1973
1518,13/08/2024 , 20:00:00,1972,1972
1519,13/08/2024 , 21:00:00,1970,1970
1520,13/08/2024 , 22:00:00,1197,1197
1521,13/08/2024 , 23:00:00,1142,1142
1522,13/08/2024 , 23:59:59,1329,1329
1523,14/08/2024 , 01:00:00,1404,1404
1524,14/08/2024 , 02:00:00,1695,1695
1525,14/08/2024 , 03:00:00,1890,1890
1526,14/08/2024 , 04:00:00,1921,1921
1527,14/08/2024 , 05:00:00,1943,1943
1528,14/08/2024 , 06:00:00,1946,1946
1529,14/08/2024 , 07:00:00,1944,1944
1530,14/08/2024 , 08:00:00,1958,1958
1531,14/08/2024 , 09:00:00,1957,1957
1532,14/08/2024 , 10:00:00,1956,1956
1533,14/08/2024 , 11:00:00,1955,1955
1534,14/08/2024 , 12:00:00,1953,1953
1535,14/08/2024 , 13:00:00,1952,1952
1536,14/08/2024 , 14:00:00,1951,1951
1537,14/08/2024 , 15:00:00,1949,1949
1538,14/08/2024 , 16:00:00,1948,1948
1539,14/08/2024 , 17:00:00,1946,1946
1540,14/08/2024 , 18:00:00,1943,1943
1541,14/08/2024 , 19:00:00,1941,1941
1542,14/08/2024 , 20:00:00,1940,1940
1543,14/08/2024 , 21:00:00,1938,1938
1544,14/08/2024 , 22:00:00,1936,1936
1545,14/08/2024 , 23:00:00,1932,1932
1546,14/08/2024 , 23:59:59,1901,1901
1547,15/08/2024 , 01:00:00,1901,1901
1548,15/08/2024 , 02:00:00,1900,1900
1549,15/08/2024 , 03:00:00,1899,1899
1550,15/08/2024 , 04:00:00,1898,1898
1551,15/08/2024 , 05:00:00,1898,1898
1552,15/08/2024 , 06:00:00,1898,1898
1553,15/08/2024 , 07:00:00,1897,1897
1554,15/08/2024 , 08:00:00,1920,1920
1555,15/08/2024 , 09:00:00,1924,1924
1556,15/08/2024 , 10:00:00,1923,1923
1557,15/08/2024 , 11:00:00,1922,1922
1558,15/08/2024 , 12:00:00,1920,1920
1559,15/08/2024 , 13:00:00,1918,1918
1560,15/08/2024 , 14:00:00,1917,1917
1561,15/08/2024 , 15:00:00,1916,1916
1562,15/08/2024 , 16:00:00,1915,1915
1563,15/08/2024 , 17:00:00,1914,1914
1564,15/08/2024 , 18:00:00,1912,1912
1565,15/08/2024 , 19:00:00,1910,1910
1566,15/08/2024 , 20:00:00,1909,1909
1567,15/08/2024 , 21:00:00,1907,1907
1568,15/08/2024 , 22:00:00,1906,1906
1569,15/08/2024 , 23:00:00,1905,1905
1570,15/08/2024 , 23:59:59,1903,1903
1571,16/08/2024 , 01:00:00,1901,1901
1572,16/08/2024 , 02:00:00,1899,1899
1573,16/08/2024 , 03:00:00,1899,1899
1574,16/08/2024 , 04:00:00,1897,1897
1575,16/08/2024 , 05:00:00,1824,1824
1576,16/08/2024 , 06:00:00,1835,1835
1577,16/08/2024 , 07:00:00,1825,1825
1578,16/08/2024 , 08:00:00,1893,1893
1579,16/08/2024 , 09:00:00,1892,1892
1580,16/08/2024 , 10:00:00,1892,1892
1581,16/08/2024 , 11:00:00,1890,1890
1582,16/08/2024 , 12:00:00,1889,1889
1583,16/08/2024 , 13:00:00,1887,1887
1584,16/08/2024 , 14:00:00,1887,1887
1585,16/08/2024 , 15:00:00,1885,1885
1586,16/08/2024 , 16:00:00,1883,1883
1587,16/08/2024 , 17:00:00,1882,1882
1588,16/08/2024 , 18:00:00,1881,1881
1589,16/08/2024 , 19:00:00,1879,1879
1590,16/08/2024 , 20:00:00,1878,1878
1591,16/08/2024 , 21:00:00,1876,1876
1592,16/08/2024 , 22:00:00,1874,1874
1593,16/08/2024 , 23:00:00,1872,1872
1594,16/08/2024 , 23:59:59,1871,1871
1595,17/08/2024 , 01:00:00,1869,1869
1596,17/08/2024 , 02:00:00,1869,1869
1597,17/08/2024 , 03:00:00,1868,1868
1598,17/08/2024 , 04:00:00,1866,1866
1599,17/08/2024 , 05:00:00,1865,1865
1600,17/08/2024 , 06:00:00,1863,1863
1601,17/08/2024 , 07:00:00,1862,1862
1602,17/08/2024 , 08:00:00,1863,1863
1603,17/08/2024 , 09:00:00,1862,1862
1604,17/08/2024 , 10:00:00,1861,1861
1605,17/08/2024 , 11:00:00,1860,1860
1606,17/08/2024 , 12:00:00,1859,1859
1607,17/08/2024 , 13:00:00,1857,1857
1608,17/08/2024 , 14:00:00,1856,1856
1609,17/08/2024 , 15:00:00,1855,1855
1610,17/08/2024 , 16:00:00,1853,1853
1611,17/08/2024 , 17:00:00,1852,1852
1612,17/08/2024 , 18:00:00,1851,1851
1613,17/08/2024 , 19:00:00,1850,1850
1614,17/08/2024 , 20:00:00,1848,1848
1615,17/08/2024 , 21:00:00,1847,1847
1616,17/08/2024 , 22:00:00,1845,1845
1617,17/08/2024 , 23:00:00,1844,1844
1618,17/08/2024 , 23:59:59,1842,1842
1619,18/08/2024 , 01:00:00,1841,1841
1620,18/08/2024 , 02:00:00,1840,1840
1621,18/08/2024 , 03:00:00,1839,1839
1622,18/08/2024 , 04:00:00,1838,1838
1623,18/08/2024 , 05:00:00,1837,1837
1624,18/08/2024 , 06:00:00,1836,1836
1625,18/08/2024 , 07:00:00,1835,1835
1626,18/08/2024 , 08:00:00,1834,1834
1627,18/08/2024 , 09:00:00,1834,1834
1628,18/08/2024 , 10:00:00,1833,1833
1629,18/08/2024 , 11:00:00,1832,1832
1630,18/08/2024 , 12:00:00,1831,1831
1631,18/08/2024 , 13:00:00,1830,1830
1632,18/08/2024 , 14:00:00,1829,1829
1633,18/08/2024 , 15:00:00,1828,1828
1634,18/08/2024 , 16:00:00,1828,1828
1635,18/08/2024 , 17:00:00,1826,1826
1636,18/08/2024 , 18:00:00,1825,1825
1637,18/08/2024 , 19:00:00,1824,1824
1638,18/08/2024 , 20:00:00,1823,1823
1639,18/08/2024 , 21:00:00,1822,1822
1640,18/08/2024 , 22:00:00,1821,1821
1641,18/08/2024 , 23:00:00,1820,1820
1642,18/08/2024 , 23:59:59,1819,1819
1643,19/08/2024 , 01:00:00,1818,1818
1644,19/08/2024 , 02:00:00,1817,1817
1645,19/08/2024 , 03:00:00,1816,1816
1646,19/08/2024 , 04:00:00,1815,1815
1647,19/08/2024 , 05:00:00,1814,1814
1648,19/08/2024 , 06:00:00,1813,1813
1649,19/08/2024 , 07:00:00,1818,1818
1650,19/08/2024 , 08:00:00,1824,1824
1651,19/08/2024 , 09:00:00,1824,1824
1652,19/08/2024 , 10:00:00,1824,1824
1653,19/08/2024 , 11:00:00,1827,1827
1654,19/08/2024 , 12:00:00,1843,1843
1655,19/08/2024 , 13:00:00,1920,1920
1656,19/08/2024 , 14:00:00,2001,2001
1657,19/08/2024 , 15:00:00,2224,2224
1658,19/08/2024 , 16:00:00,2297,2297
1659,19/08/2024 , 17:00:00,2282,2282
1660,19/08/2024 , 18:00:00,2250,2250
1661,19/08/2024 , 19:00:00,2237,2237
1662,19/08/2024 , 20:00:00,2234,2234
1663,19/08/2024 , 21:00:00,2223,2223
1664,19/08/2024 , 22:00:00,2224,2224
1665,19/08/2024 , 23:00:00,2234,2234
1666,19/08/2024 , 23:59:59,2240,2240
1667,20/08/2024 , 01:00:00,2222,2222
1668,20/08/2024 , 02:00:00,2205,2205
1669,20/08/2024 , 03:00:00,2191,2191
1670,20/08/2024 , 04:00:00,2171,2171
1671,20/08/2024 , 05:00:00,2155,2155
1672,20/08/2024 , 06:00:00,2147,2147
1673,20/08/2024 , 07:00:00,2148,2148
1674,20/08/2024 , 08:00:00,2184,2184
1675,20/08/2024 , 09:00:00,2259,2259
1676,20/08/2024 , 10:00:00,2264,2264
1677,20/08/2024 , 11:00:00,2241,2241
1678,20/08/2024 , 12:00:00,2219,2219
1679,20/08/2024 , 13:00:00,2199,2199
1680,20/08/2024 , 14:00:00,2179,2179
1681,20/08/2024 , 15:00:00,2161,2161
1682,20/08/2024 , 16:00:00,2148,2148
1683,20/08/2024 , 17:00:00,2141,2141
1684,20/08/2024 , 18:00:00,2133,2133
1685,20/08/2024 , 19:00:00,2127,2127
1686,20/08/2024 , 20:00:00,2120,2120
1687,20/08/2024 , 21:00:00,2112,2112
1688,20/08/2024 , 22:00:00,2106,2106
1689,20/08/2024 , 23:00:00,2101,2101
1690,20/08/2024 , 23:59:59,2096,2096
1691,21/08/2024 , 01:00:00,2091,2091
1692,21/08/2024 , 02:00:00,2087,2087
1693,21/08/2024 , 03:00:00,2083,2083
1694,21/08/2024 , 04:00:00,2079,2079
1695,21/08/2024 , 05:00:00,2076,2076
1696,21/08/2024 , 06:00:00,2074,2074
1697,21/08/2024 , 07:00:00,2073,2073
1698,21/08/2024 , 08:00:00,2072,2072
1699,21/08/2024 , 09:00:00,2070,2070
1700,21/08/2024 , 10:00:00,2071,2071
1701,21/08/2024 , 11:00:00,2070,2070
1702,21/08/2024 , 12:00:00,2068,2068
1703,21/08/2024 , 13:00:00,2066,2066
1704,21/08/2024 , 14:00:00,2065,2065
1705,21/08/2024 , 15:00:00,2063,2063
1706,21/08/2024 , 16:00:00,2062,2062
1707,21/08/2024 , 17:00:00,2059,2059
1708,21/08/2024 , 18:00:00,2057,2057
1709,21/08/2024 , 19:00:00,2054,2054
1710,21/08/2024 , 20:00:00,2052,2052
1711,21/08/2024 , 21:00:00,2051,2051
1712,21/08/2024 , 22:00:00,2063,2063
1713,21/08/2024 , 23:00:00,2070,2070
1714,21/08/2024 , 23:59:59,2070,2070
1715,22/08/2024 , 01:00:00,2070,2070
1716,22/08/2024 , 02:00:00,2093,2093
1717,22/08/2024 , 03:00:00,2165,2165
1718,22/08/2024 , 04:00:00,2228,2228
1719,22/08/2024 , 05:00:00,2207,2207
1720,22/08/2024 , 06:00:00,2185,2185
1721,22/08/2024 , 07:00:00,2166,2166
1722,22/08/2024 , 08:00:00,2152,2152
1723,22/08/2024 , 09:00:00,2141,2141
1724,22/08/2024 , 10:00:00,2132,2132
1725,22/08/2024 , 11:00:00,2125,2125
1726,22/08/2024 , 12:00:00,2119,2119
1727,22/08/2024 , 13:00:00,2112,2112
1728,22/08/2024 , 14:00:00,2105,2105
1729,22/08/2024 , 15:00:00,2101,2101
1730,22/08/2024 , 16:00:00,2096,2096
1731,22/08/2024 , 17:00:00,2092,2092
1732,22/08/2024 , 18:00:00,2087,2087
1733,22/08/2024 , 19:00:00,2055,2055
1734,22/08/2024 , 20:00:00,2048,2048
1735,22/08/2024 , 21:00:00,2045,2045
1736,22/08/2024 , 22:00:00,1978,1978
1737,22/08/2024 , 23:00:00,1957,1957
1738,22/08/2024 , 23:59:59,1922,1922
1739,23/08/2024 , 01:00:00,1882,1882
1740,23/08/2024 , 02:00:00,1892,1892
1741,23/08/2024 , 03:00:00,1822,1822
1742,23/08/2024 , 04:00:00,1811,1811
1743,23/08/2024 , 05:00:00,1676,1676
1744,23/08/2024 , 06:00:00,2049,2049
1745,23/08/2024 , 07:00:00,2048,2048
1746,23/08/2024 , 08:00:00,2047,2047
1747,23/08/2024 , 09:00:00,2049,2049
1748,23/08/2024 , 10:00:00,2049,2049
1749,23/08/2024 , 11:00:00,2047,2047
1750,23/08/2024 , 12:00:00,2045,2045
1751,23/08/2024 , 13:00:00,2044,2044
1752,23/08/2024 , 14:00:00,2043,2043
1753,23/08/2024 , 15:00:00,2041,2041
1754,23/08/2024 , 16:00:00,2039,2039
1755,23/08/2024 , 17:00:00,2038,2038
1756,23/08/2024 , 18:00:00,2036,2036
1757,23/08/2024 , 19:00:00,2035,2035
1758,23/08/2024 , 20:00:00,2033,2033
1759,23/08/2024 , 21:00:00,2028,2028
1760,23/08/2024 , 22:00:00,2026,2026
1761,23/08/2024 , 23:00:00,2005,2005
1762,23/08/2024 , 23:59:59,1981,1981
1763,24/08/2024 , 01:00:00,1921,1921
1764,24/08/2024 , 02:00:00,1937,1937
1765,24/08/2024 , 03:00:00,1192,1192
1766,24/08/2024 , 04:00:00,1232,1232
1767,24/08/2024 , 05:00:00,1319,1319
1768,24/08/2024 , 06:00:00,1338,1338
1769,24/08/2024 , 07:00:00,1505,1505
1770,24/08/2024 , 08:00:00,2022,2022
1771,24/08/2024 , 09:00:00,2021,2021
1772,24/08/2024 , 10:00:00,2019,2019
1773,24/08/2024 , 11:00:00,2018,2018
1774,24/08/2024 , 12:00:00,2017,2017
1775,24/08/2024 , 13:00:00,2015,2015
1776,24/08/2024 , 14:00:00,2014,2014
1777,24/08/2024 , 15:00:00,2013,2013
1778,24/08/2024 , 16:00:00,2012,2012
1779,24/08/2024 , 17:00:00,2011,2011
1780,24/08/2024 , 18:00:00,2009,2009
1781,24/08/2024 , 19:00:00,2008,2008
1782,24/08/2024 , 20:00:00,2007,2007
1783,24/08/2024 , 21:00:00,2005,2005
1784,24/08/2024 , 22:00:00,2003,2003
1785,24/08/2024 , 23:00:00,2001,2001
1786,24/08/2024 , 23:59:59,2000,2000
1787,25/08/2024 , 01:00:00,1999,1999
1788,25/08/2024 , 02:00:00,1999,1999
1789,25/08/2024 , 03:00:00,1998,1998
1790,25/08/2024 , 04:00:00,1997,1997
1791,25/08/2024 , 05:00:00,1996,1996
1792,25/08/2024 , 06:00:00,1995,1995
1793,25/08/2024 , 07:00:00,1995,1995
1794,25/08/2024 , 08:00:00,1994,1994
1795,25/08/2024 , 09:00:00,1994,1994
1796,25/08/2024 , 10:00:00,1993,1993
1797,25/08/2024 , 11:00:00,1992,1992
1798,25/08/2024 , 12:00:00,1991,1991
1799,25/08/2024 , 13:00:00,1990,1990
1800,25/08/2024 , 14:00:00,1989,1989
1801,25/08/2024 , 15:00:00,1987,1987
1802,25/08/2024 , 16:00:00,1986,1986
1803,25/08/2024 , 17:00:00,1985,1985
1804,25/08/2024 , 18:00:00,1984,1984
1805,25/08/2024 , 19:00:00,1983,1983
1806,25/08/2024 , 20:00:00,1982,1982
1807,25/08/2024 , 21:00:00,1981,1981
1808,25/08/2024 , 22:00:00,1980,1980
1809,25/08/2024 , 23:00:00,1978,1978
1810,25/08/2024 , 23:59:59,1977,1977
1811,26/08/2024 , 01:00:00,1976,1976
1812,26/08/2024 , 02:00:00,1975,1975
1813,26/08/2024 , 03:00:00,1974,1974
1814,26/08/2024 , 04:00:00,1972,1972
1815,26/08/2024 , 05:00:00,1971,1971
1816,26/08/2024 , 06:00:00,1971,1971
1817,26/08/2024 , 07:00:00,1970,1970
1818,26/08/2024 , 08:00:00,1970,1970
1819,26/08/2024 , 09:00:00,1969,1969
1820,26/08/2024 , 10:00:00,1967,1967
1821,26/08/2024 , 11:00:00,1967,1967
1822,26/08/2024 , 12:00:00,1966,1966
1823,26/08/2024 , 13:00:00,1964,1964
1824,26/08/2024 , 14:00:00,1963,1963
1825,26/08/2024 , 15:00:00,1962,1962
1826,26/08/2024 , 16:00:00,1961,1961
1827,26/08/2024 , 17:00:00,1960,1960
1828,26/08/2024 , 18:00:00,1959,1959
1829,26/08/2024 , 19:00:00,1957,1957
1830,26/08/2024 , 20:00:00,1956,1956
1831,26/08/2024 , 21:00:00,1954,1954
1832,26/08/2024 , 22:00:00,1954,1954
1833,26/08/2024 , 23:00:00,1952,1952
1834,26/08/2024 , 23:59:59,1951,1951
1835,27/08/2024 , 01:00:00,1949,1949
1836,27/08/2024 , 02:00:00,1948,1948
1837,27/08/2024 , 03:00:00,1947,1947
1838,27/08/2024 , 04:00:00,1945,1945
1839,27/08/2024 , 05:00:00,1944,1944
1840,27/08/2024 , 06:00:00,1943,1943
1841,27/08/2024 , 07:00:00,1943,1943
1842,27/08/2024 , 08:00:00,1943,1943
1843,27/08/2024 , 09:00:00,1943,1943
1844,27/08/2024 , 10:00:00,1941,1941
1845,27/08/2024 , 11:00:00,1940,1940
1846,27/08/2024 , 12:00:00,1939,1939
1847,27/08/2024 , 13:00:00,1938,1938
1848,27/08/2024 , 14:00:00,1937,1937
1849,27/08/2024 , 15:00:00,1936,1936
1850,27/08/2024 , 16:00:00,1934,1934
1851,27/08/2024 , 17:00:00,1934,1934
1852,27/08/2024 , 18:00:00,1932,1932
1853,27/08/2024 , 19:00:00,1931,1931
1854,27/08/2024 , 20:00:00,1929,1929
1855,27/08/2024 , 21:00:00,1928,1928
1856,27/08/2024 , 22:00:00,1927,1927
1857,27/08/2024 , 23:00:00,1926,1926
1858,27/08/2024 , 23:59:59,1925,1925
1859,28/08/2024 , 01:00:00,1924,1924
1860,28/08/2024 , 02:00:00,1923,1923
1861,28/08/2024 , 03:00:00,1922,1922
1862,28/08/2024 , 04:00:00,1925,1925
1863,28/08/2024 , 05:00:00,1927,1927
1864,28/08/2024 , 06:00:00,1927,1927
1865,28/08/2024 , 07:00:00,1927,1927
1866,28/08/2024 , 08:00:00,1927,1927
1867,28/08/2024 , 09:00:00,1927,1927
1868,28/08/2024 , 10:00:00,1927,1927
1869,28/08/2024 , 11:00:00,1927,1927
1870,28/08/2024 , 12:00:00,1927,1927
1871,28/08/2024 , 13:00:00,1927,1927
1872,28/08/2024 , 14:00:00,1926,1926
1873,28/08/2024 , 15:00:00,1925,1925
1874,28/08/2024 , 16:00:00,1924,1924
1875,28/08/2024 , 17:00:00,1924,1924
1876,28/08/2024 , 18:00:00,1923,1923
1877,28/08/2024 , 19:00:00,1922,1922
1878,28/08/2024 , 20:00:00,1919,1919
1879,28/08/2024 , 21:00:00,1918,1918
1880,28/08/2024 , 22:00:00,1917,1917
1881,28/08/2024 , 23:00:00,1916,1916
1882,28/08/2024 , 23:59:59,1915,1915
1883,29/08/2024 , 01:00:00,1914,1914
1884,29/08/2024 , 02:00:00,1915,1915
1885,29/08/2024 , 03:00:00,1915,1915
1886,29/08/2024 , 04:00:00,1914,1914
1887,29/08/2024 , 05:00:00,1913,1913
1888,29/08/2024 , 06:00:00,1912,1912
1889,29/08/2024 , 07:00:00,1912,1912
1890,29/08/2024 , 08:00:00,1911,1911
1891,29/08/2024 , 09:00:00,1912,1912
1892,29/08/2024 , 10:00:00,1911,1911
1893,29/08/2024 , 11:00:00,1910,1910
1894,29/08/2024 , 12:00:00,1909,1909
1895,29/08/2024 , 13:00:00,1908,1908
1896,29/08/2024 , 14:00:00,1907,1907
1897,29/08/2024 , 15:00:00,1906,1906
1898,29/08/2024 , 16:00:00,1905,1905
1899,29/08/2024 , 17:00:00,1903,1903
1900,29/08/2024 , 18:00:00,1902,1902
1901,29/08/2024 , 19:00:00,1900,1900
1902,29/08/2024 , 20:00:00,1894,1894
1903,29/08/2024 , 21:00:00,1897,1897
1904,29/08/2024 , 22:00:00,1896,1896
1905,29/08/2024 , 23:00:00,1894,1894
1906,29/08/2024 , 23:59:59,1893,1893
1907,30/08/2024 , 01:00:00,1892,1892
1908,30/08/2024 , 02:00:00,1891,1891
1909,30/08/2024 , 03:00:00,1890,1890
1910,30/08/2024 , 04:00:00,1889,1889
1911,30/08/2024 , 05:00:00,1888,1888
1912,30/08/2024 , 06:00:00,1887,1887
1913,30/08/2024 , 07:00:00,1887,1887
1914,30/08/2024 , 08:00:00,1886,1886
1915,30/08/2024 , 09:00:00,1887,1887
1916,30/08/2024 , 10:00:00,1886,1886
1917,30/08/2024 , 11:00:00,1884,1884
1918,30/08/2024 , 12:00:00,1883,1883
1919,30/08/2024 , 13:00:00,1882,1882
1920,30/08/2024 , 14:00:00,1882,1882
1921,30/08/2024 , 15:00:00,1880,1880
1922,30/08/2024 , 16:00:00,1879,1879
1923,30/08/2024 , 17:00:00,1878,1878
1924,30/08/2024 , 18:00:00,1876,1876
1925,30/08/2024 , 19:00:00,1875,1875
1926,30/08/2024 , 20:00:00,1874,1874
1927,30/08/2024 , 21:00:00,1868,1868
1928,30/08/2024 , 22:00:00,1863,1863
1929,30/08/2024 , 23:00:00,1865,1865
1930,30/08/2024 , 23:59:59,1865,1865
1931,31/08/2024 , 01:00:00,1865,1865
1932,31/08/2024 , 02:00:00,1864,1864
1933,31/08/2024 , 03:00:00,1863,1863
1934,31/08/2024 , 04:00:00,1862,1862
1935,31/08/2024 , 05:00:00,1862,1862
1936,31/08/2024 , 06:00:00,1860,1860
1937,31/08/2024 , 07:00:00,1860,1860
1938,31/08/2024 , 08:00:00,1858,1858
1939,31/08/2024 , 09:00:00,1858,1858
1940,31/08/2024 , 10:00:00,1857,1857
1941,31/08/2024 , 11:00:00,1856,1856
1942,31/08/2024 , 12:00:00,1856,1856
1943,31/08/2024 , 13:00:00,1857,1857
1944,31/08/2024 , 14:00:00,1858,1858
1945,31/08/2024 , 15:00:00,1856,1856
1946,31/08/2024 , 16:00:00,1855,1855
1947,31/08/2024 , 17:00:00,1855,1855
1948,31/08/2024 , 18:00:00,1853,1853
1949,31/08/2024 , 19:00:00,1853,1853
1950,31/08/2024 , 20:00:00,1852,1852
1951,31/08/2024 , 21:00:00,1856,1856
1952,31/08/2024 , 22:00:00,1856,1856
1953,31/08/2024 , 23:00:00,1855,1855
1954,31/08/2024 , 23:59:59,1856,1856
1955,01/09/2024 , 01:00:00,1856,1856
1956,01/09/2024 , 02:00:00,1857,1857
1957,01/09/2024 , 03:00:00,1857,1857
1958,01/09/2024 , 04:00:00,1857,1857
1959,01/09/2024 , 05:00:00,1858,1858
1960,01/09/2024 , 06:00:00,1858,1858
1961,01/09/2024 , 07:00:00,1859,1859
1962,01/09/2024 , 08:00:00,1860,1860
1963,01/09/2024 , 09:00:00,1861,1861
1964,01/09/2024 , 10:00:00,1866,1866
1965,01/09/2024 , 11:00:00,1866,1866
1966,01/09/2024 , 12:00:00,1867,1867
1967,01/09/2024 , 13:00:00,1868,1868
1968,01/09/2024 , 14:00:00,1869,1869
1969,01/09/2024 , 15:00:00,1869,1869
1970,01/09/2024 , 16:00:00,1870,1870
1971,01/09/2024 , 17:00:00,1928,1928
1972,01/09/2024 , 18:00:00,2089,2089
1973,01/09/2024 , 19:00:00,2130,2130
1974,01/09/2024 , 20:00:00,2131,2131
1975,01/09/2024 , 21:00:00,2127,2127
1976,01/09/2024 , 22:00:00,2121,2121
1977,01/09/2024 , 23:00:00,2112,2112
1978,01/09/2024 , 23:59:59,2107,2107
1979,02/09/2024 , 01:00:00,2102,2102
1980,02/09/2024 , 02:00:00,2097,2097
1981,02/09/2024 , 03:00:00,2092,2092
1982,02/09/2024 , 04:00:00,2087,2087
1983,02/09/2024 , 05:00:00,2083,2083
1984,02/09/2024 , 06:00:00,2079,2079
1985,02/09/2024 , 07:00:00,2076,2076
1986,02/09/2024 , 08:00:00,2072,2072
1987,02/09/2024 , 09:00:00,2070,2070
1988,02/09/2024 , 10:00:00,2065,2065
1989,02/09/2024 , 11:00:00,2061,2061
1990,02/09/2024 , 12:00:00,2056,2056
1991,02/09/2024 , 13:00:00,2053,2053
1992,02/09/2024 , 14:00:00,2051,2051
1993,02/09/2024 , 15:00:00,2049,2049
1994,02/09/2024 , 16:00:00,2047,2047
1995,02/09/2024 , 17:00:00,2045,2045
1996,02/09/2024 , 18:00:00,2043,2043
1997,02/09/2024 , 19:00:00,2033,2033
1998,02/09/2024 , 20:00:00,2035,2035
1999,02/09/2024 , 21:00:00,2034,2034
2000,02/09/2024 , 22:00:00,2033,2033
2001,02/09/2024 , 23:00:00,2031,2031
2002,02/09/2024 , 23:59:59,2030,2030
2003,03/09/2024 , 01:00:00,2027,2027
2004,03/09/2024 , 02:00:00,2025,2025
2005,03/09/2024 , 03:00:00,2024,2024
2006,03/09/2024 , 04:00:00,2022,2022
2007,03/09/2024 , 05:00:00,2021,2021
2008,03/09/2024 , 06:00:00,2019,2019
2009,03/09/2024 , 07:00:00,2019,2019
2010,03/09/2024 , 08:00:00,2017,2017
2011,03/09/2024 , 09:00:00,2018,2018
2012,03/09/2024 , 10:00:00,2017,2017
2013,03/09/2024 , 11:00:00,2014,2014
2014,03/09/2024 , 12:00:00,2012,2012
2015,03/09/2024 , 13:00:00,2011,2011
2016,03/09/2024 , 14:00:00,2009,2009
2017,03/09/2024 , 15:00:00,2006,2006
2018,03/09/2024 , 16:00:00,2005,2005
2019,03/09/2024 , 17:00:00,2003,2003
2020,03/09/2024 , 18:00:00,2001,2001
2021,03/09/2024 , 19:00:00,2000,2000
2022,03/09/2024 , 20:00:00,1998,1998
2023,03/09/2024 , 21:00:00,1997,1997
2024,03/09/2024 , 22:00:00,1995,1995
2025,03/09/2024 , 23:00:00,1993,1993
2026,03/09/2024 , 23:59:59,1992,1992
2027,04/09/2024 , 01:00:00,1990,1990
2028,04/09/2024 , 02:00:00,1989,1989
2029,04/09/2024 , 03:00:00,1987,1987
2030,04/09/2024 , 04:00:00,1986,1986
2031,04/09/2024 , 05:00:00,1984,1984
2032,04/09/2024 , 06:00:00,1983,1983
2033,04/09/2024 , 07:00:00,1981,1981
2034,04/09/2024 , 08:00:00,1981,1981
2035,04/09/2024 , 09:00:00,1980,1980
2036,04/09/2024 , 10:00:00,1979,1979
2037,04/09/2024 , 11:00:00,1978,1978
2038,04/09/2024 , 12:00:00,1976,1976
2039,04/09/2024 , 13:00:00,1975,1975
2040,04/09/2024 , 14:00:00,1973,1973
2041,04/09/2024 , 15:00:00,1971,1971
2042,04/09/2024 , 16:00:00,1970,1970
2043,04/09/2024 , 17:00:00,1968,1968
2044,04/09/2024 , 18:00:00,1966,1966
2045,04/09/2024 , 19:00:00,1964,1964
2046,04/09/2024 , 20:00:00,1963,1963
2047,04/09/2024 , 21:00:00,1935,1935
2048,04/09/2024 , 22:00:00,1928,1928
2049,04/09/2024 , 23:00:00,1937,1937
2050,04/09/2024 , 23:59:59,1941,1941
2051,05/09/2024 , 01:00:00,1940,1940
2052,05/09/2024 , 02:00:00,1940,1940
2053,05/09/2024 , 03:00:00,1941,1941
2054,05/09/2024 , 04:00:00,1946,1946
2055,05/09/2024 , 05:00:00,1946,1946
2056,05/09/2024 , 06:00:00,1945,1945
2057,05/09/2024 , 07:00:00,1944,1944
2058,05/09/2024 , 08:00:00,1942,1942
2059,05/09/2024 , 09:00:00,1945,1945
2060,05/09/2024 , 10:00:00,1943,1943
2061,05/09/2024 , 11:00:00,1941,1941
2062,05/09/2024 , 12:00:00,1940,1940
2063,05/09/2024 , 13:00:00,1939,1939
2064,05/09/2024 , 14:00:00,1937,1937
2065,05/09/2024 , 15:00:00,1935,1935
2066,05/09/2024 , 16:00:00,1934,1934
2067,05/09/2024 , 17:00:00,1933,1933
2068,05/09/2024 , 18:00:00,1931,1931
2069,05/09/2024 , 19:00:00,1930,1930
2070,05/09/2024 , 20:00:00,1928,1928
2071,05/09/2024 , 21:00:00,1926,1926
2072,05/09/2024 , 22:00:00,1925,1925
2073,05/09/2024 , 23:00:00,1924,1924
2074,05/09/2024 , 23:59:59,1922,1922
2075,06/09/2024 , 01:00:00,1920,1920
2076,06/09/2024 , 02:00:00,1914,1914
2077,06/09/2024 , 03:00:00,1913,1913
2078,06/09/2024 , 04:00:00,1915,1915
2079,06/09/2024 , 05:00:00,1915,1915
2080,06/09/2024 , 06:00:00,1914,1914
2081,06/09/2024 , 07:00:00,1913,1913
2082,06/09/2024 , 08:00:00,1908,1908
2083,06/09/2024 , 09:00:00,1913,1913
2084,06/09/2024 , 10:00:00,1913,1913
2085,06/09/2024 , 11:00:00,1911,1911
2086,06/09/2024 , 12:00:00,1910,1910
2087,06/09/2024 , 13:00:00,1909,1909
2088,06/09/2024 , 14:00:00,1907,1907
2089,06/09/2024 , 15:00:00,1906,1906
2090,06/09/2024 , 16:00:00,1904,1904
2091,06/09/2024 , 17:00:00,1902,1902
2092,06/09/2024 , 18:00:00,1901,1901
2093,06/09/2024 , 19:00:00,1899,1899
2094,06/09/2024 , 20:00:00,1898,1898
2095,06/09/2024 , 21:00:00,1897,1897
2096,06/09/2024 , 22:00:00,1894,1894
2097,06/09/2024 , 23:00:00,1894,1894
2098,06/09/2024 , 23:59:59,1892,1892
2099,07/09/2024 , 01:00:00,1891,1891
2100,07/09/2024 , 02:00:00,1890,1890
2101,07/09/2024 , 03:00:00,1889,1889
2102,07/09/2024 , 04:00:00,1887,1887
2103,07/09/2024 , 05:00:00,1887,1887
2104,07/09/2024 , 06:00:00,1885,1885
2105,07/09/2024 , 07:00:00,1884,1884
2106,07/09/2024 , 08:00:00,1862,1862
2107,07/09/2024 , 09:00:00,1882,1882
2108,07/09/2024 , 10:00:00,1882,1882
2109,07/09/2024 , 11:00:00,1881,1881
2110,07/09/2024 , 12:00:00,1879,1879
2111,07/09/2024 , 13:00:00,1878,1878
2112,07/09/2024 , 14:00:00,1877,1877
2113,07/09/2024 , 15:00:00,1875,1875
2114,07/09/2024 , 16:00:00,1874,1874
2115,07/09/2024 , 17:00:00,1872,1872
2116,07/09/2024 , 18:00:00,1872,1872
2117,07/09/2024 , 19:00:00,1870,1870
2118,07/09/2024 , 20:00:00,1865,1865
2119,07/09/2024 , 21:00:00,1865,1865
2120,07/09/2024 , 22:00:00,1865,1865
2121,07/09/2024 , 23:00:00,1864,1864
2122,07/09/2024 , 23:59:59,1863,1863
2123,08/09/2024 , 01:00:00,1863,1863
2124,08/09/2024 , 02:00:00,1863,1863
2125,08/09/2024 , 03:00:00,1864,1864
2126,08/09/2024 , 04:00:00,1863,1863
2127,08/09/2024 , 05:00:00,1863,1863
2128,08/09/2024 , 06:00:00,1862,1862
2129,08/09/2024 , 07:00:00,1862,1862
2130,08/09/2024 , 08:00:00,1861,1861
2131,08/09/2024 , 09:00:00,1860,1860
2132,08/09/2024 , 10:00:00,1859,1859
2133,08/09/2024 , 11:00:00,1858,1858
2134,08/09/2024 , 12:00:00,1857,1857
2135,08/09/2024 , 13:00:00,1856,1856
2136,08/09/2024 , 14:00:00,1855,1855
2137,08/09/2024 , 15:00:00,1854,1854
2138,08/09/2024 , 16:00:00,1853,1853
2139,08/09/2024 , 17:00:00,1852,1852
2140,08/09/2024 , 18:00:00,1851,1851
2141,08/09/2024 , 19:00:00,1850,1850
2142,08/09/2024 , 20:00:00,1849,1849
2143,08/09/2024 , 21:00:00,1849,1849
2144,08/09/2024 , 22:00:00,1847,1847
2145,08/09/2024 , 23:00:00,1846,1846
2146,08/09/2024 , 23:59:59,1845,1845
2147,09/09/2024 , 01:00:00,1844,1844
2148,09/09/2024 , 02:00:00,1843,1843
2149,09/09/2024 , 03:00:00,1842,1842
2150,09/09/2024 , 04:00:00,1842,1842
2151,09/09/2024 , 05:00:00,1840,1840
2152,09/09/2024 , 06:00:00,1839,1839
2153,09/09/2024 , 07:00:00,1839,1839
2154,09/09/2024 , 08:00:00,1838,1838
2155,09/09/2024 , 09:00:00,1838,1838
2156,09/09/2024 , 10:00:00,1837,1837
2157,09/09/2024 , 11:00:00,307,307
2158,09/09/2024 , 12:00:00,339,339
2159,09/09/2024 , 13:00:00,1660,1660
2160,09/09/2024 , 14:00:00,1499,1499
2161,09/09/2024 , 15:00:00,1411,1411
2162,09/09/2024 , 16:00:00,1481,1481
2163,09/09/2024 , 17:00:00,1803,1803
2164,09/09/2024 , 18:00:00,1830,1830
2165,09/09/2024 , 19:00:00,1830,1830
2166,09/09/2024 , 20:00:00,1828,1828
2167,09/09/2024 , 21:00:00,1827,1827
2168,09/09/2024 , 22:00:00,1826,1826
2169,09/09/2024 , 23:00:00,1826,1826
2170,09/09/2024 , 23:59:59,1824,1824
2171,10/09/2024 , 01:00:00,1823,1823
2172,10/09/2024 , 02:00:00,1822,1822
2173,10/09/2024 , 03:00:00,1821,1821
2174,10/09/2024 , 04:00:00,1821,1821
2175,10/09/2024 , 05:00:00,1820,1820
2176,10/09/2024 , 06:00:00,1819,1819
2177,10/09/2024 , 07:00:00,1818,1818
2178,10/09/2024 , 08:00:00,1817,1817
2179,10/09/2024 , 09:00:00,1817,1817
2180,10/09/2024 , 10:00:00,1817,1817
2181,10/09/2024 , 11:00:00,1815,1815
2182,10/09/2024 , 12:00:00,1814,1814
2183,10/09/2024 , 13:00:00,1814,1814
2184,10/09/2024 , 14:00:00,1813,1813
2185,10/09/2024 , 15:00:00,1812,1812
2186,10/09/2024 , 16:00:00,1811,1811
2187,10/09/2024 , 17:00:00,1810,1810
2188,10/09/2024 , 18:00:00,1809,1809
2189,10/09/2024 , 19:00:00,1808,1808
2190,10/09/2024 , 20:00:00,1807,1807
2191,10/09/2024 , 21:00:00,1806,1806
2192,10/09/2024 , 22:00:00,1805,1805
2193,10/09/2024 , 23:00:00,1804,1804
2194,10/09/2024 , 23:59:59,1803,1803
2195,11/09/2024 , 01:00:00,1803,1803
2196,11/09/2024 , 02:00:00,1802,1802
2197,11/09/2024 , 03:00:00,1801,1801
2198,11/09/2024 , 04:00:00,1800,1800
2199,11/09/2024 , 05:00:00,1799,1799
2200,11/09/2024 , 06:00:00,1799,1799
2201,11/09/2024 , 07:00:00,1798,1798
2202,11/09/2024 , 08:00:00,1798,1798
2203,11/09/2024 , 09:00:00,1797,1797
2204,11/09/2024 , 10:00:00,1797,1797
2205,11/09/2024 , 11:00:00,1796,1796
2206,11/09/2024 , 12:00:00,1795,1795
2207,11/09/2024 , 13:00:00,1795,1795
2208,11/09/2024 , 14:00:00,1794,1794
2209,11/09/2024 , 15:00:00,1793,1793
2210,11/09/2024 , 16:00:00,1792,1792
2211,11/09/2024 , 17:00:00,1791,1791
2212,11/09/2024 , 18:00:00,1790,1790
2213,11/09/2024 , 19:00:00,1790,1790
2214,11/09/2024 , 20:00:00,1789,1789
2215,11/09/2024 , 21:00:00,1787,1787
2216,11/09/2024 , 22:00:00,1787,1787
2217,11/09/2024 , 23:00:00,1786,1786
2218,11/09/2024 , 23:59:59,1785,1785
2219,12/09/2024 , 01:00:00,1784,1784
2220,12/09/2024 , 02:00:00,1783,1783
2221,12/09/2024 , 03:00:00,1782,1782
2222,12/09/2024 , 04:00:00,1781,1781
2223,12/09/2024 , 05:00:00,1780,1780
2224,12/09/2024 , 06:00:00,1780,1780
2225,12/09/2024 , 07:00:00,1778,1778
2226,12/09/2024 , 08:00:00,1777,1777
2227,12/09/2024 , 09:00:00,1776,1776
2228,12/09/2024 , 10:00:00,366,366
2229,12/09/2024 , 11:00:00,332,332
2230,12/09/2024 , 12:00:00,1134,1134
2231,12/09/2024 , 13:00:00,1725,1725
2232,12/09/2024 , 14:00:00,1730,1730
2233,12/09/2024 , 15:00:00,1727,1727
2234,12/09/2024 , 16:00:00,1728,1728
2235,12/09/2024 , 17:00:00,1736,1736
2236,12/09/2024 , 18:00:00,1737,1737
2237,12/09/2024 , 19:00:00,853,853
2238,12/09/2024 , 20:00:00,1449,1449
2239,12/09/2024 , 21:00:00,1692,1692
2240,12/09/2024 , 22:00:00,1701,1701
2241,12/09/2024 , 23:00:00,1729,1729
2242,12/09/2024 , 23:59:59,1711,1711
2243,13/09/2024 , 01:00:00,1728,1728
2244,13/09/2024 , 02:00:00,1727,1727
2245,13/09/2024 , 03:00:00,1731,1731
2246,13/09/2024 , 04:00:00,1742,1742
2247,13/09/2024 , 05:00:00,1740,1740
2248,13/09/2024 , 06:00:00,1738,1738
2249,13/09/2024 , 07:00:00,1729,1729
2250,13/09/2024 , 08:00:00,1601,1601
2251,13/09/2024 , 09:00:00,304,304
2252,13/09/2024 , 10:00:00,1759,1759
2253,13/09/2024 , 11:00:00,1758,1758
2254,13/09/2024 , 12:00:00,1757,1757
2255,13/09/2024 , 13:00:00,1756,1756
2256,13/09/2024 , 14:00:00,1756,1756
2257,13/09/2024 , 15:00:00,1754,1754
2258,13/09/2024 , 16:00:00,1754,1754
2259,13/09/2024 , 17:00:00,1753,1753
2260,13/09/2024 , 18:00:00,1752,1752
2261,13/09/2024 , 19:00:00,1751,1751
2262,13/09/2024 , 20:00:00,1750,1750
2263,13/09/2024 , 21:00:00,1749,1749
2264,13/09/2024 , 22:00:00,1749,1749
2265,13/09/2024 , 23:00:00,1748,1748
2266,13/09/2024 , 23:59:59,1748,1748
2267,14/09/2024 , 01:00:00,1748,1748
2268,14/09/2024 , 02:00:00,1747,1747
2269,14/09/2024 , 03:00:00,1745,1745
2270,14/09/2024 , 04:00:00,1744,1744
2271,14/09/2024 , 05:00:00,1744,1744
2272,14/09/2024 , 06:00:00,1743,1743
2273,14/09/2024 , 07:00:00,1743,1743
2274,14/09/2024 , 08:00:00,1742,1742
2275,14/09/2024 , 09:00:00,1742,1742
2276,14/09/2024 , 10:00:00,1741,1741
2277,14/09/2024 , 11:00:00,1740,1740
2278,14/09/2024 , 12:00:00,1739,1739
2279,14/09/2024 , 13:00:00,1739,1739
2280,14/09/2024 , 14:00:00,1738,1738
2281,14/09/2024 , 15:00:00,1737,1737
2282,14/09/2024 , 16:00:00,1736,1736
2283,14/09/2024 , 17:00:00,1735,1735
2284,14/09/2024 , 18:00:00,1734,1734
2285,14/09/2024 , 19:00:00,1733,1733
2286,14/09/2024 , 20:00:00,1732,1732
2287,14/09/2024 , 21:00:00,1731,1731
2288,14/09/2024 , 22:00:00,1730,1730
2289,14/09/2024 , 23:00:00,1729,1729
2290,14/09/2024 , 23:59:59,1728,1728
2291,15/09/2024 , 01:00:00,1727,1727
2292,15/09/2024 , 02:00:00,1726,1726
2293,15/09/2024 , 03:00:00,1726,1726
2294,15/09/2024 , 04:00:00,1725,1725
2295,15/09/2024 , 05:00:00,1724,1724
2296,15/09/2024 , 06:00:00,1723,1723
2297,15/09/2024 , 07:00:00,1723,1723
2298,15/09/2024 , 08:00:00,1723,1723
2299,15/09/2024 , 09:00:00,1722,1722
2300,15/09/2024 , 10:00:00,1722,1722
2301,15/09/2024 , 11:00:00,1721,1721
2302,15/09/2024 , 12:00:00,1720,1720
2303,15/09/2024 , 13:00:00,1719,1719
2304,15/09/2024 , 14:00:00,1719,1719
2305,15/09/2024 , 15:00:00,1718,1718
2306,15/09/2024 , 16:00:00,1717,1717
2307,15/09/2024 , 17:00:00,1717,1717
2308,15/09/2024 , 18:00:00,1715,1715
2309,15/09/2024 , 19:00:00,1713,1713
2310,15/09/2024 , 20:00:00,1712,1712
2311,15/09/2024 , 21:00:00,1712,1712
2312,15/09/2024 , 22:00:00,1710,1710
2313,15/09/2024 , 23:00:00,1709,1709
2314,15/09/2024 , 23:59:59,1708,1708
2315,16/09/2024 , 01:00:00,1708,1708
2316,16/09/2024 , 02:00:00,1707,1707
2317,16/09/2024 , 03:00:00,1706,1706
2318,16/09/2024 , 04:00:00,1705,1705
2319,16/09/2024 , 05:00:00,1705,1705
2320,16/09/2024 , 06:00:00,1704,1704
2321,16/09/2024 , 07:00:00,1703,1703
2322,16/09/2024 , 08:00:00,1703,1703
2323,16/09/2024 , 09:00:00,1704,1704
2324,16/09/2024 , 10:00:00,1704,1704
2325,16/09/2024 , 11:00:00,1703,1703
2326,16/09/2024 , 12:00:00,1703,1703
2327,16/09/2024 , 13:00:00,1702,1702
2328,16/09/2024 , 14:00:00,1701,1701
2329,16/09/2024 , 15:00:00,1700,1700
2330,16/09/2024 , 16:00:00,1699,1699
2331,16/09/2024 , 17:00:00,1699,1699
2332,16/09/2024 , 18:00:00,1698,1698
2333,16/09/2024 , 19:00:00,1697,1697
2334,16/09/2024 , 20:00:00,1697,1697
2335,16/09/2024 , 21:00:00,1696,1696
2336,16/09/2024 , 22:00:00,1695,1695
2337,16/09/2024 , 23:00:00,1694,1694
2338,16/09/2024 , 23:59:59,1694,1694
2339,17/09/2024 , 01:00:00,1692,1692
2340,17/09/2024 , 02:00:00,1672,1672
2341,17/09/2024 , 03:00:00,1500,1500
2342,17/09/2024 , 04:00:00,1429,1429
2343,17/09/2024 , 05:00:00,1441,1441
2344,17/09/2024 , 06:00:00,1498,1498
2345,17/09/2024 , 07:00:00,1528,1528
2346,17/09/2024 , 08:00:00,1586,1586
2347,17/09/2024 , 09:00:00,1688,1688
2348,17/09/2024 , 10:00:00,1688,1688
2349,17/09/2024 , 11:00:00,1687,1687
2350,17/09/2024 , 12:00:00,1687,1687
2351,17/09/2024 , 13:00:00,1686,1686
2352,17/09/2024 , 14:00:00,1685,1685
2353,17/09/2024 , 15:00:00,1684,1684
2354,17/09/2024 , 16:00:00,1683,1683
2355,17/09/2024 , 17:00:00,1683,1683
2356,17/09/2024 , 18:00:00,1682,1682
2357,17/09/2024 , 19:00:00,1681,1681
2358,17/09/2024 , 20:00:00,1680,1680
2359,17/09/2024 , 21:00:00,1679,1679
2360,17/09/2024 , 22:00:00,1678,1678
2361,17/09/2024 , 23:00:00,1678,1678
2362,17/09/2024 , 23:59:59,1677,1677
2363,18/09/2024 , 01:00:00,1676,1676
2364,18/09/2024 , 02:00:00,1676,1676
2365,18/09/2024 , 03:00:00,1658,1658
2366,18/09/2024 , 04:00:00,1636,1636
2367,18/09/2024 , 05:00:00,1625,1625
2368,18/09/2024 , 06:00:00,1632,1632
2369,18/09/2024 , 07:00:00,1641,1641
2370,18/09/2024 , 08:00:00,1672,1672
2371,18/09/2024 , 09:00:00,1672,1672
2372,18/09/2024 , 10:00:00,1672,1672
2373,18/09/2024 , 11:00:00,1672,1672
2374,18/09/2024 , 12:00:00,1671,1671
2375,18/09/2024 , 13:00:00,1670,1670
2376,18/09/2024 , 14:00:00,1669,1669
2377,18/09/2024 , 15:00:00,1669,1669
2378,18/09/2024 , 16:00:00,1668,1668
2379,18/09/2024 , 17:00:00,1667,1667
2380,18/09/2024 , 18:00:00,1666,1666
2381,18/09/2024 , 19:00:00,1665,1665
2382,18/09/2024 , 20:00:00,1664,1664
2383,18/09/2024 , 21:00:00,1664,1664
2384,18/09/2024 , 22:00:00,1663,1663
2385,18/09/2024 , 23:00:00,1662,1662
2386,18/09/2024 , 23:59:59,1662,1662
2387,19/09/2024 , 01:00:00,1661,1661
2388,19/09/2024 , 02:00:00,1660,1660
2389,19/09/2024 , 03:00:00,1659,1659
2390,19/09/2024 , 04:00:00,1658,1658
2391,19/09/2024 , 05:00:00,1654,1654
2392,19/09/2024 , 06:00:00,1654,1654
2393,19/09/2024 , 07:00:00,1653,1653
2394,19/09/2024 , 08:00:00,1653,1653
2395,19/09/2024 , 09:00:00,1657,1657
2396,19/09/2024 , 10:00:00,1656,1656
2397,19/09/2024 , 11:00:00,1656,1656
2398,19/09/2024 , 12:00:00,1656,1656
2399,19/09/2024 , 13:00:00,1655,1655
2400,19/09/2024 , 14:00:00,1655,1655
2401,19/09/2024 , 15:00:00,1654,1654
2402,19/09/2024 , 16:00:00,1653,1653
2403,19/09/2024 , 17:00:00,1653,1653
2404,19/09/2024 , 18:00:00,1652,1652
2405,19/09/2024 , 19:00:00,1652,1652
2406,19/09/2024 , 20:00:00,1651,1651
2407,19/09/2024 , 21:00:00,1651,1651
2408,19/09/2024 , 22:00:00,1650,1650
2409,19/09/2024 , 23:00:00,867,867
2410,19/09/2024 , 23:59:59,1258,1258
2411,20/09/2024 , 01:00:00,955,955
2412,20/09/2024 , 02:00:00,949,949
2413,20/09/2024 , 03:00:00,959,959
2414,20/09/2024 , 04:00:00,963,963
2415,20/09/2024 , 05:00:00,1049,1049
2416,20/09/2024 , 06:00:00,1196,1196
2417,20/09/2024 , 07:00:00,1159,1159
2418,20/09/2024 , 08:00:00,1110,1110
2419,20/09/2024 , 09:00:00,1116,1116
2420,20/09/2024 , 10:00:00,1278,1278
2421,20/09/2024 , 11:00:00,1322,1322
2422,20/09/2024 , 12:00:00,1588,1588
2423,20/09/2024 , 13:00:00,1592,1592
2424,20/09/2024 , 14:00:00,1585,1585
2425,20/09/2024 , 15:00:00,1618,1618
2426,20/09/2024 , 16:00:00,1610,1610
2427,20/09/2024 , 17:00:00,1569,1569
2428,20/09/2024 , 18:00:00,1572,1572
2429,20/09/2024 , 19:00:00,1587,1587
2430,20/09/2024 , 20:00:00,1283,1283
2431,20/09/2024 , 21:00:00,1056,1056
2432,20/09/2024 , 22:00:00,1123,1123
2433,20/09/2024 , 23:00:00,1246,1246
2434,20/09/2024 , 23:59:59,1413,1413
2435,21/09/2024 , 01:00:00,1417,1417
2436,21/09/2024 , 02:00:00,1442,1442
2437,21/09/2024 , 03:00:00,1619,1619
2438,21/09/2024 , 04:00:00,1640,1640
2439,21/09/2024 , 05:00:00,1641,1641
2440,21/09/2024 , 06:00:00,1640,1640
2441,21/09/2024 , 07:00:00,1640,1640
2442,21/09/2024 , 08:00:00,1439,1439
2443,21/09/2024 , 09:00:00,1447,1447
2444,21/09/2024 , 10:00:00,1599,1599
2445,21/09/2024 , 11:00:00,1624,1624
2446,21/09/2024 , 12:00:00,1601,1601
2447,21/09/2024 , 13:00:00,1613,1613
2448,21/09/2024 , 14:00:00,1610,1610
2449,21/09/2024 , 15:00:00,1618,1618
2450,21/09/2024 , 16:00:00,1620,1620
2451,21/09/2024 , 17:00:00,1635,1635
2452,21/09/2024 , 18:00:00,1633,1633
2453,21/09/2024 , 19:00:00,1613,1613
2454,21/09/2024 , 20:00:00,1612,1612
2455,21/09/2024 , 21:00:00,1613,1613
2456,21/09/2024 , 22:00:00,1605,1605
2457,21/09/2024 , 23:00:00,1600,1600
2458,21/09/2024 , 23:59:59,1586,1586
2459,22/09/2024 , 01:00:00,1589,1589
2460,22/09/2024 , 02:00:00,1599,1599
2461,22/09/2024 , 03:00:00,1601,1601
2462,22/09/2024 , 04:00:00,1604,1604
2463,22/09/2024 , 05:00:00,1606,1606
2464,22/09/2024 , 06:00:00,1631,1631
2465,22/09/2024 , 07:00:00,1632,1632
2466,22/09/2024 , 08:00:00,1630,1630
2467,22/09/2024 , 09:00:00,1595,1595
2468,22/09/2024 , 10:00:00,1604,1604
2469,22/09/2024 , 11:00:00,1602,1602
2470,22/09/2024 , 12:00:00,1596,1596
2471,22/09/2024 , 13:00:00,1602,1602
2472,22/09/2024 , 14:00:00,1598,1598
2473,22/09/2024 , 15:00:00,1598,1598
2474,22/09/2024 , 16:00:00,1601,1601
2475,22/09/2024 , 17:00:00,1596,1596
2476,22/09/2024 , 18:00:00,1593,1593
2477,22/09/2024 , 19:00:00,1590,1590
2478,22/09/2024 , 20:00:00,1588,1588
2479,22/09/2024 , 21:00:00,1592,1592
2480,22/09/2024 , 22:00:00,1576,1576
2481,22/09/2024 , 23:00:00,1577,1577
2482,22/09/2024 , 23:59:59,1572,1572
2483,23/09/2024 , 01:00:00,1573,1573
2484,23/09/2024 , 02:00:00,1574,1574
2485,23/09/2024 , 03:00:00,1585,1585
2486,23/09/2024 , 04:00:00,1577,1577
2487,23/09/2024 , 05:00:00,1576,1576
2488,23/09/2024 , 06:00:00,1576,1576
2489,23/09/2024 , 07:00:00,1571,1571
2490,23/09/2024 , 08:00:00,1576,1576
2491,23/09/2024 , 09:00:00,1578,1578
2492,23/09/2024 , 10:00:00,1609,1609
2493,23/09/2024 , 11:00:00,1570,1570
2494,23/09/2024 , 12:00:00,1576,1576
2495,23/09/2024 , 13:00:00,1585,1585
2496,23/09/2024 , 14:00:00,1581,1581
2497,23/09/2024 , 15:00:00,1582,1582
2498,23/09/2024 , 16:00:00,1586,1586
2499,23/09/2024 , 17:00:00,1571,1571
2500,23/09/2024 , 18:00:00,1580,1580
2501,23/09/2024 , 19:00:00,1580,1580
2502,23/09/2024 , 20:00:00,1580,1580
2503,23/09/2024 , 21:00:00,1585,1585
2504,23/09/2024 , 22:00:00,1584,1584
2505,23/09/2024 , 23:00:00,1584,1584
2506,23/09/2024 , 23:59:59,1579,1579
2507,24/09/2024 , 01:00:00,1580,1580
2508,24/09/2024 , 02:00:00,1579,1579
2509,24/09/2024 , 03:00:00,1578,1578
2510,24/09/2024 , 04:00:00,1578,1578
2511,24/09/2024 , 05:00:00,1576,1576
2512,24/09/2024 , 06:00:00,1577,1577
2513,24/09/2024 , 07:00:00,1577,1577
2514,24/09/2024 , 08:00:00,1583,1583
2515,24/09/2024 , 09:00:00,1576,1576
2516,24/09/2024 , 10:00:00,1578,1578
2517,24/09/2024 , 11:00:00,1592,1592
2518,24/09/2024 , 12:00:00,1592,1592
2519,24/09/2024 , 13:00:00,1591,1591
2520,24/09/2024 , 14:00:00,1565,1565
2521,24/09/2024 , 15:00:00,1559,1559
2522,24/09/2024 , 16:00:00,1559,1559
2523,24/09/2024 , 17:00:00,1559,1559
2524,24/09/2024 , 18:00:00,1555,1555
2525,24/09/2024 , 19:00:00,1554,1554
2526,24/09/2024 , 20:00:00,1553,1553
2527,24/09/2024 , 21:00:00,1554,1554
2528,24/09/2024 , 22:00:00,1555,1555
2529,24/09/2024 , 23:00:00,1554,1554
2530,24/09/2024 , 23:59:59,1555,1555
2531,25/09/2024 , 01:00:00,1555,1555
2532,25/09/2024 , 02:00:00,1552,1552
2533,25/09/2024 , 03:00:00,1555,1555
2534,25/09/2024 , 04:00:00,1554,1554
2535,25/09/2024 , 05:00:00,1559,1559
2536,25/09/2024 , 06:00:00,1558,1558
2537,25/09/2024 , 07:00:00,1559,1559
2538,25/09/2024 , 08:00:00,1555,1555
2539,25/09/2024 , 09:00:00,1555,1555
2540,25/09/2024 , 10:00:00,1553,1553
2541,25/09/2024 , 11:00:00,1553,1553
2542,25/09/2024 , 12:00:00,1553,1553
2543,25/09/2024 , 13:00:00,1555,1555
2544,25/09/2024 , 14:00:00,1555,1555
2545,25/09/2024 , 15:00:00,1573,1573
2546,25/09/2024 , 16:00:00,1553,1553
2547,25/09/2024 , 17:00:00,1551,1551
2548,25/09/2024 , 18:00:00,1551,1551
2549,25/09/2024 , 19:00:00,1550,1550
2550,25/09/2024 , 20:00:00,1544,1544
2551,25/09/2024 , 21:00:00,1546,1546
2552,25/09/2024 , 22:00:00,1545,1545
2553,25/09/2024 , 23:00:00,1547,1547
2554,25/09/2024 , 23:59:59,1576,1576
2555,26/09/2024 , 01:00:00,1589,1589
2556,26/09/2024 , 02:00:00,1591,1591
2557,26/09/2024 , 03:00:00,1586,1586
2558,26/09/2024 , 04:00:00,1586,1586
2559,26/09/2024 , 05:00:00,1583,1583
2560,26/09/2024 , 06:00:00,1582,1582
2561,26/09/2024 , 07:00:00,1572,1572
2562,26/09/2024 , 08:00:00,1598,1598
2563,26/09/2024 , 09:00:00,1608,1608
2564,26/09/2024 , 10:00:00,1607,1607
2565,26/09/2024 , 11:00:00,1610,1610
2566,26/09/2024 , 12:00:00,1611,1611
2567,26/09/2024 , 13:00:00,1625,1625
2568,26/09/2024 , 14:00:00,1641,1641
2569,26/09/2024 , 15:00:00,1654,1654
2570,26/09/2024 , 16:00:00,1675,1675
2571,26/09/2024 , 17:00:00,1708,1708
2572,26/09/2024 , 18:00:00,1760,1760
2573,26/09/2024 , 19:00:00,1805,1805
2574,26/09/2024 , 20:00:00,1846,1846
2575,26/09/2024 , 21:00:00,1874,1874
2576,26/09/2024 , 22:00:00,1902,1902
2577,26/09/2024 , 23:00:00,1921,1921
2578,26/09/2024 , 23:59:59,1938,1938
2579,27/09/2024 , 01:00:00,1952,1952
2580,27/09/2024 , 02:00:00,1968,1968
2581,27/09/2024 , 03:00:00,1983,1983
2582,27/09/2024 , 04:00:00,1993,1993
2583,27/09/2024 , 05:00:00,1999,1999
2584,27/09/2024 , 06:00:00,2004,2004
2585,27/09/2024 , 07:00:00,2008,2008
2586,27/09/2024 , 08:00:00,2014,2014
2587,27/09/2024 , 09:00:00,2017,2017
2588,27/09/2024 , 10:00:00,2019,2019
2589,27/09/2024 , 11:00:00,2020,2020
2590,27/09/2024 , 12:00:00,2020,2020
2591,27/09/2024 , 13:00:00,2020,2020
2592,27/09/2024 , 14:00:00,2020,2020
2593,27/09/2024 , 15:00:00,2019,2019
2594,27/09/2024 , 16:00:00,2019,2019
2595,27/09/2024 , 17:00:00,2018,2018
2596,27/09/2024 , 18:00:00,1992,1992
2597,27/09/2024 , 19:00:00,1994,1994
2598,27/09/2024 , 20:00:00,1995,1995
2599,27/09/2024 , 21:00:00,1994,1994
2600,27/09/2024 , 22:00:00,1992,1992
2601,27/09/2024 , 23:00:00,1992,1992
2602,27/09/2024 , 23:59:59,1991,1991
2603,28/09/2024 , 01:00:00,1987,1987
2604,28/09/2024 , 02:00:00,1985,1985
2605,28/09/2024 , 03:00:00,1983,1983
2606,28/09/2024 , 04:00:00,1982,1982
2607,28/09/2024 , 05:00:00,1980,1980
2608,28/09/2024 , 06:00:00,1980,1980
2609,28/09/2024 , 07:00:00,1979,1979
2610,28/09/2024 , 08:00:00,1977,1977
2611,28/09/2024 , 09:00:00,1981,1981
2612,28/09/2024 , 10:00:00,1982,1982
2613,28/09/2024 , 11:00:00,1981,1981
2614,28/09/2024 , 12:00:00,1981,1981
2615,28/09/2024 , 13:00:00,1983,1983
2616,28/09/2024 , 14:00:00,1982,1982
2617,28/09/2024 , 15:00:00,1981,1981
2618,28/09/2024 , 16:00:00,1980,1980
2619,28/09/2024 , 17:00:00,1979,1979
2620,28/09/2024 , 18:00:00,1977,1977
2621,28/09/2024 , 19:00:00,1975,1975
2622,28/09/2024 , 20:00:00,1974,1974
2623,28/09/2024 , 21:00:00,1971,1971
2624,28/09/2024 , 22:00:00,1971,1971
2625,28/09/2024 , 23:00:00,1969,1969
2626,28/09/2024 , 23:59:59,1969,1969
2627,29/09/2024 , 01:00:00,1966,1966
2628,29/09/2024 , 02:00:00,1965,1965
2629,29/09/2024 , 03:00:00,1963,1963
2630,29/09/2024 , 04:00:00,1961,1961
2631,29/09/2024 , 05:00:00,1959,1959
2632,29/09/2024 , 06:00:00,1957,1957
2633,29/09/2024 , 07:00:00,1955,1955
2634,29/09/2024 , 08:00:00,1955,1955
2635,29/09/2024 , 09:00:00,1957,1957
2636,29/09/2024 , 10:00:00,1972,1972
2637,29/09/2024 , 11:00:00,1971,1971
2638,29/09/2024 , 12:00:00,1969,1969
2639,29/09/2024 , 13:00:00,1968,1968
2640,29/09/2024 , 14:00:00,1967,1967
2641,29/09/2024 , 15:00:00,1964,1964
2642,29/09/2024 , 16:00:00,1963,1963
2643,29/09/2024 , 17:00:00,1961,1961
2644,29/09/2024 , 18:00:00,1960,1960
2645,29/09/2024 , 19:00:00,1958,1958
2646,29/09/2024 , 20:00:00,1957,1957
2647,29/09/2024 , 21:00:00,1956,1956
2648,29/09/2024 , 22:00:00,1954,1954
2649,29/09/2024 , 23:00:00,1952,1952
2650,29/09/2024 , 23:59:59,1951,1951
2651,30/09/2024 , 01:00:00,1950,1950
2652,30/09/2024 , 02:00:00,1948,1948
2653,30/09/2024 , 03:00:00,1946,1946
2654,30/09/2024 , 04:00:00,1945,1945
2655,30/09/2024 , 05:00:00,1944,1944
2656,30/09/2024 , 06:00:00,1942,1942
2657,30/09/2024 , 07:00:00,1940,1940
2658,30/09/2024 , 08:00:00,1940,1940
2659,30/09/2024 , 09:00:00,1939,1939
2660,30/09/2024 , 10:00:00,1938,1938
2661,30/09/2024 , 11:00:00,1937,1937
2662,30/09/2024 , 12:00:00,1934,1934
2663,30/09/2024 , 13:00:00,1933,1933
2664,30/09/2024 , 14:00:00,1932,1932
2665,30/09/2024 , 15:00:00,1930,1930
2666,30/09/2024 , 16:00:00,1928,1928
2667,30/09/2024 , 17:00:00,1927,1927
2668,30/09/2024 , 18:00:00,1925,1925
2669,30/09/2024 , 19:00:00,1924,1924
2670,30/09/2024 , 20:00:00,1922,1922
2671,30/09/2024 , 21:00:00,1921,1921
2672,30/09/2024 , 22:00:00,1919,1919
2673,30/09/2024 , 23:00:00,1918,1918
2674,30/09/2024 , 23:59:59,1917,1917
2675,01/10/2024 , 01:00:00,1915,1915
2676,01/10/2024 , 02:00:00,1913,1913
2677,01/10/2024 , 03:00:00,1912,1912
2678,01/10/2024 , 04:00:00,1911,1911
2679,01/10/2024 , 05:00:00,1910,1910
2680,01/10/2024 , 06:00:00,1909,1909
2681,01/10/2024 , 07:00:00,1907,1907
2682,01/10/2024 , 08:00:00,1906,1906
2683,01/10/2024 , 09:00:00,1906,1906
2684,01/10/2024 , 10:00:00,1905,1905
2685,01/10/2024 , 11:00:00,1903,1903
2686,01/10/2024 , 12:00:00,1902,1902
2687,01/10/2024 , 13:00:00,1900,1900
2688,01/10/2024 , 14:00:00,1899,1899
2689,01/10/2024 , 15:00:00,1897,1897
2690,01/10/2024 , 16:00:00,1897,1897
2691,01/10/2024 , 17:00:00,1896,1896
2692,01/10/2024 , 18:00:00,1894,1894
2693,01/10/2024 , 19:00:00,1892,1892
2694,01/10/2024 , 20:00:00,1892,1892
2695,01/10/2024 , 21:00:00,1890,1890
2696,01/10/2024 , 22:00:00,1889,1889
2697,01/10/2024 , 23:00:00,1888,1888
2698,01/10/2024 , 23:59:59,1887,1887
2699,02/10/2024 , 01:00:00,1886,1886
2700,02/10/2024 , 02:00:00,1885,1885
2701,02/10/2024 , 03:00:00,1883,1883
2702,02/10/2024 , 04:00:00,1882,1882
2703,02/10/2024 , 05:00:00,1882,1882
2704,02/10/2024 , 06:00:00,1880,1880
2705,02/10/2024 , 07:00:00,1879,1879
2706,02/10/2024 , 08:00:00,1878,1878
2707,02/10/2024 , 09:00:00,1878,1878
2708,02/10/2024 , 10:00:00,1876,1876
2709,02/10/2024 , 11:00:00,1875,1875
2710,02/10/2024 , 12:00:00,1874,1874
2711,02/10/2024 , 13:00:00,1873,1873
2712,02/10/2024 , 14:00:00,1872,1872
2713,02/10/2024 , 15:00:00,1871,1871
2714,02/10/2024 , 16:00:00,1870,1870
2715,02/10/2024 , 17:00:00,1869,1869
2716,02/10/2024 , 18:00:00,1868,1868
2717,02/10/2024 , 19:00:00,1866,1866
2718,02/10/2024 , 20:00:00,1866,1866
2719,02/10/2024 , 21:00:00,1865,1865
2720,02/10/2024 , 22:00:00,1863,1863
2721,02/10/2024 , 23:00:00,1863,1863
2722,02/10/2024 , 23:59:59,1862,1862
2723,03/10/2024 , 01:00:00,1861,1861
2724,03/10/2024 , 02:00:00,1860,1860
2725,03/10/2024 , 03:00:00,1859,1859
2726,03/10/2024 , 04:00:00,1858,1858
2727,03/10/2024 , 05:00:00,1857,1857
2728,03/10/2024 , 06:00:00,1856,1856
2729,03/10/2024 , 07:00:00,1855,1855
2730,03/10/2024 , 08:00:00,1854,1854
2731,03/10/2024 , 09:00:00,1854,1854
2732,03/10/2024 , 10:00:00,1853,1853
2733,03/10/2024 , 11:00:00,1852,1852
2734,03/10/2024 , 12:00:00,1851,1851
2735,03/10/2024 , 13:00:00,1850,1850
2736,03/10/2024 , 14:00:00,1849,1849
2737,03/10/2024 , 15:00:00,1848,1848
2738,03/10/2024 , 16:00:00,1847,1847
2739,03/10/2024 , 17:00:00,1846,1846
2740,03/10/2024 , 18:00:00,1845,1845
2741,03/10/2024 , 19:00:00,1844,1844
2742,03/10/2024 , 20:00:00,1842,1842
2743,03/10/2024 , 21:00:00,1841,1841
2744,03/10/2024 , 22:00:00,1840,1840
2745,03/10/2024 , 23:00:00,1839,1839
2746,03/10/2024 , 23:59:59,1838,1838
2747,04/10/2024 , 01:00:00,1838,1838
2748,04/10/2024 , 02:00:00,1837,1837
2749,04/10/2024 , 03:00:00,1836,1836
2750,04/10/2024 , 04:00:00,1835,1835
2751,04/10/2024 , 05:00:00,1834,1834
2752,04/10/2024 , 06:00:00,1833,1833
2753,04/10/2024 , 07:00:00,1832,1832
2754,04/10/2024 , 08:00:00,1832,1832
2755,04/10/2024 , 09:00:00,1831,1831
2756,04/10/2024 , 10:00:00,1832,1832
2757,04/10/2024 , 11:00:00,1830,1830
2758,04/10/2024 , 12:00:00,1829,1829
2759,04/10/2024 , 13:00:00,1829,1829
2760,04/10/2024 , 14:00:00,1828,1828
2761,04/10/2024 , 15:00:00,1827,1827
2762,04/10/2024 , 16:00:00,1826,1826
2763,04/10/2024 , 17:00:00,1825,1825
2764,04/10/2024 , 18:00:00,1824,1824
2765,04/10/2024 , 19:00:00,1823,1823
2766,04/10/2024 , 20:00:00,1822,1822
2767,04/10/2024 , 21:00:00,1821,1821
2768,04/10/2024 , 22:00:00,1821,1821
2769,04/10/2024 , 23:00:00,1819,1819
2770,04/10/2024 , 23:59:59,1819,1819
2771,05/10/2024 , 01:00:00,1818,1818
2772,05/10/2024 , 02:00:00,1817,1817
2773,05/10/2024 , 03:00:00,1816,1816
2774,05/10/2024 , 04:00:00,1816,1816
2775,05/10/2024 , 05:00:00,1817,1817
2776,05/10/2024 , 06:00:00,1818,1818
2777,05/10/2024 , 07:00:00,1819,1819
2778,05/10/2024 , 08:00:00,1818,1818
2779,05/10/2024 , 09:00:00,1818,1818
2780,05/10/2024 , 10:00:00,1817,1817
2781,05/10/2024 , 11:00:00,1817,1817
2782,05/10/2024 , 12:00:00,1816,1816
2783,05/10/2024 , 13:00:00,1816,1816
2784,05/10/2024 , 14:00:00,1815,1815
2785,05/10/2024 , 15:00:00,1814,1814
2786,05/10/2024 , 16:00:00,1813,1813
2787,05/10/2024 , 17:00:00,1812,1812
2788,05/10/2024 , 18:00:00,1811,1811
2789,05/10/2024 , 19:00:00,1810,1810
2790,05/10/2024 , 20:00:00,1809,1809
2791,05/10/2024 , 21:00:00,1809,1809
2792,05/10/2024 , 22:00:00,1808,1808
2793,05/10/2024 , 23:00:00,1807,1807
2794,05/10/2024 , 23:59:59,1806,1806
2795,06/10/2024 , 01:00:00,1806,1806
2796,06/10/2024 , 02:00:00,1805,1805
2797,06/10/2024 , 03:00:00,1804,1804
2798,06/10/2024 , 04:00:00,1804,1804
2799,06/10/2024 , 05:00:00,1804,1804
2800,06/10/2024 , 06:00:00,1803,1803
2801,06/10/2024 , 07:00:00,1802,1802
2802,06/10/2024 , 08:00:00,1801,1801
2803,06/10/2024 , 09:00:00,1801,1801
2804,06/10/2024 , 10:00:00,1800,1800
2805,06/10/2024 , 11:00:00,1799,1799
2806,06/10/2024 , 12:00:00,1799,1799
2807,06/10/2024 , 13:00:00,1799,1799
2808,06/10/2024 , 14:00:00,1798,1798
2809,06/10/2024 , 15:00:00,1797,1797
2810,06/10/2024 , 16:00:00,1796,1796
2811,06/10/2024 , 17:00:00,1796,1796
2812,06/10/2024 , 18:00:00,1795,1795
2813,06/10/2024 , 19:00:00,1794,1794
2814,06/10/2024 , 20:00:00,1794,1794
2815,06/10/2024 , 21:00:00,1794,1794
2816,06/10/2024 , 22:00:00,1793,1793
2817,06/10/2024 , 23:00:00,1792,1792
2818,06/10/2024 , 23:59:59,1792,1792
2819,07/10/2024 , 01:00:00,1791,1791
2820,07/10/2024 , 02:00:00,1791,1791
2821,07/10/2024 , 03:00:00,1791,1791
2822,07/10/2024 , 04:00:00,1790,1790
2823,07/10/2024 , 05:00:00,1791,1791
2824,07/10/2024 , 06:00:00,1793,1793
2825,07/10/2024 , 07:00:00,1794,1794
2826,07/10/2024 , 08:00:00,1794,1794
2827,07/10/2024 , 09:00:00,1795,1795
2828,07/10/2024 , 10:00:00,1795,1795
2829,07/10/2024 , 11:00:00,1796,1796
2830,07/10/2024 , 12:00:00,1797,1797
2831,07/10/2024 , 13:00:00,1797,1797
2832,07/10/2024 , 14:00:00,1798,1798
2833,07/10/2024 , 15:00:00,1799,1799
2834,07/10/2024 , 16:00:00,1801,1801
2835,07/10/2024 , 17:00:00,1802,1802
2836,07/10/2024 , 18:00:00,1803,1803
2837,07/10/2024 , 19:00:00,1804,1804
2838,07/10/2024 , 20:00:00,1806,1806
2839,07/10/2024 , 21:00:00,1807,1807
2840,07/10/2024 , 22:00:00,1808,1808
2841,07/10/2024 , 23:00:00,1809,1809
2842,07/10/2024 , 23:59:59,1811,1811
2843,08/10/2024 , 01:00:00,1812,1812
2844,08/10/2024 , 02:00:00,1814,1814
2845,08/10/2024 , 03:00:00,1815,1815
2846,08/10/2024 , 04:00:00,1817,1817
2847,08/10/2024 , 05:00:00,1818,1818
2848,08/10/2024 , 06:00:00,1820,1820
2849,08/10/2024 , 07:00:00,1822,1822
2850,08/10/2024 , 08:00:00,1824,1824
2851,08/10/2024 , 09:00:00,1827,1827
2852,08/10/2024 , 10:00:00,1829,1829
2853,08/10/2024 , 11:00:00,1831,1831
2854,08/10/2024 , 12:00:00,1831,1831
2855,08/10/2024 , 13:00:00,1833,1833
2856,08/10/2024 , 14:00:00,1834,1834
2857,08/10/2024 , 15:00:00,1835,1835
2858,08/10/2024 , 16:00:00,1836,1836
2859,08/10/2024 , 17:00:00,1837,1837
2860,08/10/2024 , 18:00:00,1838,1838
2861,08/10/2024 , 19:00:00,1839,1839
2862,08/10/2024 , 20:00:00,1840,1840
2863,08/10/2024 , 21:00:00,1841,1841
2864,08/10/2024 , 22:00:00,1842,1842
2865,08/10/2024 , 23:00:00,1843,1843
2866,08/10/2024 , 23:59:59,1844,1844
2867,09/10/2024 , 01:00:00,1845,1845
2868,09/10/2024 , 02:00:00,1846,1846
2869,09/10/2024 , 03:00:00,1847,1847
2870,09/10/2024 , 04:00:00,1847,1847
2871,09/10/2024 , 05:00:00,1848,1848
2872,09/10/2024 , 06:00:00,1849,1849
2873,09/10/2024 , 07:00:00,1850,1850
2874,09/10/2024 , 08:00:00,1851,1851
2875,09/10/2024 , 09:00:00,1852,1852
2876,09/10/2024 , 10:00:00,1851,1851
2877,09/10/2024 , 11:00:00,1854,1854
2878,09/10/2024 , 12:00:00,1851,1851
2879,09/10/2024 , 13:00:00,1855,1855
2880,09/10/2024 , 14:00:00,1852,1852
2881,09/10/2024 , 15:00:00,1853,1853
2882,09/10/2024 , 16:00:00,1852,1852
2883,09/10/2024 , 17:00:00,1853,1853
2884,09/10/2024 , 18:00:00,1853,1853
2885,09/10/2024 , 19:00:00,1854,1854
2886,09/10/2024 , 20:00:00,1854,1854
2887,09/10/2024 , 21:00:00,1854,1854
2888,09/10/2024 , 22:00:00,1854,1854
2889,09/10/2024 , 23:00:00,1854,1854
2890,09/10/2024 , 23:59:59,1855,1855
2891,10/10/2024 , 01:00:00,1855,1855
2892,10/10/2024 , 02:00:00,1855,1855
2893,10/10/2024 , 03:00:00,1855,1855
2894,10/10/2024 , 04:00:00,1855,1855
2895,10/10/2024 , 05:00:00,1855,1855
2896,10/10/2024 , 06:00:00,1854,1854
2897,10/10/2024 , 07:00:00,1854,1854
2898,10/10/2024 , 08:00:00,1854,1854
2899,10/10/2024 , 09:00:00,1854,1854
2900,10/10/2024 , 10:00:00,1854,1854
2901,10/10/2024 , 11:00:00,1854,1854
2902,10/10/2024 , 12:00:00,1853,1853
2903,10/10/2024 , 13:00:00,1853,1853
2904,10/10/2024 , 14:00:00,1852,1852
2905,10/10/2024 , 15:00:00,1852,1852
2906,10/10/2024 , 16:00:00,1851,1851
2907,10/10/2024 , 17:00:00,1851,1851
2908,10/10/2024 , 18:00:00,1851,1851
2909,10/10/2024 , 19:00:00,1850,1850
2910,10/10/2024 , 20:00:00,1849,1849
2911,10/10/2024 , 21:00:00,1849,1849
2912,10/10/2024 , 22:00:00,1848,1848
2913,10/10/2024 , 23:00:00,1848,1848
2914,10/10/2024 , 23:59:59,1847,1847
2915,11/10/2024 , 01:00:00,1847,1847
2916,11/10/2024 , 02:00:00,1846,1846
2917,11/10/2024 , 03:00:00,1846,1846
2918,11/10/2024 , 04:00:00,1845,1845
2919,11/10/2024 , 05:00:00,1844,1844
2920,11/10/2024 , 06:00:00,1844,1844
2921,11/10/2024 , 07:00:00,1843,1843
2922,11/10/2024 , 08:00:00,1843,1843
2923,11/10/2024 , 09:00:00,1843,1843
2924,11/10/2024 , 10:00:00,1842,1842
2925,11/10/2024 , 11:00:00,1842,1842
2926,11/10/2024 , 12:00:00,1841,1841
2927,11/10/2024 , 13:00:00,1841,1841
2928,11/10/2024 , 14:00:00,1840,1840
2929,11/10/2024 , 15:00:00,1840,1840
2930,11/10/2024 , 16:00:00,1839,1839
2931,11/10/2024 , 17:00:00,1839,1839
2932,11/10/2024 , 18:00:00,1838,1838
2933,11/10/2024 , 19:00:00,1838,1838
2934,11/10/2024 , 20:00:00,1837,1837
2935,11/10/2024 , 21:00:00,1836,1836
2936,11/10/2024 , 22:00:00,1836,1836
2937,11/10/2024 , 23:00:00,1836,1836
2938,11/10/2024 , 23:59:59,1836,1836
2939,12/10/2024 , 01:00:00,1835,1835
2940,12/10/2024 , 02:00:00,1838,1838
2941,12/10/2024 , 03:00:00,1840,1840
2942,12/10/2024 , 04:00:00,1841,1841
2943,12/10/2024 , 05:00:00,1843,1843
2944,12/10/2024 , 06:00:00,1848,1848
2945,12/10/2024 , 07:00:00,1855,1855
2946,12/10/2024 , 08:00:00,1867,1867
2947,12/10/2024 , 09:00:00,1880,1880
2948,12/10/2024 , 10:00:00,1893,1893
2949,12/10/2024 , 11:00:00,1905,1905
2950,12/10/2024 , 12:00:00,1918,1918
2951,12/10/2024 , 13:00:00,1932,1932
2952,12/10/2024 , 14:00:00,1941,1941
2953,12/10/2024 , 15:00:00,1953,1953
2954,12/10/2024 , 16:00:00,1962,1962
2955,12/10/2024 , 17:00:00,1970,1970
2956,12/10/2024 , 18:00:00,1978,1978
2957,12/10/2024 , 19:00:00,1985,1985
2958,12/10/2024 , 20:00:00,1991,1991
2959,12/10/2024 , 21:00:00,1995,1995
2960,12/10/2024 , 22:00:00,1999,1999
2961,12/10/2024 , 23:00:00,2001,2001
2962,12/10/2024 , 23:59:59,2004,2004
2963,13/10/2024 , 01:00:00,2004,2004
2964,13/10/2024 , 02:00:00,2004,2004
2965,13/10/2024 , 03:00:00,2005,2005
2966,13/10/2024 , 04:00:00,2005,2005
2967,13/10/2024 , 05:00:00,2004,2004
2968,13/10/2024 , 06:00:00,2004,2004
2969,13/10/2024 , 07:00:00,2004,2004
2970,13/10/2024 , 08:00:00,2005,2005
2971,13/10/2024 , 09:00:00,2007,2007
2972,13/10/2024 , 10:00:00,2008,2008
2973,13/10/2024 , 11:00:00,2008,2008
2974,13/10/2024 , 12:00:00,2008,2008
2975,13/10/2024 , 13:00:00,2007,2007
2976,13/10/2024 , 14:00:00,2007,2007
2977,13/10/2024 , 15:00:00,2005,2005
2978,13/10/2024 , 16:00:00,2004,2004
2979,13/10/2024 , 17:00:00,2003,2003
2980,13/10/2024 , 18:00:00,2002,2002
2981,13/10/2024 , 19:00:00,2001,2001
2982,13/10/2024 , 20:00:00,1999,1999
2983,13/10/2024 , 21:00:00,1998,1998
2984,13/10/2024 , 22:00:00,1997,1997
2985,13/10/2024 , 23:00:00,1996,1996
2986,13/10/2024 , 23:59:59,1995,1995
2987,14/10/2024 , 01:00:00,1995,1995
2988,14/10/2024 , 02:00:00,1995,1995
2989,14/10/2024 , 03:00:00,1995,1995
2990,14/10/2024 , 04:00:00,1994,1994
2991,14/10/2024 , 05:00:00,1993,1993
2992,14/10/2024 , 06:00:00,1992,1992
2993,14/10/2024 , 07:00:00,1990,1990
2994,14/10/2024 , 08:00:00,1990,1990
2995,14/10/2024 , 09:00:00,1989,1989
2996,14/10/2024 , 10:00:00,1989,1989
2997,14/10/2024 , 11:00:00,1989,1989
2998,14/10/2024 , 12:00:00,1990,1990
2999,14/10/2024 , 13:00:00,1991,1991
3000,14/10/2024 , 14:00:00,1993,1993
3001,14/10/2024 , 15:00:00,1995,1995
3002,14/10/2024 , 16:00:00,1999,1999
3003,14/10/2024 , 17:00:00,2009,2009
3004,14/10/2024 , 18:00:00,2028,2028
3005,14/10/2024 , 19:00:00,2046,2046
3006,14/10/2024 , 20:00:00,2059,2059
3007,14/10/2024 , 21:00:00,2074,2074
3008,14/10/2024 , 22:00:00,2089,2089
3009,14/10/2024 , 23:00:00,2103,2103
3010,14/10/2024 , 23:59:59,2114,2114
3011,15/10/2024 , 01:00:00,2124,2124
3012,15/10/2024 , 02:00:00,2128,2128
3013,15/10/2024 , 03:00:00,2128,2128
3014,15/10/2024 , 04:00:00,2126,2126
3015,15/10/2024 , 05:00:00,2121,2121
3016,15/10/2024 , 06:00:00,2115,2115
3017,15/10/2024 , 07:00:00,2108,2108
3018,15/10/2024 , 08:00:00,2104,2104
3019,15/10/2024 , 09:00:00,2099,2099
3020,15/10/2024 , 10:00:00,2094,2094
3021,15/10/2024 , 11:00:00,2089,2089
3022,15/10/2024 , 12:00:00,2085,2085
3023,15/10/2024 , 13:00:00,2082,2082
3024,15/10/2024 , 14:00:00,2079,2079
3025,15/10/2024 , 15:00:00,2076,2076
3026,15/10/2024 , 16:00:00,2074,2074
3027,15/10/2024 , 17:00:00,2071,2071
3028,15/10/2024 , 18:00:00,2069,2069
3029,15/10/2024 , 19:00:00,2066,2066
3030,15/10/2024 , 20:00:00,2064,2064
3031,15/10/2024 , 21:00:00,2062,2062
3032,15/10/2024 , 22:00:00,2060,2060
3033,15/10/2024 , 23:00:00,2058,2058
3034,15/10/2024 , 23:59:59,2057,2057
3035,16/10/2024 , 01:00:00,2055,2055
3036,16/10/2024 , 02:00:00,2053,2053
3037,16/10/2024 , 03:00:00,2052,2052
3038,16/10/2024 , 04:00:00,2051,2051
3039,16/10/2024 , 05:00:00,2049,2049
3040,16/10/2024 , 06:00:00,2048,2048
3041,16/10/2024 , 07:00:00,2047,2047
3042,16/10/2024 , 08:00:00,2046,2046
3043,16/10/2024 , 09:00:00,2044,2044
3044,16/10/2024 , 10:00:00,2043,2043
3045,16/10/2024 , 11:00:00,2042,2042
3046,16/10/2024 , 12:00:00,2040,2040
3047,16/10/2024 , 13:00:00,2038,2038
3048,16/10/2024 , 14:00:00,2036,2036
3049,16/10/2024 , 15:00:00,2034,2034
3050,16/10/2024 , 16:00:00,2032,2032
3051,16/10/2024 , 17:00:00,2031,2031
3052,16/10/2024 , 18:00:00,2028,2028
3053,16/10/2024 , 19:00:00,2027,2027
3054,16/10/2024 , 20:00:00,2026,2026
3055,16/10/2024 , 21:00:00,2024,2024
3056,16/10/2024 , 22:00:00,2023,2023
3057,16/10/2024 , 23:00:00,2022,2022
3058,16/10/2024 , 23:59:59,2020,2020
3059,17/10/2024 , 01:00:00,2019,2019
3060,17/10/2024 , 02:00:00,2018,2018
3061,17/10/2024 , 03:00:00,2017,2017
3062,17/10/2024 , 04:00:00,2015,2015
3063,17/10/2024 , 05:00:00,2015,2015
3064,17/10/2024 , 06:00:00,2014,2014
3065,17/10/2024 , 07:00:00,2013,2013
3066,17/10/2024 , 08:00:00,2013,2013
3067,17/10/2024 , 09:00:00,2013,2013
3068,17/10/2024 , 10:00:00,2013,2013
3069,17/10/2024 , 11:00:00,2012,2012
3070,17/10/2024 , 12:00:00,2011,2011
3071,17/10/2024 , 13:00:00,2012,2012
3072,17/10/2024 , 14:00:00,2010,2010
3073,17/10/2024 , 15:00:00,2008,2008
3074,17/10/2024 , 16:00:00,2007,2007
3075,17/10/2024 , 17:00:00,2006,2006
3076,17/10/2024 , 18:00:00,2005,2005
3077,17/10/2024 , 19:00:00,2003,2003
3078,17/10/2024 , 20:00:00,2002,2002
3079,17/10/2024 , 21:00:00,2001,2001
3080,17/10/2024 , 22:00:00,2000,2000
3081,17/10/2024 , 23:00:00,1999,1999
3082,17/10/2024 , 23:59:59,1999,1999
3083,18/10/2024 , 01:00:00,1998,1998
3084,18/10/2024 , 02:00:00,1997,1997
3085,18/10/2024 , 03:00:00,1996,1996
3086,18/10/2024 , 04:00:00,1995,1995
3087,18/10/2024 , 05:00:00,1994,1994
3088,18/10/2024 , 06:00:00,1993,1993
3089,18/10/2024 , 07:00:00,1991,1991
3090,18/10/2024 , 08:00:00,1990,1990
3091,18/10/2024 , 09:00:00,1990,1990
3092,18/10/2024 , 10:00:00,1989,1989
3093,18/10/2024 , 11:00:00,1988,1988
3094,18/10/2024 , 12:00:00,1986,1986
3095,18/10/2024 , 13:00:00,1986,1986
3096,18/10/2024 , 14:00:00,1984,1984
3097,18/10/2024 , 15:00:00,1983,1983
3098,18/10/2024 , 16:00:00,1985,1985
3099,18/10/2024 , 17:00:00,1982,1982
3100,18/10/2024 , 18:00:00,1980,1980
3101,18/10/2024 , 19:00:00,1978,1978
3102,18/10/2024 , 20:00:00,1977,1977
3103,18/10/2024 , 21:00:00,1976,1976
3104,18/10/2024 , 22:00:00,1975,1975
3105,18/10/2024 , 23:00:00,1974,1974
3106,18/10/2024 , 23:59:59,1973,1973
3107,19/10/2024 , 01:00:00,1972,1972
3108,19/10/2024 , 02:00:00,1971,1971
3109,19/10/2024 , 03:00:00,1970,1970
3110,19/10/2024 , 04:00:00,1969,1969
3111,19/10/2024 , 05:00:00,1968,1968
3112,19/10/2024 , 06:00:00,1967,1967
3113,19/10/2024 , 07:00:00,1967,1967
3114,19/10/2024 , 08:00:00,1966,1966
3115,19/10/2024 , 09:00:00,1966,1966
3116,19/10/2024 , 10:00:00,1965,1965
3117,19/10/2024 , 11:00:00,1972,1972
3118,19/10/2024 , 12:00:00,1967,1967
3119,19/10/2024 , 13:00:00,1965,1965
3120,19/10/2024 , 14:00:00,1962,1962
3121,19/10/2024 , 15:00:00,1961,1961
3122,19/10/2024 , 16:00:00,1959,1959
3123,19/10/2024 , 17:00:00,1958,1958
3124,19/10/2024 , 18:00:00,1957,1957
3125,19/10/2024 , 19:00:00,1955,1955
3126,19/10/2024 , 20:00:00,1954,1954
3127,19/10/2024 , 21:00:00,1952,1952
3128,19/10/2024 , 22:00:00,1952,1952
3129,19/10/2024 , 23:00:00,1951,1951
3130,19/10/2024 , 23:59:59,1950,1950
3131,20/10/2024 , 01:00:00,1949,1949
3132,20/10/2024 , 02:00:00,1948,1948
3133,20/10/2024 , 03:00:00,1948,1948
3134,20/10/2024 , 04:00:00,1947,1947
3135,20/10/2024 , 05:00:00,1946,1946
3136,20/10/2024 , 06:00:00,1944,1944
3137,20/10/2024 , 07:00:00,1943,1943
3138,20/10/2024 , 08:00:00,1942,1942
3139,20/10/2024 , 09:00:00,1942,1942
3140,20/10/2024 , 10:00:00,1941,1941
3141,20/10/2024 , 11:00:00,1940,1940
3142,20/10/2024 , 12:00:00,1940,1940
3143,20/10/2024 , 13:00:00,1939,1939
3144,20/10/2024 , 14:00:00,1938,1938
3145,20/10/2024 , 15:00:00,1937,1937
3146,20/10/2024 , 16:00:00,1937,1937
3147,20/10/2024 , 17:00:00,1935,1935
3148,20/10/2024 , 18:00:00,1940,1940
3149,20/10/2024 , 19:00:00,1937,1937
3150,20/10/2024 , 20:00:00,1934,1934
3151,20/10/2024 , 21:00:00,1932,1932
3152,20/10/2024 , 22:00:00,1931,1931
3153,20/10/2024 , 23:00:00,1933,1933
3154,20/10/2024 , 23:59:59,1931,1931
3155,21/10/2024 , 01:00:00,1928,1928
3156,21/10/2024 , 02:00:00,1927,1927
3157,21/10/2024 , 03:00:00,1925,1925
3158,21/10/2024 , 04:00:00,1924,1924
3159,21/10/2024 , 05:00:00,1923,1923
3160,21/10/2024 , 06:00:00,1922,1922
3161,21/10/2024 , 07:00:00,1921,1921
3162,21/10/2024 , 08:00:00,1920,1920
3163,21/10/2024 , 09:00:00,1920,1920
3164,21/10/2024 , 10:00:00,1920,1920
3165,21/10/2024 , 11:00:00,1920,1920
3166,21/10/2024 , 12:00:00,1924,1924
3167,21/10/2024 , 13:00:00,1921,1921
3168,21/10/2024 , 14:00:00,1919,1919
3169,21/10/2024 , 15:00:00,1917,1917
3170,21/10/2024 , 16:00:00,1915,1915
3171,21/10/2024 , 17:00:00,1914,1914
3172,21/10/2024 , 18:00:00,1913,1913
3173,21/10/2024 , 19:00:00,1911,1911
3174,21/10/2024 , 20:00:00,1911,1911
3175,21/10/2024 , 21:00:00,1910,1910
3176,21/10/2024 , 22:00:00,1908,1908
3177,21/10/2024 , 23:00:00,1908,1908
3178,21/10/2024 , 23:59:59,1906,1906
3179,22/10/2024 , 01:00:00,1905,1905
3180,22/10/2024 , 02:00:00,1904,1904
3181,22/10/2024 , 03:00:00,1902,1902
3182,22/10/2024 , 04:00:00,1901,1901
3183,22/10/2024 , 05:00:00,1900,1900
3184,22/10/2024 , 06:00:00,1899,1899
3185,22/10/2024 , 07:00:00,1898,1898
3186,22/10/2024 , 08:00:00,1898,1898
3187,22/10/2024 , 09:00:00,1897,1897
3188,22/10/2024 , 10:00:00,1896,1896
3189,22/10/2024 , 11:00:00,1895,1895
3190,22/10/2024 , 12:00:00,1894,1894
3191,22/10/2024 , 13:00:00,1894,1894
3192,22/10/2024 , 14:00:00,1892,1892
3193,22/10/2024 , 15:00:00,1892,1892
3194,22/10/2024 , 16:00:00,1890,1890
3195,22/10/2024 , 17:00:00,1889,1889
3196,22/10/2024 , 18:00:00,1888,1888
3197,22/10/2024 , 19:00:00,1887,1887
3198,22/10/2024 , 20:00:00,1886,1886
3199,22/10/2024 , 21:00:00,1885,1885
3200,22/10/2024 , 22:00:00,1884,1884
3201,22/10/2024 , 23:00:00,1883,1883
3202,22/10/2024 , 23:59:59,1882,1882
3203,23/10/2024 , 01:00:00,1881,1881
3204,23/10/2024 , 02:00:00,1880,1880
3205,23/10/2024 , 03:00:00,1878,1878
3206,23/10/2024 , 04:00:00,1878,1878
3207,23/10/2024 , 05:00:00,1877,1877
3208,23/10/2024 , 06:00:00,1876,1876
3209,23/10/2024 , 07:00:00,1875,1875
3210,23/10/2024 , 08:00:00,1875,1875
3211,23/10/2024 , 09:00:00,1875,1875
3212,23/10/2024 , 10:00:00,1875,1875
3213,23/10/2024 , 11:00:00,1875,1875
3214,23/10/2024 , 12:00:00,1874,1874
3215,23/10/2024 , 13:00:00,1874,1874
3216,23/10/2024 , 14:00:00,1873,1873
3217,23/10/2024 , 15:00:00,1872,1872
3218,23/10/2024 , 16:00:00,1871,1871
3219,23/10/2024 , 17:00:00,1870,1870
3220,23/10/2024 , 18:00:00,1870,1870
3221,23/10/2024 , 19:00:00,1869,1869
3222,23/10/2024 , 20:00:00,1868,1868
3223,23/10/2024 , 21:00:00,1869,1869
3224,23/10/2024 , 22:00:00,1868,1868
3225,23/10/2024 , 23:00:00,1867,1867
3226,23/10/2024 , 23:59:59,1867,1867
3227,24/10/2024 , 01:00:00,1866,1866
3228,24/10/2024 , 02:00:00,1865,1865
3229,24/10/2024 , 03:00:00,1864,1864
3230,24/10/2024 , 04:00:00,1863,1863
3231,24/10/2024 , 05:00:00,1862,1862
3232,24/10/2024 , 06:00:00,1862,1862
3233,24/10/2024 , 07:00:00,1861,1861
3234,24/10/2024 , 08:00:00,1861,1861
3235,24/10/2024 , 09:00:00,1860,1860
3236,24/10/2024 , 10:00:00,1859,1859
3237,24/10/2024 , 11:00:00,1859,1859
3238,24/10/2024 , 12:00:00,1858,1858
3239,24/10/2024 , 13:00:00,1857,1857
3240,24/10/2024 , 14:00:00,1855,1855
3241,24/10/2024 , 15:00:00,1855,1855
3242,24/10/2024 , 16:00:00,1854,1854
3243,24/10/2024 , 17:00:00,1853,1853
3244,24/10/2024 , 18:00:00,1852,1852
3245,24/10/2024 , 19:00:00,1851,1851
3246,24/10/2024 , 20:00:00,1850,1850
3247,24/10/2024 , 21:00:00,1849,1849
3248,24/10/2024 , 22:00:00,1848,1848
3249,24/10/2024 , 23:00:00,1847,1847
3250,24/10/2024 , 23:59:59,1846,1846
3251,25/10/2024 , 01:00:00,1845,1845
3252,25/10/2024 , 02:00:00,1844,1844
3253,25/10/2024 , 03:00:00,1843,1843
3254,25/10/2024 , 04:00:00,1842,1842
3255,25/10/2024 , 05:00:00,1841,1841
3256,25/10/2024 , 06:00:00,1840,1840
3257,25/10/2024 , 07:00:00,1839,1839
3258,25/10/2024 , 08:00:00,1839,1839
3259,25/10/2024 , 09:00:00,1840,1840
3260,25/10/2024 , 10:00:00,1840,1840
3261,25/10/2024 , 11:00:00,1839,1839
3262,25/10/2024 , 12:00:00,1839,1839
3263,25/10/2024 , 13:00:00,1838,1838
3264,25/10/2024 , 14:00:00,1837,1837
3265,25/10/2024 , 15:00:00,1837,1837
3266,25/10/2024 , 16:00:00,1836,1836
3267,25/10/2024 , 17:00:00,1835,1835
3268,25/10/2024 , 18:00:00,1834,1834
3269,25/10/2024 , 19:00:00,1834,1834
3270,25/10/2024 , 20:00:00,1833,1833
3271,25/10/2024 , 21:00:00,1832,1832
3272,25/10/2024 , 22:00:00,1832,1832
3273,25/10/2024 , 23:00:00,1831,1831
3274,25/10/2024 , 23:59:59,1830,1830
3275,26/10/2024 , 01:00:00,1830,1830
3276,26/10/2024 , 02:00:00,1829,1829
3277,26/10/2024 , 03:00:00,1828,1828
3278,26/10/2024 , 04:00:00,1828,1828
3279,26/10/2024 , 05:00:00,1827,1827
3280,26/10/2024 , 06:00:00,1827,1827
3281,26/10/2024 , 07:00:00,1827,1827
3282,26/10/2024 , 08:00:00,1827,1827
3283,26/10/2024 , 09:00:00,1827,1827
3284,26/10/2024 , 10:00:00,1827,1827
3285,26/10/2024 , 11:00:00,1826,1826
3286,26/10/2024 , 12:00:00,1826,1826
3287,26/10/2024 , 13:00:00,1825,1825
3288,26/10/2024 , 14:00:00,1824,1824
3289,26/10/2024 , 15:00:00,1823,1823
3290,26/10/2024 , 16:00:00,1822,1822
3291,26/10/2024 , 17:00:00,1821,1821
3292,26/10/2024 , 18:00:00,1820,1820
3293,26/10/2024 , 19:00:00,1819,1819
3294,26/10/2024 , 20:00:00,1819,1819
3295,26/10/2024 , 21:00:00,1818,1818
3296,26/10/2024 , 22:00:00,1817,1817
3297,26/10/2024 , 23:00:00,1816,1816
3298,26/10/2024 , 23:59:59,1816,1816
3299,27/10/2024 , 01:00:00,1815,1815
3300,27/10/2024 , 02:00:00,1815,1815
3301,27/10/2024 , 03:00:00,1814,1814
3302,27/10/2024 , 04:00:00,1813,1813
3303,27/10/2024 , 05:00:00,1812,1812
3304,27/10/2024 , 06:00:00,1811,1811
3305,27/10/2024 , 07:00:00,1809,1809
3306,27/10/2024 , 08:00:00,1809,1809
3307,27/10/2024 , 09:00:00,1810,1810
3308,27/10/2024 , 10:00:00,1810,1810
3309,27/10/2024 , 11:00:00,1810,1810
3310,27/10/2024 , 12:00:00,1809,1809
3311,27/10/2024 , 13:00:00,1809,1809
3312,27/10/2024 , 14:00:00,1808,1808
3313,27/10/2024 , 15:00:00,1808,1808
3314,27/10/2024 , 16:00:00,1807,1807
3315,27/10/2024 , 17:00:00,1806,1806
3316,27/10/2024 , 18:00:00,1805,1805
3317,27/10/2024 , 19:00:00,1804,1804
3318,27/10/2024 , 20:00:00,1803,1803
3319,27/10/2024 , 21:00:00,1802,1802
3320,27/10/2024 , 22:00:00,1801,1801
3321,27/10/2024 , 23:00:00,1801,1801
3322,27/10/2024 , 23:59:59,1800,1800
3323,28/10/2024 , 01:00:00,1800,1800
3324,28/10/2024 , 02:00:00,1799,1799
3325,28/10/2024 , 03:00:00,1798,1798
3326,28/10/2024 , 04:00:00,1798,1798
3327,28/10/2024 , 05:00:00,1797,1797
3328,28/10/2024 , 06:00:00,1797,1797
3329,28/10/2024 , 07:00:00,1796,1796
3330,28/10/2024 , 08:00:00,1796,1796
3331,28/10/2024 , 09:00:00,1797,1797
3332,28/10/2024 , 10:00:00,1794,1794
3333,28/10/2024 , 11:00:00,1794,1794
3334,28/10/2024 , 12:00:00,1794,1794
3335,28/10/2024 , 13:00:00,1794,1794
3336,28/10/2024 , 14:00:00,1793,1793
3337,28/10/2024 , 15:00:00,1793,1793
3338,28/10/2024 , 16:00:00,1792,1792
3339,28/10/2024 , 17:00:00,1791,1791
3340,28/10/2024 , 18:00:00,1791,1791
3341,28/10/2024 , 19:00:00,1789,1789
3342,28/10/2024 , 20:00:00,1788,1788
3343,28/10/2024 , 21:00:00,1787,1787
3344,28/10/2024 , 22:00:00,1787,1787
3345,28/10/2024 , 23:00:00,1786,1786
3346,28/10/2024 , 23:59:59,1786,1786
3347,29/10/2024 , 01:00:00,1785,1785
3348,29/10/2024 , 02:00:00,1784,1784
3349,29/10/2024 , 03:00:00,1784,1784
3350,29/10/2024 , 04:00:00,1783,1783
3351,29/10/2024 , 05:00:00,1783,1783
3352,29/10/2024 , 06:00:00,1782,1782
3353,29/10/2024 , 07:00:00,1781,1781
3354,29/10/2024 , 08:00:00,1780,1780
3355,29/10/2024 , 09:00:00,1781,1781
3356,29/10/2024 , 10:00:00,1780,1780
3357,29/10/2024 , 11:00:00,1780,1780
3358,29/10/2024 , 12:00:00,1780,1780
3359,29/10/2024 , 13:00:00,1780,1780
3360,29/10/2024 , 14:00:00,1779,1779
3361,29/10/2024 , 15:00:00,1778,1778
3362,29/10/2024 , 16:00:00,1777,1777
3363,29/10/2024 , 17:00:00,1776,1776
3364,29/10/2024 , 18:00:00,1775,1775
3365,29/10/2024 , 19:00:00,1774,1774
3366,29/10/2024 , 20:00:00,1774,1774
3367,29/10/2024 , 21:00:00,1774,1774
3368,29/10/2024 , 22:00:00,1773,1773
3369,29/10/2024 , 23:00:00,1773,1773
3370,29/10/2024 , 23:59:59,1772,1772
3371,30/10/2024 , 01:00:00,1771,1771
3372,30/10/2024 , 02:00:00,1771,1771
3373,30/10/2024 , 03:00:00,1770,1770
3374,30/10/2024 , 04:00:00,1770,1770
3375,30/10/2024 , 05:00:00,1770,1770
3376,30/10/2024 , 06:00:00,1770,1770
3377,30/10/2024 , 07:00:00,1769,1769
3378,30/10/2024 , 08:00:00,1769,1769
3379,30/10/2024 , 09:00:00,1769,1769
3380,30/10/2024 , 10:00:00,1769,1769
3381,30/10/2024 , 11:00:00,1769,1769
3382,30/10/2024 , 12:00:00,1769,1769
3383,30/10/2024 , 13:00:00,1769,1769
3384,30/10/2024 , 14:00:00,1768,1768
3385,30/10/2024 , 15:00:00,1768,1768
3386,30/10/2024 , 16:00:00,1768,1768
3387,30/10/2024 , 17:00:00,1768,1768
3388,30/10/2024 , 18:00:00,1767,1767
3389,30/10/2024 , 19:00:00,1766,1766
3390,30/10/2024 , 20:00:00,1766,1766
3391,30/10/2024 , 21:00:00,1766,1766
3392,30/10/2024 , 22:00:00,1765,1765
3393,30/10/2024 , 23:00:00,1764,1764
3394,30/10/2024 , 23:59:59,1764,1764
3395,31/10/2024 , 01:00:00,1764,1764
3396,31/10/2024 , 02:00:00,1763,1763
3397,31/10/2024 , 03:00:00,1763,1763
3398,31/10/2024 , 04:00:00,1763,1763
3399,31/10/2024 , 05:00:00,1762,1762
3400,31/10/2024 , 06:00:00,1761,1761
3401,31/10/2024 , 07:00:00,1761,1761
3402,31/10/2024 , 08:00:00,1760,1760
3403,31/10/2024 , 09:00:00,1760,1760
3404,31/10/2024 , 10:00:00,1760,1760
3405,31/10/2024 , 11:00:00,1760,1760
3406,31/10/2024 , 12:00:00,1760,1760
3407,31/10/2024 , 13:00:00,1760,1760
3408,31/10/2024 , 14:00:00,1759,1759
3409,31/10/2024 , 15:00:00,1763,1763
3410,31/10/2024 , 16:00:00,1761,1761
3411,31/10/2024 , 17:00:00,1760,1760
3412,31/10/2024 , 18:00:00,1758,1758
3413,31/10/2024 , 19:00:00,1757,1757
3414,31/10/2024 , 20:00:00,1756,1756
3415,31/10/2024 , 21:00:00,1760,1760
3416,31/10/2024 , 22:00:00,1766,1766
3417,31/10/2024 , 23:00:00,1770,1770
3418,31/10/2024 , 23:59:59,1772,1772
3419,01/11/2024 , 01:00:00,1775,1775
3420,01/11/2024 , 02:00:00,1797,1797
3421,01/11/2024 , 03:00:00,1828,1828
3422,01/11/2024 , 04:00:00,1856,1856
3423,01/11/2024 , 05:00:00,1893,1893
3424,01/11/2024 , 06:00:00,1928,1928
3425,01/11/2024 , 07:00:00,1959,1959
3426,01/11/2024 , 08:00:00,1992,1992
3427,01/11/2024 , 09:00:00,2019,2019
3428,01/11/2024 , 10:00:00,2043,2043
3429,01/11/2024 , 11:00:00,2112,2112
3430,01/11/2024 , 12:00:00,2211,2211
3431,01/11/2024 , 13:00:00,2234,2234
3432,01/11/2024 , 14:00:00,2230,2230
3433,01/11/2024 , 15:00:00,2217,2217
3434,01/11/2024 , 16:00:00,2199,2199
3435,01/11/2024 , 17:00:00,2180,2180
3436,01/11/2024 , 18:00:00,2165,2165
3437,01/11/2024 , 19:00:00,2152,2152
3438,01/11/2024 , 20:00:00,2143,2143
3439,01/11/2024 , 21:00:00,2135,2135
3440,01/11/2024 , 22:00:00,2127,2127
3441,01/11/2024 , 23:00:00,2119,2119
3442,01/11/2024 , 23:59:59,2112,2112
3443,02/11/2024 , 01:00:00,2106,2106
3444,02/11/2024 , 02:00:00,2101,2101
3445,02/11/2024 , 03:00:00,2096,2096
3446,02/11/2024 , 04:00:00,2091,2091
3447,02/11/2024 , 05:00:00,2086,2086
3448,02/11/2024 , 06:00:00,2083,2083
3449,02/11/2024 , 07:00:00,2080,2080
3450,02/11/2024 , 08:00:00,2077,2077
3451,02/11/2024 , 09:00:00,2075,2075
3452,02/11/2024 , 10:00:00,2074,2074
3453,02/11/2024 , 11:00:00,2072,2072
3454,02/11/2024 , 12:00:00,2070,2070
3455,02/11/2024 , 13:00:00,2067,2067
3456,02/11/2024 , 14:00:00,2065,2065
3457,02/11/2024 , 15:00:00,2064,2064
3458,02/11/2024 , 16:00:00,2062,2062
3459,02/11/2024 , 17:00:00,2059,2059
3460,02/11/2024 , 18:00:00,2058,2058
3461,02/11/2024 , 19:00:00,2056,2056
3462,02/11/2024 , 20:00:00,2054,2054
3463,02/11/2024 , 21:00:00,2053,2053
3464,02/11/2024 , 22:00:00,2051,2051
3465,02/11/2024 , 23:00:00,2048,2048
3466,02/11/2024 , 23:59:59,2048,2048
3467,03/11/2024 , 01:00:00,2045,2045
3468,03/11/2024 , 02:00:00,2043,2043
3469,03/11/2024 , 03:00:00,2041,2041
3470,03/11/2024 , 04:00:00,2039,2039
3471,03/11/2024 , 05:00:00,2037,2037
3472,03/11/2024 , 06:00:00,2035,2035
3473,03/11/2024 , 07:00:00,2033,2033
3474,03/11/2024 , 08:00:00,2031,2031
3475,03/11/2024 , 09:00:00,2031,2031
3476,03/11/2024 , 10:00:00,2031,2031
3477,03/11/2024 , 11:00:00,2030,2030
3478,03/11/2024 , 12:00:00,2029,2029
3479,03/11/2024 , 13:00:00,2027,2027
3480,03/11/2024 , 14:00:00,2026,2026
3481,03/11/2024 , 15:00:00,2024,2024
3482,03/11/2024 , 16:00:00,2023,2023
3483,03/11/2024 , 17:00:00,2022,2022
3484,03/11/2024 , 18:00:00,2020,2020
3485,03/11/2024 , 19:00:00,2019,2019
3486,03/11/2024 , 20:00:00,2017,2017
3487,03/11/2024 , 21:00:00,2016,2016
3488,03/11/2024 , 22:00:00,2015,2015
3489,03/11/2024 , 23:00:00,2014,2014
3490,03/11/2024 , 23:59:59,2012,2012
3491,04/11/2024 , 01:00:00,2012,2012
3492,04/11/2024 , 02:00:00,2011,2011
3493,04/11/2024 , 03:00:00,2010,2010
3494,04/11/2024 , 04:00:00,2009,2009
3495,04/11/2024 , 05:00:00,2008,2008
3496,04/11/2024 , 06:00:00,2007,2007
3497,04/11/2024 , 07:00:00,2006,2006
3498,04/11/2024 , 08:00:00,2005,2005
3499,04/11/2024 , 09:00:00,2005,2005
3500,04/11/2024 , 10:00:00,2005,2005
3501,04/11/2024 , 11:00:00,2005,2005
3502,04/11/2024 , 12:00:00,2005,2005
3503,04/11/2024 , 13:00:00,2004,2004
3504,04/11/2024 , 14:00:00,2003,2003
3505,04/11/2024 , 15:00:00,2002,2002
3506,04/11/2024 , 16:00:00,2001,2001
3507,04/11/2024 , 17:00:00,2001,2001
3508,04/11/2024 , 18:00:00,2001,2001
3509,04/11/2024 , 19:00:00,2000,2000
3510,04/11/2024 , 20:00:00,1999,1999
3511,04/11/2024 , 21:00:00,1999,1999
3512,04/11/2024 , 22:00:00,1999,1999
3513,04/11/2024 , 23:00:00,1999,1999
3514,04/11/2024 , 23:59:59,1999,1999
3515,05/11/2024 , 01:00:00,2000,2000
3516,05/11/2024 , 02:00:00,2001,2001
3517,05/11/2024 , 03:00:00,2003,2003
3518,05/11/2024 , 04:00:00,2004,2004
3519,05/11/2024 , 05:00:00,2007,2007
3520,05/11/2024 , 06:00:00,2009,2009
3521,05/11/2024 , 07:00:00,2011,2011
3522,05/11/2024 , 08:00:00,2014,2014
3523,05/11/2024 , 09:00:00,2018,2018
3524,05/11/2024 , 10:00:00,2022,2022
3525,05/11/2024 , 11:00:00,2024,2024
3526,05/11/2024 , 12:00:00,2026,2026
3527,05/11/2024 , 13:00:00,2030,2030
3528,05/11/2024 , 14:00:00,2033,2033
3529,05/11/2024 , 15:00:00,2039,2039
3530,05/11/2024 , 16:00:00,2051,2051
3531,05/11/2024 , 17:00:00,2067,2067
3532,05/11/2024 , 18:00:00,2095,2095
3533,05/11/2024 , 19:00:00,2139,2139
3534,05/11/2024 , 20:00:00,2187,2187
3535,05/11/2024 , 21:00:00,2208,2208
3536,05/11/2024 , 22:00:00,2205,2205
3537,05/11/2024 , 23:00:00,2187,2187
3538,05/11/2024 , 23:59:59,2168,2168
3539,06/11/2024 , 01:00:00,2156,2156
3540,06/11/2024 , 02:00:00,2146,2146
3541,06/11/2024 , 03:00:00,2140,2140
3542,06/11/2024 , 04:00:00,2135,2135
3543,06/11/2024 , 05:00:00,2130,2130
3544,06/11/2024 , 06:00:00,2126,2126
3545,06/11/2024 , 07:00:00,2122,2122
3546,06/11/2024 , 08:00:00,2119,2119
3547,06/11/2024 , 09:00:00,2114,2114
3548,06/11/2024 , 10:00:00,2110,2110
3549,06/11/2024 , 11:00:00,2105,2105
3550,06/11/2024 , 12:00:00,2102,2102
3551,06/11/2024 , 13:00:00,2098,2098
3552,06/11/2024 , 14:00:00,2094,2094
3553,06/11/2024 , 15:00:00,2090,2090
3554,06/11/2024 , 16:00:00,2087,2087
3555,06/11/2024 , 17:00:00,2084,2084
3556,06/11/2024 , 18:00:00,2080,2080
3557,06/11/2024 , 19:00:00,2078,2078
3558,06/11/2024 , 20:00:00,2075,2075
3559,06/11/2024 , 21:00:00,2073,2073
3560,06/11/2024 , 22:00:00,2072,2072
3561,06/11/2024 , 23:00:00,2070,2070
3562,06/11/2024 , 23:59:59,2068,2068
3563,07/11/2024 , 01:00:00,2066,2066
3564,07/11/2024 , 02:00:00,2064,2064
3565,07/11/2024 , 03:00:00,2063,2063
3566,07/11/2024 , 04:00:00,2061,2061
3567,07/11/2024 , 05:00:00,2059,2059
3568,07/11/2024 , 06:00:00,2057,2057
3569,07/11/2024 , 07:00:00,2056,2056
3570,07/11/2024 , 08:00:00,2056,2056
3571,07/11/2024 , 09:00:00,2056,2056
3572,07/11/2024 , 10:00:00,2056,2056
3573,07/11/2024 , 11:00:00,2056,2056
3574,07/11/2024 , 12:00:00,2054,2054
3575,07/11/2024 , 13:00:00,2053,2053
3576,07/11/2024 , 14:00:00,2052,2052
3577,07/11/2024 , 15:00:00,2051,2051
3578,07/11/2024 , 16:00:00,2050,2050
3579,07/11/2024 , 17:00:00,2048,2048
3580,07/11/2024 , 18:00:00,2046,2046
3581,07/11/2024 , 19:00:00,2045,2045
3582,07/11/2024 , 20:00:00,2043,2043
3583,07/11/2024 , 21:00:00,2043,2043
3584,07/11/2024 , 22:00:00,2041,2041
3585,07/11/2024 , 23:00:00,2040,2040
3586,07/11/2024 , 23:59:59,2039,2039
3587,08/11/2024 , 01:00:00,2038,2038
3588,08/11/2024 , 02:00:00,2037,2037
3589,08/11/2024 , 03:00:00,2036,2036
3590,08/11/2024 , 04:00:00,2035,2035
3591,08/11/2024 , 05:00:00,2034,2034
3592,08/11/2024 , 06:00:00,2033,2033
3593,08/11/2024 , 07:00:00,2033,2033
3594,08/11/2024 , 08:00:00,2031,2031
3595,08/11/2024 , 09:00:00,2031,2031
3596,08/11/2024 , 10:00:00,2031,2031
3597,08/11/2024 , 11:00:00,2030,2030
3598,08/11/2024 , 12:00:00,2028,2028
3599,08/11/2024 , 13:00:00,2028,2028
3600,08/11/2024 , 14:00:00,2027,2027
3601,08/11/2024 , 15:00:00,2027,2027
3602,08/11/2024 , 16:00:00,2026,2026
3603,08/11/2024 , 17:00:00,2024,2024
3604,08/11/2024 , 18:00:00,2024,2024
3605,08/11/2024 , 19:00:00,2022,2022
3606,08/11/2024 , 20:00:00,2021,2021
3607,08/11/2024 , 21:00:00,2021,2021
3608,08/11/2024 , 22:00:00,2020,2020
3609,08/11/2024 , 23:00:00,2019,2019
3610,08/11/2024 , 23:59:59,2018,2018
3611,09/11/2024 , 01:00:00,2017,2017
3612,09/11/2024 , 02:00:00,2016,2016
3613,09/11/2024 , 03:00:00,2015,2015
3614,09/11/2024 , 04:00:00,2014,2014
3615,09/11/2024 , 05:00:00,2012,2012
3616,09/11/2024 , 06:00:00,2012,2012
3617,09/11/2024 , 07:00:00,2011,2011
3618,09/11/2024 , 08:00:00,2009,2009
3619,09/11/2024 , 09:00:00,2008,2008
3620,09/11/2024 , 10:00:00,2007,2007
3621,09/11/2024 , 11:00:00,2007,2007
3622,09/11/2024 , 12:00:00,2006,2006
3623,09/11/2024 , 13:00:00,2005,2005
3624,09/11/2024 , 14:00:00,2004,2004
3625,09/11/2024 , 15:00:00,2002,2002
3626,09/11/2024 , 16:00:00,2001,2001
3627,09/11/2024 , 17:00:00,1999,1999
3628,09/11/2024 , 18:00:00,1998,1998
3629,09/11/2024 , 19:00:00,1997,1997
3630,09/11/2024 , 20:00:00,1995,1995
3631,09/11/2024 , 21:00:00,1994,1994
3632,09/11/2024 , 22:00:00,1993,1993
3633,09/11/2024 , 23:00:00,1993,1993
3634,09/11/2024 , 23:59:59,1992,1992
3635,10/11/2024 , 01:00:00,1991,1991
3636,10/11/2024 , 02:00:00,1990,1990
3637,10/11/2024 , 03:00:00,1989,1989
3638,10/11/2024 , 04:00:00,1988,1988
3639,10/11/2024 , 05:00:00,1987,1987
3640,10/11/2024 , 06:00:00,1986,1986
3641,10/11/2024 , 07:00:00,1986,1986
3642,10/11/2024 , 08:00:00,1985,1985
3643,10/11/2024 , 09:00:00,1985,1985
3644,10/11/2024 , 10:00:00,1985,1985
3645,10/11/2024 , 11:00:00,1985,1985
3646,10/11/2024 , 12:00:00,1984,1984
3647,10/11/2024 , 13:00:00,1984,1984
3648,10/11/2024 , 14:00:00,1983,1983
3649,10/11/2024 , 15:00:00,1982,1982
3650,10/11/2024 , 16:00:00,1982,1982
3651,10/11/2024 , 17:00:00,1981,1981
3652,10/11/2024 , 18:00:00,1980,1980
3653,10/11/2024 , 19:00:00,1980,1980
3654,10/11/2024 , 20:00:00,1979,1979
3655,10/11/2024 , 21:00:00,1978,1978
3656,10/11/2024 , 22:00:00,1978,1978
3657,10/11/2024 , 23:00:00,1977,1977
3658,10/11/2024 , 23:59:59,1976,1976
3659,11/11/2024 , 01:00:00,1976,1976
3660,11/11/2024 , 02:00:00,1975,1975
3661,11/11/2024 , 03:00:00,1974,1974
3662,11/11/2024 , 04:00:00,1974,1974
3663,11/11/2024 , 05:00:00,1973,1973
3664,11/11/2024 , 06:00:00,1973,1973
3665,11/11/2024 , 07:00:00,1974,1974
3666,11/11/2024 , 08:00:00,1976,1976
3667,11/11/2024 , 09:00:00,1976,1976
3668,11/11/2024 , 10:00:00,1978,1978
3669,11/11/2024 , 11:00:00,1981,1981
3670,11/11/2024 , 12:00:00,1984,1984
3671,11/11/2024 , 13:00:00,1987,1987
3672,11/11/2024 , 14:00:00,1997,1997
3673,11/11/2024 , 15:00:00,2014,2014
3674,11/11/2024 , 16:00:00,2039,2039
3675,11/11/2024 , 17:00:00,2064,2064
3676,11/11/2024 , 18:00:00,2081,2081
3677,11/11/2024 , 19:00:00,2091,2091
3678,11/11/2024 , 20:00:00,2096,2096
3679,11/11/2024 , 21:00:00,2097,2097
3680,11/11/2024 , 22:00:00,2096,2096
3681,11/11/2024 , 23:00:00,2096,2096
3682,11/11/2024 , 23:59:59,2093,2093
3683,12/11/2024 , 01:00:00,2089,2089
3684,12/11/2024 , 02:00:00,2086,2086
3685,12/11/2024 , 03:00:00,2086,2086
3686,12/11/2024 , 04:00:00,2086,2086
3687,12/11/2024 , 05:00:00,2083,2083
3688,12/11/2024 , 06:00:00,2081,2081
3689,12/11/2024 , 07:00:00,2079,2079
3690,12/11/2024 , 08:00:00,2078,2078
3691,12/11/2024 , 09:00:00,2078,2078
3692,12/11/2024 , 10:00:00,2077,2077
3693,12/11/2024 , 11:00:00,2077,2077
3694,12/11/2024 , 12:00:00,2077,2077
3695,12/11/2024 , 13:00:00,2075,2075
3696,12/11/2024 , 14:00:00,2074,2074
3697,12/11/2024 , 15:00:00,2071,2071
3698,12/11/2024 , 16:00:00,2070,2070
3699,12/11/2024 , 17:00:00,2067,2067
3700,12/11/2024 , 18:00:00,2064,2064
3701,12/11/2024 , 19:00:00,2062,2062
3702,12/11/2024 , 20:00:00,2059,2059
3703,12/11/2024 , 21:00:00,2056,2056
3704,12/11/2024 , 22:00:00,2054,2054
3705,12/11/2024 , 23:00:00,2053,2053
3706,12/11/2024 , 23:59:59,2052,2052
3707,13/11/2024 , 01:00:00,2051,2051
3708,13/11/2024 , 02:00:00,2050,2050
3709,13/11/2024 , 03:00:00,2048,2048
3710,13/11/2024 , 04:00:00,2047,2047
3711,13/11/2024 , 05:00:00,2045,2045
3712,13/11/2024 , 06:00:00,2044,2044
3713,13/11/2024 , 07:00:00,2043,2043
3714,13/11/2024 , 08:00:00,2041,2041
3715,13/11/2024 , 09:00:00,2041,2041
3716,13/11/2024 , 10:00:00,2040,2040
3717,13/11/2024 , 11:00:00,2039,2039
3718,13/11/2024 , 12:00:00,2037,2037
3719,13/11/2024 , 13:00:00,2035,2035
3720,13/11/2024 , 14:00:00,2035,2035
3721,13/11/2024 , 15:00:00,2033,2033
3722,13/11/2024 , 16:00:00,2031,2031
3723,13/11/2024 , 17:00:00,2030,2030
3724,13/11/2024 , 18:00:00,2027,2027
3725,13/11/2024 , 19:00:00,2026,2026
3726,13/11/2024 , 20:00:00,2025,2025
3727,13/11/2024 , 21:00:00,2024,2024
3728,13/11/2024 , 22:00:00,2022,2022
3729,13/11/2024 , 23:00:00,2021,2021
3730,13/11/2024 , 23:59:59,2020,2020
3731,14/11/2024 , 01:00:00,2019,2019
3732,14/11/2024 , 02:00:00,2017,2017
3733,14/11/2024 , 03:00:00,2017,2017
3734,14/11/2024 , 04:00:00,2015,2015
3735,14/11/2024 , 05:00:00,2014,2014
3736,14/11/2024 , 06:00:00,2013,2013
3737,14/11/2024 , 07:00:00,2011,2011
3738,14/11/2024 , 08:00:00,2011,2011
3739,14/11/2024 , 09:00:00,2011,2011
3740,14/11/2024 , 10:00:00,2011,2011
3741,14/11/2024 , 11:00:00,2010,2010
3742,14/11/2024 , 12:00:00,2010,2010
3743,14/11/2024 , 13:00:00,2009,2009
3744,14/11/2024 , 14:00:00,1090,1090
3745,14/11/2024 , 15:00:00,1101,1101
3746,14/11/2024 , 16:00:00,1089,1089
3747,14/11/2024 , 17:00:00,1089,1089
3748,14/11/2024 , 18:00:00,1088,1088
3749,14/11/2024 , 19:00:00,1087,1087
3750,14/11/2024 , 20:00:00,1086,1086
3751,14/11/2024 , 21:00:00,1086,1086
3752,14/11/2024 , 22:00:00,1086,1086
3753,14/11/2024 , 23:00:00,1086,1086
3754,14/11/2024 , 23:59:59,1086,1086
3755,15/11/2024 , 01:00:00,1085,1085
3756,15/11/2024 , 02:00:00,1086,1086
3757,15/11/2024 , 03:00:00,1085,1085
3758,15/11/2024 , 04:00:00,1085,1085
3759,15/11/2024 , 05:00:00,1085,1085
3760,15/11/2024 , 06:00:00,1085,1085
3761,15/11/2024 , 07:00:00,1085,1085
3762,15/11/2024 , 08:00:00,1085,1085
3763,15/11/2024 , 09:00:00,1085,1085
3764,15/11/2024 , 10:00:00,1085,1085
3765,15/11/2024 , 11:00:00,1085,1085
3766,15/11/2024 , 12:00:00,1085,1085
3767,15/11/2024 , 13:00:00,1085,1085
3768,15/11/2024 , 14:00:00,1085,1085
3769,15/11/2024 , 15:00:00,1085,1085
3770,15/11/2024 , 16:00:00,1085,1085
3771,15/11/2024 , 17:00:00,1085,1085
3772,15/11/2024 , 18:00:00,1085,1085
3773,15/11/2024 , 19:00:00,1085,1085
3774,15/11/2024 , 20:00:00,1085,1085
3775,15/11/2024 , 21:00:00,1085,1085
3776,15/11/2024 , 22:00:00,1085,1085
3777,15/11/2024 , 23:00:00,1085,1085
3778,15/11/2024 , 23:59:59,1085,1085
3779,16/11/2024 , 01:00:00,1085,1085
3780,16/11/2024 , 02:00:00,1085,1085
3781,16/11/2024 , 03:00:00,1085,1085
3782,16/11/2024 , 04:00:00,1085,1085
3783,16/11/2024 , 05:00:00,1085,1085
3784,16/11/2024 , 06:00:00,1085,1085
3785,16/11/2024 , 07:00:00,1085,1085
3786,16/11/2024 , 08:00:00,1085,1085
3787,16/11/2024 , 09:00:00,1084,1084
3788,16/11/2024 , 10:00:00,1084,1084
3789,16/11/2024 , 11:00:00,1084,1084
3790,16/11/2024 , 12:00:00,1084,1084
3791,16/11/2024 , 13:00:00,1084,1084
3792,16/11/2024 , 14:00:00,1084,1084
3793,16/11/2024 , 15:00:00,1084,1084
3794,16/11/2024 , 16:00:00,1084,1084
3795,16/11/2024 , 17:00:00,1084,1084
3796,16/11/2024 , 18:00:00,1084,1084
3797,16/11/2024 , 19:00:00,1084,1084
3798,16/11/2024 , 20:00:00,1084,1084
3799,16/11/2024 , 21:00:00,1084,1084
3800,16/11/2024 , 22:00:00,1084,1084
3801,16/11/2024 , 23:00:00,1084,1084
3802,16/11/2024 , 23:59:59,1084,1084
3803,17/11/2024 , 01:00:00,1084,1084
3804,17/11/2024 , 02:00:00,1084,1084
3805,17/11/2024 , 03:00:00,1084,1084
3806,17/11/2024 , 04:00:00,1084,1084
3807,17/11/2024 , 05:00:00,1084,1084
3808,17/11/2024 , 06:00:00,1084,1084
3809,17/11/2024 , 07:00:00,1084,1084
3810,17/11/2024 , 08:00:00,1084,1084
3811,17/11/2024 , 09:00:00,1084,1084
3812,17/11/2024 , 10:00:00,1084,1084
3813,17/11/2024 , 11:00:00,1084,1084
3814,17/11/2024 , 12:00:00,1084,1084
3815,17/11/2024 , 13:00:00,1084,1084
3816,17/11/2024 , 14:00:00,1084,1084
3817,17/11/2024 , 15:00:00,1084,1084
3818,17/11/2024 , 16:00:00,1084,1084
3819,17/11/2024 , 17:00:00,1084,1084
3820,17/11/2024 , 18:00:00,1084,1084
3821,17/11/2024 , 19:00:00,1084,1084
3822,17/11/2024 , 20:00:00,1084,1084
3823,17/11/2024 , 21:00:00,1084,1084
3824,17/11/2024 , 22:00:00,1084,1084
3825,17/11/2024 , 23:00:00,1084,1084
3826,17/11/2024 , 23:59:59,1084,1084
3827,18/11/2024 , 01:00:00,1084,1084
3828,18/11/2024 , 02:00:00,1084,1084
3829,18/11/2024 , 03:00:00,1084,1084
3830,18/11/2024 , 04:00:00,1084,1084
3831,18/11/2024 , 05:00:00,1084,1084
3832,18/11/2024 , 06:00:00,1084,1084
3833,18/11/2024 , 07:00:00,1084,1084
3834,18/11/2024 , 08:00:00,1084,1084
3835,18/11/2024 , 09:00:00,1084,1084
3836,18/11/2024 , 10:00:00,1084,1084
3837,18/11/2024 , 11:00:00,1084,1084
3838,18/11/2024 , 12:00:00,1084,1084
3839,18/11/2024 , 13:00:00,1084,1084
3840,18/11/2024 , 14:00:00,1084,1084
3841,18/11/2024 , 15:00:00,1084,1084
3842,18/11/2024 , 16:00:00,1084,1084
3843,18/11/2024 , 17:00:00,1084,1084
3844,18/11/2024 , 18:00:00,1084,1084
3845,18/11/2024 , 19:00:00,1084,1084
3846,18/11/2024 , 20:00:00,1084,1084
3847,18/11/2024 , 21:00:00,1084,1084
3848,18/11/2024 , 22:00:00,1084,1084
3849,18/11/2024 , 23:00:00,1084,1084
3850,18/11/2024 , 23:59:59,1084,1084
3851,19/11/2024 , 01:00:00,1084,1084
3852,19/11/2024 , 02:00:00,1084,1084
3853,19/11/2024 , 03:00:00,1084,1084
3854,19/11/2024 , 04:00:00,1084,1084
3855,19/11/2024 , 05:00:00,1084,1084
3856,19/11/2024 , 06:00:00,1084,1084
3857,19/11/2024 , 07:00:00,1084,1084
3858,19/11/2024 , 08:00:00,1084,1084
3859,19/11/2024 , 09:00:00,1084,1084
3860,19/11/2024 , 10:00:00,1084,1084
3861,19/11/2024 , 11:00:00,1084,1084
3862,19/11/2024 , 12:00:00,1084,1084
3863,19/11/2024 , 13:00:00,1084,1084
3864,19/11/2024 , 14:00:00,1084,1084
3865,19/11/2024 , 15:00:00,1084,1084
3866,19/11/2024 , 16:00:00,1084,1084
3867,19/11/2024 , 17:00:00,1084,1084
3868,19/11/2024 , 18:00:00,1084,1084
3869,19/11/2024 , 19:00:00,1084,1084
3870,19/11/2024 , 20:00:00,1084,1084
3871,19/11/2024 , 21:00:00,1084,1084
3872,19/11/2024 , 22:00:00,1084,1084
3873,19/11/2024 , 23:00:00,1084,1084
3874,19/11/2024 , 23:59:59,1084,1084
3875,20/11/2024 , 01:00:00,1084,1084
3876,20/11/2024 , 02:00:00,1084,1084
3877,20/11/2024 , 03:00:00,1084,1084
3878,20/11/2024 , 04:00:00,1084,1084
3879,20/11/2024 , 05:00:00,1084,1084
3880,20/11/2024 , 06:00:00,1084,1084
3881,20/11/2024 , 07:00:00,1084,1084
3882,20/11/2024 , 08:00:00,1084,1084
3883,20/11/2024 , 09:00:00,1084,1084
3884,20/11/2024 , 10:00:00,1084,1084
3885,20/11/2024 , 11:00:00,1084,1084
3886,20/11/2024 , 12:00:00,1084,1084
3887,20/11/2024 , 13:00:00,1084,1084
3888,20/11/2024 , 14:00:00,1084,1084
3889,20/11/2024 , 15:00:00,1084,1084
3890,20/11/2024 , 16:00:00,1084,1084
3891,20/11/2024 , 17:00:00,1084,1084
3892,20/11/2024 , 18:00:00,1084,1084
3893,20/11/2024 , 19:00:00,1084,1084
3894,20/11/2024 , 20:00:00,1084,1084
3895,20/11/2024 , 21:00:00,1084,1084
3896,20/11/2024 , 22:00:00,1084,1084
3897,20/11/2024 , 23:00:00,1084,1084
3898,20/11/2024 , 23:59:59,1084,1084
3899,21/11/2024 , 01:00:00,1084,1084
3900,21/11/2024 , 02:00:00,1084,1084
3901,21/11/2024 , 03:00:00,1084,1084
3902,21/11/2024 , 04:00:00,1084,1084
3903,21/11/2024 , 05:00:00,1084,1084
3904,21/11/2024 , 06:00:00,1084,1084
3905,21/11/2024 , 07:00:00,1084,1084
3906,21/11/2024 , 08:00:00,1084,1084
3907,21/11/2024 , 09:00:00,1084,1084
3908,21/11/2024 , 10:00:00,1084,1084
3909,21/11/2024 , 11:00:00,1084,1084
3910,21/11/2024 , 12:00:00,1084,1084
3911,21/11/2024 , 13:00:00,1084,1084
3912,21/11/2024 , 14:00:00,1084,1084
3913,21/11/2024 , 15:00:00,1084,1084
3914,21/11/2024 , 16:00:00,1084,1084
3915,21/11/2024 , 17:00:00,1084,1084
3916,21/11/2024 , 18:00:00,1084,1084
3917,21/11/2024 , 19:00:00,1084,1084
3918,21/11/2024 , 20:00:00,1084,1084
3919,21/11/2024 , 21:00:00,1084,1084
3920,21/11/2024 , 22:00:00,1084,1084
3921,21/11/2024 , 23:00:00,1084,1084
3922,21/11/2024 , 23:59:59,1084,1084
3923,22/11/2024 , 01:00:00,1084,1084
3924,22/11/2024 , 02:00:00,1084,1084
3925,22/11/2024 , 03:00:00,1084,1084
3926,22/11/2024 , 04:00:00,1084,1084
3927,22/11/2024 , 05:00:00,1084,1084
3928,22/11/2024 , 06:00:00,1084,1084
3929,22/11/2024 , 07:00:00,1084,1084
3930,22/11/2024 , 08:00:00,1084,1084
3931,22/11/2024 , 09:00:00,1084,1084
3932,22/11/2024 , 10:00:00,1084,1084
3933,22/11/2024 , 11:00:00,1084,1084
3934,22/11/2024 , 12:00:00,1084,1084
3935,22/11/2024 , 13:00:00,1084,1084
3936,22/11/2024 , 14:00:00,1084,1084
3937,22/11/2024 , 15:00:00,1084,1084
3938,22/11/2024 , 16:00:00,1084,1084
3939,22/11/2024 , 17:00:00,1084,1084
3940,22/11/2024 , 18:00:00,1084,1084
3941,22/11/2024 , 19:00:00,1084,1084
3942,22/11/2024 , 20:00:00,1084,1084
3943,22/11/2024 , 21:00:00,1084,1084
3944,22/11/2024 , 22:00:00,1084,1084
3945,22/11/2024 , 23:00:00,1084,1084
3946,22/11/2024 , 23:59:59,1084,1084
3947,23/11/2024 , 01:00:00,1084,1084
3948,23/11/2024 , 02:00:00,1084,1084
3949,23/11/2024 , 03:00:00,1084,1084
3950,23/11/2024 , 04:00:00,1084,1084
3951,23/11/2024 , 05:00:00,1084,1084
3952,23/11/2024 , 06:00:00,1084,1084
3953,23/11/2024 , 07:00:00,1084,1084
3954,23/11/2024 , 08:00:00,1084,1084
3955,23/11/2024 , 09:00:00,1084,1084
3956,23/11/2024 , 10:00:00,1084,1084
3957,23/11/2024 , 11:00:00,1084,1084
3958,23/11/2024 , 12:00:00,1084,1084
3959,23/11/2024 , 13:00:00,1084,1084
3960,23/11/2024 , 14:00:00,1084,1084
3961,23/11/2024 , 15:00:00,1084,1084
3962,23/11/2024 , 16:00:00,1084,1084
3963,23/11/2024 , 17:00:00,1084,1084
3964,23/11/2024 , 18:00:00,1084,1084
3965,23/11/2024 , 19:00:00,1084,1084
3966,23/11/2024 , 20:00:00,1084,1084
3967,23/11/2024 , 21:00:00,1084,1084
3968,23/11/2024 , 22:00:00,1084,1084
3969,23/11/2024 , 23:00:00,1084,1084
3970,23/11/2024 , 23:59:59,1084,1084
3971,24/11/2024 , 01:00:00,1084,1084
3972,24/11/2024 , 02:00:00,1084,1084
3973,24/11/2024 , 03:00:00,1084,1084
3974,24/11/2024 , 04:00:00,1084,1084
3975,24/11/2024 , 05:00:00,1084,1084
3976,24/11/2024 , 06:00:00,1083,1083
3977,24/11/2024 , 07:00:00,1083,1083
3978,24/11/2024 , 08:00:00,1083,1083
3979,24/11/2024 , 09:00:00,1083,1083
3980,24/11/2024 , 10:00:00,1083,1083
3981,24/11/2024 , 11:00:00,1083,1083
3982,24/11/2024 , 12:00:00,1083,1083
3983,24/11/2024 , 13:00:00,1083,1083
3984,24/11/2024 , 14:00:00,1083,1083
3985,24/11/2024 , 15:00:00,1083,1083
3986,24/11/2024 , 16:00:00,1083,1083
3987,24/11/2024 , 17:00:00,1083,1083
3988,24/11/2024 , 18:00:00,1083,1083
3989,24/11/2024 , 19:00:00,1083,1083
3990,24/11/2024 , 20:00:00,1083,1083
3991,24/11/2024 , 21:00:00,1083,1083
3992,24/11/2024 , 22:00:00,1083,1083
3993,24/11/2024 , 23:00:00,1083,1083
3994,24/11/2024 , 23:59:59,1083,1083
3995,25/11/2024 , 01:00:00,1083,1083
3996,25/11/2024 , 02:00:00,1083,1083
3997,25/11/2024 , 03:00:00,1083,1083
3998,25/11/2024 , 04:00:00,1083,1083
3999,25/11/2024 , 05:00:00,1083,1083
4000,25/11/2024 , 06:00:00,1083,1083
4001,25/11/2024 , 07:00:00,1083,1083
4002,25/11/2024 , 08:00:00,1083,1083
4003,25/11/2024 , 09:00:00,1083,1083
4004,25/11/2024 , 10:00:00,1083,1083
4005,25/11/2024 , 11:00:00,1083,1083
4006,25/11/2024 , 12:00:00,1083,1083
4007,25/11/2024 , 13:00:00,1086,1086