Site Name ,ST-HENRI
Site Number ,100
Logger ,Capacitive Water Level
Logger Serial Number ,41370


Scan No ,Date and Time,       Capacitive Water Level,        ,
        ,        ,RAW VALUE ,CALIBRATED VALUE,

1,11/06/2024 , 15:00:00,1071,1071
2,11/06/2024 , 16:00:00,1160,1160
3,11/06/2024 , 17:00:00,1357,1357
4,11/06/2024 , 18:00:00,1671,1671
5,11/06/2024 , 19:00:00,1966,1966
6,11/06/2024 , 20:00:00,2183,2183
7,11/06/2024 , 21:00:00,2314,2314
8,11/06/2024 , 22:00:00,2391,2391
9,11/06/2024 , 23:00:00,2429,2429
10,11/06/2024 , 23:59:59,2452,2452
11,12/06/2024 , 01:00:00,2465,2465
12,12/06/2024 , 02:00:00,2468,2468
13,12/06/2024 , 03:00:00,2471,2471
14,12/06/2024 , 04:00:00,2473,2473
15,12/06/2024 , 05:00:00,2472,2472
16,12/06/2024 , 06:00:00,2474,2474
17,12/06/2024 , 07:00:00,2475,2475
18,12/06/2024 , 08:00:00,2474,2474
19,12/06/2024 , 09:00:00,2472,2472
20,12/06/2024 , 10:00:00,2470,2470
21,12/06/2024 , 11:00:00,2468,2468
22,12/06/2024 , 12:00:00,2465,2465
23,12/06/2024 , 13:00:00,2458,2458
24,12/06/2024 , 14:00:00,2454,2454
25,12/06/2024 , 15:00:00,2450,2450
26,12/06/2024 , 16:00:00,2448,2448
27,12/06/2024 , 17:00:00,2446,2446
28,12/06/2024 , 18:00:00,2445,2445
29,12/06/2024 , 19:00:00,2444,2444
30,12/06/2024 , 20:00:00,2442,2442
31,12/06/2024 , 21:00:00,2438,2438
32,12/06/2024 , 22:00:00,2436,2436
33,12/06/2024 , 23:00:00,2434,2434
34,12/06/2024 , 23:59:59,2431,2431
35,13/06/2024 , 01:00:00,2429,2429
36,13/06/2024 , 02:00:00,2428,2428
37,13/06/2024 , 03:00:00,2425,2425
38,13/06/2024 , 04:00:00,2424,2424
39,13/06/2024 , 05:00:00,2423,2423
40,13/06/2024 , 06:00:00,2424,2424
41,13/06/2024 , 07:00:00,2422,2422
42,13/06/2024 , 08:00:00,2419,2419
43,13/06/2024 , 09:00:00,2417,2417
44,13/06/2024 , 10:00:00,2412,2412
45,13/06/2024 , 11:00:00,2408,2408
46,13/06/2024 , 12:00:00,2404,2404
47,13/06/2024 , 13:00:00,2399,2399
48,13/06/2024 , 14:00:00,2394,2394
49,13/06/2024 , 15:00:00,2391,2391
50,13/06/2024 , 16:00:00,2389,2389
51,13/06/2024 , 17:00:00,2387,2387
52,13/06/2024 , 18:00:00,2385,2385
53,13/06/2024 , 19:00:00,2385,2385
54,13/06/2024 , 20:00:00,2385,2385
55,13/06/2024 , 21:00:00,2385,2385
56,13/06/2024 , 22:00:00,2385,2385
57,13/06/2024 , 23:00:00,2387,2387
58,13/06/2024 , 23:59:59,2393,2393
59,14/06/2024 , 01:00:00,2393,2393
60,14/06/2024 , 02:00:00,2408,2408
61,14/06/2024 , 03:00:00,2411,2411
62,14/06/2024 , 04:00:00,2411,2411
63,14/06/2024 , 05:00:00,2407,2407
64,14/06/2024 , 06:00:00,2404,2404
65,14/06/2024 , 07:00:00,2399,2399
66,14/06/2024 , 08:00:00,2396,2396
67,14/06/2024 , 09:00:00,2392,2392
68,14/06/2024 , 10:00:00,2387,2387
69,14/06/2024 , 11:00:00,2383,2383
70,14/06/2024 , 12:00:00,2379,2379
71,14/06/2024 , 13:00:00,2375,2375
72,14/06/2024 , 14:00:00,2370,2370
73,14/06/2024 , 15:00:00,2366,2366
74,14/06/2024 , 16:00:00,2362,2362
75,14/06/2024 , 17:00:00,2357,2357
76,14/06/2024 , 18:00:00,2354,2354
77,14/06/2024 , 19:00:00,2351,2351
78,14/06/2024 , 20:00:00,2350,2350
79,14/06/2024 , 21:00:00,2346,2346
80,14/06/2024 , 22:00:00,2345,2345
81,14/06/2024 , 23:00:00,2344,2344
82,14/06/2024 , 23:59:59,2343,2343
83,15/06/2024 , 01:00:00,2341,2341
84,15/06/2024 , 02:00:00,2339,2339
85,15/06/2024 , 03:00:00,2337,2337
86,15/06/2024 , 04:00:00,2335,2335
87,15/06/2024 , 05:00:00,2334,2334
88,15/06/2024 , 06:00:00,2332,2332
89,15/06/2024 , 07:00:00,2330,2330
90,15/06/2024 , 08:00:00,2329,2329
91,15/06/2024 , 09:00:00,2326,2326
92,15/06/2024 , 10:00:00,2321,2321
93,15/06/2024 , 11:00:00,2315,2315
94,15/06/2024 , 12:00:00,2309,2309
95,15/06/2024 , 13:00:00,2303,2303
96,15/06/2024 , 14:00:00,2298,2298
97,15/06/2024 , 15:00:00,2295,2295
98,15/06/2024 , 16:00:00,2292,2292
99,15/06/2024 , 17:00:00,2289,2289
100,15/06/2024 , 18:00:00,2288,2288
101,15/06/2024 , 19:00:00,2286,2286
102,15/06/2024 , 20:00:00,2282,2282
103,15/06/2024 , 21:00:00,2280,2280
104,15/06/2024 , 22:00:00,2280,2280
105,15/06/2024 , 23:00:00,2280,2280
106,15/06/2024 , 23:59:59,2280,2280
107,16/06/2024 , 01:00:00,2280,2280
108,16/06/2024 , 02:00:00,2280,2280
109,16/06/2024 , 03:00:00,2280,2280
110,16/06/2024 , 04:00:00,2280,2280
111,16/06/2024 , 05:00:00,2279,2279
112,16/06/2024 , 06:00:00,2280,2280
113,16/06/2024 , 07:00:00,2281,2281
114,16/06/2024 , 08:00:00,2280,2280
115,16/06/2024 , 09:00:00,2277,2277
116,16/06/2024 , 10:00:00,2273,2273
117,16/06/2024 , 11:00:00,2268,2268
118,16/06/2024 , 12:00:00,2260,2260
119,16/06/2024 , 13:00:00,2253,2253
120,16/06/2024 , 14:00:00,2250,2250
121,16/06/2024 , 15:00:00,2248,2248
122,16/06/2024 , 16:00:00,2248,2248
123,16/06/2024 , 17:00:00,2247,2247
124,16/06/2024 , 18:00:00,2247,2247
125,16/06/2024 , 19:00:00,2247,2247
126,16/06/2024 , 20:00:00,2247,2247
127,16/06/2024 , 21:00:00,2247,2247
128,16/06/2024 , 22:00:00,2247,2247
129,16/06/2024 , 23:00:00,2247,2247
130,16/06/2024 , 23:59:59,2247,2247
131,17/06/2024 , 01:00:00,2248,2248
132,17/06/2024 , 02:00:00,2248,2248
133,17/06/2024 , 03:00:00,2248,2248
134,17/06/2024 , 04:00:00,2248,2248
135,17/06/2024 , 05:00:00,2249,2249
136,17/06/2024 , 06:00:00,2250,2250
137,17/06/2024 , 07:00:00,2251,2251
138,17/06/2024 , 08:00:00,2252,2252
139,17/06/2024 , 09:00:00,2252,2252
140,17/06/2024 , 10:00:00,2252,2252
141,17/06/2024 , 11:00:00,2251,2251
142,17/06/2024 , 12:00:00,2249,2249
143,17/06/2024 , 13:00:00,2248,2248
144,17/06/2024 , 14:00:00,2247,2247
145,17/06/2024 , 15:00:00,2246,2246
146,17/06/2024 , 16:00:00,2244,2244
147,17/06/2024 , 17:00:00,2242,2242
148,17/06/2024 , 18:00:00,2241,2241
149,17/06/2024 , 19:00:00,2241,2241
150,17/06/2024 , 20:00:00,2241,2241
151,17/06/2024 , 21:00:00,2241,2241
152,17/06/2024 , 22:00:00,2241,2241
153,17/06/2024 , 23:00:00,2241,2241
154,17/06/2024 , 23:59:59,2241,2241
155,18/06/2024 , 01:00:00,2241,2241
156,18/06/2024 , 02:00:00,2241,2241
157,18/06/2024 , 03:00:00,2241,2241
158,18/06/2024 , 04:00:00,2241,2241
159,18/06/2024 , 05:00:00,2241,2241
160,18/06/2024 , 06:00:00,2241,2241
161,18/06/2024 , 07:00:00,2241,2241
162,18/06/2024 , 08:00:00,2242,2242
163,18/06/2024 , 09:00:00,2242,2242
164,18/06/2024 , 10:00:00,2242,2242
165,18/06/2024 , 11:00:00,2239,2239
166,18/06/2024 , 12:00:00,2236,2236
167,18/06/2024 , 13:00:00,2232,2232
168,18/06/2024 , 14:00:00,2228,2228
169,18/06/2024 , 15:00:00,2224,2224
170,18/06/2024 , 16:00:00,2220,2220
171,18/06/2024 , 17:00:00,2205,2205
172,18/06/2024 , 18:00:00,2205,2205
173,18/06/2024 , 19:00:00,2205,2205
174,18/06/2024 , 20:00:00,2205,2205
175,18/06/2024 , 21:00:00,2204,2204
176,18/06/2024 , 22:00:00,2205,2205
177,18/06/2024 , 23:00:00,2205,2205
178,18/06/2024 , 23:59:59,2206,2206
179,19/06/2024 , 01:00:00,2207,2207
180,19/06/2024 , 02:00:00,2207,2207
181,19/06/2024 , 03:00:00,2207,2207
182,19/06/2024 , 04:00:00,2208,2208
183,19/06/2024 , 05:00:00,2208,2208
184,19/06/2024 , 06:00:00,2208,2208
185,19/06/2024 , 07:00:00,2210,2210
186,19/06/2024 , 08:00:00,2211,2211
187,19/06/2024 , 09:00:00,2211,2211
188,19/06/2024 , 10:00:00,2208,2208
189,19/06/2024 , 11:00:00,2201,2201
190,19/06/2024 , 12:00:00,2194,2194
191,19/06/2024 , 13:00:00,2186,2186
192,19/06/2024 , 14:00:00,2182,2182
193,19/06/2024 , 15:00:00,2180,2180
194,19/06/2024 , 16:00:00,2178,2178
195,19/06/2024 , 17:00:00,2176,2176
196,19/06/2024 , 18:00:00,2176,2176
197,19/06/2024 , 19:00:00,2175,2175
198,19/06/2024 , 20:00:00,2176,2176
199,19/06/2024 , 21:00:00,2176,2176
200,19/06/2024 , 22:00:00,2177,2177
201,19/06/2024 , 23:00:00,2177,2177
202,19/06/2024 , 23:59:59,2178,2178
203,20/06/2024 , 01:00:00,2178,2178
204,20/06/2024 , 02:00:00,2178,2178
205,20/06/2024 , 03:00:00,2179,2179
206,20/06/2024 , 04:00:00,2180,2180
207,20/06/2024 , 05:00:00,2180,2180
208,20/06/2024 , 06:00:00,2182,2182
209,20/06/2024 , 07:00:00,2183,2183
210,20/06/2024 , 08:00:00,2184,2184
211,20/06/2024 , 09:00:00,2183,2183
212,20/06/2024 , 10:00:00,2180,2180
213,20/06/2024 , 11:00:00,2171,2171
214,20/06/2024 , 12:00:00,2163,2163
215,20/06/2024 , 13:00:00,2156,2156
216,20/06/2024 , 14:00:00,2150,2150
217,20/06/2024 , 15:00:00,2145,2145
218,20/06/2024 , 16:00:00,2141,2141
219,20/06/2024 , 17:00:00,2139,2139
220,20/06/2024 , 18:00:00,2138,2138
221,20/06/2024 , 19:00:00,2136,2136
222,20/06/2024 , 20:00:00,2137,2137
223,20/06/2024 , 21:00:00,2136,2136
224,20/06/2024 , 22:00:00,2136,2136
225,20/06/2024 , 23:00:00,2137,2137
226,20/06/2024 , 23:59:59,2137,2137
227,21/06/2024 , 01:00:00,2137,2137
228,21/06/2024 , 02:00:00,2138,2138
229,21/06/2024 , 03:00:00,2138,2138
230,21/06/2024 , 04:00:00,2139,2139
231,21/06/2024 , 05:00:00,2139,2139
232,21/06/2024 , 06:00:00,2139,2139
233,21/06/2024 , 07:00:00,2140,2140
234,21/06/2024 , 08:00:00,2140,2140
235,21/06/2024 , 09:00:00,2141,2141
236,21/06/2024 , 10:00:00,2142,2142
237,21/06/2024 , 11:00:00,2141,2141
238,21/06/2024 , 12:00:00,2141,2141
239,21/06/2024 , 13:00:00,2139,2139
240,21/06/2024 , 14:00:00,2136,2136
241,21/06/2024 , 15:00:00,2133,2133
242,21/06/2024 , 16:00:00,2130,2130
243,21/06/2024 , 17:00:00,2127,2127
244,21/06/2024 , 18:00:00,2125,2125
245,21/06/2024 , 19:00:00,2124,2124
246,21/06/2024 , 20:00:00,2123,2123
247,21/06/2024 , 21:00:00,2123,2123
248,21/06/2024 , 22:00:00,2123,2123
249,21/06/2024 , 23:00:00,2124,2124
250,21/06/2024 , 23:59:59,2125,2125
251,22/06/2024 , 01:00:00,2125,2125
252,22/06/2024 , 02:00:00,2126,2126
253,22/06/2024 , 03:00:00,2126,2126
254,22/06/2024 , 04:00:00,2127,2127
255,22/06/2024 , 05:00:00,2128,2128
256,22/06/2024 , 06:00:00,2129,2129
257,22/06/2024 , 07:00:00,2130,2130
258,22/06/2024 , 08:00:00,2130,2130
259,22/06/2024 , 09:00:00,2132,2132
260,22/06/2024 , 10:00:00,2130,2130
261,22/06/2024 , 11:00:00,2125,2125
262,22/06/2024 , 12:00:00,2117,2117
263,22/06/2024 , 13:00:00,2110,2110
264,22/06/2024 , 14:00:00,2104,2104
265,22/06/2024 , 15:00:00,2099,2099
266,22/06/2024 , 16:00:00,2096,2096
267,22/06/2024 , 17:00:00,2094,2094
268,22/06/2024 , 18:00:00,2091,2091
269,22/06/2024 , 19:00:00,2090,2090
270,22/06/2024 , 20:00:00,2089,2089
271,22/06/2024 , 21:00:00,2090,2090
272,22/06/2024 , 22:00:00,2090,2090
273,22/06/2024 , 23:00:00,2092,2092
274,22/06/2024 , 23:59:59,2093,2093
275,23/06/2024 , 01:00:00,2093,2093
276,23/06/2024 , 02:00:00,2094,2094
277,23/06/2024 , 03:00:00,2095,2095
278,23/06/2024 , 04:00:00,2096,2096
279,23/06/2024 , 05:00:00,2097,2097
280,23/06/2024 , 06:00:00,2099,2099
281,23/06/2024 , 07:00:00,2100,2100
282,23/06/2024 , 08:00:00,2105,2105
283,23/06/2024 , 09:00:00,2141,2141
284,23/06/2024 , 10:00:00,2208,2208
285,23/06/2024 , 11:00:00,2299,2299
286,23/06/2024 , 12:00:00,2521,2521
287,23/06/2024 , 13:00:00,2518,2518
288,23/06/2024 , 14:00:00,2496,2496
289,23/06/2024 , 15:00:00,2537,2537
290,23/06/2024 , 16:00:00,2563,2563
291,23/06/2024 , 17:00:00,2532,2532
292,23/06/2024 , 18:00:00,2516,2516
293,23/06/2024 , 19:00:00,2504,2504
294,23/06/2024 , 20:00:00,2517,2517
295,23/06/2024 , 21:00:00,2575,2575
296,23/06/2024 , 22:00:00,2553,2553
297,23/06/2024 , 23:00:00,2526,2526
298,23/06/2024 , 23:59:59,2511,2511
299,24/06/2024 , 01:00:00,2501,2501
300,24/06/2024 , 02:00:00,2496,2496
301,24/06/2024 , 03:00:00,2488,2488
302,24/06/2024 , 04:00:00,2486,2486
303,24/06/2024 , 05:00:00,2483,2483
304,24/06/2024 , 06:00:00,2483,2483
305,24/06/2024 , 07:00:00,2485,2485
306,24/06/2024 , 08:00:00,2480,2480
307,24/06/2024 , 09:00:00,2478,2478
308,24/06/2024 , 10:00:00,2478,2478
309,24/06/2024 , 11:00:00,2476,2476
310,24/06/2024 , 12:00:00,2474,2474
311,24/06/2024 , 13:00:00,2471,2471
312,24/06/2024 , 14:00:00,2471,2471
313,24/06/2024 , 15:00:00,2470,2470
314,24/06/2024 , 16:00:00,2469,2469
315,24/06/2024 , 17:00:00,2468,2468
316,24/06/2024 , 18:00:00,2465,2465
317,24/06/2024 , 19:00:00,2465,2465
318,24/06/2024 , 20:00:00,2464,2464
319,24/06/2024 , 21:00:00,2462,2462
320,24/06/2024 , 22:00:00,2459,2459
321,24/06/2024 , 23:00:00,2457,2457
322,24/06/2024 , 23:59:59,2455,2455
323,25/06/2024 , 01:00:00,2453,2453
324,25/06/2024 , 02:00:00,2451,2451
325,25/06/2024 , 03:00:00,2451,2451
326,25/06/2024 , 04:00:00,2450,2450
327,25/06/2024 , 05:00:00,2449,2449
328,25/06/2024 , 06:00:00,2448,2448
329,25/06/2024 , 07:00:00,2448,2448
330,25/06/2024 , 08:00:00,2448,2448
331,25/06/2024 , 09:00:00,2446,2446
332,25/06/2024 , 10:00:00,2440,2440
333,25/06/2024 , 11:00:00,2435,2435
334,25/06/2024 , 12:00:00,2429,2429
335,25/06/2024 , 13:00:00,2423,2423
336,25/06/2024 , 14:00:00,2418,2418
337,25/06/2024 , 15:00:00,2415,2415
338,25/06/2024 , 16:00:00,2413,2413
339,25/06/2024 , 17:00:00,2413,2413
340,25/06/2024 , 18:00:00,2411,2411
341,25/06/2024 , 19:00:00,2409,2409
342,25/06/2024 , 20:00:00,2407,2407
343,25/06/2024 , 21:00:00,2406,2406
344,25/06/2024 , 22:00:00,2406,2406
345,25/06/2024 , 23:00:00,2403,2403
346,25/06/2024 , 23:59:59,2401,2401
347,26/06/2024 , 01:00:00,2399,2399
348,26/06/2024 , 02:00:00,2397,2397
349,26/06/2024 , 03:00:00,2396,2396
350,26/06/2024 , 04:00:00,2394,2394
351,26/06/2024 , 05:00:00,2394,2394
352,26/06/2024 , 06:00:00,2397,2397
353,26/06/2024 , 07:00:00,2406,2406
354,26/06/2024 , 08:00:00,2407,2407
355,26/06/2024 , 09:00:00,2406,2406
356,26/06/2024 , 10:00:00,2401,2401
357,26/06/2024 , 11:00:00,2396,2396
358,26/06/2024 , 12:00:00,2390,2390
359,26/06/2024 , 13:00:00,2382,2382
360,26/06/2024 , 14:00:00,2380,2380
361,26/06/2024 , 15:00:00,2401,2401
362,26/06/2024 , 16:00:00,2428,2428
363,26/06/2024 , 17:00:00,2432,2432
364,26/06/2024 , 18:00:00,2431,2431
365,26/06/2024 , 19:00:00,2424,2424
366,26/06/2024 , 20:00:00,2415,2415
367,26/06/2024 , 21:00:00,2409,2409
368,26/06/2024 , 22:00:00,2403,2403
369,26/06/2024 , 23:00:00,2398,2398
370,26/06/2024 , 23:59:59,2392,2392
371,27/06/2024 , 01:00:00,2387,2387
372,27/06/2024 , 02:00:00,2383,2383
373,27/06/2024 , 03:00:00,2379,2379
374,27/06/2024 , 04:00:00,2407,2407
375,27/06/2024 , 05:00:00,2468,2468
376,27/06/2024 , 06:00:00,2485,2485
377,27/06/2024 , 07:00:00,2480,2480
378,27/06/2024 , 08:00:00,2476,2476
379,27/06/2024 , 09:00:00,2469,2469
380,27/06/2024 , 10:00:00,2456,2456
381,27/06/2024 , 11:00:00,2447,2447
382,27/06/2024 , 12:00:00,2438,2438
383,27/06/2024 , 13:00:00,2431,2431
384,27/06/2024 , 14:00:00,2426,2426
385,27/06/2024 , 15:00:00,2417,2417
386,27/06/2024 , 16:00:00,2414,2414
387,27/06/2024 , 17:00:00,2460,2460
388,27/06/2024 , 18:00:00,2467,2467
389,27/06/2024 , 19:00:00,2479,2479
390,27/06/2024 , 20:00:00,2481,2481
391,27/06/2024 , 21:00:00,2473,2473
392,27/06/2024 , 22:00:00,2459,2459
393,27/06/2024 , 23:00:00,2450,2450
394,27/06/2024 , 23:59:59,2441,2441
395,28/06/2024 , 01:00:00,2432,2432
396,28/06/2024 , 02:00:00,2427,2427
397,28/06/2024 , 03:00:00,2419,2419
398,28/06/2024 , 04:00:00,2413,2413
399,28/06/2024 , 05:00:00,2408,2408
400,28/06/2024 , 06:00:00,2404,2404
401,28/06/2024 , 07:00:00,2401,2401
402,28/06/2024 , 08:00:00,2397,2397
403,28/06/2024 , 09:00:00,2391,2391
404,28/06/2024 , 10:00:00,2384,2384
405,28/06/2024 , 11:00:00,2376,2376
406,28/06/2024 , 12:00:00,2366,2366
407,28/06/2024 , 13:00:00,2357,2357
408,28/06/2024 , 14:00:00,2350,2350
409,28/06/2024 , 15:00:00,2346,2346
410,28/06/2024 , 16:00:00,2344,2344
411,28/06/2024 , 17:00:00,2343,2343
412,28/06/2024 , 18:00:00,2342,2342
413,28/06/2024 , 19:00:00,2343,2343
414,28/06/2024 , 20:00:00,2342,2342
415,28/06/2024 , 21:00:00,2342,2342
416,28/06/2024 , 22:00:00,2342,2342
417,28/06/2024 , 23:00:00,2341,2341
418,28/06/2024 , 23:59:59,2340,2340
419,29/06/2024 , 01:00:00,2339,2339
420,29/06/2024 , 02:00:00,2337,2337
421,29/06/2024 , 03:00:00,2336,2336
422,29/06/2024 , 04:00:00,2334,2334
423,29/06/2024 , 05:00:00,2332,2332
424,29/06/2024 , 06:00:00,2332,2332
425,29/06/2024 , 07:00:00,2332,2332
426,29/06/2024 , 08:00:00,2331,2331
427,29/06/2024 , 09:00:00,2329,2329
428,29/06/2024 , 10:00:00,2326,2326
429,29/06/2024 , 11:00:00,2321,2321
430,29/06/2024 , 12:00:00,2315,2315
431,29/06/2024 , 13:00:00,2314,2314
432,29/06/2024 , 14:00:00,2319,2319
433,29/06/2024 , 15:00:00,2323,2323
434,29/06/2024 , 16:00:00,2327,2327
435,29/06/2024 , 17:00:00,2327,2327
436,29/06/2024 , 18:00:00,2341,2341
437,29/06/2024 , 19:00:00,2368,2368
438,29/06/2024 , 20:00:00,2398,2398
439,29/06/2024 , 21:00:00,2438,2438
440,29/06/2024 , 22:00:00,2445,2445
441,29/06/2024 , 23:00:00,2448,2448
442,29/06/2024 , 23:59:59,2470,2470
443,30/06/2024 , 01:00:00,2469,2469
444,30/06/2024 , 02:00:00,2458,2458
445,30/06/2024 , 03:00:00,2449,2449
446,30/06/2024 , 04:00:00,2441,2441
447,30/06/2024 , 05:00:00,2434,2434
448,30/06/2024 , 06:00:00,2434,2434
449,30/06/2024 , 07:00:00,2511,2511
450,30/06/2024 , 08:00:00,2507,2507
451,30/06/2024 , 09:00:00,2553,2553
452,30/06/2024 , 10:00:00,2576,2576
453,30/06/2024 , 11:00:00,2561,2561
454,30/06/2024 , 12:00:00,2533,2533
455,30/06/2024 , 13:00:00,2518,2518
456,30/06/2024 , 14:00:00,2508,2508
457,30/06/2024 , 15:00:00,2521,2521
458,30/06/2024 , 16:00:00,2508,2508
459,30/06/2024 , 17:00:00,2500,2500
460,30/06/2024 , 18:00:00,2496,2496
461,30/06/2024 , 19:00:00,2492,2492
462,30/06/2024 , 20:00:00,2489,2489
463,30/06/2024 , 21:00:00,2486,2486
464,30/06/2024 , 22:00:00,2486,2486
465,30/06/2024 , 23:00:00,2484,2484
466,30/06/2024 , 23:59:59,2484,2484
467,01/07/2024 , 01:00:00,2484,2484
468,01/07/2024 , 02:00:00,2484,2484
469,01/07/2024 , 03:00:00,2483,2483
470,01/07/2024 , 04:00:00,2482,2482
471,01/07/2024 , 05:00:00,2481,2481
472,01/07/2024 , 06:00:00,2481,2481
473,01/07/2024 , 07:00:00,2481,2481
474,01/07/2024 , 08:00:00,2480,2480
475,01/07/2024 , 09:00:00,2478,2478
476,01/07/2024 , 10:00:00,2473,2473
477,01/07/2024 , 11:00:00,2471,2471
478,01/07/2024 , 12:00:00,2464,2464
479,01/07/2024 , 13:00:00,2458,2458
480,01/07/2024 , 14:00:00,2456,2456
481,01/07/2024 , 15:00:00,2454,2454
482,01/07/2024 , 16:00:00,2454,2454
483,01/07/2024 , 17:00:00,2453,2453
484,01/07/2024 , 18:00:00,2453,2453
485,01/07/2024 , 19:00:00,2451,2451
486,01/07/2024 , 20:00:00,2451,2451
487,01/07/2024 , 21:00:00,2450,2450
488,01/07/2024 , 22:00:00,2447,2447
489,01/07/2024 , 23:00:00,2445,2445
490,01/07/2024 , 23:59:59,2443,2443
491,02/07/2024 , 01:00:00,2441,2441
492,02/07/2024 , 02:00:00,2439,2439
493,02/07/2024 , 03:00:00,2437,2437
494,02/07/2024 , 04:00:00,2435,2435
495,02/07/2024 , 05:00:00,2434,2434
496,02/07/2024 , 06:00:00,2432,2432
497,02/07/2024 , 07:00:00,2432,2432
498,02/07/2024 , 08:00:00,2430,2430
499,02/07/2024 , 09:00:00,2425,2425
500,02/07/2024 , 10:00:00,2419,2419
501,02/07/2024 , 11:00:00,2412,2412
502,02/07/2024 , 12:00:00,2406,2406
503,02/07/2024 , 13:00:00,2398,2398
504,02/07/2024 , 14:00:00,2392,2392
505,02/07/2024 , 15:00:00,2388,2388
506,02/07/2024 , 16:00:00,2385,2385
507,02/07/2024 , 17:00:00,2384,2384
508,02/07/2024 , 18:00:00,2383,2383
509,02/07/2024 , 19:00:00,2384,2384
510,02/07/2024 , 20:00:00,2384,2384
511,02/07/2024 , 21:00:00,2384,2384
512,02/07/2024 , 22:00:00,2383,2383
513,02/07/2024 , 23:00:00,2381,2381
514,02/07/2024 , 23:59:59,2379,2379
515,03/07/2024 , 01:00:00,2377,2377
516,03/07/2024 , 02:00:00,2376,2376
517,03/07/2024 , 03:00:00,2374,2374
518,03/07/2024 , 04:00:00,2372,2372
519,03/07/2024 , 05:00:00,2370,2370
520,03/07/2024 , 06:00:00,2370,2370
521,03/07/2024 , 07:00:00,2368,2368
522,03/07/2024 , 08:00:00,2366,2366
523,03/07/2024 , 09:00:00,2362,2362
524,03/07/2024 , 10:00:00,2357,2357
525,03/07/2024 , 11:00:00,2351,2351
526,03/07/2024 , 12:00:00,2343,2343
527,03/07/2024 , 13:00:00,2335,2335
528,03/07/2024 , 14:00:00,2328,2328
529,03/07/2024 , 15:00:00,2326,2326
530,03/07/2024 , 16:00:00,2324,2324
531,03/07/2024 , 17:00:00,2323,2323
532,03/07/2024 , 18:00:00,2322,2322
533,03/07/2024 , 19:00:00,2322,2322
534,03/07/2024 , 20:00:00,2322,2322
535,03/07/2024 , 21:00:00,2322,2322
536,03/07/2024 , 22:00:00,2323,2323
537,03/07/2024 , 23:00:00,2328,2328
538,03/07/2024 , 23:59:59,2330,2330
539,04/07/2024 , 01:00:00,2332,2332
540,04/07/2024 , 02:00:00,2346,2346
541,04/07/2024 , 03:00:00,2362,2362
542,04/07/2024 , 04:00:00,2365,2365
543,04/07/2024 , 05:00:00,2373,2373
544,04/07/2024 , 06:00:00,2376,2376
545,04/07/2024 , 07:00:00,2376,2376
546,04/07/2024 , 08:00:00,2376,2376
547,04/07/2024 , 09:00:00,2372,2372
548,04/07/2024 , 10:00:00,2366,2366
549,04/07/2024 , 11:00:00,2358,2358
550,04/07/2024 , 12:00:00,2349,2349
551,04/07/2024 , 13:00:00,2334,2334
552,04/07/2024 , 14:00:00,2324,2324
553,04/07/2024 , 15:00:00,2319,2319
554,04/07/2024 , 16:00:00,2315,2315
555,04/07/2024 , 17:00:00,2312,2312
556,04/07/2024 , 18:00:00,2311,2311
557,04/07/2024 , 19:00:00,2309,2309
558,04/07/2024 , 20:00:00,2308,2308
559,04/07/2024 , 21:00:00,2308,2308
560,04/07/2024 , 22:00:00,2308,2308
561,04/07/2024 , 23:00:00,2309,2309
562,04/07/2024 , 23:59:59,2322,2322
563,05/07/2024 , 01:00:00,2321,2321
564,05/07/2024 , 02:00:00,2320,2320
565,05/07/2024 , 03:00:00,2317,2317
566,05/07/2024 , 04:00:00,2315,2315
567,05/07/2024 , 05:00:00,2321,2321
568,05/07/2024 , 06:00:00,2361,2361
569,05/07/2024 , 07:00:00,2377,2377
570,05/07/2024 , 08:00:00,2376,2376
571,05/07/2024 , 09:00:00,2370,2370
572,05/07/2024 , 10:00:00,2360,2360
573,05/07/2024 , 11:00:00,2350,2350
574,05/07/2024 , 12:00:00,2339,2339
575,05/07/2024 , 13:00:00,2326,2326
576,05/07/2024 , 14:00:00,2314,2314
577,05/07/2024 , 15:00:00,2308,2308
578,05/07/2024 , 16:00:00,2304,2304
579,05/07/2024 , 17:00:00,2300,2300
580,05/07/2024 , 18:00:00,2298,2298
581,05/07/2024 , 19:00:00,2296,2296
582,05/07/2024 , 20:00:00,2294,2294
583,05/07/2024 , 21:00:00,2293,2293
584,05/07/2024 , 22:00:00,2292,2292
585,05/07/2024 , 23:00:00,2290,2290
586,05/07/2024 , 23:59:59,2289,2289
587,06/07/2024 , 01:00:00,2287,2287
588,06/07/2024 , 02:00:00,2285,2285
589,06/07/2024 , 03:00:00,2283,2283
590,06/07/2024 , 04:00:00,2281,2281
591,06/07/2024 , 05:00:00,2278,2278
592,06/07/2024 , 06:00:00,2344,2344
593,06/07/2024 , 07:00:00,2509,2509
594,06/07/2024 , 08:00:00,2548,2548
595,06/07/2024 , 09:00:00,2530,2530
596,06/07/2024 , 10:00:00,2528,2528
597,06/07/2024 , 11:00:00,2521,2521
598,06/07/2024 , 12:00:00,2527,2527
599,06/07/2024 , 13:00:00,2506,2506
600,06/07/2024 , 14:00:00,2497,2497
601,06/07/2024 , 15:00:00,2495,2495
602,06/07/2024 , 16:00:00,2494,2494
603,06/07/2024 , 17:00:00,2489,2489
604,06/07/2024 , 18:00:00,2486,2486
605,06/07/2024 , 19:00:00,2483,2483
606,06/07/2024 , 20:00:00,2481,2481
607,06/07/2024 , 21:00:00,2480,2480
608,06/07/2024 , 22:00:00,2479,2479
609,06/07/2024 , 23:00:00,2478,2478
610,06/07/2024 , 23:59:59,2476,2476
611,07/07/2024 , 01:00:00,2475,2475
612,07/07/2024 , 02:00:00,2472,2472
613,07/07/2024 , 03:00:00,2468,2468
614,07/07/2024 , 04:00:00,2464,2464
615,07/07/2024 , 05:00:00,2459,2459
616,07/07/2024 , 06:00:00,2457,2457
617,07/07/2024 , 07:00:00,2455,2455
618,07/07/2024 , 08:00:00,2453,2453
619,07/07/2024 , 09:00:00,2449,2449
620,07/07/2024 , 10:00:00,2446,2446
621,07/07/2024 , 11:00:00,2442,2442
622,07/07/2024 , 12:00:00,2437,2437
623,07/07/2024 , 13:00:00,2432,2432
624,07/07/2024 , 14:00:00,2426,2426
625,07/07/2024 , 15:00:00,2423,2423
626,07/07/2024 , 16:00:00,2420,2420
627,07/07/2024 , 17:00:00,2417,2417
628,07/07/2024 , 18:00:00,2415,2415
629,07/07/2024 , 19:00:00,2411,2411
630,07/07/2024 , 20:00:00,2408,2408
631,07/07/2024 , 21:00:00,2406,2406
632,07/07/2024 , 22:00:00,2404,2404
633,07/07/2024 , 23:00:00,2401,2401
634,07/07/2024 , 23:59:59,2399,2399
635,08/07/2024 , 01:00:00,2396,2396
636,08/07/2024 , 02:00:00,2394,2394
637,08/07/2024 , 03:00:00,2391,2391
638,08/07/2024 , 04:00:00,2389,2389
639,08/07/2024 , 05:00:00,2387,2387
640,08/07/2024 , 06:00:00,2385,2385
641,08/07/2024 , 07:00:00,2384,2384
642,08/07/2024 , 08:00:00,2383,2383
643,08/07/2024 , 09:00:00,2379,2379
644,08/07/2024 , 10:00:00,2374,2374
645,08/07/2024 , 11:00:00,2368,2368
646,08/07/2024 , 12:00:00,2362,2362
647,08/07/2024 , 13:00:00,2357,2357
648,08/07/2024 , 14:00:00,2352,2352
649,08/07/2024 , 15:00:00,2348,2348
650,08/07/2024 , 16:00:00,2344,2344
651,08/07/2024 , 17:00:00,2341,2341
652,08/07/2024 , 18:00:00,2339,2339
653,08/07/2024 , 19:00:00,2337,2337
654,08/07/2024 , 20:00:00,2337,2337
655,08/07/2024 , 21:00:00,2337,2337
656,08/07/2024 , 22:00:00,2335,2335
657,08/07/2024 , 23:00:00,2335,2335
658,08/07/2024 , 23:59:59,2334,2334
659,09/07/2024 , 01:00:00,2333,2333
660,09/07/2024 , 02:00:00,2333,2333
661,09/07/2024 , 03:00:00,2332,2332
662,09/07/2024 , 04:00:00,2330,2330
663,09/07/2024 , 05:00:00,2330,2330
664,09/07/2024 , 06:00:00,2328,2328
665,09/07/2024 , 07:00:00,2328,2328
666,09/07/2024 , 08:00:00,2327,2327
667,09/07/2024 , 09:00:00,2324,2324
668,09/07/2024 , 10:00:00,2320,2320
669,09/07/2024 , 11:00:00,2316,2316
670,09/07/2024 , 12:00:00,2330,2330
671,09/07/2024 , 13:00:00,2337,2337
672,09/07/2024 , 14:00:00,2336,2336
673,09/07/2024 , 15:00:00,2332,2332
674,09/07/2024 , 16:00:00,2324,2324
675,09/07/2024 , 17:00:00,2320,2320
676,09/07/2024 , 18:00:00,2316,2316
677,09/07/2024 , 19:00:00,2314,2314
678,09/07/2024 , 20:00:00,2313,2313
679,09/07/2024 , 21:00:00,2313,2313
680,09/07/2024 , 22:00:00,2330,2330
681,09/07/2024 , 23:00:00,2335,2335
682,09/07/2024 , 23:59:59,2334,2334
683,10/07/2024 , 01:00:00,2333,2333
684,10/07/2024 , 02:00:00,2328,2328
685,10/07/2024 , 03:00:00,2324,2324
686,10/07/2024 , 04:00:00,2320,2320
687,10/07/2024 , 05:00:00,2317,2317
688,10/07/2024 , 06:00:00,2315,2315
689,10/07/2024 , 07:00:00,2314,2314
690,10/07/2024 , 08:00:00,2311,2311
691,10/07/2024 , 09:00:00,2308,2308
692,10/07/2024 , 10:00:00,2303,2303
693,10/07/2024 , 11:00:00,2298,2298
694,10/07/2024 , 12:00:00,2295,2295
695,10/07/2024 , 13:00:00,2293,2293
696,10/07/2024 , 14:00:00,2289,2289
697,10/07/2024 , 15:00:00,2286,2286
698,10/07/2024 , 16:00:00,2301,2301
699,10/07/2024 , 17:00:00,2324,2324
700,10/07/2024 , 18:00:00,2347,2347
701,10/07/2024 , 19:00:00,2379,2379
702,10/07/2024 , 20:00:00,2427,2427
703,10/07/2024 , 21:00:00,2532,2532
704,10/07/2024 , 22:00:00,2528,2528
705,10/07/2024 , 23:00:00,2517,2517
706,10/07/2024 , 23:59:59,2503,2503
707,11/07/2024 , 01:00:00,2497,2497
708,11/07/2024 , 02:00:00,2484,2484
709,11/07/2024 , 03:00:00,2478,2478
710,11/07/2024 , 04:00:00,2471,2471
711,11/07/2024 , 05:00:00,2462,2462
712,11/07/2024 , 06:00:00,2468,2468
713,11/07/2024 , 07:00:00,2468,2468
714,11/07/2024 , 08:00:00,2460,2460
715,11/07/2024 , 09:00:00,2453,2453
716,11/07/2024 , 10:00:00,2447,2447
717,11/07/2024 , 11:00:00,2440,2440
718,11/07/2024 , 12:00:00,2441,2441
719,11/07/2024 , 13:00:00,2596,2596
720,11/07/2024 , 14:00:00,2567,2567
721,11/07/2024 , 15:00:00,2542,2542
722,11/07/2024 , 16:00:00,2526,2526
723,11/07/2024 , 17:00:00,2516,2516
724,11/07/2024 , 18:00:00,2511,2511
725,11/07/2024 , 19:00:00,2507,2507
726,11/07/2024 , 20:00:00,2507,2507
727,11/07/2024 , 21:00:00,2506,2506
728,11/07/2024 , 22:00:00,2504,2504
729,11/07/2024 , 23:00:00,2501,2501
730,11/07/2024 , 23:59:59,2499,2499
731,12/07/2024 , 01:00:00,2497,2497
732,12/07/2024 , 02:00:00,2498,2498
733,12/07/2024 , 03:00:00,2499,2499
734,12/07/2024 , 04:00:00,2497,2497
735,12/07/2024 , 05:00:00,2496,2496
736,12/07/2024 , 06:00:00,2494,2494
737,12/07/2024 , 07:00:00,2492,2492
738,12/07/2024 , 08:00:00,2491,2491
739,12/07/2024 , 09:00:00,2489,2489
740,12/07/2024 , 10:00:00,2488,2488
741,12/07/2024 , 11:00:00,2487,2487
742,12/07/2024 , 12:00:00,2486,2486
743,12/07/2024 , 13:00:00,2484,2484
744,12/07/2024 , 14:00:00,2483,2483
745,12/07/2024 , 15:00:00,2483,2483
746,12/07/2024 , 16:00:00,2481,2481
747,12/07/2024 , 17:00:00,2479,2479
748,12/07/2024 , 18:00:00,2477,2477
749,12/07/2024 , 19:00:00,2475,2475
750,12/07/2024 , 20:00:00,2471,2471
751,12/07/2024 , 21:00:00,2469,2469
752,12/07/2024 , 22:00:00,2464,2464
753,12/07/2024 , 23:00:00,2460,2460
754,12/07/2024 , 23:59:59,2456,2456
755,13/07/2024 , 01:00:00,2454,2454
756,13/07/2024 , 02:00:00,2453,2453
757,13/07/2024 , 03:00:00,2451,2451
758,13/07/2024 , 04:00:00,2450,2450
759,13/07/2024 , 05:00:00,2447,2447
760,13/07/2024 , 06:00:00,2445,2445
761,13/07/2024 , 07:00:00,2444,2444
762,13/07/2024 , 08:00:00,2442,2442
763,13/07/2024 , 09:00:00,2440,2440
764,13/07/2024 , 10:00:00,2437,2437
765,13/07/2024 , 11:00:00,2432,2432
766,13/07/2024 , 12:00:00,2426,2426
767,13/07/2024 , 13:00:00,2427,2427
768,13/07/2024 , 14:00:00,2428,2428
769,13/07/2024 , 15:00:00,2425,2425
770,13/07/2024 , 16:00:00,2419,2419
771,13/07/2024 , 17:00:00,2416,2416
772,13/07/2024 , 18:00:00,2412,2412
773,13/07/2024 , 19:00:00,2410,2410
774,13/07/2024 , 20:00:00,2408,2408
775,13/07/2024 , 21:00:00,2406,2406
776,13/07/2024 , 22:00:00,2404,2404
777,13/07/2024 , 23:00:00,2403,2403
778,13/07/2024 , 23:59:59,2402,2402
779,14/07/2024 , 01:00:00,2401,2401
780,14/07/2024 , 02:00:00,2400,2400
781,14/07/2024 , 03:00:00,2399,2399
782,14/07/2024 , 04:00:00,2399,2399
783,14/07/2024 , 05:00:00,2397,2397
784,14/07/2024 , 06:00:00,2397,2397
785,14/07/2024 , 07:00:00,2397,2397
786,14/07/2024 , 08:00:00,2397,2397
787,14/07/2024 , 09:00:00,2394,2394
788,14/07/2024 , 10:00:00,2388,2388
789,14/07/2024 , 11:00:00,2381,2381
790,14/07/2024 , 12:00:00,2374,2374
791,14/07/2024 , 13:00:00,2366,2366
792,14/07/2024 , 14:00:00,2362,2362
793,14/07/2024 , 15:00:00,2361,2361
794,14/07/2024 , 16:00:00,2360,2360
795,14/07/2024 , 17:00:00,2360,2360
796,14/07/2024 , 18:00:00,2361,2361
797,14/07/2024 , 19:00:00,2360,2360
798,14/07/2024 , 20:00:00,2361,2361
799,14/07/2024 , 21:00:00,2361,2361
800,14/07/2024 , 22:00:00,2360,2360
801,14/07/2024 , 23:00:00,2358,2358
802,14/07/2024 , 23:59:59,2357,2357
803,15/07/2024 , 01:00:00,2356,2356
804,15/07/2024 , 02:00:00,2355,2355
805,15/07/2024 , 03:00:00,2353,2353
806,15/07/2024 , 04:00:00,2352,2352
807,15/07/2024 , 05:00:00,2350,2350
808,15/07/2024 , 06:00:00,2348,2348
809,15/07/2024 , 07:00:00,2348,2348
810,15/07/2024 , 08:00:00,2346,2346
811,15/07/2024 , 09:00:00,2345,2345
812,15/07/2024 , 10:00:00,2338,2338
813,15/07/2024 , 11:00:00,2331,2331
814,15/07/2024 , 12:00:00,2327,2327
815,15/07/2024 , 13:00:00,2321,2321
816,15/07/2024 , 14:00:00,2316,2316
817,15/07/2024 , 15:00:00,2313,2313
818,15/07/2024 , 16:00:00,2311,2311
819,15/07/2024 , 17:00:00,2310,2310
820,15/07/2024 , 18:00:00,2309,2309
821,15/07/2024 , 19:00:00,2347,2347
822,15/07/2024 , 20:00:00,2379,2379
823,15/07/2024 , 21:00:00,2380,2380
824,15/07/2024 , 22:00:00,2376,2376
825,15/07/2024 , 23:00:00,2368,2368
826,15/07/2024 , 23:59:59,2362,2362
827,16/07/2024 , 01:00:00,2357,2357
828,16/07/2024 , 02:00:00,2353,2353
829,16/07/2024 , 03:00:00,2350,2350
830,16/07/2024 , 04:00:00,2406,2406
831,16/07/2024 , 05:00:00,2423,2423
832,16/07/2024 , 06:00:00,2422,2422
833,16/07/2024 , 07:00:00,2415,2415
834,16/07/2024 , 08:00:00,2408,2408
835,16/07/2024 , 09:00:00,2399,2399
836,16/07/2024 , 10:00:00,2388,2388
837,16/07/2024 , 11:00:00,2377,2377
838,16/07/2024 , 12:00:00,2361,2361
839,16/07/2024 , 13:00:00,2351,2351
840,16/07/2024 , 14:00:00,2339,2339
841,16/07/2024 , 15:00:00,2332,2332
842,16/07/2024 , 16:00:00,2324,2324
843,16/07/2024 , 17:00:00,2320,2320
844,16/07/2024 , 18:00:00,2317,2317
845,16/07/2024 , 19:00:00,2316,2316
846,16/07/2024 , 20:00:00,2315,2315
847,16/07/2024 , 21:00:00,2314,2314
848,16/07/2024 , 22:00:00,2314,2314
849,16/07/2024 , 23:00:00,2314,2314
850,16/07/2024 , 23:59:59,2313,2313
851,17/07/2024 , 01:00:00,2313,2313
852,17/07/2024 , 02:00:00,2312,2312
853,17/07/2024 , 03:00:00,2311,2311
854,17/07/2024 , 04:00:00,2309,2309
855,17/07/2024 , 05:00:00,2307,2307
856,17/07/2024 , 06:00:00,2306,2306
857,17/07/2024 , 07:00:00,2305,2305
858,17/07/2024 , 08:00:00,2303,2303
859,17/07/2024 , 09:00:00,2301,2301
860,17/07/2024 , 10:00:00,2300,2300
861,17/07/2024 , 11:00:00,2298,2298
862,17/07/2024 , 12:00:00,2294,2294
863,17/07/2024 , 13:00:00,2284,2284
864,17/07/2024 , 14:00:00,2277,2277
865,17/07/2024 , 15:00:00,2273,2273
866,17/07/2024 , 16:00:00,2270,2270
867,17/07/2024 , 17:00:00,2267,2267
868,17/07/2024 , 18:00:00,2266,2266
869,17/07/2024 , 19:00:00,2264,2264
870,17/07/2024 , 20:00:00,2264,2264
871,17/07/2024 , 21:00:00,2264,2264
872,17/07/2024 , 22:00:00,2264,2264
873,17/07/2024 , 23:00:00,2264,2264
874,17/07/2024 , 23:59:59,2266,2266
875,18/07/2024 , 01:00:00,2265,2265
876,18/07/2024 , 02:00:00,2264,2264
877,18/07/2024 , 03:00:00,2263,2263
878,18/07/2024 , 04:00:00,2262,2262
879,18/07/2024 , 05:00:00,2261,2261
880,18/07/2024 , 06:00:00,2260,2260
881,18/07/2024 , 07:00:00,2260,2260
882,18/07/2024 , 08:00:00,2260,2260
883,18/07/2024 , 09:00:00,2258,2258
884,18/07/2024 , 10:00:00,2255,2255
885,18/07/2024 , 11:00:00,2249,2249
886,18/07/2024 , 12:00:00,2245,2245
887,18/07/2024 , 13:00:00,2241,2241
888,18/07/2024 , 14:00:00,2237,2237
889,18/07/2024 , 15:00:00,2244,2244
890,18/07/2024 , 16:00:00,2250,2250
891,18/07/2024 , 17:00:00,2251,2251
892,18/07/2024 , 18:00:00,2354,2354
893,18/07/2024 , 19:00:00,2381,2381
894,18/07/2024 , 20:00:00,2382,2382
895,18/07/2024 , 21:00:00,2375,2375
896,18/07/2024 , 22:00:00,2365,2365
897,18/07/2024 , 23:00:00,2355,2355
898,18/07/2024 , 23:59:59,2348,2348
899,19/07/2024 , 01:00:00,2337,2337
900,19/07/2024 , 02:00:00,2329,2329
901,19/07/2024 , 03:00:00,2321,2321
902,19/07/2024 , 04:00:00,2315,2315
903,19/07/2024 , 05:00:00,2309,2309
904,19/07/2024 , 06:00:00,2305,2305
905,19/07/2024 , 07:00:00,2300,2300
906,19/07/2024 , 08:00:00,2297,2297
907,19/07/2024 , 09:00:00,2293,2293
908,19/07/2024 , 10:00:00,2284,2284
909,19/07/2024 , 11:00:00,2274,2274
910,19/07/2024 , 12:00:00,2263,2263
911,19/07/2024 , 13:00:00,2250,2250
912,19/07/2024 , 14:00:00,2244,2244
913,19/07/2024 , 15:00:00,2240,2240
914,19/07/2024 , 16:00:00,2238,2238
915,19/07/2024 , 17:00:00,2237,2237
916,19/07/2024 , 18:00:00,2236,2236
917,19/07/2024 , 19:00:00,2236,2236
918,19/07/2024 , 20:00:00,2236,2236
919,19/07/2024 , 21:00:00,2235,2235
920,19/07/2024 , 22:00:00,2236,2236
921,19/07/2024 , 23:00:00,2235,2235
922,19/07/2024 , 23:59:59,2235,2235
923,20/07/2024 , 01:00:00,2235,2235
924,20/07/2024 , 02:00:00,2235,2235
925,20/07/2024 , 03:00:00,2234,2234
926,20/07/2024 , 04:00:00,2233,2233
927,20/07/2024 , 05:00:00,2233,2233
928,20/07/2024 , 06:00:00,2234,2234
929,20/07/2024 , 07:00:00,2234,2234
930,20/07/2024 , 08:00:00,2234,2234
931,20/07/2024 , 09:00:00,2234,2234
932,20/07/2024 , 10:00:00,2231,2231
933,20/07/2024 , 11:00:00,2204,2204
934,20/07/2024 , 12:00:00,2193,2193
935,20/07/2024 , 13:00:00,2183,2183
936,20/07/2024 , 14:00:00,2176,2176
937,20/07/2024 , 15:00:00,2171,2171
938,20/07/2024 , 16:00:00,2167,2167
939,20/07/2024 , 17:00:00,2164,2164
940,20/07/2024 , 18:00:00,2187,2187
941,20/07/2024 , 19:00:00,2272,2272
942,20/07/2024 , 20:00:00,2339,2339
943,20/07/2024 , 21:00:00,2384,2384
944,20/07/2024 , 22:00:00,2391,2391
945,20/07/2024 , 23:00:00,2388,2388
946,20/07/2024 , 23:59:59,2380,2380
947,21/07/2024 , 01:00:00,2369,2369
948,21/07/2024 , 02:00:00,2356,2356
949,21/07/2024 , 03:00:00,2348,2348
950,21/07/2024 , 04:00:00,2336,2336
951,21/07/2024 , 05:00:00,2327,2327
952,21/07/2024 , 06:00:00,2319,2319
953,21/07/2024 , 07:00:00,2312,2312
954,21/07/2024 , 08:00:00,2305,2305
955,21/07/2024 , 09:00:00,2298,2298
956,21/07/2024 , 10:00:00,2291,2291
957,21/07/2024 , 11:00:00,2278,2278
958,21/07/2024 , 12:00:00,2265,2265
959,21/07/2024 , 13:00:00,2251,2251
960,21/07/2024 , 14:00:00,2243,2243
961,21/07/2024 , 15:00:00,2240,2240
962,21/07/2024 , 16:00:00,2237,2237
963,21/07/2024 , 17:00:00,2236,2236
964,21/07/2024 , 18:00:00,2235,2235
965,21/07/2024 , 19:00:00,2233,2233
966,21/07/2024 , 20:00:00,2232,2232
967,21/07/2024 , 21:00:00,2231,2231
968,21/07/2024 , 22:00:00,2230,2230
969,21/07/2024 , 23:00:00,2229,2229
970,21/07/2024 , 23:59:59,2228,2228
971,22/07/2024 , 01:00:00,2225,2225
972,22/07/2024 , 02:00:00,2223,2223
973,22/07/2024 , 03:00:00,2221,2221
974,22/07/2024 , 04:00:00,2203,2203
975,22/07/2024 , 05:00:00,2201,2201
976,22/07/2024 , 06:00:00,2201,2201
977,22/07/2024 , 07:00:00,2199,2199
978,22/07/2024 , 08:00:00,2198,2198
979,22/07/2024 , 09:00:00,2196,2196
980,22/07/2024 , 10:00:00,2191,2191
981,22/07/2024 , 11:00:00,2185,2185
982,22/07/2024 , 12:00:00,2175,2175
983,22/07/2024 , 13:00:00,2166,2166
984,22/07/2024 , 14:00:00,2159,2159
985,22/07/2024 , 15:00:00,2155,2155
986,22/07/2024 , 16:00:00,2152,2152
987,22/07/2024 , 17:00:00,2150,2150
988,22/07/2024 , 18:00:00,2149,2149
989,22/07/2024 , 19:00:00,2149,2149
990,22/07/2024 , 20:00:00,2150,2150
991,22/07/2024 , 21:00:00,2151,2151
992,22/07/2024 , 22:00:00,2152,2152
993,22/07/2024 , 23:00:00,2152,2152
994,22/07/2024 , 23:59:59,2152,2152
995,23/07/2024 , 01:00:00,2153,2153
996,23/07/2024 , 02:00:00,2153,2153
997,23/07/2024 , 03:00:00,2152,2152
998,23/07/2024 , 04:00:00,2152,2152
999,23/07/2024 , 05:00:00,2152,2152
1000,23/07/2024 , 06:00:00,2151,2151
1001,23/07/2024 , 07:00:00,2151,2151
1002,23/07/2024 , 08:00:00,2151,2151
1003,23/07/2024 , 09:00:00,2150,2150
1004,23/07/2024 , 10:00:00,2146,2146
1005,23/07/2024 , 11:00:00,2140,2140
1006,23/07/2024 , 12:00:00,2136,2136
1007,23/07/2024 , 13:00:00,2130,2130
1008,23/07/2024 , 14:00:00,2122,2122
1009,23/07/2024 , 15:00:00,2116,2116
1010,23/07/2024 , 16:00:00,2112,2112
1011,23/07/2024 , 17:00:00,2109,2109
1012,23/07/2024 , 18:00:00,2108,2108
1013,23/07/2024 , 19:00:00,2106,2106
1014,23/07/2024 , 20:00:00,2104,2104
1015,23/07/2024 , 21:00:00,2104,2104
1016,23/07/2024 , 22:00:00,2104,2104
1017,23/07/2024 , 23:00:00,2104,2104
1018,23/07/2024 , 23:59:59,2106,2106
1019,24/07/2024 , 01:00:00,2106,2106
1020,24/07/2024 , 02:00:00,2108,2108
1021,24/07/2024 , 03:00:00,2108,2108
1022,24/07/2024 , 04:00:00,2108,2108
1023,24/07/2024 , 05:00:00,2109,2109
1024,24/07/2024 , 06:00:00,2109,2109
1025,24/07/2024 , 07:00:00,2110,2110
1026,24/07/2024 , 08:00:00,2110,2110
1027,24/07/2024 , 09:00:00,2107,2107
1028,24/07/2024 , 10:00:00,2102,2102
1029,24/07/2024 , 11:00:00,2098,2098
1030,24/07/2024 , 12:00:00,2093,2093
1031,24/07/2024 , 13:00:00,2088,2088
1032,24/07/2024 , 14:00:00,2083,2083
1033,24/07/2024 , 15:00:00,2079,2079
1034,24/07/2024 , 16:00:00,2076,2076
1035,24/07/2024 , 17:00:00,2073,2073
1036,24/07/2024 , 18:00:00,2072,2072
1037,24/07/2024 , 19:00:00,2071,2071
1038,24/07/2024 , 20:00:00,2073,2073
1039,24/07/2024 , 21:00:00,2072,2072
1040,24/07/2024 , 22:00:00,2073,2073
1041,24/07/2024 , 23:00:00,2076,2076
1042,24/07/2024 , 23:59:59,2089,2089
1043,25/07/2024 , 01:00:00,2207,2207
1044,25/07/2024 , 02:00:00,2274,2274
1045,25/07/2024 , 03:00:00,2299,2299
1046,25/07/2024 , 04:00:00,2311,2311
1047,25/07/2024 , 05:00:00,2315,2315
1048,25/07/2024 , 06:00:00,2314,2314
1049,25/07/2024 , 07:00:00,2432,2432
1050,25/07/2024 , 08:00:00,2573,2573
1051,25/07/2024 , 09:00:00,2562,2562
1052,25/07/2024 , 10:00:00,2516,2516
1053,25/07/2024 , 11:00:00,2495,2495
1054,25/07/2024 , 12:00:00,2483,2483
1055,25/07/2024 , 13:00:00,2470,2470
1056,25/07/2024 , 14:00:00,2453,2453
1057,25/07/2024 , 15:00:00,2440,2440
1058,25/07/2024 , 16:00:00,2429,2429
1059,25/07/2024 , 17:00:00,2417,2417
1060,25/07/2024 , 18:00:00,2406,2406
1061,25/07/2024 , 19:00:00,2410,2410
1062,25/07/2024 , 20:00:00,2407,2407
1063,25/07/2024 , 21:00:00,2406,2406
1064,25/07/2024 , 22:00:00,2400,2400
1065,25/07/2024 , 23:00:00,2392,2392
1066,25/07/2024 , 23:59:59,2385,2385
1067,26/07/2024 , 01:00:00,2379,2379
1068,26/07/2024 , 02:00:00,2374,2374
1069,26/07/2024 , 03:00:00,2366,2366
1070,26/07/2024 , 04:00:00,2360,2360
1071,26/07/2024 , 05:00:00,2354,2354
1072,26/07/2024 , 06:00:00,2350,2350
1073,26/07/2024 , 07:00:00,2345,2345
1074,26/07/2024 , 08:00:00,2340,2340
1075,26/07/2024 , 09:00:00,2335,2335
1076,26/07/2024 , 10:00:00,2326,2326
1077,26/07/2024 , 11:00:00,2318,2318
1078,26/07/2024 , 12:00:00,2307,2307
1079,26/07/2024 , 13:00:00,2297,2297
1080,26/07/2024 , 14:00:00,2288,2288
1081,26/07/2024 , 15:00:00,2278,2278
1082,26/07/2024 , 16:00:00,2272,2272
1083,26/07/2024 , 17:00:00,2268,2268
1084,26/07/2024 , 18:00:00,2266,2266
1085,26/07/2024 , 19:00:00,2264,2264
1086,26/07/2024 , 20:00:00,2262,2262
1087,26/07/2024 , 21:00:00,2261,2261
1088,26/07/2024 , 22:00:00,2259,2259
1089,26/07/2024 , 23:00:00,2257,2257
1090,26/07/2024 , 23:59:59,2256,2256
1091,27/07/2024 , 01:00:00,2254,2254
1092,27/07/2024 , 02:00:00,2252,2252
1093,27/07/2024 , 03:00:00,2251,2251
1094,27/07/2024 , 04:00:00,2250,2250
1095,27/07/2024 , 05:00:00,2248,2248
1096,27/07/2024 , 06:00:00,2248,2248
1097,27/07/2024 , 07:00:00,2248,2248
1098,27/07/2024 , 08:00:00,2247,2247
1099,27/07/2024 , 09:00:00,2246,2246
1100,27/07/2024 , 10:00:00,2245,2245
1101,27/07/2024 , 11:00:00,2241,2241
1102,27/07/2024 , 12:00:00,2237,2237
1103,27/07/2024 , 13:00:00,2233,2233
1104,27/07/2024 , 14:00:00,2205,2205
1105,27/07/2024 , 15:00:00,2197,2197
1106,27/07/2024 , 16:00:00,2193,2193
1107,27/07/2024 , 17:00:00,2191,2191
1108,27/07/2024 , 18:00:00,2192,2192
1109,27/07/2024 , 19:00:00,2192,2192
1110,27/07/2024 , 20:00:00,2193,2193
1111,27/07/2024 , 21:00:00,2194,2194
1112,27/07/2024 , 22:00:00,2195,2195
1113,27/07/2024 , 23:00:00,2196,2196
1114,27/07/2024 , 23:59:59,2197,2197
1115,28/07/2024 , 01:00:00,2196,2196
1116,28/07/2024 , 02:00:00,2196,2196
1117,28/07/2024 , 03:00:00,2196,2196
1118,28/07/2024 , 04:00:00,2195,2195
1119,28/07/2024 , 05:00:00,2194,2194
1120,28/07/2024 , 06:00:00,2194,2194
1121,28/07/2024 , 07:00:00,2193,2193
1122,28/07/2024 , 08:00:00,2194,2194
1123,28/07/2024 , 09:00:00,2193,2193
1124,28/07/2024 , 10:00:00,2190,2190
1125,28/07/2024 , 11:00:00,2184,2184
1126,28/07/2024 , 12:00:00,2176,2176
1127,28/07/2024 , 13:00:00,2167,2167
1128,28/07/2024 , 14:00:00,2160,2160
1129,28/07/2024 , 15:00:00,2155,2155
1130,28/07/2024 , 16:00:00,2152,2152
1131,28/07/2024 , 17:00:00,2150,2150
1132,28/07/2024 , 18:00:00,2150,2150
1133,28/07/2024 , 19:00:00,2151,2151
1134,28/07/2024 , 20:00:00,2152,2152
1135,28/07/2024 , 21:00:00,2153,2153
1136,28/07/2024 , 22:00:00,2155,2155
1137,28/07/2024 , 23:00:00,2156,2156
1138,28/07/2024 , 23:59:59,2158,2158
1139,29/07/2024 , 01:00:00,2158,2158
1140,29/07/2024 , 02:00:00,2159,2159
1141,29/07/2024 , 03:00:00,2160,2160
1142,29/07/2024 , 04:00:00,2159,2159
1143,29/07/2024 , 05:00:00,2160,2160
1144,29/07/2024 , 06:00:00,2160,2160
1145,29/07/2024 , 07:00:00,2160,2160
1146,29/07/2024 , 08:00:00,2160,2160
1147,29/07/2024 , 09:00:00,2161,2161
1148,29/07/2024 , 10:00:00,2159,2159
1149,29/07/2024 , 11:00:00,2153,2153
1150,29/07/2024 , 12:00:00,2146,2146
1151,29/07/2024 , 13:00:00,2137,2137
1152,29/07/2024 , 14:00:00,2130,2130
1153,29/07/2024 , 15:00:00,2124,2124
1154,29/07/2024 , 16:00:00,2118,2118
1155,29/07/2024 , 17:00:00,2114,2114
1156,29/07/2024 , 18:00:00,2112,2112
1157,29/07/2024 , 19:00:00,2110,2110
1158,29/07/2024 , 20:00:00,2109,2109
1159,29/07/2024 , 21:00:00,2109,2109
1160,29/07/2024 , 22:00:00,2110,2110
1161,29/07/2024 , 23:00:00,2111,2111
1162,29/07/2024 , 23:59:59,2112,2112
1163,30/07/2024 , 01:00:00,2113,2113
1164,30/07/2024 , 02:00:00,2115,2115
1165,30/07/2024 , 03:00:00,2116,2116
1166,30/07/2024 , 04:00:00,2116,2116
1167,30/07/2024 , 05:00:00,2117,2117
1168,30/07/2024 , 06:00:00,2117,2117
1169,30/07/2024 , 07:00:00,2118,2118
1170,30/07/2024 , 08:00:00,2119,2119
1171,30/07/2024 , 09:00:00,2118,2118
1172,30/07/2024 , 10:00:00,2116,2116
1173,30/07/2024 , 11:00:00,2112,2112
1174,30/07/2024 , 12:00:00,2108,2108
1175,30/07/2024 , 13:00:00,2105,2105
1176,30/07/2024 , 14:00:00,2102,2102
1177,30/07/2024 , 15:00:00,2099,2099
1178,30/07/2024 , 16:00:00,2388,2388
1179,30/07/2024 , 17:00:00,2414,2414
1180,30/07/2024 , 18:00:00,2415,2415
1181,30/07/2024 , 19:00:00,2410,2410
1182,30/07/2024 , 20:00:00,2400,2400
1183,30/07/2024 , 21:00:00,2389,2389
1184,30/07/2024 , 22:00:00,2379,2379
1185,30/07/2024 , 23:00:00,2369,2369
1186,30/07/2024 , 23:59:59,2360,2360
1187,31/07/2024 , 01:00:00,2352,2352
1188,31/07/2024 , 02:00:00,2346,2346
1189,31/07/2024 , 03:00:00,2339,2339
1190,31/07/2024 , 04:00:00,2333,2333
1191,31/07/2024 , 05:00:00,2327,2327
1192,31/07/2024 , 06:00:00,2320,2320
1193,31/07/2024 , 07:00:00,2316,2316
1194,31/07/2024 , 08:00:00,2311,2311
1195,31/07/2024 , 09:00:00,2307,2307
1196,31/07/2024 , 10:00:00,2304,2304
1197,31/07/2024 , 11:00:00,2299,2299
1198,31/07/2024 , 12:00:00,2296,2296
1199,31/07/2024 , 13:00:00,2290,2290
1200,31/07/2024 , 14:00:00,2595,2595
1201,31/07/2024 , 15:00:00,2519,2519
1202,31/07/2024 , 16:00:00,2492,2492
1203,31/07/2024 , 17:00:00,2477,2477
1204,31/07/2024 , 18:00:00,2471,2471
1205,31/07/2024 , 19:00:00,2469,2469
1206,31/07/2024 , 20:00:00,2461,2461
1207,31/07/2024 , 21:00:00,2472,2472
1208,31/07/2024 , 22:00:00,2624,2624
1209,31/07/2024 , 23:00:00,2581,2581
1210,31/07/2024 , 23:59:59,2550,2550
1211,01/08/2024 , 01:00:00,2523,2523
1212,01/08/2024 , 02:00:00,2512,2512
1213,01/08/2024 , 03:00:00,2508,2508
1214,01/08/2024 , 04:00:00,2504,2504
1215,01/08/2024 , 05:00:00,2501,2501
1216,01/08/2024 , 06:00:00,2499,2499
1217,01/08/2024 , 07:00:00,2497,2497
1218,01/08/2024 , 08:00:00,2494,2494
1219,01/08/2024 , 09:00:00,2490,2490
1220,01/08/2024 , 10:00:00,2486,2486
1221,01/08/2024 , 11:00:00,2484,2484
1222,01/08/2024 , 12:00:00,2483,2483
1223,01/08/2024 , 13:00:00,2481,2481
1224,01/08/2024 , 14:00:00,2479,2479
1225,01/08/2024 , 15:00:00,2479,2479
1226,01/08/2024 , 16:00:00,2478,2478
1227,01/08/2024 , 17:00:00,2476,2476
1228,01/08/2024 , 18:00:00,2475,2475
1229,01/08/2024 , 19:00:00,2473,2473
1230,01/08/2024 , 20:00:00,2473,2473
1231,01/08/2024 , 21:00:00,2470,2470
1232,01/08/2024 , 22:00:00,2468,2468
1233,01/08/2024 , 23:00:00,2467,2467
1234,01/08/2024 , 23:59:59,2464,2464
1235,02/08/2024 , 01:00:00,2460,2460
1236,02/08/2024 , 02:00:00,2458,2458
1237,02/08/2024 , 03:00:00,2456,2456
1238,02/08/2024 , 04:00:00,2454,2454
1239,02/08/2024 , 05:00:00,2453,2453
1240,02/08/2024 , 06:00:00,2451,2451
1241,02/08/2024 , 07:00:00,2448,2448
1242,02/08/2024 , 08:00:00,2447,2447
1243,02/08/2024 , 09:00:00,2443,2443
1244,02/08/2024 , 10:00:00,2440,2440
1245,02/08/2024 , 11:00:00,2435,2435
1246,02/08/2024 , 12:00:00,2429,2429
1247,02/08/2024 , 13:00:00,2420,2420
1248,02/08/2024 , 14:00:00,2415,2415
1249,02/08/2024 , 15:00:00,2410,2410
1250,02/08/2024 , 16:00:00,2407,2407
1251,02/08/2024 , 17:00:00,2470,2470
1252,02/08/2024 , 18:00:00,2477,2477
1253,02/08/2024 , 19:00:00,2469,2469
1254,02/08/2024 , 20:00:00,2457,2457
1255,02/08/2024 , 21:00:00,2448,2448
1256,02/08/2024 , 22:00:00,2441,2441
1257,02/08/2024 , 23:00:00,2435,2435
1258,02/08/2024 , 23:59:59,2429,2429
1259,03/08/2024 , 01:00:00,2424,2424
1260,03/08/2024 , 02:00:00,2421,2421
1261,03/08/2024 , 03:00:00,2417,2417
1262,03/08/2024 , 04:00:00,2414,2414
1263,03/08/2024 , 05:00:00,2412,2412
1264,03/08/2024 , 06:00:00,2408,2408
1265,03/08/2024 , 07:00:00,2407,2407
1266,03/08/2024 , 08:00:00,2406,2406
1267,03/08/2024 , 09:00:00,2404,2404
1268,03/08/2024 , 10:00:00,2401,2401
1269,03/08/2024 , 11:00:00,2395,2395
1270,03/08/2024 , 12:00:00,2387,2387
1271,03/08/2024 , 13:00:00,2380,2380
1272,03/08/2024 , 14:00:00,2372,2372
1273,03/08/2024 , 15:00:00,2368,2368
1274,03/08/2024 , 16:00:00,2365,2365
1275,03/08/2024 , 17:00:00,2362,2362
1276,03/08/2024 , 18:00:00,2363,2363
1277,03/08/2024 , 19:00:00,2362,2362
1278,03/08/2024 , 20:00:00,2361,2361
1279,03/08/2024 , 21:00:00,2361,2361
1280,03/08/2024 , 22:00:00,2361,2361
1281,03/08/2024 , 23:00:00,2358,2358
1282,03/08/2024 , 23:59:59,2357,2357
1283,04/08/2024 , 01:00:00,2356,2356
1284,04/08/2024 , 02:00:00,2355,2355
1285,04/08/2024 , 03:00:00,2355,2355
1286,04/08/2024 , 04:00:00,2354,2354
1287,04/08/2024 , 05:00:00,2353,2353
1288,04/08/2024 , 06:00:00,2352,2352
1289,04/08/2024 , 07:00:00,2352,2352
1290,04/08/2024 , 08:00:00,2351,2351
1291,04/08/2024 , 09:00:00,2349,2349
1292,04/08/2024 , 10:00:00,2344,2344
1293,04/08/2024 , 11:00:00,2337,2337
1294,04/08/2024 , 12:00:00,2329,2329
1295,04/08/2024 , 13:00:00,2318,2318
1296,04/08/2024 , 14:00:00,2311,2311
1297,04/08/2024 , 15:00:00,2307,2307
1298,04/08/2024 , 16:00:00,2305,2305
1299,04/08/2024 , 17:00:00,2303,2303
1300,04/08/2024 , 18:00:00,2312,2312
1301,04/08/2024 , 19:00:00,2314,2314
1302,04/08/2024 , 20:00:00,2314,2314
1303,04/08/2024 , 21:00:00,2313,2313
1304,04/08/2024 , 22:00:00,2312,2312
1305,04/08/2024 , 23:00:00,2311,2311
1306,04/08/2024 , 23:59:59,2315,2315
1307,05/08/2024 , 01:00:00,2319,2319
1308,05/08/2024 , 02:00:00,2319,2319
1309,05/08/2024 , 03:00:00,2316,2316
1310,05/08/2024 , 04:00:00,2314,2314
1311,05/08/2024 , 05:00:00,2312,2312
1312,05/08/2024 , 06:00:00,2310,2310
1313,05/08/2024 , 07:00:00,2308,2308
1314,05/08/2024 , 08:00:00,2305,2305
1315,05/08/2024 , 09:00:00,2303,2303
1316,05/08/2024 , 10:00:00,2300,2300
1317,05/08/2024 , 11:00:00,2293,2293
1318,05/08/2024 , 12:00:00,2281,2281
1319,05/08/2024 , 13:00:00,2271,2271
1320,05/08/2024 , 14:00:00,2262,2262
1321,05/08/2024 , 15:00:00,2257,2257
1322,05/08/2024 , 16:00:00,2253,2253
1323,05/08/2024 , 17:00:00,2251,2251
1324,05/08/2024 , 18:00:00,2258,2258
1325,05/08/2024 , 19:00:00,2352,2352
1326,05/08/2024 , 20:00:00,2443,2443
1327,05/08/2024 , 21:00:00,2481,2481
1328,05/08/2024 , 22:00:00,2488,2488
1329,05/08/2024 , 23:00:00,2480,2480
1330,05/08/2024 , 23:59:59,2470,2470
1331,06/08/2024 , 01:00:00,2453,2453
1332,06/08/2024 , 02:00:00,2444,2444
1333,06/08/2024 , 03:00:00,2433,2433
1334,06/08/2024 , 04:00:00,2425,2425
1335,06/08/2024 , 05:00:00,2418,2418
1336,06/08/2024 , 06:00:00,2409,2409
1337,06/08/2024 , 07:00:00,2403,2403
1338,06/08/2024 , 08:00:00,2397,2397
1339,06/08/2024 , 09:00:00,2390,2390
1340,06/08/2024 , 10:00:00,2383,2383
1341,06/08/2024 , 11:00:00,2379,2379
1342,06/08/2024 , 12:00:00,2370,2370
1343,06/08/2024 , 13:00:00,2360,2360
1344,06/08/2024 , 14:00:00,2351,2351
1345,06/08/2024 , 15:00:00,2342,2342
1346,06/08/2024 , 16:00:00,2335,2335
1347,06/08/2024 , 17:00:00,2330,2330
1348,06/08/2024 , 18:00:00,2327,2327
1349,06/08/2024 , 19:00:00,2323,2323
1350,06/08/2024 , 20:00:00,2321,2321
1351,06/08/2024 , 21:00:00,2319,2319
1352,06/08/2024 , 22:00:00,2317,2317
1353,06/08/2024 , 23:00:00,2315,2315
1354,06/08/2024 , 23:59:59,2315,2315
1355,07/08/2024 , 01:00:00,2313,2313
1356,07/08/2024 , 02:00:00,2311,2311
1357,07/08/2024 , 03:00:00,2309,2309
1358,07/08/2024 , 04:00:00,2308,2308
1359,07/08/2024 , 05:00:00,2305,2305
1360,07/08/2024 , 06:00:00,2304,2304
1361,07/08/2024 , 07:00:00,2303,2303
1362,07/08/2024 , 08:00:00,2301,2301
1363,07/08/2024 , 09:00:00,2298,2298
1364,07/08/2024 , 10:00:00,2295,2295
1365,07/08/2024 , 11:00:00,2285,2285
1366,07/08/2024 , 12:00:00,2274,2274
1367,07/08/2024 , 13:00:00,2264,2264
1368,07/08/2024 , 14:00:00,2255,2255
1369,07/08/2024 , 15:00:00,2251,2251
1370,07/08/2024 , 16:00:00,2249,2249
1371,07/08/2024 , 17:00:00,2248,2248
1372,07/08/2024 , 18:00:00,2248,2248
1373,07/08/2024 , 19:00:00,2248,2248
1374,07/08/2024 , 20:00:00,2248,2248
1375,07/08/2024 , 21:00:00,2248,2248
1376,07/08/2024 , 22:00:00,2248,2248
1377,07/08/2024 , 23:00:00,2249,2249
1378,07/08/2024 , 23:59:59,2249,2249
1379,08/08/2024 , 01:00:00,2249,2249
1380,08/08/2024 , 02:00:00,2249,2249
1381,08/08/2024 , 03:00:00,2249,2249
1382,08/08/2024 , 04:00:00,2248,2248
1383,08/08/2024 , 05:00:00,2248,2248
1384,08/08/2024 , 06:00:00,2248,2248
1385,08/08/2024 , 07:00:00,2249,2249
1386,08/08/2024 , 08:00:00,2249,2249
1387,08/08/2024 , 09:00:00,2249,2249
1388,08/08/2024 , 10:00:00,2247,2247
1389,08/08/2024 , 11:00:00,2245,2245
1390,08/08/2024 , 12:00:00,2240,2240
1391,08/08/2024 , 13:00:00,2236,2236
1392,08/08/2024 , 14:00:00,2228,2228
1393,08/08/2024 , 15:00:00,2208,2208
1394,08/08/2024 , 16:00:00,2203,2203
1395,08/08/2024 , 17:00:00,2199,2199
1396,08/08/2024 , 18:00:00,2198,2198
1397,08/08/2024 , 19:00:00,2199,2199
1398,08/08/2024 , 20:00:00,2200,2200
1399,08/08/2024 , 21:00:00,2201,2201
1400,08/08/2024 , 22:00:00,2203,2203
1401,08/08/2024 , 23:00:00,2204,2204
1402,08/08/2024 , 23:59:59,2206,2206
1403,09/08/2024 , 01:00:00,2208,2208
1404,09/08/2024 , 02:00:00,2209,2209
1405,09/08/2024 , 03:00:00,2210,2210
1406,09/08/2024 , 04:00:00,2211,2211
1407,09/08/2024 , 05:00:00,2219,2219
1408,09/08/2024 , 06:00:00,2238,2238
1409,09/08/2024 , 07:00:00,2239,2239
1410,09/08/2024 , 08:00:00,2238,2238
1411,09/08/2024 , 09:00:00,2240,2240
1412,09/08/2024 , 10:00:00,2291,2291
1413,09/08/2024 , 11:00:00,2405,2405
1414,09/08/2024 , 12:00:00,2461,2461
1415,09/08/2024 , 13:00:00,2492,2492
1416,09/08/2024 , 14:00:00,2513,2513
1417,09/08/2024 , 15:00:00,2535,2535
1418,09/08/2024 , 16:00:00,2578,2578
1419,09/08/2024 , 17:00:00,2605,2605
1420,09/08/2024 , 18:00:00,2626,2626
1421,09/08/2024 , 19:00:00,2620,2620
1422,09/08/2024 , 20:00:00,2604,2604
1423,09/08/2024 , 21:00:00,2629,2629
1424,09/08/2024 , 22:00:00,2613,2613
1425,09/08/2024 , 23:00:00,2594,2594
1426,09/08/2024 , 23:59:59,2580,2580
1427,10/08/2024 , 01:00:00,2563,2563
1428,10/08/2024 , 02:00:00,2546,2546
1429,10/08/2024 , 03:00:00,2522,2522
1430,10/08/2024 , 04:00:00,2512,2512
1431,10/08/2024 , 05:00:00,2509,2509
1432,10/08/2024 , 06:00:00,2510,2510
1433,10/08/2024 , 07:00:00,2508,2508
1434,10/08/2024 , 08:00:00,2507,2507
1435,10/08/2024 , 09:00:00,2508,2508
1436,10/08/2024 , 10:00:00,2504,2504
1437,10/08/2024 , 11:00:00,2503,2503
1438,10/08/2024 , 12:00:00,2501,2501
1439,10/08/2024 , 13:00:00,2499,2499
1440,10/08/2024 , 14:00:00,2496,2496
1441,10/08/2024 , 15:00:00,2493,2493
1442,10/08/2024 , 16:00:00,2491,2491
1443,10/08/2024 , 17:00:00,2489,2489
1444,10/08/2024 , 18:00:00,2489,2489
1445,10/08/2024 , 19:00:00,2489,2489
1446,10/08/2024 , 20:00:00,2487,2487
1447,10/08/2024 , 21:00:00,2486,2486
1448,10/08/2024 , 22:00:00,2486,2486
1449,10/08/2024 , 23:00:00,2484,2484
1450,10/08/2024 , 23:59:59,2484,2484
1451,11/08/2024 , 01:00:00,2484,2484
1452,11/08/2024 , 02:00:00,2483,2483
1453,11/08/2024 , 03:00:00,2484,2484
1454,11/08/2024 , 04:00:00,2483,2483
1455,11/08/2024 , 05:00:00,2483,2483
1456,11/08/2024 , 06:00:00,2483,2483
1457,11/08/2024 , 07:00:00,2484,2484
1458,11/08/2024 , 08:00:00,2483,2483
1459,11/08/2024 , 09:00:00,2483,2483
1460,11/08/2024 , 10:00:00,2482,2482
1461,11/08/2024 , 11:00:00,2480,2480
1462,11/08/2024 , 12:00:00,2478,2478
1463,11/08/2024 , 13:00:00,2474,2474
1464,11/08/2024 , 14:00:00,2473,2473
1465,11/08/2024 , 15:00:00,2471,2471
1466,11/08/2024 , 16:00:00,2470,2470
1467,11/08/2024 , 17:00:00,2469,2469
1468,11/08/2024 , 18:00:00,2468,2468
1469,11/08/2024 , 19:00:00,2466,2466
1470,11/08/2024 , 20:00:00,2462,2462
1471,11/08/2024 , 21:00:00,2461,2461
1472,11/08/2024 , 22:00:00,2457,2457
1473,11/08/2024 , 23:00:00,2454,2454
1474,11/08/2024 , 23:59:59,2453,2453
1475,12/08/2024 , 01:00:00,2451,2451
1476,12/08/2024 , 02:00:00,2450,2450
1477,12/08/2024 , 03:00:00,2448,2448
1478,12/08/2024 , 04:00:00,2446,2446
1479,12/08/2024 , 05:00:00,2444,2444
1480,12/08/2024 , 06:00:00,2443,2443
1481,12/08/2024 , 07:00:00,2440,2440
1482,12/08/2024 , 08:00:00,2440,2440
1483,12/08/2024 , 09:00:00,2436,2436
1484,12/08/2024 , 10:00:00,2434,2434
1485,12/08/2024 , 11:00:00,2431,2431
1486,12/08/2024 , 12:00:00,2426,2426
1487,12/08/2024 , 13:00:00,2420,2420
1488,12/08/2024 , 14:00:00,2417,2417
1489,12/08/2024 , 15:00:00,2414,2414
1490,12/08/2024 , 16:00:00,2410,2410
1491,12/08/2024 , 17:00:00,2417,2417
1492,12/08/2024 , 18:00:00,2416,2416
1493,12/08/2024 , 19:00:00,2414,2414
1494,12/08/2024 , 20:00:00,2412,2412
1495,12/08/2024 , 21:00:00,2410,2410
1496,12/08/2024 , 22:00:00,2406,2406
1497,12/08/2024 , 23:00:00,2405,2405
1498,12/08/2024 , 23:59:59,2402,2402
1499,13/08/2024 , 01:00:00,2402,2402
1500,13/08/2024 , 02:00:00,2400,2400
1501,13/08/2024 , 03:00:00,2399,2399
1502,13/08/2024 , 04:00:00,2397,2397
1503,13/08/2024 , 05:00:00,2395,2395
1504,13/08/2024 , 06:00:00,2392,2392
1505,13/08/2024 , 07:00:00,2392,2392
1506,13/08/2024 , 08:00:00,2389,2389
1507,13/08/2024 , 09:00:00,2388,2388
1508,13/08/2024 , 10:00:00,2385,2385
1509,13/08/2024 , 11:00:00,2381,2381
1510,13/08/2024 , 12:00:00,2375,2375
1511,13/08/2024 , 13:00:00,2368,2368
1512,13/08/2024 , 14:00:00,2362,2362
1513,13/08/2024 , 15:00:00,2358,2358
1514,13/08/2024 , 16:00:00,2356,2356
1515,13/08/2024 , 17:00:00,2355,2355
1516,13/08/2024 , 18:00:00,2354,2354
1517,13/08/2024 , 19:00:00,2353,2353
1518,13/08/2024 , 20:00:00,2353,2353
1519,13/08/2024 , 21:00:00,2352,2352
1520,13/08/2024 , 22:00:00,2352,2352
1521,13/08/2024 , 23:00:00,2351,2351
1522,13/08/2024 , 23:59:59,2350,2350
1523,14/08/2024 , 01:00:00,2348,2348
1524,14/08/2024 , 02:00:00,2347,2347
1525,14/08/2024 , 03:00:00,2346,2346
1526,14/08/2024 , 04:00:00,2344,2344
1527,14/08/2024 , 05:00:00,2343,2343
1528,14/08/2024 , 06:00:00,2341,2341
1529,14/08/2024 , 07:00:00,2340,2340
1530,14/08/2024 , 08:00:00,2339,2339
1531,14/08/2024 , 09:00:00,2336,2336
1532,14/08/2024 , 10:00:00,2333,2333
1533,14/08/2024 , 11:00:00,2327,2327
1534,14/08/2024 , 12:00:00,2321,2321
1535,14/08/2024 , 13:00:00,2314,2314
1536,14/08/2024 , 14:00:00,2308,2308
1537,14/08/2024 , 15:00:00,2304,2304
1538,14/08/2024 , 16:00:00,2301,2301
1539,14/08/2024 , 17:00:00,2300,2300
1540,14/08/2024 , 18:00:00,2299,2299
1541,14/08/2024 , 19:00:00,2299,2299
1542,14/08/2024 , 20:00:00,2299,2299
1543,14/08/2024 , 21:00:00,2300,2300
1544,14/08/2024 , 22:00:00,2302,2302
1545,14/08/2024 , 23:00:00,2303,2303
1546,14/08/2024 , 23:59:59,2304,2304
1547,15/08/2024 , 01:00:00,2304,2304
1548,15/08/2024 , 02:00:00,2304,2304
1549,15/08/2024 , 03:00:00,2303,2303
1550,15/08/2024 , 04:00:00,2303,2303
1551,15/08/2024 , 05:00:00,2302,2302
1552,15/08/2024 , 06:00:00,2302,2302
1553,15/08/2024 , 07:00:00,2301,2301
1554,15/08/2024 , 08:00:00,2300,2300
1555,15/08/2024 , 09:00:00,2299,2299
1556,15/08/2024 , 10:00:00,2298,2298
1557,15/08/2024 , 11:00:00,2294,2294
1558,15/08/2024 , 12:00:00,2287,2287
1559,15/08/2024 , 13:00:00,2279,2279
1560,15/08/2024 , 14:00:00,2274,2274
1561,15/08/2024 , 15:00:00,2271,2271
1562,15/08/2024 , 16:00:00,2268,2268
1563,15/08/2024 , 17:00:00,2269,2269
1564,15/08/2024 , 18:00:00,2270,2270
1565,15/08/2024 , 19:00:00,2270,2270
1566,15/08/2024 , 20:00:00,2271,2271
1567,15/08/2024 , 21:00:00,2272,2272
1568,15/08/2024 , 22:00:00,2272,2272
1569,15/08/2024 , 23:00:00,2273,2273
1570,15/08/2024 , 23:59:59,2273,2273
1571,16/08/2024 , 01:00:00,2274,2274
1572,16/08/2024 , 02:00:00,2273,2273
1573,16/08/2024 , 03:00:00,2273,2273
1574,16/08/2024 , 04:00:00,2272,2272
1575,16/08/2024 , 05:00:00,2272,2272
1576,16/08/2024 , 06:00:00,2271,2271
1577,16/08/2024 , 07:00:00,2271,2271
1578,16/08/2024 , 08:00:00,2271,2271
1579,16/08/2024 , 09:00:00,2270,2270
1580,16/08/2024 , 10:00:00,2269,2269
1581,16/08/2024 , 11:00:00,2266,2266
1582,16/08/2024 , 12:00:00,2260,2260
1583,16/08/2024 , 13:00:00,2255,2255
1584,16/08/2024 , 14:00:00,2251,2251
1585,16/08/2024 , 15:00:00,2248,2248
1586,16/08/2024 , 16:00:00,2247,2247
1587,16/08/2024 , 17:00:00,2245,2245
1588,16/08/2024 , 18:00:00,2245,2245
1589,16/08/2024 , 19:00:00,2245,2245
1590,16/08/2024 , 20:00:00,2246,2246
1591,16/08/2024 , 21:00:00,2247,2247
1592,16/08/2024 , 22:00:00,2248,2248
1593,16/08/2024 , 23:00:00,2249,2249
1594,16/08/2024 , 23:59:59,2249,2249
1595,17/08/2024 , 01:00:00,2249,2249
1596,17/08/2024 , 02:00:00,2248,2248
1597,17/08/2024 , 03:00:00,2248,2248
1598,17/08/2024 , 04:00:00,2248,2248
1599,17/08/2024 , 05:00:00,2247,2247
1600,17/08/2024 , 06:00:00,2247,2247
1601,17/08/2024 , 07:00:00,2247,2247
1602,17/08/2024 , 08:00:00,2247,2247
1603,17/08/2024 , 09:00:00,2247,2247
1604,17/08/2024 , 10:00:00,2247,2247
1605,17/08/2024 , 11:00:00,2245,2245
1606,17/08/2024 , 12:00:00,2243,2243
1607,17/08/2024 , 13:00:00,2240,2240
1608,17/08/2024 , 14:00:00,2239,2239
1609,17/08/2024 , 15:00:00,2236,2236
1610,17/08/2024 , 16:00:00,2235,2235
1611,17/08/2024 , 17:00:00,2233,2233
1612,17/08/2024 , 18:00:00,2232,2232
1613,17/08/2024 , 19:00:00,2232,2232
1614,17/08/2024 , 20:00:00,2233,2233
1615,17/08/2024 , 21:00:00,2234,2234
1616,17/08/2024 , 22:00:00,2235,2235
1617,17/08/2024 , 23:00:00,2235,2235
1618,17/08/2024 , 23:59:59,2236,2236
1619,18/08/2024 , 01:00:00,2236,2236
1620,18/08/2024 , 02:00:00,2236,2236
1621,18/08/2024 , 03:00:00,2236,2236
1622,18/08/2024 , 04:00:00,2236,2236
1623,18/08/2024 , 05:00:00,2236,2236
1624,18/08/2024 , 06:00:00,2243,2243
1625,18/08/2024 , 07:00:00,2247,2247
1626,18/08/2024 , 08:00:00,2258,2258
1627,18/08/2024 , 09:00:00,2277,2277
1628,18/08/2024 , 10:00:00,2282,2282
1629,18/08/2024 , 11:00:00,2297,2297
1630,18/08/2024 , 12:00:00,2298,2298
1631,18/08/2024 , 13:00:00,2293,2293
1632,18/08/2024 , 14:00:00,2284,2284
1633,18/08/2024 , 15:00:00,2277,2277
1634,18/08/2024 , 16:00:00,2271,2271
1635,18/08/2024 , 17:00:00,2266,2266
1636,18/08/2024 , 18:00:00,2261,2261
1637,18/08/2024 , 19:00:00,2257,2257
1638,18/08/2024 , 20:00:00,2254,2254
1639,18/08/2024 , 21:00:00,2252,2252
1640,18/08/2024 , 22:00:00,2250,2250
1641,18/08/2024 , 23:00:00,2249,2249
1642,18/08/2024 , 23:59:59,2247,2247
1643,19/08/2024 , 01:00:00,2246,2246
1644,19/08/2024 , 02:00:00,2244,2244
1645,19/08/2024 , 03:00:00,2243,2243
1646,19/08/2024 , 04:00:00,2243,2243
1647,19/08/2024 , 05:00:00,2242,2242
1648,19/08/2024 , 06:00:00,2241,2241
1649,19/08/2024 , 07:00:00,2353,2353
1650,19/08/2024 , 08:00:00,2471,2471
1651,19/08/2024 , 09:00:00,2474,2474
1652,19/08/2024 , 10:00:00,2460,2460
1653,19/08/2024 , 11:00:00,2484,2484
1654,19/08/2024 , 12:00:00,2507,2507
1655,19/08/2024 , 13:00:00,2567,2567
1656,19/08/2024 , 14:00:00,2552,2552
1657,19/08/2024 , 15:00:00,2626,2626
1658,19/08/2024 , 16:00:00,2602,2602
1659,19/08/2024 , 17:00:00,2595,2595
1660,19/08/2024 , 18:00:00,2573,2573
1661,19/08/2024 , 19:00:00,2554,2554
1662,19/08/2024 , 20:00:00,2550,2550
1663,19/08/2024 , 21:00:00,2536,2536
1664,19/08/2024 , 22:00:00,2552,2552
1665,19/08/2024 , 23:00:00,2546,2546
1666,19/08/2024 , 23:59:59,2540,2540
1667,20/08/2024 , 01:00:00,2526,2526
1668,20/08/2024 , 02:00:00,2519,2519
1669,20/08/2024 , 03:00:00,2516,2516
1670,20/08/2024 , 04:00:00,2514,2514
1671,20/08/2024 , 05:00:00,2513,2513
1672,20/08/2024 , 06:00:00,2531,2531
1673,20/08/2024 , 07:00:00,2534,2534
1674,20/08/2024 , 08:00:00,2559,2559
1675,20/08/2024 , 09:00:00,2563,2563
1676,20/08/2024 , 10:00:00,2550,2550
1677,20/08/2024 , 11:00:00,2531,2531
1678,20/08/2024 , 12:00:00,2522,2522
1679,20/08/2024 , 13:00:00,2519,2519
1680,20/08/2024 , 14:00:00,2516,2516
1681,20/08/2024 , 15:00:00,2517,2517
1682,20/08/2024 , 16:00:00,2521,2521
1683,20/08/2024 , 17:00:00,2522,2522
1684,20/08/2024 , 18:00:00,2514,2514
1685,20/08/2024 , 19:00:00,2514,2514
1686,20/08/2024 , 20:00:00,2511,2511
1687,20/08/2024 , 21:00:00,2510,2510
1688,20/08/2024 , 22:00:00,2509,2509
1689,20/08/2024 , 23:00:00,2509,2509
1690,20/08/2024 , 23:59:59,2508,2508
1691,21/08/2024 , 01:00:00,2507,2507
1692,21/08/2024 , 02:00:00,2506,2506
1693,21/08/2024 , 03:00:00,2507,2507
1694,21/08/2024 , 04:00:00,2506,2506
1695,21/08/2024 , 05:00:00,2506,2506
1696,21/08/2024 , 06:00:00,2507,2507
1697,21/08/2024 , 07:00:00,2508,2508
1698,21/08/2024 , 08:00:00,2509,2509
1699,21/08/2024 , 09:00:00,2509,2509
1700,21/08/2024 , 10:00:00,2509,2509
1701,21/08/2024 , 11:00:00,2506,2506
1702,21/08/2024 , 12:00:00,2504,2504
1703,21/08/2024 , 13:00:00,2506,2506
1704,21/08/2024 , 14:00:00,2510,2510
1705,21/08/2024 , 15:00:00,2504,2504
1706,21/08/2024 , 16:00:00,2501,2501
1707,21/08/2024 , 17:00:00,2500,2500
1708,21/08/2024 , 18:00:00,2499,2499
1709,21/08/2024 , 19:00:00,2498,2498
1710,21/08/2024 , 20:00:00,2497,2497
1711,21/08/2024 , 21:00:00,2504,2504
1712,21/08/2024 , 22:00:00,2521,2521
1713,21/08/2024 , 23:00:00,2523,2523
1714,21/08/2024 , 23:59:59,2512,2512
1715,22/08/2024 , 01:00:00,2509,2509
1716,22/08/2024 , 02:00:00,2528,2528
1717,22/08/2024 , 03:00:00,2559,2559
1718,22/08/2024 , 04:00:00,2545,2545
1719,22/08/2024 , 05:00:00,2532,2532
1720,22/08/2024 , 06:00:00,2528,2528
1721,22/08/2024 , 07:00:00,2526,2526
1722,22/08/2024 , 08:00:00,2523,2523
1723,22/08/2024 , 09:00:00,2521,2521
1724,22/08/2024 , 10:00:00,2518,2518
1725,22/08/2024 , 11:00:00,2516,2516
1726,22/08/2024 , 12:00:00,2512,2512
1727,22/08/2024 , 13:00:00,2512,2512
1728,22/08/2024 , 14:00:00,2511,2511
1729,22/08/2024 , 15:00:00,2511,2511
1730,22/08/2024 , 16:00:00,2512,2512
1731,22/08/2024 , 17:00:00,2511,2511
1732,22/08/2024 , 18:00:00,2511,2511
1733,22/08/2024 , 19:00:00,2510,2510
1734,22/08/2024 , 20:00:00,2509,2509
1735,22/08/2024 , 21:00:00,2507,2507
1736,22/08/2024 , 22:00:00,2507,2507
1737,22/08/2024 , 23:00:00,2509,2509
1738,22/08/2024 , 23:59:59,2507,2507
1739,23/08/2024 , 01:00:00,2506,2506
1740,23/08/2024 , 02:00:00,2504,2504
1741,23/08/2024 , 03:00:00,2504,2504
1742,23/08/2024 , 04:00:00,2503,2503
1743,23/08/2024 , 05:00:00,2503,2503
1744,23/08/2024 , 06:00:00,2502,2502
1745,23/08/2024 , 07:00:00,2502,2502
1746,23/08/2024 , 08:00:00,2501,2501
1747,23/08/2024 , 09:00:00,2499,2499
1748,23/08/2024 , 10:00:00,2497,2497
1749,23/08/2024 , 11:00:00,2494,2494
1750,23/08/2024 , 12:00:00,2491,2491
1751,23/08/2024 , 13:00:00,2487,2487
1752,23/08/2024 , 14:00:00,2483,2483
1753,23/08/2024 , 15:00:00,2475,2475
1754,23/08/2024 , 16:00:00,2472,2472
1755,23/08/2024 , 17:00:00,2471,2471
1756,23/08/2024 , 18:00:00,2470,2470
1757,23/08/2024 , 19:00:00,2470,2470
1758,23/08/2024 , 20:00:00,2468,2468
1759,23/08/2024 , 21:00:00,2466,2466
1760,23/08/2024 , 22:00:00,2463,2463
1761,23/08/2024 , 23:00:00,2458,2458
1762,23/08/2024 , 23:59:59,2456,2456
1763,24/08/2024 , 01:00:00,2453,2453
1764,24/08/2024 , 02:00:00,2450,2450
1765,24/08/2024 , 03:00:00,2449,2449
1766,24/08/2024 , 04:00:00,2448,2448
1767,24/08/2024 , 05:00:00,2445,2445
1768,24/08/2024 , 06:00:00,2444,2444
1769,24/08/2024 , 07:00:00,2445,2445
1770,24/08/2024 , 08:00:00,2444,2444
1771,24/08/2024 , 09:00:00,2442,2442
1772,24/08/2024 , 10:00:00,2439,2439
1773,24/08/2024 , 11:00:00,2434,2434
1774,24/08/2024 , 12:00:00,2428,2428
1775,24/08/2024 , 13:00:00,2421,2421
1776,24/08/2024 , 14:00:00,2416,2416
1777,24/08/2024 , 15:00:00,2410,2410
1778,24/08/2024 , 16:00:00,2406,2406
1779,24/08/2024 , 17:00:00,2401,2401
1780,24/08/2024 , 18:00:00,2399,2399
1781,24/08/2024 , 19:00:00,2396,2396
1782,24/08/2024 , 20:00:00,2396,2396
1783,24/08/2024 , 21:00:00,2395,2395
1784,24/08/2024 , 22:00:00,2394,2394
1785,24/08/2024 , 23:00:00,2392,2392
1786,24/08/2024 , 23:59:59,2389,2389
1787,25/08/2024 , 01:00:00,2387,2387
1788,25/08/2024 , 02:00:00,2385,2385
1789,25/08/2024 , 03:00:00,2384,2384
1790,25/08/2024 , 04:00:00,2382,2382
1791,25/08/2024 , 05:00:00,2380,2380
1792,25/08/2024 , 06:00:00,2379,2379
1793,25/08/2024 , 07:00:00,2379,2379
1794,25/08/2024 , 08:00:00,2379,2379
1795,25/08/2024 , 09:00:00,2377,2377
1796,25/08/2024 , 10:00:00,2374,2374
1797,25/08/2024 , 11:00:00,2371,2371
1798,25/08/2024 , 12:00:00,2366,2366
1799,25/08/2024 , 13:00:00,2363,2363
1800,25/08/2024 , 14:00:00,2361,2361
1801,25/08/2024 , 15:00:00,2357,2357
1802,25/08/2024 , 16:00:00,2355,2355
1803,25/08/2024 , 17:00:00,2354,2354
1804,25/08/2024 , 18:00:00,2353,2353
1805,25/08/2024 , 19:00:00,2352,2352
1806,25/08/2024 , 20:00:00,2350,2350
1807,25/08/2024 , 21:00:00,2350,2350
1808,25/08/2024 , 22:00:00,2349,2349
1809,25/08/2024 , 23:00:00,2346,2346
1810,25/08/2024 , 23:59:59,2345,2345
1811,26/08/2024 , 01:00:00,2344,2344
1812,26/08/2024 , 02:00:00,2342,2342
1813,26/08/2024 , 03:00:00,2341,2341
1814,26/08/2024 , 04:00:00,2340,2340
1815,26/08/2024 , 05:00:00,2339,2339
1816,26/08/2024 , 06:00:00,2337,2337
1817,26/08/2024 , 07:00:00,2335,2335
1818,26/08/2024 , 08:00:00,2335,2335
1819,26/08/2024 , 09:00:00,2334,2334
1820,26/08/2024 , 10:00:00,2333,2333
1821,26/08/2024 , 11:00:00,2330,2330
1822,26/08/2024 , 12:00:00,2326,2326
1823,26/08/2024 , 13:00:00,2321,2321
1824,26/08/2024 , 14:00:00,2315,2315
1825,26/08/2024 , 15:00:00,2309,2309
1826,26/08/2024 , 16:00:00,2307,2307
1827,26/08/2024 , 17:00:00,2306,2306
1828,26/08/2024 , 18:00:00,2307,2307
1829,26/08/2024 , 19:00:00,2307,2307
1830,26/08/2024 , 20:00:00,2307,2307
1831,26/08/2024 , 21:00:00,2307,2307
1832,26/08/2024 , 22:00:00,2307,2307
1833,26/08/2024 , 23:00:00,2308,2308
1834,26/08/2024 , 23:59:59,2307,2307
1835,27/08/2024 , 01:00:00,2305,2305
1836,27/08/2024 , 02:00:00,2303,2303
1837,27/08/2024 , 03:00:00,2302,2302
1838,27/08/2024 , 04:00:00,2301,2301
1839,27/08/2024 , 05:00:00,2301,2301
1840,27/08/2024 , 06:00:00,2300,2300
1841,27/08/2024 , 07:00:00,2300,2300
1842,27/08/2024 , 08:00:00,2299,2299
1843,27/08/2024 , 09:00:00,2299,2299
1844,27/08/2024 , 10:00:00,2297,2297
1845,27/08/2024 , 11:00:00,2295,2295
1846,27/08/2024 , 12:00:00,2289,2289
1847,27/08/2024 , 13:00:00,2284,2284
1848,27/08/2024 , 14:00:00,2277,2277
1849,27/08/2024 , 15:00:00,2273,2273
1850,27/08/2024 , 16:00:00,2269,2269
1851,27/08/2024 , 17:00:00,2267,2267
1852,27/08/2024 , 18:00:00,2266,2266
1853,27/08/2024 , 19:00:00,2267,2267
1854,27/08/2024 , 20:00:00,2269,2269
1855,27/08/2024 , 21:00:00,2270,2270
1856,27/08/2024 , 22:00:00,2272,2272
1857,27/08/2024 , 23:00:00,2274,2274
1858,27/08/2024 , 23:59:59,2275,2275
1859,28/08/2024 , 01:00:00,2288,2288
1860,28/08/2024 , 02:00:00,2298,2298
1861,28/08/2024 , 03:00:00,2320,2320
1862,28/08/2024 , 04:00:00,2395,2395
1863,28/08/2024 , 05:00:00,2479,2479
1864,28/08/2024 , 06:00:00,2497,2497
1865,28/08/2024 , 07:00:00,2491,2491
1866,28/08/2024 , 08:00:00,2484,2484
1867,28/08/2024 , 09:00:00,2471,2471
1868,28/08/2024 , 10:00:00,2453,2453
1869,28/08/2024 , 11:00:00,2438,2438
1870,28/08/2024 , 12:00:00,2423,2423
1871,28/08/2024 , 13:00:00,2408,2408
1872,28/08/2024 , 14:00:00,2394,2394
1873,28/08/2024 , 15:00:00,2382,2382
1874,28/08/2024 , 16:00:00,2373,2373
1875,28/08/2024 , 17:00:00,2363,2363
1876,28/08/2024 , 18:00:00,2356,2356
1877,28/08/2024 , 19:00:00,2350,2350
1878,28/08/2024 , 20:00:00,2346,2346
1879,28/08/2024 , 21:00:00,2343,2343
1880,28/08/2024 , 22:00:00,2340,2340
1881,28/08/2024 , 23:00:00,2335,2335
1882,28/08/2024 , 23:59:59,2333,2333
1883,29/08/2024 , 01:00:00,2329,2329
1884,29/08/2024 , 02:00:00,2326,2326
1885,29/08/2024 , 03:00:00,2323,2323
1886,29/08/2024 , 04:00:00,2321,2321
1887,29/08/2024 , 05:00:00,2317,2317
1888,29/08/2024 , 06:00:00,2314,2314
1889,29/08/2024 , 07:00:00,2313,2313
1890,29/08/2024 , 08:00:00,2309,2309
1891,29/08/2024 , 09:00:00,2307,2307
1892,29/08/2024 , 10:00:00,2303,2303
1893,29/08/2024 , 11:00:00,2297,2297
1894,29/08/2024 , 12:00:00,2289,2289
1895,29/08/2024 , 13:00:00,2280,2280
1896,29/08/2024 , 14:00:00,2273,2273
1897,29/08/2024 , 15:00:00,2267,2267
1898,29/08/2024 , 16:00:00,2263,2263
1899,29/08/2024 , 17:00:00,2261,2261
1900,29/08/2024 , 18:00:00,2259,2259
1901,29/08/2024 , 19:00:00,2258,2258
1902,29/08/2024 , 20:00:00,2258,2258
1903,29/08/2024 , 21:00:00,2258,2258
1904,29/08/2024 , 22:00:00,2259,2259
1905,29/08/2024 , 23:00:00,2259,2259
1906,29/08/2024 , 23:59:59,2259,2259
1907,30/08/2024 , 01:00:00,2259,2259
1908,30/08/2024 , 02:00:00,2259,2259
1909,30/08/2024 , 03:00:00,2259,2259
1910,30/08/2024 , 04:00:00,2258,2258
1911,30/08/2024 , 05:00:00,2258,2258
1912,30/08/2024 , 06:00:00,2257,2257
1913,30/08/2024 , 07:00:00,2258,2258
1914,30/08/2024 , 08:00:00,2257,2257
1915,30/08/2024 , 09:00:00,2256,2256
1916,30/08/2024 , 10:00:00,2255,2255
1917,30/08/2024 , 11:00:00,2252,2252
1918,30/08/2024 , 12:00:00,2249,2249
1919,30/08/2024 , 13:00:00,2246,2246
1920,30/08/2024 , 14:00:00,2242,2242
1921,30/08/2024 , 15:00:00,2239,2239
1922,30/08/2024 , 16:00:00,2237,2237
1923,30/08/2024 , 17:00:00,2237,2237
1924,30/08/2024 , 18:00:00,2237,2237
1925,30/08/2024 , 19:00:00,2238,2238
1926,30/08/2024 , 20:00:00,2240,2240
1927,30/08/2024 , 21:00:00,2241,2241
1928,30/08/2024 , 22:00:00,2241,2241
1929,30/08/2024 , 23:00:00,2241,2241
1930,30/08/2024 , 23:59:59,2242,2242
1931,31/08/2024 , 01:00:00,2241,2241
1932,31/08/2024 , 02:00:00,2241,2241
1933,31/08/2024 , 03:00:00,2241,2241
1934,31/08/2024 , 04:00:00,2241,2241
1935,31/08/2024 , 05:00:00,2241,2241
1936,31/08/2024 , 06:00:00,2241,2241
1937,31/08/2024 , 07:00:00,2241,2241
1938,31/08/2024 , 08:00:00,2241,2241
1939,31/08/2024 , 09:00:00,2240,2240
1940,31/08/2024 , 10:00:00,2240,2240
1941,31/08/2024 , 11:00:00,2243,2243
1942,31/08/2024 , 12:00:00,2258,2258
1943,31/08/2024 , 13:00:00,2347,2347
1944,31/08/2024 , 14:00:00,2398,2398
1945,31/08/2024 , 15:00:00,2408,2408
1946,31/08/2024 , 16:00:00,2407,2407
1947,31/08/2024 , 17:00:00,2403,2403
1948,31/08/2024 , 18:00:00,2393,2393
1949,31/08/2024 , 19:00:00,2395,2395
1950,31/08/2024 , 20:00:00,2414,2414
1951,31/08/2024 , 21:00:00,2484,2484
1952,31/08/2024 , 22:00:00,2491,2491
1953,31/08/2024 , 23:00:00,2484,2484
1954,31/08/2024 , 23:59:59,2475,2475
1955,01/09/2024 , 01:00:00,2460,2460
1956,01/09/2024 , 02:00:00,2451,2451
1957,01/09/2024 , 03:00:00,2440,2440
1958,01/09/2024 , 04:00:00,2431,2431
1959,01/09/2024 , 05:00:00,2423,2423
1960,01/09/2024 , 06:00:00,2415,2415
1961,01/09/2024 , 07:00:00,2408,2408
1962,01/09/2024 , 08:00:00,2400,2400
1963,01/09/2024 , 09:00:00,2396,2396
1964,01/09/2024 , 10:00:00,2391,2391
1965,01/09/2024 , 11:00:00,2384,2384
1966,01/09/2024 , 12:00:00,2376,2376
1967,01/09/2024 , 13:00:00,2365,2365
1968,01/09/2024 , 14:00:00,2356,2356
1969,01/09/2024 , 15:00:00,2347,2347
1970,01/09/2024 , 16:00:00,2339,2339
1971,01/09/2024 , 17:00:00,2433,2433
1972,01/09/2024 , 18:00:00,2522,2522
1973,01/09/2024 , 19:00:00,2512,2512
1974,01/09/2024 , 20:00:00,2498,2498
1975,01/09/2024 , 21:00:00,2488,2488
1976,01/09/2024 , 22:00:00,2484,2484
1977,01/09/2024 , 23:00:00,2484,2484
1978,01/09/2024 , 23:59:59,2486,2486
1979,02/09/2024 , 01:00:00,2487,2487
1980,02/09/2024 , 02:00:00,2488,2488
1981,02/09/2024 , 03:00:00,2489,2489
1982,02/09/2024 , 04:00:00,2489,2489
1983,02/09/2024 , 05:00:00,2488,2488
1984,02/09/2024 , 06:00:00,2488,2488
1985,02/09/2024 , 07:00:00,2489,2489
1986,02/09/2024 , 08:00:00,2490,2490
1987,02/09/2024 , 09:00:00,2490,2490
1988,02/09/2024 , 10:00:00,2488,2488
1989,02/09/2024 , 11:00:00,2486,2486
1990,02/09/2024 , 12:00:00,2483,2483
1991,02/09/2024 , 13:00:00,2483,2483
1992,02/09/2024 , 14:00:00,2479,2479
1993,02/09/2024 , 15:00:00,2475,2475
1994,02/09/2024 , 16:00:00,2471,2471
1995,02/09/2024 , 17:00:00,2468,2468
1996,02/09/2024 , 18:00:00,2462,2462
1997,02/09/2024 , 19:00:00,2458,2458
1998,02/09/2024 , 20:00:00,2453,2453
1999,02/09/2024 , 21:00:00,2449,2449
2000,02/09/2024 , 22:00:00,2446,2446
2001,02/09/2024 , 23:00:00,2441,2441
2002,02/09/2024 , 23:59:59,2438,2438
2003,03/09/2024 , 01:00:00,2432,2432
2004,03/09/2024 , 02:00:00,2430,2430
2005,03/09/2024 , 03:00:00,2427,2427
2006,03/09/2024 , 04:00:00,2425,2425
2007,03/09/2024 , 05:00:00,2421,2421
2008,03/09/2024 , 06:00:00,2418,2418
2009,03/09/2024 , 07:00:00,2418,2418
2010,03/09/2024 , 08:00:00,2417,2417
2011,03/09/2024 , 09:00:00,2415,2415
2012,03/09/2024 , 10:00:00,2411,2411
2013,03/09/2024 , 11:00:00,2404,2404
2014,03/09/2024 , 12:00:00,2397,2397
2015,03/09/2024 , 13:00:00,2390,2390
2016,03/09/2024 , 14:00:00,2381,2381
2017,03/09/2024 , 15:00:00,2376,2376
2018,03/09/2024 , 16:00:00,2371,2371
2019,03/09/2024 , 17:00:00,2368,2368
2020,03/09/2024 , 18:00:00,2366,2366
2021,03/09/2024 , 19:00:00,2363,2363
2022,03/09/2024 , 20:00:00,2362,2362
2023,03/09/2024 , 21:00:00,2360,2360
2024,03/09/2024 , 22:00:00,2362,2362
2025,03/09/2024 , 23:00:00,2361,2361
2026,03/09/2024 , 23:59:59,2360,2360
2027,04/09/2024 , 01:00:00,2357,2357
2028,04/09/2024 , 02:00:00,2355,2355
2029,04/09/2024 , 03:00:00,2354,2354
2030,04/09/2024 , 04:00:00,2352,2352
2031,04/09/2024 , 05:00:00,2350,2350
2032,04/09/2024 , 06:00:00,2348,2348
2033,04/09/2024 , 07:00:00,2345,2345
2034,04/09/2024 , 08:00:00,2344,2344
2035,04/09/2024 , 09:00:00,2340,2340
2036,04/09/2024 , 10:00:00,2337,2337
2037,04/09/2024 , 11:00:00,2333,2333
2038,04/09/2024 , 12:00:00,2326,2326
2039,04/09/2024 , 13:00:00,2321,2321
2040,04/09/2024 , 14:00:00,2315,2315
2041,04/09/2024 , 15:00:00,2309,2309
2042,04/09/2024 , 16:00:00,2306,2306
2043,04/09/2024 , 17:00:00,2304,2304
2044,04/09/2024 , 18:00:00,2303,2303
2045,04/09/2024 , 19:00:00,2303,2303
2046,04/09/2024 , 20:00:00,2302,2302
2047,04/09/2024 , 21:00:00,2301,2301
2048,04/09/2024 , 22:00:00,2300,2300
2049,04/09/2024 , 23:00:00,2300,2300
2050,04/09/2024 , 23:59:59,2299,2299
2051,05/09/2024 , 01:00:00,2298,2298
2052,05/09/2024 , 02:00:00,2296,2296
2053,05/09/2024 , 03:00:00,2295,2295
2054,05/09/2024 , 04:00:00,2295,2295
2055,05/09/2024 , 05:00:00,2293,2293
2056,05/09/2024 , 06:00:00,2292,2292
2057,05/09/2024 , 07:00:00,2290,2290
2058,05/09/2024 , 08:00:00,2289,2289
2059,05/09/2024 , 09:00:00,2288,2288
2060,05/09/2024 , 10:00:00,2285,2285
2061,05/09/2024 , 11:00:00,2281,2281
2062,05/09/2024 , 12:00:00,2275,2275
2063,05/09/2024 , 13:00:00,2270,2270
2064,05/09/2024 , 14:00:00,2264,2264
2065,05/09/2024 , 15:00:00,2257,2257
2066,05/09/2024 , 16:00:00,2254,2254
2067,05/09/2024 , 17:00:00,2253,2253
2068,05/09/2024 , 18:00:00,2254,2254
2069,05/09/2024 , 19:00:00,2254,2254
2070,05/09/2024 , 20:00:00,2255,2255
2071,05/09/2024 , 21:00:00,2255,2255
2072,05/09/2024 , 22:00:00,2256,2256
2073,05/09/2024 , 23:00:00,2256,2256
2074,05/09/2024 , 23:59:59,2255,2255
2075,06/09/2024 , 01:00:00,2255,2255
2076,06/09/2024 , 02:00:00,2254,2254
2077,06/09/2024 , 03:00:00,2253,2253
2078,06/09/2024 , 04:00:00,2252,2252
2079,06/09/2024 , 05:00:00,2252,2252
2080,06/09/2024 , 06:00:00,2251,2251
2081,06/09/2024 , 07:00:00,2251,2251
2082,06/09/2024 , 08:00:00,2251,2251
2083,06/09/2024 , 09:00:00,2251,2251
2084,06/09/2024 , 10:00:00,2250,2250
2085,06/09/2024 , 11:00:00,2247,2247
2086,06/09/2024 , 12:00:00,2244,2244
2087,06/09/2024 , 13:00:00,2241,2241
2088,06/09/2024 , 14:00:00,2238,2238
2089,06/09/2024 , 15:00:00,2235,2235
2090,06/09/2024 , 16:00:00,2232,2232
2091,06/09/2024 , 17:00:00,2230,2230
2092,06/09/2024 , 18:00:00,2230,2230
2093,06/09/2024 , 19:00:00,2230,2230
2094,06/09/2024 , 20:00:00,2231,2231
2095,06/09/2024 , 21:00:00,2231,2231
2096,06/09/2024 , 22:00:00,2231,2231
2097,06/09/2024 , 23:00:00,2231,2231
2098,06/09/2024 , 23:59:59,2231,2231
2099,07/09/2024 , 01:00:00,2232,2232
2100,07/09/2024 , 02:00:00,2232,2232
2101,07/09/2024 , 03:00:00,2233,2233
2102,07/09/2024 , 04:00:00,2233,2233
2103,07/09/2024 , 05:00:00,2232,2232
2104,07/09/2024 , 06:00:00,2231,2231
2105,07/09/2024 , 07:00:00,2232,2232
2106,07/09/2024 , 08:00:00,2232,2232
2107,07/09/2024 , 09:00:00,2231,2231
2108,07/09/2024 , 10:00:00,2227,2227
2109,07/09/2024 , 11:00:00,2206,2206
2110,07/09/2024 , 12:00:00,2198,2198
2111,07/09/2024 , 13:00:00,2192,2192
2112,07/09/2024 , 14:00:00,2185,2185
2113,07/09/2024 , 15:00:00,2181,2181
2114,07/09/2024 , 16:00:00,2177,2177
2115,07/09/2024 , 17:00:00,2174,2174
2116,07/09/2024 , 18:00:00,2173,2173
2117,07/09/2024 , 19:00:00,2172,2172
2118,07/09/2024 , 20:00:00,2172,2172
2119,07/09/2024 , 21:00:00,2174,2174
2120,07/09/2024 , 22:00:00,2203,2203
2121,07/09/2024 , 23:00:00,2214,2214
2122,07/09/2024 , 23:59:59,2215,2215
2123,08/09/2024 , 01:00:00,2238,2238
2124,08/09/2024 , 02:00:00,2266,2266
2125,08/09/2024 , 03:00:00,2309,2309
2126,08/09/2024 , 04:00:00,2351,2351
2127,08/09/2024 , 05:00:00,2372,2372
2128,08/09/2024 , 06:00:00,2372,2372
2129,08/09/2024 , 07:00:00,2362,2362
2130,08/09/2024 , 08:00:00,2350,2350
2131,08/09/2024 , 09:00:00,2334,2334
2132,08/09/2024 , 10:00:00,2319,2319
2133,08/09/2024 , 11:00:00,2305,2305
2134,08/09/2024 , 12:00:00,2295,2295
2135,08/09/2024 , 13:00:00,2284,2284
2136,08/09/2024 , 14:00:00,2277,2277
2137,08/09/2024 , 15:00:00,2282,2282
2138,08/09/2024 , 16:00:00,2280,2280
2139,08/09/2024 , 17:00:00,2275,2275
2140,08/09/2024 , 18:00:00,2269,2269
2141,08/09/2024 , 19:00:00,2267,2267
2142,08/09/2024 , 20:00:00,2272,2272
2143,08/09/2024 , 21:00:00,2271,2271
2144,08/09/2024 , 22:00:00,2270,2270
2145,08/09/2024 , 23:00:00,2269,2269
2146,08/09/2024 , 23:59:59,2266,2266
2147,09/09/2024 , 01:00:00,2261,2261
2148,09/09/2024 , 02:00:00,2257,2257
2149,09/09/2024 , 03:00:00,2253,2253
2150,09/09/2024 , 04:00:00,2250,2250
2151,09/09/2024 , 05:00:00,2247,2247
2152,09/09/2024 , 06:00:00,2245,2245
2153,09/09/2024 , 07:00:00,2243,2243
2154,09/09/2024 , 08:00:00,2241,2241
2155,09/09/2024 , 09:00:00,2240,2240
2156,09/09/2024 , 10:00:00,2238,2238
2157,09/09/2024 , 11:00:00,2236,2236
2158,09/09/2024 , 12:00:00,2234,2234
2159,09/09/2024 , 13:00:00,2230,2230
2160,09/09/2024 , 14:00:00,2203,2203
2161,09/09/2024 , 15:00:00,2194,2194
2162,09/09/2024 , 16:00:00,2189,2189
2163,09/09/2024 , 17:00:00,2184,2184
2164,09/09/2024 , 18:00:00,2183,2183
2165,09/09/2024 , 19:00:00,2182,2182
2166,09/09/2024 , 20:00:00,2182,2182
2167,09/09/2024 , 21:00:00,2180,2180
2168,09/09/2024 , 22:00:00,2180,2180
2169,09/09/2024 , 23:00:00,2180,2180
2170,09/09/2024 , 23:59:59,2180,2180
2171,10/09/2024 , 01:00:00,2179,2179
2172,10/09/2024 , 02:00:00,2178,2178
2173,10/09/2024 , 03:00:00,2178,2178
2174,10/09/2024 , 04:00:00,2177,2177
2175,10/09/2024 , 05:00:00,2176,2176
2176,10/09/2024 , 06:00:00,2175,2175
2177,10/09/2024 , 07:00:00,2176,2176
2178,10/09/2024 , 08:00:00,2175,2175
2179,10/09/2024 , 09:00:00,2173,2173
2180,10/09/2024 , 10:00:00,2172,2172
2181,10/09/2024 , 11:00:00,2168,2168
2182,10/09/2024 , 12:00:00,2165,2165
2183,10/09/2024 , 13:00:00,2162,2162
2184,10/09/2024 , 14:00:00,2158,2158
2185,10/09/2024 , 15:00:00,2154,2154
2186,10/09/2024 , 16:00:00,2151,2151
2187,10/09/2024 , 17:00:00,2148,2148
2188,10/09/2024 , 18:00:00,2147,2147
2189,10/09/2024 , 19:00:00,2146,2146
2190,10/09/2024 , 20:00:00,2146,2146
2191,10/09/2024 , 21:00:00,2146,2146
2192,10/09/2024 , 22:00:00,2146,2146
2193,10/09/2024 , 23:00:00,2146,2146
2194,10/09/2024 , 23:59:59,2146,2146
2195,11/09/2024 , 01:00:00,2146,2146
2196,11/09/2024 , 02:00:00,2145,2145
2197,11/09/2024 , 03:00:00,2145,2145
2198,11/09/2024 , 04:00:00,2144,2144
2199,11/09/2024 , 05:00:00,2143,2143
2200,11/09/2024 , 06:00:00,2143,2143
2201,11/09/2024 , 07:00:00,2143,2143
2202,11/09/2024 , 08:00:00,2142,2142
2203,11/09/2024 , 09:00:00,2140,2140
2204,11/09/2024 , 10:00:00,2140,2140
2205,11/09/2024 , 11:00:00,2140,2140
2206,11/09/2024 , 12:00:00,2138,2138
2207,11/09/2024 , 13:00:00,2135,2135
2208,11/09/2024 , 14:00:00,2133,2133
2209,11/09/2024 , 15:00:00,2129,2129
2210,11/09/2024 , 16:00:00,2126,2126
2211,11/09/2024 , 17:00:00,2125,2125
2212,11/09/2024 , 18:00:00,2125,2125
2213,11/09/2024 , 19:00:00,2125,2125
2214,11/09/2024 , 20:00:00,2125,2125
2215,11/09/2024 , 21:00:00,2125,2125
2216,11/09/2024 , 22:00:00,2125,2125
2217,11/09/2024 , 23:00:00,2125,2125
2218,11/09/2024 , 23:59:59,2125,2125
2219,12/09/2024 , 01:00:00,2125,2125
2220,12/09/2024 , 02:00:00,2125,2125
2221,12/09/2024 , 03:00:00,2125,2125
2222,12/09/2024 , 04:00:00,2124,2124
2223,12/09/2024 , 05:00:00,2124,2124
2224,12/09/2024 , 06:00:00,2124,2124
2225,12/09/2024 , 07:00:00,2124,2124
2226,12/09/2024 , 08:00:00,2124,2124
2227,12/09/2024 , 09:00:00,2124,2124
2228,12/09/2024 , 10:00:00,2123,2123
2229,12/09/2024 , 11:00:00,2123,2123
2230,12/09/2024 , 12:00:00,2122,2122
2231,12/09/2024 , 13:00:00,2120,2120
2232,12/09/2024 , 14:00:00,2117,2117
2233,12/09/2024 , 15:00:00,2115,2115
2234,12/09/2024 , 16:00:00,2113,2113
2235,12/09/2024 , 17:00:00,2112,2112
2236,12/09/2024 , 18:00:00,2110,2110
2237,12/09/2024 , 19:00:00,2109,2109
2238,12/09/2024 , 20:00:00,2108,2108
2239,12/09/2024 , 21:00:00,2108,2108
2240,12/09/2024 , 22:00:00,2108,2108
2241,12/09/2024 , 23:00:00,2108,2108
2242,12/09/2024 , 23:59:59,2110,2110
2243,13/09/2024 , 01:00:00,2110,2110
2244,13/09/2024 , 02:00:00,2111,2111
2245,13/09/2024 , 03:00:00,2111,2111
2246,13/09/2024 , 04:00:00,2111,2111
2247,13/09/2024 , 05:00:00,2110,2110
2248,13/09/2024 , 06:00:00,2110,2110
2249,13/09/2024 , 07:00:00,2110,2110
2250,13/09/2024 , 08:00:00,2109,2109
2251,13/09/2024 , 09:00:00,2108,2108
2252,13/09/2024 , 10:00:00,2108,2108
2253,13/09/2024 , 11:00:00,2106,2106
2254,13/09/2024 , 12:00:00,2103,2103
2255,13/09/2024 , 13:00:00,2100,2100
2256,13/09/2024 , 14:00:00,2096,2096
2257,13/09/2024 , 15:00:00,2091,2091
2258,13/09/2024 , 16:00:00,2090,2090
2259,13/09/2024 , 17:00:00,2089,2089
2260,13/09/2024 , 18:00:00,2089,2089
2261,13/09/2024 , 19:00:00,2089,2089
2262,13/09/2024 , 20:00:00,2089,2089
2263,13/09/2024 , 21:00:00,2089,2089
2264,13/09/2024 , 22:00:00,2089,2089
2265,13/09/2024 , 23:00:00,2090,2090
2266,13/09/2024 , 23:59:59,2089,2089
2267,14/09/2024 , 01:00:00,2089,2089
2268,14/09/2024 , 02:00:00,2089,2089
2269,14/09/2024 , 03:00:00,2089,2089
2270,14/09/2024 , 04:00:00,2089,2089
2271,14/09/2024 , 05:00:00,2089,2089
2272,14/09/2024 , 06:00:00,2086,2086
2273,14/09/2024 , 07:00:00,2084,2084
2274,14/09/2024 , 08:00:00,2083,2083
2275,14/09/2024 , 09:00:00,2082,2082
2276,14/09/2024 , 10:00:00,2080,2080
2277,14/09/2024 , 11:00:00,2078,2078
2278,14/09/2024 , 12:00:00,2075,2075
2279,14/09/2024 , 13:00:00,2073,2073
2280,14/09/2024 , 14:00:00,2073,2073
2281,14/09/2024 , 15:00:00,2070,2070
2282,14/09/2024 , 16:00:00,2068,2068
2283,14/09/2024 , 17:00:00,2067,2067
2284,14/09/2024 , 18:00:00,2062,2062
2285,14/09/2024 , 19:00:00,2060,2060
2286,14/09/2024 , 20:00:00,2059,2059
2287,14/09/2024 , 21:00:00,2059,2059
2288,14/09/2024 , 22:00:00,2059,2059
2289,14/09/2024 , 23:00:00,2060,2060
2290,14/09/2024 , 23:59:59,2060,2060
2291,15/09/2024 , 01:00:00,2060,2060
2292,15/09/2024 , 02:00:00,2061,2061
2293,15/09/2024 , 03:00:00,2060,2060
2294,15/09/2024 , 04:00:00,2060,2060
2295,15/09/2024 , 05:00:00,2061,2061
2296,15/09/2024 , 06:00:00,2062,2062
2297,15/09/2024 , 07:00:00,2062,2062
2298,15/09/2024 , 08:00:00,2063,2063
2299,15/09/2024 , 09:00:00,2065,2065
2300,15/09/2024 , 10:00:00,2068,2068
2301,15/09/2024 , 11:00:00,2068,2068
2302,15/09/2024 , 12:00:00,2065,2065
2303,15/09/2024 , 13:00:00,2062,2062
2304,15/09/2024 , 14:00:00,2061,2061
2305,15/09/2024 , 15:00:00,2058,2058
2306,15/09/2024 , 16:00:00,2056,2056
2307,15/09/2024 , 17:00:00,2056,2056
2308,15/09/2024 , 18:00:00,2056,2056
2309,15/09/2024 , 19:00:00,2055,2055
2310,15/09/2024 , 20:00:00,2056,2056
2311,15/09/2024 , 21:00:00,2056,2056
2312,15/09/2024 , 22:00:00,2056,2056
2313,15/09/2024 , 23:00:00,2057,2057
2314,15/09/2024 , 23:59:59,2056,2056
2315,16/09/2024 , 01:00:00,2057,2057
2316,16/09/2024 , 02:00:00,2057,2057
2317,16/09/2024 , 03:00:00,2057,2057
2318,16/09/2024 , 04:00:00,2058,2058
2319,16/09/2024 , 05:00:00,2057,2057
2320,16/09/2024 , 06:00:00,2058,2058
2321,16/09/2024 , 07:00:00,2058,2058
2322,16/09/2024 , 08:00:00,2059,2059
2323,16/09/2024 , 09:00:00,2059,2059
2324,16/09/2024 , 10:00:00,2060,2060
2325,16/09/2024 , 11:00:00,2060,2060
2326,16/09/2024 , 12:00:00,2059,2059
2327,16/09/2024 , 13:00:00,2057,2057
2328,16/09/2024 , 14:00:00,2057,2057
2329,16/09/2024 , 15:00:00,2056,2056
2330,16/09/2024 , 16:00:00,2056,2056
2331,16/09/2024 , 17:00:00,2055,2055
2332,16/09/2024 , 18:00:00,2054,2054
2333,16/09/2024 , 19:00:00,2054,2054
2334,16/09/2024 , 20:00:00,2054,2054
2335,16/09/2024 , 21:00:00,2055,2055
2336,16/09/2024 , 22:00:00,2055,2055
2337,16/09/2024 , 23:00:00,2055,2055
2338,16/09/2024 , 23:59:59,2056,2056
2339,17/09/2024 , 01:00:00,2056,2056
2340,17/09/2024 , 02:00:00,2056,2056
2341,17/09/2024 , 03:00:00,2056,2056
2342,17/09/2024 , 04:00:00,2056,2056
2343,17/09/2024 , 05:00:00,2056,2056
2344,17/09/2024 , 06:00:00,2057,2057
2345,17/09/2024 , 07:00:00,2056,2056
2346,17/09/2024 , 08:00:00,2058,2058
2347,17/09/2024 , 09:00:00,2057,2057
2348,17/09/2024 , 10:00:00,2058,2058
2349,17/09/2024 , 11:00:00,2058,2058
2350,17/09/2024 , 12:00:00,2056,2056
2351,17/09/2024 , 13:00:00,2056,2056
2352,17/09/2024 , 14:00:00,2055,2055
2353,17/09/2024 , 15:00:00,2052,2052
2354,17/09/2024 , 16:00:00,2051,2051
2355,17/09/2024 , 17:00:00,2049,2049
2356,17/09/2024 , 18:00:00,2048,2048
2357,17/09/2024 , 19:00:00,2048,2048
2358,17/09/2024 , 20:00:00,2047,2047
2359,17/09/2024 , 21:00:00,2048,2048
2360,17/09/2024 , 22:00:00,2048,2048
2361,17/09/2024 , 23:00:00,2049,2049
2362,17/09/2024 , 23:59:59,2049,2049
2363,18/09/2024 , 01:00:00,2050,2050
2364,18/09/2024 , 02:00:00,2050,2050
2365,18/09/2024 , 03:00:00,2050,2050
2366,18/09/2024 , 04:00:00,2051,2051
2367,18/09/2024 , 05:00:00,2051,2051
2368,18/09/2024 , 06:00:00,2051,2051
2369,18/09/2024 , 07:00:00,2051,2051
2370,18/09/2024 , 08:00:00,2052,2052
2371,18/09/2024 , 09:00:00,2051,2051
2372,18/09/2024 , 10:00:00,2052,2052
2373,18/09/2024 , 11:00:00,2052,2052
2374,18/09/2024 , 12:00:00,2051,2051
2375,18/09/2024 , 13:00:00,2049,2049
2376,18/09/2024 , 14:00:00,2048,2048
2377,18/09/2024 , 15:00:00,2045,2045
2378,18/09/2024 , 16:00:00,2044,2044
2379,18/09/2024 , 17:00:00,2043,2043
2380,18/09/2024 , 18:00:00,2042,2042
2381,18/09/2024 , 19:00:00,2042,2042
2382,18/09/2024 , 20:00:00,2042,2042
2383,18/09/2024 , 21:00:00,2043,2043
2384,18/09/2024 , 22:00:00,2043,2043
2385,18/09/2024 , 23:00:00,2043,2043
2386,18/09/2024 , 23:59:59,2044,2044
2387,19/09/2024 , 01:00:00,2044,2044
2388,19/09/2024 , 02:00:00,2044,2044
2389,19/09/2024 , 03:00:00,2045,2045
2390,19/09/2024 , 04:00:00,2045,2045
2391,19/09/2024 , 05:00:00,2045,2045
2392,19/09/2024 , 06:00:00,2046,2046
2393,19/09/2024 , 07:00:00,2045,2045
2394,19/09/2024 , 08:00:00,2046,2046
2395,19/09/2024 , 09:00:00,2046,2046
2396,19/09/2024 , 10:00:00,2045,2045
2397,19/09/2024 , 11:00:00,2045,2045
2398,19/09/2024 , 12:00:00,2043,2043
2399,19/09/2024 , 13:00:00,2042,2042
2400,19/09/2024 , 14:00:00,2040,2040
2401,19/09/2024 , 15:00:00,2038,2038
2402,19/09/2024 , 16:00:00,2036,2036
2403,19/09/2024 , 17:00:00,2033,2033
2404,19/09/2024 , 18:00:00,2032,2032
2405,19/09/2024 , 19:00:00,2031,2031
2406,19/09/2024 , 20:00:00,2029,2029
2407,19/09/2024 , 21:00:00,2028,2028
2408,19/09/2024 , 22:00:00,2027,2027
2409,19/09/2024 , 23:00:00,2026,2026
2410,19/09/2024 , 23:59:59,2026,2026
2411,20/09/2024 , 01:00:00,2025,2025
2412,20/09/2024 , 02:00:00,2025,2025
2413,20/09/2024 , 03:00:00,2025,2025
2414,20/09/2024 , 04:00:00,2024,2024
2415,20/09/2024 , 05:00:00,2024,2024
2416,20/09/2024 , 06:00:00,2024,2024
2417,20/09/2024 , 07:00:00,2023,2023
2418,20/09/2024 , 08:00:00,2023,2023
2419,20/09/2024 , 09:00:00,2023,2023
2420,20/09/2024 , 10:00:00,2023,2023
2421,20/09/2024 , 11:00:00,2022,2022
2422,20/09/2024 , 12:00:00,2021,2021
2423,20/09/2024 , 13:00:00,2019,2019
2424,20/09/2024 , 14:00:00,2018,2018
2425,20/09/2024 , 15:00:00,2016,2016
2426,20/09/2024 , 16:00:00,2014,2014
2427,20/09/2024 , 17:00:00,2013,2013
2428,20/09/2024 , 18:00:00,2011,2011
2429,20/09/2024 , 19:00:00,2009,2009
2430,20/09/2024 , 20:00:00,2009,2009
2431,20/09/2024 , 21:00:00,2008,2008
2432,20/09/2024 , 22:00:00,2007,2007
2433,20/09/2024 , 23:00:00,2007,2007
2434,20/09/2024 , 23:59:59,2007,2007
2435,21/09/2024 , 01:00:00,2007,2007
2436,21/09/2024 , 02:00:00,2007,2007
2437,21/09/2024 , 03:00:00,2008,2008
2438,21/09/2024 , 04:00:00,2007,2007
2439,21/09/2024 , 05:00:00,2008,2008
2440,21/09/2024 , 06:00:00,2009,2009
2441,21/09/2024 , 07:00:00,2009,2009
2442,21/09/2024 , 08:00:00,2009,2009
2443,21/09/2024 , 09:00:00,2009,2009
2444,21/09/2024 , 10:00:00,2009,2009
2445,21/09/2024 , 11:00:00,2009,2009
2446,21/09/2024 , 12:00:00,2008,2008
2447,21/09/2024 , 13:00:00,2007,2007
2448,21/09/2024 , 14:00:00,2006,2006
2449,21/09/2024 , 15:00:00,2005,2005
2450,21/09/2024 , 16:00:00,2003,2003
2451,21/09/2024 , 17:00:00,2002,2002
2452,21/09/2024 , 18:00:00,2001,2001
2453,21/09/2024 , 19:00:00,2000,2000
2454,21/09/2024 , 20:00:00,1999,1999
2455,21/09/2024 , 21:00:00,1999,1999
2456,21/09/2024 , 22:00:00,1998,1998
2457,21/09/2024 , 23:00:00,1999,1999
2458,21/09/2024 , 23:59:59,1999,1999
2459,22/09/2024 , 01:00:00,1999,1999
2460,22/09/2024 , 02:00:00,1999,1999
2461,22/09/2024 , 03:00:00,1999,1999
2462,22/09/2024 , 04:00:00,1999,1999
2463,22/09/2024 , 05:00:00,1999,1999
2464,22/09/2024 , 06:00:00,2000,2000
2465,22/09/2024 , 07:00:00,2000,2000
2466,22/09/2024 , 08:00:00,2000,2000
2467,22/09/2024 , 09:00:00,2000,2000
2468,22/09/2024 , 10:00:00,2000,2000
2469,22/09/2024 , 11:00:00,1999,1999
2470,22/09/2024 , 12:00:00,1998,1998
2471,22/09/2024 , 13:00:00,1997,1997
2472,22/09/2024 , 14:00:00,1996,1996
2473,22/09/2024 , 15:00:00,1995,1995
2474,22/09/2024 , 16:00:00,1993,1993
2475,22/09/2024 , 17:00:00,1992,1992
2476,22/09/2024 , 18:00:00,1991,1991
2477,22/09/2024 , 19:00:00,1990,1990
2478,22/09/2024 , 20:00:00,1990,1990
2479,22/09/2024 , 21:00:00,1989,1989
2480,22/09/2024 , 22:00:00,1989,1989
2481,22/09/2024 , 23:00:00,1989,1989
2482,22/09/2024 , 23:59:59,1989,1989
2483,23/09/2024 , 01:00:00,1989,1989
2484,23/09/2024 , 02:00:00,1989,1989
2485,23/09/2024 , 03:00:00,1989,1989
2486,23/09/2024 , 04:00:00,1989,1989
2487,23/09/2024 , 05:00:00,1989,1989
2488,23/09/2024 , 06:00:00,1989,1989
2489,23/09/2024 , 07:00:00,1989,1989
2490,23/09/2024 , 08:00:00,1989,1989
2491,23/09/2024 , 09:00:00,1989,1989
2492,23/09/2024 , 10:00:00,1990,1990
2493,23/09/2024 , 11:00:00,1990,1990
2494,23/09/2024 , 12:00:00,1989,1989
2495,23/09/2024 , 13:00:00,1988,1988
2496,23/09/2024 , 14:00:00,1987,1987
2497,23/09/2024 , 15:00:00,1986,1986
2498,23/09/2024 , 16:00:00,1985,1985
2499,23/09/2024 , 17:00:00,1983,1983
2500,23/09/2024 , 18:00:00,1982,1982
2501,23/09/2024 , 19:00:00,1981,1981
2502,23/09/2024 , 20:00:00,1981,1981
2503,23/09/2024 , 21:00:00,1980,1980
2504,23/09/2024 , 22:00:00,1980,1980
2505,23/09/2024 , 23:00:00,1980,1980
2506,23/09/2024 , 23:59:59,1980,1980
2507,24/09/2024 , 01:00:00,1980,1980
2508,24/09/2024 , 02:00:00,1980,1980
2509,24/09/2024 , 03:00:00,1980,1980
2510,24/09/2024 , 04:00:00,1981,1981
2511,24/09/2024 , 05:00:00,1981,1981
2512,24/09/2024 , 06:00:00,1981,1981
2513,24/09/2024 , 07:00:00,1982,1982
2514,24/09/2024 , 08:00:00,1981,1981
2515,24/09/2024 , 09:00:00,1981,1981
2516,24/09/2024 , 10:00:00,1981,1981
2517,24/09/2024 , 11:00:00,1982,1982
2518,24/09/2024 , 12:00:00,1981,1981
2519,24/09/2024 , 13:00:00,1980,1980
2520,24/09/2024 , 14:00:00,1979,1979
2521,24/09/2024 , 15:00:00,1978,1978
2522,24/09/2024 , 16:00:00,1976,1976
2523,24/09/2024 , 17:00:00,1975,1975
2524,24/09/2024 , 18:00:00,1974,1974
2525,24/09/2024 , 19:00:00,1973,1973
2526,24/09/2024 , 20:00:00,1972,1972
2527,24/09/2024 , 21:00:00,1971,1971
2528,24/09/2024 , 22:00:00,1971,1971
2529,24/09/2024 , 23:00:00,1971,1971
2530,24/09/2024 , 23:59:59,1971,1971
2531,25/09/2024 , 01:00:00,1971,1971
2532,25/09/2024 , 02:00:00,1971,1971
2533,25/09/2024 , 03:00:00,1971,1971
2534,25/09/2024 , 04:00:00,1972,1972
2535,25/09/2024 , 05:00:00,1971,1971
2536,25/09/2024 , 06:00:00,1972,1972
2537,25/09/2024 , 07:00:00,1972,1972
2538,25/09/2024 , 08:00:00,1972,1972
2539,25/09/2024 , 09:00:00,1971,1971
2540,25/09/2024 , 10:00:00,1972,1972
2541,25/09/2024 , 11:00:00,1972,1972
2542,25/09/2024 , 12:00:00,1974,1974
2543,25/09/2024 , 13:00:00,1975,1975
2544,25/09/2024 , 14:00:00,1976,1976
2545,25/09/2024 , 15:00:00,1976,1976
2546,25/09/2024 , 16:00:00,1978,1978
2547,25/09/2024 , 17:00:00,1980,1980
2548,25/09/2024 , 18:00:00,1981,1981
2549,25/09/2024 , 19:00:00,1984,1984
2550,25/09/2024 , 20:00:00,1985,1985
2551,25/09/2024 , 21:00:00,1987,1987
2552,25/09/2024 , 22:00:00,1987,1987
2553,25/09/2024 , 23:00:00,1993,1993
2554,25/09/2024 , 23:59:59,2030,2030
2555,26/09/2024 , 01:00:00,2133,2133
2556,26/09/2024 , 02:00:00,2245,2245
2557,26/09/2024 , 03:00:00,2330,2330
2558,26/09/2024 , 04:00:00,2357,2357
2559,26/09/2024 , 05:00:00,2366,2366
2560,26/09/2024 , 06:00:00,2389,2389
2561,26/09/2024 , 07:00:00,2408,2408
2562,26/09/2024 , 08:00:00,2495,2495
2563,26/09/2024 , 09:00:00,2541,2541
2564,26/09/2024 , 10:00:00,2502,2502
2565,26/09/2024 , 11:00:00,2499,2499
2566,26/09/2024 , 12:00:00,2502,2502
2567,26/09/2024 , 13:00:00,2542,2542
2568,26/09/2024 , 14:00:00,2544,2544
2569,26/09/2024 , 15:00:00,2544,2544
2570,26/09/2024 , 16:00:00,2532,2532
2571,26/09/2024 , 17:00:00,2510,2510
2572,26/09/2024 , 18:00:00,2504,2504
2573,26/09/2024 , 19:00:00,2503,2503
2574,26/09/2024 , 20:00:00,2506,2506
2575,26/09/2024 , 21:00:00,2504,2504
2576,26/09/2024 , 22:00:00,2500,2500
2577,26/09/2024 , 23:00:00,2497,2497
2578,26/09/2024 , 23:59:59,2493,2493
2579,27/09/2024 , 01:00:00,2491,2491
2580,27/09/2024 , 02:00:00,2489,2489
2581,27/09/2024 , 03:00:00,2487,2487
2582,27/09/2024 , 04:00:00,2487,2487
2583,27/09/2024 , 05:00:00,2485,2485
2584,27/09/2024 , 06:00:00,2484,2484
2585,27/09/2024 , 07:00:00,2484,2484
2586,27/09/2024 , 08:00:00,2484,2484
2587,27/09/2024 , 09:00:00,2483,2483
2588,27/09/2024 , 10:00:00,2483,2483
2589,27/09/2024 , 11:00:00,2482,2482
2590,27/09/2024 , 12:00:00,2480,2480
2591,27/09/2024 , 13:00:00,2477,2477
2592,27/09/2024 , 14:00:00,2475,2475
2593,27/09/2024 , 15:00:00,2473,2473
2594,27/09/2024 , 16:00:00,2471,2471
2595,27/09/2024 , 17:00:00,2468,2468
2596,27/09/2024 , 18:00:00,2476,2476
2597,27/09/2024 , 19:00:00,2487,2487
2598,27/09/2024 , 20:00:00,2492,2492
2599,27/09/2024 , 21:00:00,2490,2490
2600,27/09/2024 , 22:00:00,2485,2485
2601,27/09/2024 , 23:00:00,2483,2483
2602,27/09/2024 , 23:59:59,2478,2478
2603,28/09/2024 , 01:00:00,2472,2472
2604,28/09/2024 , 02:00:00,2467,2467
2605,28/09/2024 , 03:00:00,2462,2462
2606,28/09/2024 , 04:00:00,2458,2458
2607,28/09/2024 , 05:00:00,2454,2454
2608,28/09/2024 , 06:00:00,2451,2451
2609,28/09/2024 , 07:00:00,2447,2447
2610,28/09/2024 , 08:00:00,2443,2443
2611,28/09/2024 , 09:00:00,2440,2440
2612,28/09/2024 , 10:00:00,2434,2434
2613,28/09/2024 , 11:00:00,2430,2430
2614,28/09/2024 , 12:00:00,2425,2425
2615,28/09/2024 , 13:00:00,2421,2421
2616,28/09/2024 , 14:00:00,2414,2414
2617,28/09/2024 , 15:00:00,2407,2407
2618,28/09/2024 , 16:00:00,2401,2401
2619,28/09/2024 , 17:00:00,2395,2395
2620,28/09/2024 , 18:00:00,2390,2390
2621,28/09/2024 , 19:00:00,2387,2387
2622,28/09/2024 , 20:00:00,2383,2383
2623,28/09/2024 , 21:00:00,2381,2381
2624,28/09/2024 , 22:00:00,2380,2380
2625,28/09/2024 , 23:00:00,2377,2377
2626,28/09/2024 , 23:59:59,2376,2376
2627,29/09/2024 , 01:00:00,2371,2371
2628,29/09/2024 , 02:00:00,2369,2369
2629,29/09/2024 , 03:00:00,2367,2367
2630,29/09/2024 , 04:00:00,2363,2363
2631,29/09/2024 , 05:00:00,2361,2361
2632,29/09/2024 , 06:00:00,2358,2358
2633,29/09/2024 , 07:00:00,2356,2356
2634,29/09/2024 , 08:00:00,2355,2355
2635,29/09/2024 , 09:00:00,2353,2353
2636,29/09/2024 , 10:00:00,2351,2351
2637,29/09/2024 , 11:00:00,2348,2348
2638,29/09/2024 , 12:00:00,2345,2345
2639,29/09/2024 , 13:00:00,2342,2342
2640,29/09/2024 , 14:00:00,2338,2338
2641,29/09/2024 , 15:00:00,2334,2334
2642,29/09/2024 , 16:00:00,2332,2332
2643,29/09/2024 , 17:00:00,2330,2330
2644,29/09/2024 , 18:00:00,2328,2328
2645,29/09/2024 , 19:00:00,2327,2327
2646,29/09/2024 , 20:00:00,2325,2325
2647,29/09/2024 , 21:00:00,2323,2323
2648,29/09/2024 , 22:00:00,2322,2322
2649,29/09/2024 , 23:00:00,2321,2321
2650,29/09/2024 , 23:59:59,2319,2319
2651,30/09/2024 , 01:00:00,2317,2317
2652,30/09/2024 , 02:00:00,2315,2315
2653,30/09/2024 , 03:00:00,2314,2314
2654,30/09/2024 , 04:00:00,2313,2313
2655,30/09/2024 , 05:00:00,2311,2311
2656,30/09/2024 , 06:00:00,2309,2309
2657,30/09/2024 , 07:00:00,2307,2307
2658,30/09/2024 , 08:00:00,2307,2307
2659,30/09/2024 , 09:00:00,2305,2305
2660,30/09/2024 , 10:00:00,2304,2304
2661,30/09/2024 , 11:00:00,2303,2303
2662,30/09/2024 , 12:00:00,2298,2298
2663,30/09/2024 , 13:00:00,2295,2295
2664,30/09/2024 , 14:00:00,2290,2290
2665,30/09/2024 , 15:00:00,2284,2284
2666,30/09/2024 , 16:00:00,2280,2280
2667,30/09/2024 , 17:00:00,2278,2278
2668,30/09/2024 , 18:00:00,2276,2276
2669,30/09/2024 , 19:00:00,2274,2274
2670,30/09/2024 , 20:00:00,2273,2273
2671,30/09/2024 , 21:00:00,2273,2273
2672,30/09/2024 , 22:00:00,2273,2273
2673,30/09/2024 , 23:00:00,2272,2272
2674,30/09/2024 , 23:59:59,2270,2270
2675,01/10/2024 , 01:00:00,2269,2269
2676,01/10/2024 , 02:00:00,2269,2269
2677,01/10/2024 , 03:00:00,2268,2268
2678,01/10/2024 , 04:00:00,2268,2268
2679,01/10/2024 , 05:00:00,2267,2267
2680,01/10/2024 , 06:00:00,2267,2267
2681,01/10/2024 , 07:00:00,2266,2266
2682,01/10/2024 , 08:00:00,2266,2266
2683,01/10/2024 , 09:00:00,2264,2264
2684,01/10/2024 , 10:00:00,2262,2262
2685,01/10/2024 , 11:00:00,2260,2260
2686,01/10/2024 , 12:00:00,2258,2258
2687,01/10/2024 , 13:00:00,2255,2255
2688,01/10/2024 , 14:00:00,2253,2253
2689,01/10/2024 , 15:00:00,2250,2250
2690,01/10/2024 , 16:00:00,2249,2249
2691,01/10/2024 , 17:00:00,2247,2247
2692,01/10/2024 , 18:00:00,2246,2246
2693,01/10/2024 , 19:00:00,2245,2245
2694,01/10/2024 , 20:00:00,2244,2244
2695,01/10/2024 , 21:00:00,2244,2244
2696,01/10/2024 , 22:00:00,2244,2244
2697,01/10/2024 , 23:00:00,2244,2244
2698,01/10/2024 , 23:59:59,2244,2244
2699,02/10/2024 , 01:00:00,2244,2244
2700,02/10/2024 , 02:00:00,2244,2244
2701,02/10/2024 , 03:00:00,2244,2244
2702,02/10/2024 , 04:00:00,2243,2243
2703,02/10/2024 , 05:00:00,2243,2243
2704,02/10/2024 , 06:00:00,2242,2242
2705,02/10/2024 , 07:00:00,2242,2242
2706,02/10/2024 , 08:00:00,2242,2242
2707,02/10/2024 , 09:00:00,2242,2242
2708,02/10/2024 , 10:00:00,2242,2242
2709,02/10/2024 , 11:00:00,2241,2241
2710,02/10/2024 , 12:00:00,2239,2239
2711,02/10/2024 , 13:00:00,2238,2238
2712,02/10/2024 , 14:00:00,2236,2236
2713,02/10/2024 , 15:00:00,2234,2234
2714,02/10/2024 , 16:00:00,2233,2233
2715,02/10/2024 , 17:00:00,2232,2232
2716,02/10/2024 , 18:00:00,2231,2231
2717,02/10/2024 , 19:00:00,2231,2231
2718,02/10/2024 , 20:00:00,2231,2231
2719,02/10/2024 , 21:00:00,2233,2233
2720,02/10/2024 , 22:00:00,2233,2233
2721,02/10/2024 , 23:00:00,2233,2233
2722,02/10/2024 , 23:59:59,2233,2233
2723,03/10/2024 , 01:00:00,2232,2232
2724,03/10/2024 , 02:00:00,2232,2232
2725,03/10/2024 , 03:00:00,2232,2232
2726,03/10/2024 , 04:00:00,2231,2231
2727,03/10/2024 , 05:00:00,2230,2230
2728,03/10/2024 , 06:00:00,2229,2229
2729,03/10/2024 , 07:00:00,2228,2228
2730,03/10/2024 , 08:00:00,2226,2226
2731,03/10/2024 , 09:00:00,2225,2225
2732,03/10/2024 , 10:00:00,2221,2221
2733,03/10/2024 , 11:00:00,2204,2204
2734,03/10/2024 , 12:00:00,2200,2200
2735,03/10/2024 , 13:00:00,2197,2197
2736,03/10/2024 , 14:00:00,2194,2194
2737,03/10/2024 , 15:00:00,2189,2189
2738,03/10/2024 , 16:00:00,2186,2186
2739,03/10/2024 , 17:00:00,2185,2185
2740,03/10/2024 , 18:00:00,2182,2182
2741,03/10/2024 , 19:00:00,2182,2182
2742,03/10/2024 , 20:00:00,2181,2181
2743,03/10/2024 , 21:00:00,2180,2180
2744,03/10/2024 , 22:00:00,2179,2179
2745,03/10/2024 , 23:00:00,2178,2178
2746,03/10/2024 , 23:59:59,2178,2178
2747,04/10/2024 , 01:00:00,2178,2178
2748,04/10/2024 , 02:00:00,2177,2177
2749,04/10/2024 , 03:00:00,2176,2176
2750,04/10/2024 , 04:00:00,2175,2175
2751,04/10/2024 , 05:00:00,2174,2174
2752,04/10/2024 , 06:00:00,2173,2173
2753,04/10/2024 , 07:00:00,2172,2172
2754,04/10/2024 , 08:00:00,2171,2171
2755,04/10/2024 , 09:00:00,2171,2171
2756,04/10/2024 , 10:00:00,2170,2170
2757,04/10/2024 , 11:00:00,2170,2170
2758,04/10/2024 , 12:00:00,2169,2169
2759,04/10/2024 , 13:00:00,2168,2168
2760,04/10/2024 , 14:00:00,2166,2166
2761,04/10/2024 , 15:00:00,2165,2165
2762,04/10/2024 , 16:00:00,2162,2162
2763,04/10/2024 , 17:00:00,2160,2160
2764,04/10/2024 , 18:00:00,2159,2159
2765,04/10/2024 , 19:00:00,2158,2158
2766,04/10/2024 , 20:00:00,2158,2158
2767,04/10/2024 , 21:00:00,2158,2158
2768,04/10/2024 , 22:00:00,2156,2156
2769,04/10/2024 , 23:00:00,2154,2154
2770,04/10/2024 , 23:59:59,2152,2152
2771,05/10/2024 , 01:00:00,2148,2148
2772,05/10/2024 , 02:00:00,2146,2146
2773,05/10/2024 , 03:00:00,2144,2144
2774,05/10/2024 , 04:00:00,2145,2145
2775,05/10/2024 , 05:00:00,2167,2167
2776,05/10/2024 , 06:00:00,2216,2216
2777,05/10/2024 , 07:00:00,2260,2260
2778,05/10/2024 , 08:00:00,2277,2277
2779,05/10/2024 , 09:00:00,2281,2281
2780,05/10/2024 , 10:00:00,2280,2280
2781,05/10/2024 , 11:00:00,2276,2276
2782,05/10/2024 , 12:00:00,2269,2269
2783,05/10/2024 , 13:00:00,2262,2262
2784,05/10/2024 , 14:00:00,2255,2255
2785,05/10/2024 , 15:00:00,2250,2250
2786,05/10/2024 , 16:00:00,2246,2246
2787,05/10/2024 , 17:00:00,2243,2243
2788,05/10/2024 , 18:00:00,2240,2240
2789,05/10/2024 , 19:00:00,2237,2237
2790,05/10/2024 , 20:00:00,2234,2234
2791,05/10/2024 , 21:00:00,2230,2230
2792,05/10/2024 , 22:00:00,2228,2228
2793,05/10/2024 , 23:00:00,2221,2221
2794,05/10/2024 , 23:59:59,2213,2213
2795,06/10/2024 , 01:00:00,2208,2208
2796,06/10/2024 , 02:00:00,2194,2194
2797,06/10/2024 , 03:00:00,2191,2191
2798,06/10/2024 , 04:00:00,2188,2188
2799,06/10/2024 , 05:00:00,2186,2186
2800,06/10/2024 , 06:00:00,2187,2187
2801,06/10/2024 , 07:00:00,2186,2186
2802,06/10/2024 , 08:00:00,2185,2185
2803,06/10/2024 , 09:00:00,2182,2182
2804,06/10/2024 , 10:00:00,2181,2181
2805,06/10/2024 , 11:00:00,2179,2179
2806,06/10/2024 , 12:00:00,2176,2176
2807,06/10/2024 , 13:00:00,2173,2173
2808,06/10/2024 , 14:00:00,2169,2169
2809,06/10/2024 , 15:00:00,2165,2165
2810,06/10/2024 , 16:00:00,2161,2161
2811,06/10/2024 , 17:00:00,2160,2160
2812,06/10/2024 , 18:00:00,2158,2158
2813,06/10/2024 , 19:00:00,2157,2157
2814,06/10/2024 , 20:00:00,2156,2156
2815,06/10/2024 , 21:00:00,2157,2157
2816,06/10/2024 , 22:00:00,2157,2157
2817,06/10/2024 , 23:00:00,2157,2157
2818,06/10/2024 , 23:59:59,2158,2158
2819,07/10/2024 , 01:00:00,2158,2158
2820,07/10/2024 , 02:00:00,2160,2160
2821,07/10/2024 , 03:00:00,2179,2179
2822,07/10/2024 , 04:00:00,2219,2219
2823,07/10/2024 , 05:00:00,2282,2282
2824,07/10/2024 , 06:00:00,2424,2424
2825,07/10/2024 , 07:00:00,2462,2462
2826,07/10/2024 , 08:00:00,2475,2475
2827,07/10/2024 , 09:00:00,2476,2476
2828,07/10/2024 , 10:00:00,2474,2474
2829,07/10/2024 , 11:00:00,2468,2468
2830,07/10/2024 , 12:00:00,2455,2455
2831,07/10/2024 , 13:00:00,2445,2445
2832,07/10/2024 , 14:00:00,2435,2435
2833,07/10/2024 , 15:00:00,2425,2425
2834,07/10/2024 , 16:00:00,2415,2415
2835,07/10/2024 , 17:00:00,2408,2408
2836,07/10/2024 , 18:00:00,2400,2400
2837,07/10/2024 , 19:00:00,2392,2392
2838,07/10/2024 , 20:00:00,2385,2385
2839,07/10/2024 , 21:00:00,2379,2379
2840,07/10/2024 , 22:00:00,2373,2373
2841,07/10/2024 , 23:00:00,2366,2366
2842,07/10/2024 , 23:59:59,2365,2365
2843,08/10/2024 , 01:00:00,2372,2372
2844,08/10/2024 , 02:00:00,2370,2370
2845,08/10/2024 , 03:00:00,2364,2364
2846,08/10/2024 , 04:00:00,2358,2358
2847,08/10/2024 , 05:00:00,2355,2355
2848,08/10/2024 , 06:00:00,2348,2348
2849,08/10/2024 , 07:00:00,2342,2342
2850,08/10/2024 , 08:00:00,2338,2338
2851,08/10/2024 , 09:00:00,2334,2334
2852,08/10/2024 , 10:00:00,2329,2329
2853,08/10/2024 , 11:00:00,2323,2323
2854,08/10/2024 , 12:00:00,2319,2319
2855,08/10/2024 , 13:00:00,2314,2314
2856,08/10/2024 , 14:00:00,2308,2308
2857,08/10/2024 , 15:00:00,2303,2303
2858,08/10/2024 , 16:00:00,2299,2299
2859,08/10/2024 , 17:00:00,2296,2296
2860,08/10/2024 , 18:00:00,2294,2294
2861,08/10/2024 , 19:00:00,2290,2290
2862,08/10/2024 , 20:00:00,2287,2287
2863,08/10/2024 , 21:00:00,2283,2283
2864,08/10/2024 , 22:00:00,2280,2280
2865,08/10/2024 , 23:00:00,2277,2277
2866,08/10/2024 , 23:59:59,2275,2275
2867,09/10/2024 , 01:00:00,2273,2273
2868,09/10/2024 , 02:00:00,2270,2270
2869,09/10/2024 , 03:00:00,2267,2267
2870,09/10/2024 , 04:00:00,2264,2264
2871,09/10/2024 , 05:00:00,2262,2262
2872,09/10/2024 , 06:00:00,2261,2261
2873,09/10/2024 , 07:00:00,2260,2260
2874,09/10/2024 , 08:00:00,2259,2259
2875,09/10/2024 , 09:00:00,2261,2261
2876,09/10/2024 , 10:00:00,2258,2258
2877,09/10/2024 , 11:00:00,2257,2257
2878,09/10/2024 , 12:00:00,2255,2255
2879,09/10/2024 , 13:00:00,2254,2254
2880,09/10/2024 , 14:00:00,2251,2251
2881,09/10/2024 , 15:00:00,2250,2250
2882,09/10/2024 , 16:00:00,2247,2247
2883,09/10/2024 , 17:00:00,2245,2245
2884,09/10/2024 , 18:00:00,2243,2243
2885,09/10/2024 , 19:00:00,2241,2241
2886,09/10/2024 , 20:00:00,2241,2241
2887,09/10/2024 , 21:00:00,2240,2240
2888,09/10/2024 , 22:00:00,2240,2240
2889,09/10/2024 , 23:00:00,2239,2239
2890,09/10/2024 , 23:59:59,2239,2239
2891,10/10/2024 , 01:00:00,2238,2238
2892,10/10/2024 , 02:00:00,2238,2238
2893,10/10/2024 , 03:00:00,2237,2237
2894,10/10/2024 , 04:00:00,2237,2237
2895,10/10/2024 , 05:00:00,2237,2237
2896,10/10/2024 , 06:00:00,2236,2236
2897,10/10/2024 , 07:00:00,2235,2235
2898,10/10/2024 , 08:00:00,2234,2234
2899,10/10/2024 , 09:00:00,2234,2234
2900,10/10/2024 , 10:00:00,2234,2234
2901,10/10/2024 , 11:00:00,2233,2233
2902,10/10/2024 , 12:00:00,2232,2232
2903,10/10/2024 , 13:00:00,2231,2231
2904,10/10/2024 , 14:00:00,2227,2227
2905,10/10/2024 , 15:00:00,2225,2225
2906,10/10/2024 , 16:00:00,2223,2223
2907,10/10/2024 , 17:00:00,2203,2203
2908,10/10/2024 , 18:00:00,2200,2200
2909,10/10/2024 , 19:00:00,2197,2197
2910,10/10/2024 , 20:00:00,2196,2196
2911,10/10/2024 , 21:00:00,2194,2194
2912,10/10/2024 , 22:00:00,2193,2193
2913,10/10/2024 , 23:00:00,2193,2193
2914,10/10/2024 , 23:59:59,2191,2191
2915,11/10/2024 , 01:00:00,2191,2191
2916,11/10/2024 , 02:00:00,2190,2190
2917,11/10/2024 , 03:00:00,2190,2190
2918,11/10/2024 , 04:00:00,2189,2189
2919,11/10/2024 , 05:00:00,2189,2189
2920,11/10/2024 , 06:00:00,2188,2188
2921,11/10/2024 , 07:00:00,2188,2188
2922,11/10/2024 , 08:00:00,2187,2187
2923,11/10/2024 , 09:00:00,2187,2187
2924,11/10/2024 , 10:00:00,2186,2186
2925,11/10/2024 , 11:00:00,2186,2186
2926,11/10/2024 , 12:00:00,2185,2185
2927,11/10/2024 , 13:00:00,2184,2184
2928,11/10/2024 , 14:00:00,2182,2182
2929,11/10/2024 , 15:00:00,2180,2180
2930,11/10/2024 , 16:00:00,2178,2178
2931,11/10/2024 , 17:00:00,2177,2177
2932,11/10/2024 , 18:00:00,2176,2176
2933,11/10/2024 , 19:00:00,2176,2176
2934,11/10/2024 , 20:00:00,2175,2175
2935,11/10/2024 , 21:00:00,2176,2176
2936,11/10/2024 , 22:00:00,2177,2177
2937,11/10/2024 , 23:00:00,2179,2179
2938,11/10/2024 , 23:59:59,2180,2180
2939,12/10/2024 , 01:00:00,2180,2180
2940,12/10/2024 , 02:00:00,2357,2357
2941,12/10/2024 , 03:00:00,2492,2492
2942,12/10/2024 , 04:00:00,2506,2506
2943,12/10/2024 , 05:00:00,2496,2496
2944,12/10/2024 , 06:00:00,2485,2485
2945,12/10/2024 , 07:00:00,2479,2479
2946,12/10/2024 , 08:00:00,2471,2471
2947,12/10/2024 , 09:00:00,2464,2464
2948,12/10/2024 , 10:00:00,2456,2456
2949,12/10/2024 , 11:00:00,2451,2451
2950,12/10/2024 , 12:00:00,2449,2449
2951,12/10/2024 , 13:00:00,2449,2449
2952,12/10/2024 , 14:00:00,2450,2450
2953,12/10/2024 , 15:00:00,2450,2450
2954,12/10/2024 , 16:00:00,2451,2451
2955,12/10/2024 , 17:00:00,2451,2451
2956,12/10/2024 , 18:00:00,2451,2451
2957,12/10/2024 , 19:00:00,2450,2450
2958,12/10/2024 , 20:00:00,2451,2451
2959,12/10/2024 , 21:00:00,2450,2450
2960,12/10/2024 , 22:00:00,2450,2450
2961,12/10/2024 , 23:00:00,2448,2448
2962,12/10/2024 , 23:59:59,2447,2447
2963,13/10/2024 , 01:00:00,2445,2445
2964,13/10/2024 , 02:00:00,2442,2442
2965,13/10/2024 , 03:00:00,2440,2440
2966,13/10/2024 , 04:00:00,2436,2436
2967,13/10/2024 , 05:00:00,2431,2431
2968,13/10/2024 , 06:00:00,2428,2428
2969,13/10/2024 , 07:00:00,2424,2424
2970,13/10/2024 , 08:00:00,2419,2419
2971,13/10/2024 , 09:00:00,2416,2416
2972,13/10/2024 , 10:00:00,2414,2414
2973,13/10/2024 , 11:00:00,2409,2409
2974,13/10/2024 , 12:00:00,2406,2406
2975,13/10/2024 , 13:00:00,2400,2400
2976,13/10/2024 , 14:00:00,2395,2395
2977,13/10/2024 , 15:00:00,2390,2390
2978,13/10/2024 , 16:00:00,2385,2385
2979,13/10/2024 , 17:00:00,2380,2380
2980,13/10/2024 , 18:00:00,2377,2377
2981,13/10/2024 , 19:00:00,2374,2374
2982,13/10/2024 , 20:00:00,2370,2370
2983,13/10/2024 , 21:00:00,2365,2365
2984,13/10/2024 , 22:00:00,2362,2362
2985,13/10/2024 , 23:00:00,2358,2358
2986,13/10/2024 , 23:59:59,2356,2356
2987,14/10/2024 , 01:00:00,2354,2354
2988,14/10/2024 , 02:00:00,2352,2352
2989,14/10/2024 , 03:00:00,2350,2350
2990,14/10/2024 , 04:00:00,2348,2348
2991,14/10/2024 , 05:00:00,2345,2345
2992,14/10/2024 , 06:00:00,2340,2340
2993,14/10/2024 , 07:00:00,2339,2339
2994,14/10/2024 , 08:00:00,2335,2335
2995,14/10/2024 , 09:00:00,2339,2339
2996,14/10/2024 , 10:00:00,2347,2347
2997,14/10/2024 , 11:00:00,2362,2362
2998,14/10/2024 , 12:00:00,2374,2374
2999,14/10/2024 , 13:00:00,2392,2392
3000,14/10/2024 , 14:00:00,2411,2411
3001,14/10/2024 , 15:00:00,2422,2422
3002,14/10/2024 , 16:00:00,2451,2451
3003,14/10/2024 , 17:00:00,2498,2498
3004,14/10/2024 , 18:00:00,2523,2523
3005,14/10/2024 , 19:00:00,2517,2517
3006,14/10/2024 , 20:00:00,2512,2512
3007,14/10/2024 , 21:00:00,2524,2524
3008,14/10/2024 , 22:00:00,2523,2523
3009,14/10/2024 , 23:00:00,2519,2519
3010,14/10/2024 , 23:59:59,2513,2513
3011,15/10/2024 , 01:00:00,2506,2506
3012,15/10/2024 , 02:00:00,2499,2499
3013,15/10/2024 , 03:00:00,2496,2496
3014,15/10/2024 , 04:00:00,2492,2492
3015,15/10/2024 , 05:00:00,2490,2490
3016,15/10/2024 , 06:00:00,2488,2488
3017,15/10/2024 , 07:00:00,2487,2487
3018,15/10/2024 , 08:00:00,2486,2486
3019,15/10/2024 , 09:00:00,2486,2486
3020,15/10/2024 , 10:00:00,2486,2486
3021,15/10/2024 , 11:00:00,2486,2486
3022,15/10/2024 , 12:00:00,2486,2486
3023,15/10/2024 , 13:00:00,2486,2486
3024,15/10/2024 , 14:00:00,2485,2485
3025,15/10/2024 , 15:00:00,2483,2483
3026,15/10/2024 , 16:00:00,2480,2480
3027,15/10/2024 , 17:00:00,2479,2479
3028,15/10/2024 , 18:00:00,2478,2478
3029,15/10/2024 , 19:00:00,2477,2477
3030,15/10/2024 , 20:00:00,2478,2478
3031,15/10/2024 , 21:00:00,2478,2478
3032,15/10/2024 , 22:00:00,2479,2479
3033,15/10/2024 , 23:00:00,2479,2479
3034,15/10/2024 , 23:59:59,2479,2479
3035,16/10/2024 , 01:00:00,2478,2478
3036,16/10/2024 , 02:00:00,2476,2476
3037,16/10/2024 , 03:00:00,2475,2475
3038,16/10/2024 , 04:00:00,2475,2475
3039,16/10/2024 , 05:00:00,2476,2476
3040,16/10/2024 , 06:00:00,2475,2475
3041,16/10/2024 , 07:00:00,2473,2473
3042,16/10/2024 , 08:00:00,2471,2471
3043,16/10/2024 , 09:00:00,2469,2469
3044,16/10/2024 , 10:00:00,2467,2467
3045,16/10/2024 , 11:00:00,2465,2465
3046,16/10/2024 , 12:00:00,2461,2461
3047,16/10/2024 , 13:00:00,2456,2456
3048,16/10/2024 , 14:00:00,2453,2453
3049,16/10/2024 , 15:00:00,2450,2450
3050,16/10/2024 , 16:00:00,2448,2448
3051,16/10/2024 , 17:00:00,2447,2447
3052,16/10/2024 , 18:00:00,2444,2444
3053,16/10/2024 , 19:00:00,2444,2444
3054,16/10/2024 , 20:00:00,2440,2440
3055,16/10/2024 , 21:00:00,2437,2437
3056,16/10/2024 , 22:00:00,2435,2435
3057,16/10/2024 , 23:00:00,2433,2433
3058,16/10/2024 , 23:59:59,2431,2431
3059,17/10/2024 , 01:00:00,2427,2427
3060,17/10/2024 , 02:00:00,2424,2424
3061,17/10/2024 , 03:00:00,2420,2420
3062,17/10/2024 , 04:00:00,2414,2414
3063,17/10/2024 , 05:00:00,2409,2409
3064,17/10/2024 , 06:00:00,2405,2405
3065,17/10/2024 , 07:00:00,2400,2400
3066,17/10/2024 , 08:00:00,2395,2395
3067,17/10/2024 , 09:00:00,2396,2396
3068,17/10/2024 , 10:00:00,2399,2399
3069,17/10/2024 , 11:00:00,2403,2403
3070,17/10/2024 , 12:00:00,2406,2406
3071,17/10/2024 , 13:00:00,2406,2406
3072,17/10/2024 , 14:00:00,2403,2403
3073,17/10/2024 , 15:00:00,2397,2397
3074,17/10/2024 , 16:00:00,2393,2393
3075,17/10/2024 , 17:00:00,2389,2389
3076,17/10/2024 , 18:00:00,2385,2385
3077,17/10/2024 , 19:00:00,2380,2380
3078,17/10/2024 , 20:00:00,2377,2377
3079,17/10/2024 , 21:00:00,2374,2374
3080,17/10/2024 , 22:00:00,2370,2370
3081,17/10/2024 , 23:00:00,2363,2363
3082,17/10/2024 , 23:59:59,2359,2359
3083,18/10/2024 , 01:00:00,2355,2355
3084,18/10/2024 , 02:00:00,2350,2350
3085,18/10/2024 , 03:00:00,2347,2347
3086,18/10/2024 , 04:00:00,2341,2341
3087,18/10/2024 , 05:00:00,2334,2334
3088,18/10/2024 , 06:00:00,2329,2329
3089,18/10/2024 , 07:00:00,2324,2324
3090,18/10/2024 , 08:00:00,2319,2319
3091,18/10/2024 , 09:00:00,2317,2317
3092,18/10/2024 , 10:00:00,2320,2320
3093,18/10/2024 , 11:00:00,2324,2324
3094,18/10/2024 , 12:00:00,2325,2325
3095,18/10/2024 , 13:00:00,2325,2325
3096,18/10/2024 , 14:00:00,2324,2324
3097,18/10/2024 , 15:00:00,2322,2322
3098,18/10/2024 , 16:00:00,2318,2318
3099,18/10/2024 , 17:00:00,2315,2315
3100,18/10/2024 , 18:00:00,2313,2313
3101,18/10/2024 , 19:00:00,2311,2311
3102,18/10/2024 , 20:00:00,2308,2308
3103,18/10/2024 , 21:00:00,2307,2307
3104,18/10/2024 , 22:00:00,2305,2305
3105,18/10/2024 , 23:00:00,2302,2302
3106,18/10/2024 , 23:59:59,2300,2300
3107,19/10/2024 , 01:00:00,2298,2298
3108,19/10/2024 , 02:00:00,2296,2296
3109,19/10/2024 , 03:00:00,2295,2295
3110,19/10/2024 , 04:00:00,2293,2293
3111,19/10/2024 , 05:00:00,2291,2291
3112,19/10/2024 , 06:00:00,2289,2289
3113,19/10/2024 , 07:00:00,2287,2287
3114,19/10/2024 , 08:00:00,2287,2287
3115,19/10/2024 , 09:00:00,2286,2286
3116,19/10/2024 , 10:00:00,2286,2286
3117,19/10/2024 , 11:00:00,2285,2285
3118,19/10/2024 , 12:00:00,2284,2284
3119,19/10/2024 , 13:00:00,2283,2283
3120,19/10/2024 , 14:00:00,2280,2280
3121,19/10/2024 , 15:00:00,2278,2278
3122,19/10/2024 , 16:00:00,2276,2276
3123,19/10/2024 , 17:00:00,2275,2275
3124,19/10/2024 , 18:00:00,2273,2273
3125,19/10/2024 , 19:00:00,2272,2272
3126,19/10/2024 , 20:00:00,2270,2270
3127,19/10/2024 , 21:00:00,2269,2269
3128,19/10/2024 , 22:00:00,2268,2268
3129,19/10/2024 , 23:00:00,2268,2268
3130,19/10/2024 , 23:59:59,2267,2267
3131,20/10/2024 , 01:00:00,2265,2265
3132,20/10/2024 , 02:00:00,2263,2263
3133,20/10/2024 , 03:00:00,2262,2262
3134,20/10/2024 , 04:00:00,2262,2262
3135,20/10/2024 , 05:00:00,2261,2261
3136,20/10/2024 , 06:00:00,2260,2260
3137,20/10/2024 , 07:00:00,2259,2259
3138,20/10/2024 , 08:00:00,2258,2258
3139,20/10/2024 , 09:00:00,2258,2258
3140,20/10/2024 , 10:00:00,2257,2257
3141,20/10/2024 , 11:00:00,2256,2256
3142,20/10/2024 , 12:00:00,2256,2256
3143,20/10/2024 , 13:00:00,2256,2256
3144,20/10/2024 , 14:00:00,2254,2254
3145,20/10/2024 , 15:00:00,2253,2253
3146,20/10/2024 , 16:00:00,2252,2252
3147,20/10/2024 , 17:00:00,2250,2250
3148,20/10/2024 , 18:00:00,2248,2248
3149,20/10/2024 , 19:00:00,2247,2247
3150,20/10/2024 , 20:00:00,2247,2247
3151,20/10/2024 , 21:00:00,2246,2246
3152,20/10/2024 , 22:00:00,2245,2245
3153,20/10/2024 , 23:00:00,2244,2244
3154,20/10/2024 , 23:59:59,2243,2243
3155,21/10/2024 , 01:00:00,2242,2242
3156,21/10/2024 , 02:00:00,2241,2241
3157,21/10/2024 , 03:00:00,2241,2241
3158,21/10/2024 , 04:00:00,2240,2240
3159,21/10/2024 , 05:00:00,2240,2240
3160,21/10/2024 , 06:00:00,2240,2240
3161,21/10/2024 , 07:00:00,2239,2239
3162,21/10/2024 , 08:00:00,2239,2239
3163,21/10/2024 , 09:00:00,2238,2238
3164,21/10/2024 , 10:00:00,2238,2238
3165,21/10/2024 , 11:00:00,2237,2237
3166,21/10/2024 , 12:00:00,2236,2236
3167,21/10/2024 , 13:00:00,2235,2235
3168,21/10/2024 , 14:00:00,2234,2234
3169,21/10/2024 , 15:00:00,2233,2233
3170,21/10/2024 , 16:00:00,2232,2232
3171,21/10/2024 , 17:00:00,2231,2231
3172,21/10/2024 , 18:00:00,2230,2230
3173,21/10/2024 , 19:00:00,2229,2229
3174,21/10/2024 , 20:00:00,2228,2228
3175,21/10/2024 , 21:00:00,2227,2227
3176,21/10/2024 , 22:00:00,2227,2227
3177,21/10/2024 , 23:00:00,2225,2225
3178,21/10/2024 , 23:59:59,2225,2225
3179,22/10/2024 , 01:00:00,2223,2223
3180,22/10/2024 , 02:00:00,2222,2222
3181,22/10/2024 , 03:00:00,2221,2221
3182,22/10/2024 , 04:00:00,2220,2220
3183,22/10/2024 , 05:00:00,2219,2219
3184,22/10/2024 , 06:00:00,2217,2217
3185,22/10/2024 , 07:00:00,2217,2217
3186,22/10/2024 , 08:00:00,2215,2215
3187,22/10/2024 , 09:00:00,2214,2214
3188,22/10/2024 , 10:00:00,2211,2211
3189,22/10/2024 , 11:00:00,2208,2208
3190,22/10/2024 , 12:00:00,2206,2206
3191,22/10/2024 , 13:00:00,2196,2196
3192,22/10/2024 , 14:00:00,2195,2195
3193,22/10/2024 , 15:00:00,2193,2193
3194,22/10/2024 , 16:00:00,2193,2193
3195,22/10/2024 , 17:00:00,2192,2192
3196,22/10/2024 , 18:00:00,2190,2190
3197,22/10/2024 , 19:00:00,2190,2190
3198,22/10/2024 , 20:00:00,2189,2189
3199,22/10/2024 , 21:00:00,2189,2189
3200,22/10/2024 , 22:00:00,2189,2189
3201,22/10/2024 , 23:00:00,2189,2189
3202,22/10/2024 , 23:59:59,2188,2188
3203,23/10/2024 , 01:00:00,2187,2187
3204,23/10/2024 , 02:00:00,2188,2188
3205,23/10/2024 , 03:00:00,2188,2188
3206,23/10/2024 , 04:00:00,2188,2188
3207,23/10/2024 , 05:00:00,2187,2187
3208,23/10/2024 , 06:00:00,2187,2187
3209,23/10/2024 , 07:00:00,2187,2187
3210,23/10/2024 , 08:00:00,2187,2187
3211,23/10/2024 , 09:00:00,2188,2188
3212,23/10/2024 , 10:00:00,2188,2188
3213,23/10/2024 , 11:00:00,2190,2190
3214,23/10/2024 , 12:00:00,2191,2191
3215,23/10/2024 , 13:00:00,2190,2190
3216,23/10/2024 , 14:00:00,2189,2189
3217,23/10/2024 , 15:00:00,2187,2187
3218,23/10/2024 , 16:00:00,2183,2183
3219,23/10/2024 , 17:00:00,2181,2181
3220,23/10/2024 , 18:00:00,2180,2180
3221,23/10/2024 , 19:00:00,2185,2185
3222,23/10/2024 , 20:00:00,2194,2194
3223,23/10/2024 , 21:00:00,2217,2217
3224,23/10/2024 , 22:00:00,2245,2245
3225,23/10/2024 , 23:00:00,2273,2273
3226,23/10/2024 , 23:59:59,2282,2282
3227,24/10/2024 , 01:00:00,2282,2282
3228,24/10/2024 , 02:00:00,2277,2277
3229,24/10/2024 , 03:00:00,2270,2270
3230,24/10/2024 , 04:00:00,2262,2262
3231,24/10/2024 , 05:00:00,2255,2255
3232,24/10/2024 , 06:00:00,2249,2249
3233,24/10/2024 , 07:00:00,2245,2245
3234,24/10/2024 , 08:00:00,2241,2241
3235,24/10/2024 , 09:00:00,2238,2238
3236,24/10/2024 , 10:00:00,2235,2235
3237,24/10/2024 , 11:00:00,2231,2231
3238,24/10/2024 , 12:00:00,2228,2228
3239,24/10/2024 , 13:00:00,2225,2225
3240,24/10/2024 , 14:00:00,2219,2219
3241,24/10/2024 , 15:00:00,2213,2213
3242,24/10/2024 , 16:00:00,2196,2196
3243,24/10/2024 , 17:00:00,2192,2192
3244,24/10/2024 , 18:00:00,2189,2189
3245,24/10/2024 , 19:00:00,2187,2187
3246,24/10/2024 , 20:00:00,2184,2184
3247,24/10/2024 , 21:00:00,2182,2182
3248,24/10/2024 , 22:00:00,2180,2180
3249,24/10/2024 , 23:00:00,2179,2179
3250,24/10/2024 , 23:59:59,2177,2177
3251,25/10/2024 , 01:00:00,2174,2174
3252,25/10/2024 , 02:00:00,2172,2172
3253,25/10/2024 , 03:00:00,2170,2170
3254,25/10/2024 , 04:00:00,2169,2169
3255,25/10/2024 , 05:00:00,2165,2165
3256,25/10/2024 , 06:00:00,2163,2163
3257,25/10/2024 , 07:00:00,2158,2158
3258,25/10/2024 , 08:00:00,2155,2155
3259,25/10/2024 , 09:00:00,2154,2154
3260,25/10/2024 , 10:00:00,2156,2156
3261,25/10/2024 , 11:00:00,2162,2162
3262,25/10/2024 , 12:00:00,2165,2165
3263,25/10/2024 , 13:00:00,2167,2167
3264,25/10/2024 , 14:00:00,2166,2166
3265,25/10/2024 , 15:00:00,2166,2166
3266,25/10/2024 , 16:00:00,2165,2165
3267,25/10/2024 , 17:00:00,2164,2164
3268,25/10/2024 , 18:00:00,2162,2162
3269,25/10/2024 , 19:00:00,2161,2161
3270,25/10/2024 , 20:00:00,2160,2160
3271,25/10/2024 , 21:00:00,2159,2159
3272,25/10/2024 , 22:00:00,2159,2159
3273,25/10/2024 , 23:00:00,2158,2158
3274,25/10/2024 , 23:59:59,2158,2158
3275,26/10/2024 , 01:00:00,2157,2157
3276,26/10/2024 , 02:00:00,2157,2157
3277,26/10/2024 , 03:00:00,2156,2156
3278,26/10/2024 , 04:00:00,2156,2156
3279,26/10/2024 , 05:00:00,2156,2156
3280,26/10/2024 , 06:00:00,2158,2158
3281,26/10/2024 , 07:00:00,2182,2182
3282,26/10/2024 , 08:00:00,2209,2209
3283,26/10/2024 , 09:00:00,2227,2227
3284,26/10/2024 , 10:00:00,2230,2230
3285,26/10/2024 , 11:00:00,2229,2229
3286,26/10/2024 , 12:00:00,2227,2227
3287,26/10/2024 , 13:00:00,2225,2225
3288,26/10/2024 , 14:00:00,2222,2222
3289,26/10/2024 , 15:00:00,2214,2214
3290,26/10/2024 , 16:00:00,2192,2192
3291,26/10/2024 , 17:00:00,2183,2183
3292,26/10/2024 , 18:00:00,2178,2178
3293,26/10/2024 , 19:00:00,2173,2173
3294,26/10/2024 , 20:00:00,2169,2169
3295,26/10/2024 , 21:00:00,2165,2165
3296,26/10/2024 , 22:00:00,2163,2163
3297,26/10/2024 , 23:00:00,2161,2161
3298,26/10/2024 , 23:59:59,2159,2159
3299,27/10/2024 , 01:00:00,2157,2157
3300,27/10/2024 , 02:00:00,2155,2155
3301,27/10/2024 , 03:00:00,2153,2153
3302,27/10/2024 , 04:00:00,2151,2151
3303,27/10/2024 , 05:00:00,2149,2149
3304,27/10/2024 , 06:00:00,2146,2146
3305,27/10/2024 , 07:00:00,2141,2141
3306,27/10/2024 , 08:00:00,2136,2136
3307,27/10/2024 , 09:00:00,2131,2131
3308,27/10/2024 , 10:00:00,2131,2131
3309,27/10/2024 , 11:00:00,2136,2136
3310,27/10/2024 , 12:00:00,2141,2141
3311,27/10/2024 , 13:00:00,2144,2144
3312,27/10/2024 , 14:00:00,2145,2145
3313,27/10/2024 , 15:00:00,2145,2145
3314,27/10/2024 , 16:00:00,2144,2144
3315,27/10/2024 , 17:00:00,2141,2141
3316,27/10/2024 , 18:00:00,2138,2138
3317,27/10/2024 , 19:00:00,2133,2133
3318,27/10/2024 , 20:00:00,2127,2127
3319,27/10/2024 , 21:00:00,2120,2120
3320,27/10/2024 , 22:00:00,2113,2113
3321,27/10/2024 , 23:00:00,2104,2104
3322,27/10/2024 , 23:59:59,2098,2098
3323,28/10/2024 , 01:00:00,2090,2090
3324,28/10/2024 , 02:00:00,2084,2084
3325,28/10/2024 , 03:00:00,2078,2078
3326,28/10/2024 , 04:00:00,2071,2071
3327,28/10/2024 , 05:00:00,2066,2066
3328,28/10/2024 , 06:00:00,2062,2062
3329,28/10/2024 , 07:00:00,2060,2060
3330,28/10/2024 , 08:00:00,2055,2055
3331,28/10/2024 , 09:00:00,2053,2053
3332,28/10/2024 , 10:00:00,2051,2051
3333,28/10/2024 , 11:00:00,2048,2048
3334,28/10/2024 , 12:00:00,2051,2051
3335,28/10/2024 , 13:00:00,2053,2053
3336,28/10/2024 , 14:00:00,2056,2056
3337,28/10/2024 , 15:00:00,2062,2062
3338,28/10/2024 , 16:00:00,2067,2067
3339,28/10/2024 , 17:00:00,2071,2071
3340,28/10/2024 , 18:00:00,2073,2073
3341,28/10/2024 , 19:00:00,2074,2074
3342,28/10/2024 , 20:00:00,2073,2073
3343,28/10/2024 , 21:00:00,2070,2070
3344,28/10/2024 , 22:00:00,2065,2065
3345,28/10/2024 , 23:00:00,2061,2061
3346,28/10/2024 , 23:59:59,2054,2054
3347,29/10/2024 , 01:00:00,2050,2050
3348,29/10/2024 , 02:00:00,2047,2047
3349,29/10/2024 , 03:00:00,2042,2042
3350,29/10/2024 , 04:00:00,2042,2042
3351,29/10/2024 , 05:00:00,2043,2043
3352,29/10/2024 , 06:00:00,2043,2043
3353,29/10/2024 , 07:00:00,2043,2043
3354,29/10/2024 , 08:00:00,2042,2042
3355,29/10/2024 , 09:00:00,2042,2042
3356,29/10/2024 , 10:00:00,2043,2043
3357,29/10/2024 , 11:00:00,2043,2043
3358,29/10/2024 , 12:00:00,2045,2045
3359,29/10/2024 , 13:00:00,2047,2047
3360,29/10/2024 , 14:00:00,2055,2055
3361,29/10/2024 , 15:00:00,2070,2070
3362,29/10/2024 , 16:00:00,2087,2087
3363,29/10/2024 , 17:00:00,2103,2103
3364,29/10/2024 , 18:00:00,2116,2116
3365,29/10/2024 , 19:00:00,2125,2125
3366,29/10/2024 , 20:00:00,2131,2131
3367,29/10/2024 , 21:00:00,2136,2136
3368,29/10/2024 , 22:00:00,2140,2140
3369,29/10/2024 , 23:00:00,2145,2145
3370,29/10/2024 , 23:59:59,2149,2149
3371,30/10/2024 , 01:00:00,2154,2154
3372,30/10/2024 , 02:00:00,2160,2160
3373,30/10/2024 , 03:00:00,2168,2168
3374,30/10/2024 , 04:00:00,2176,2176
3375,30/10/2024 , 05:00:00,2187,2187
3376,30/10/2024 , 06:00:00,2197,2197
3377,30/10/2024 , 07:00:00,2209,2209
3378,30/10/2024 , 08:00:00,2227,2227
3379,30/10/2024 , 09:00:00,2237,2237
3380,30/10/2024 , 10:00:00,2248,2248
3381,30/10/2024 , 11:00:00,2257,2257
3382,30/10/2024 , 12:00:00,2264,2264
3383,30/10/2024 , 13:00:00,2272,2272
3384,30/10/2024 , 14:00:00,2277,2277
3385,30/10/2024 , 15:00:00,2282,2282
3386,30/10/2024 , 16:00:00,2286,2286
3387,30/10/2024 , 17:00:00,2288,2288
3388,30/10/2024 , 18:00:00,2288,2288
3389,30/10/2024 , 19:00:00,2287,2287
3390,30/10/2024 , 20:00:00,2285,2285
3391,30/10/2024 , 21:00:00,2279,2279
3392,30/10/2024 , 22:00:00,2274,2274
3393,30/10/2024 , 23:00:00,2269,2269
3394,30/10/2024 , 23:59:59,2264,2264
3395,31/10/2024 , 01:00:00,2260,2260
3396,31/10/2024 , 02:00:00,2256,2256
3397,31/10/2024 , 03:00:00,2252,2252
3398,31/10/2024 , 04:00:00,2249,2249
3399,31/10/2024 , 05:00:00,2247,2247
3400,31/10/2024 , 06:00:00,2244,2244
3401,31/10/2024 , 07:00:00,2242,2242
3402,31/10/2024 , 08:00:00,2240,2240
3403,31/10/2024 , 09:00:00,2237,2237
3404,31/10/2024 , 10:00:00,2236,2236
3405,31/10/2024 , 11:00:00,2233,2233
3406,31/10/2024 , 12:00:00,2231,2231
3407,31/10/2024 , 13:00:00,2229,2229
3408,31/10/2024 , 14:00:00,2227,2227
3409,31/10/2024 , 15:00:00,2224,2224
3410,31/10/2024 , 16:00:00,2221,2221
3411,31/10/2024 , 17:00:00,2217,2217
3412,31/10/2024 , 18:00:00,2209,2209
3413,31/10/2024 , 19:00:00,2195,2195
3414,31/10/2024 , 20:00:00,2192,2192
3415,31/10/2024 , 21:00:00,2233,2233
3416,31/10/2024 , 22:00:00,2267,2267
3417,31/10/2024 , 23:00:00,2336,2336
3418,31/10/2024 , 23:59:59,2404,2404
3419,01/11/2024 , 01:00:00,2431,2431
3420,01/11/2024 , 02:00:00,2499,2499
3421,01/11/2024 , 03:00:00,2514,2514
3422,01/11/2024 , 04:00:00,2504,2504
3423,01/11/2024 , 05:00:00,2519,2519
3424,01/11/2024 , 06:00:00,2512,2512
3425,01/11/2024 , 07:00:00,2502,2502
3426,01/11/2024 , 08:00:00,2507,2507
3427,01/11/2024 , 09:00:00,2503,2503
3428,01/11/2024 , 10:00:00,2499,2499
3429,01/11/2024 , 11:00:00,2583,2583
3430,01/11/2024 , 12:00:00,2561,2561
3431,01/11/2024 , 13:00:00,2550,2550
3432,01/11/2024 , 14:00:00,2533,2533
3433,01/11/2024 , 15:00:00,2536,2536
3434,01/11/2024 , 16:00:00,2519,2519
3435,01/11/2024 , 17:00:00,2511,2511
3436,01/11/2024 , 18:00:00,2505,2505
3437,01/11/2024 , 19:00:00,2503,2503
3438,01/11/2024 , 20:00:00,2502,2502
3439,01/11/2024 , 21:00:00,2500,2500
3440,01/11/2024 , 22:00:00,2496,2496
3441,01/11/2024 , 23:00:00,2496,2496
3442,01/11/2024 , 23:59:59,2499,2499
3443,02/11/2024 , 01:00:00,2496,2496
3444,02/11/2024 , 02:00:00,2494,2494
3445,02/11/2024 , 03:00:00,2492,2492
3446,02/11/2024 , 04:00:00,2492,2492
3447,02/11/2024 , 05:00:00,2492,2492
3448,02/11/2024 , 06:00:00,2492,2492
3449,02/11/2024 , 07:00:00,2491,2491
3450,02/11/2024 , 08:00:00,2491,2491
3451,02/11/2024 , 09:00:00,2489,2489
3452,02/11/2024 , 10:00:00,2488,2488
3453,02/11/2024 , 11:00:00,2487,2487
3454,02/11/2024 , 12:00:00,2486,2486
3455,02/11/2024 , 13:00:00,2484,2484
3456,02/11/2024 , 14:00:00,2484,2484
3457,02/11/2024 , 15:00:00,2483,2483
3458,02/11/2024 , 16:00:00,2483,2483
3459,02/11/2024 , 17:00:00,2482,2482
3460,02/11/2024 , 18:00:00,2482,2482
3461,02/11/2024 , 19:00:00,2482,2482
3462,02/11/2024 , 20:00:00,2481,2481
3463,02/11/2024 , 21:00:00,2481,2481
3464,02/11/2024 , 22:00:00,2480,2480
3465,02/11/2024 , 23:00:00,2479,2479
3466,02/11/2024 , 23:59:59,2478,2478
3467,03/11/2024 , 01:00:00,2478,2478
3468,03/11/2024 , 02:00:00,2475,2475
3469,03/11/2024 , 03:00:00,2473,2473
3470,03/11/2024 , 04:00:00,2471,2471
3471,03/11/2024 , 05:00:00,2470,2470
3472,03/11/2024 , 06:00:00,2468,2468
3473,03/11/2024 , 07:00:00,2467,2467
3474,03/11/2024 , 08:00:00,2464,2464
3475,03/11/2024 , 09:00:00,2465,2465
3476,03/11/2024 , 10:00:00,2467,2467
3477,03/11/2024 , 11:00:00,2467,2467
3478,03/11/2024 , 12:00:00,2467,2467
3479,03/11/2024 , 13:00:00,2468,2468
3480,03/11/2024 , 14:00:00,2468,2468
3481,03/11/2024 , 15:00:00,2468,2468
3482,03/11/2024 , 16:00:00,2467,2467
3483,03/11/2024 , 17:00:00,2464,2464
3484,03/11/2024 , 18:00:00,2460,2460
3485,03/11/2024 , 19:00:00,2456,2456
3486,03/11/2024 , 20:00:00,2448,2448
3487,03/11/2024 , 21:00:00,2442,2442
3488,03/11/2024 , 22:00:00,2437,2437
3489,03/11/2024 , 23:00:00,2431,2431
3490,03/11/2024 , 23:59:59,2428,2428
3491,04/11/2024 , 01:00:00,2423,2423
3492,04/11/2024 , 02:00:00,2419,2419
3493,04/11/2024 , 03:00:00,2415,2415
3494,04/11/2024 , 04:00:00,2411,2411
3495,04/11/2024 , 05:00:00,2407,2407
3496,04/11/2024 , 06:00:00,2405,2405
3497,04/11/2024 , 07:00:00,2400,2400
3498,04/11/2024 , 08:00:00,2396,2396
3499,04/11/2024 , 09:00:00,2392,2392
3500,04/11/2024 , 10:00:00,2393,2393
3501,04/11/2024 , 11:00:00,2396,2396
3502,04/11/2024 , 12:00:00,2400,2400
3503,04/11/2024 , 13:00:00,2409,2409
3504,04/11/2024 , 14:00:00,2419,2419
3505,04/11/2024 , 15:00:00,2427,2427
3506,04/11/2024 , 16:00:00,2429,2429
3507,04/11/2024 , 17:00:00,2429,2429
3508,04/11/2024 , 18:00:00,2428,2428
3509,04/11/2024 , 19:00:00,2429,2429
3510,04/11/2024 , 20:00:00,2434,2434
3511,04/11/2024 , 21:00:00,2451,2451
3512,04/11/2024 , 22:00:00,2463,2463
3513,04/11/2024 , 23:00:00,2468,2468
3514,04/11/2024 , 23:59:59,2478,2478
3515,05/11/2024 , 01:00:00,2481,2481
3516,05/11/2024 , 02:00:00,2484,2484
3517,05/11/2024 , 03:00:00,2486,2486
3518,05/11/2024 , 04:00:00,2486,2486
3519,05/11/2024 , 05:00:00,2487,2487
3520,05/11/2024 , 06:00:00,2487,2487
3521,05/11/2024 , 07:00:00,2486,2486
3522,05/11/2024 , 08:00:00,2483,2483
3523,05/11/2024 , 09:00:00,2479,2479
3524,05/11/2024 , 10:00:00,2478,2478
3525,05/11/2024 , 11:00:00,2476,2476
3526,05/11/2024 , 12:00:00,2476,2476
3527,05/11/2024 , 13:00:00,2476,2476
3528,05/11/2024 , 14:00:00,2477,2477
3529,05/11/2024 , 15:00:00,2488,2488
3530,05/11/2024 , 16:00:00,2506,2506
3531,05/11/2024 , 17:00:00,2527,2527
3532,05/11/2024 , 18:00:00,2552,2552
3533,05/11/2024 , 19:00:00,2550,2550
3534,05/11/2024 , 20:00:00,2550,2550
3535,05/11/2024 , 21:00:00,2533,2533
3536,05/11/2024 , 22:00:00,2526,2526
3537,05/11/2024 , 23:00:00,2520,2520
3538,05/11/2024 , 23:59:59,2517,2517
3539,06/11/2024 , 01:00:00,2519,2519
3540,06/11/2024 , 02:00:00,2514,2514
3541,06/11/2024 , 03:00:00,2513,2513
3542,06/11/2024 , 04:00:00,2511,2511
3543,06/11/2024 , 05:00:00,2510,2510
3544,06/11/2024 , 06:00:00,2509,2509
3545,06/11/2024 , 07:00:00,2509,2509
3546,06/11/2024 , 08:00:00,2509,2509
3547,06/11/2024 , 09:00:00,2511,2511
3548,06/11/2024 , 10:00:00,2509,2509
3549,06/11/2024 , 11:00:00,2508,2508
3550,06/11/2024 , 12:00:00,2507,2507
3551,06/11/2024 , 13:00:00,2507,2507
3552,06/11/2024 , 14:00:00,2506,2506
3553,06/11/2024 , 15:00:00,2505,2505
3554,06/11/2024 , 16:00:00,2504,2504
3555,06/11/2024 , 17:00:00,2502,2502
3556,06/11/2024 , 18:00:00,2502,2502
3557,06/11/2024 , 19:00:00,2501,2501
3558,06/11/2024 , 20:00:00,2499,2499
3559,06/11/2024 , 21:00:00,2497,2497
3560,06/11/2024 , 22:00:00,2497,2497
3561,06/11/2024 , 23:00:00,2496,2496
3562,06/11/2024 , 23:59:59,2496,2496
3563,07/11/2024 , 01:00:00,2494,2494
3564,07/11/2024 , 02:00:00,2494,2494
3565,07/11/2024 , 03:00:00,2494,2494
3566,07/11/2024 , 04:00:00,2493,2493
3567,07/11/2024 , 05:00:00,2492,2492
3568,07/11/2024 , 06:00:00,2490,2490
3569,07/11/2024 , 07:00:00,2487,2487
3570,07/11/2024 , 08:00:00,2485,2485
3571,07/11/2024 , 09:00:00,2487,2487
3572,07/11/2024 , 10:00:00,2489,2489
3573,07/11/2024 , 11:00:00,2487,2487
3574,07/11/2024 , 12:00:00,2484,2484
3575,07/11/2024 , 13:00:00,2483,2483
3576,07/11/2024 , 14:00:00,2481,2481
3577,07/11/2024 , 15:00:00,2479,2479
3578,07/11/2024 , 16:00:00,2477,2477
3579,07/11/2024 , 17:00:00,2476,2476
3580,07/11/2024 , 18:00:00,2475,2475
3581,07/11/2024 , 19:00:00,2474,2474
3582,07/11/2024 , 20:00:00,2473,2473
3583,07/11/2024 , 21:00:00,2471,2471
3584,07/11/2024 , 22:00:00,2471,2471
3585,07/11/2024 , 23:00:00,2471,2471
3586,07/11/2024 , 23:59:59,2470,2470
3587,08/11/2024 , 01:00:00,2468,2468
3588,08/11/2024 , 02:00:00,2467,2467
3589,08/11/2024 , 03:00:00,2465,2465
3590,08/11/2024 , 04:00:00,2465,2465
3591,08/11/2024 , 05:00:00,2464,2464
3592,08/11/2024 , 06:00:00,2463,2463
3593,08/11/2024 , 07:00:00,2461,2461
3594,08/11/2024 , 08:00:00,2458,2458
3595,08/11/2024 , 09:00:00,2456,2456
3596,08/11/2024 , 10:00:00,2457,2457
3597,08/11/2024 , 11:00:00,2456,2456
3598,08/11/2024 , 12:00:00,2453,2453
3599,08/11/2024 , 13:00:00,2451,2451
3600,08/11/2024 , 14:00:00,2459,2459
3601,08/11/2024 , 15:00:00,2463,2463
3602,08/11/2024 , 16:00:00,2461,2461
3603,08/11/2024 , 17:00:00,2454,2454
3604,08/11/2024 , 18:00:00,2449,2449
3605,08/11/2024 , 19:00:00,2444,2444
3606,08/11/2024 , 20:00:00,2441,2441
3607,08/11/2024 , 21:00:00,2436,2436
3608,08/11/2024 , 22:00:00,2432,2432
3609,08/11/2024 , 23:00:00,2428,2428
3610,08/11/2024 , 23:59:59,2424,2424
3611,09/11/2024 , 01:00:00,2417,2417
3612,09/11/2024 , 02:00:00,2412,2412
3613,09/11/2024 , 03:00:00,2408,2408
3614,09/11/2024 , 04:00:00,2402,2402
3615,09/11/2024 , 05:00:00,2397,2397
3616,09/11/2024 , 06:00:00,2391,2391
3617,09/11/2024 , 07:00:00,2387,2387
3618,09/11/2024 , 08:00:00,2382,2382
3619,09/11/2024 , 09:00:00,2378,2378
3620,09/11/2024 , 10:00:00,2374,2374
3621,09/11/2024 , 11:00:00,2372,2372
3622,09/11/2024 , 12:00:00,2370,2370
3623,09/11/2024 , 13:00:00,2368,2368
3624,09/11/2024 , 14:00:00,2363,2363
3625,09/11/2024 , 15:00:00,2360,2360
3626,09/11/2024 , 16:00:00,2355,2355
3627,09/11/2024 , 17:00:00,2352,2352
3628,09/11/2024 , 18:00:00,2347,2347
3629,09/11/2024 , 19:00:00,2342,2342
3630,09/11/2024 , 20:00:00,2337,2337
3631,09/11/2024 , 21:00:00,2332,2332
3632,09/11/2024 , 22:00:00,2326,2326
3633,09/11/2024 , 23:00:00,2321,2321
3634,09/11/2024 , 23:59:59,2315,2315
3635,10/11/2024 , 01:00:00,2311,2311
3636,10/11/2024 , 02:00:00,2306,2306
3637,10/11/2024 , 03:00:00,2301,2301
3638,10/11/2024 , 04:00:00,2296,2296
3639,10/11/2024 , 05:00:00,2292,2292
3640,10/11/2024 , 06:00:00,2289,2289
3641,10/11/2024 , 07:00:00,2287,2287
3642,10/11/2024 , 08:00:00,2284,2284
3643,10/11/2024 , 09:00:00,2283,2283
3644,10/11/2024 , 10:00:00,2283,2283
3645,10/11/2024 , 11:00:00,2286,2286
3646,10/11/2024 , 12:00:00,2288,2288
3647,10/11/2024 , 13:00:00,2292,2292
3648,10/11/2024 , 14:00:00,2297,2297
3649,10/11/2024 , 15:00:00,2301,2301
3650,10/11/2024 , 16:00:00,2304,2304
3651,10/11/2024 , 17:00:00,2308,2308
3652,10/11/2024 , 18:00:00,2311,2311
3653,10/11/2024 , 19:00:00,2313,2313
3654,10/11/2024 , 20:00:00,2316,2316
3655,10/11/2024 , 21:00:00,2318,2318
3656,10/11/2024 , 22:00:00,2320,2320
3657,10/11/2024 , 23:00:00,2323,2323
3658,10/11/2024 , 23:59:59,2325,2325
3659,11/11/2024 , 01:00:00,2330,2330
3660,11/11/2024 , 02:00:00,2337,2337
3661,11/11/2024 , 03:00:00,2341,2341
3662,11/11/2024 , 04:00:00,2343,2343
3663,11/11/2024 , 05:00:00,2345,2345
3664,11/11/2024 , 06:00:00,2346,2346
3665,11/11/2024 , 07:00:00,2411,2411
3666,11/11/2024 , 08:00:00,2442,2442
3667,11/11/2024 , 09:00:00,2458,2458
3668,11/11/2024 , 10:00:00,2471,2471
3669,11/11/2024 , 11:00:00,2486,2486
3670,11/11/2024 , 12:00:00,2488,2488
3671,11/11/2024 , 13:00:00,2498,2498
3672,11/11/2024 , 14:00:00,2506,2506
3673,11/11/2024 , 15:00:00,2502,2502
3674,11/11/2024 , 16:00:00,2491,2491
3675,11/11/2024 , 17:00:00,2484,2484
3676,11/11/2024 , 18:00:00,2483,2483
3677,11/11/2024 , 19:00:00,2484,2484
3678,11/11/2024 , 20:00:00,2486,2486
3679,11/11/2024 , 21:00:00,2489,2489
3680,11/11/2024 , 22:00:00,2489,2489
3681,11/11/2024 , 23:00:00,2488,2488
3682,11/11/2024 , 23:59:59,2487,2487
3683,12/11/2024 , 01:00:00,2488,2488
3684,12/11/2024 , 02:00:00,2492,2492
3685,12/11/2024 , 03:00:00,2502,2502
3686,12/11/2024 , 04:00:00,2502,2502
3687,12/11/2024 , 05:00:00,2496,2496
3688,12/11/2024 , 06:00:00,2491,2491
3689,12/11/2024 , 07:00:00,2486,2486
3690,12/11/2024 , 08:00:00,2488,2488
3691,12/11/2024 , 09:00:00,2485,2485
3692,12/11/2024 , 10:00:00,2482,2482
3693,12/11/2024 , 11:00:00,2480,2480
3694,12/11/2024 , 12:00:00,2477,2477
3695,12/11/2024 , 13:00:00,2476,2476
3696,12/11/2024 , 14:00:00,2475,2475
3697,12/11/2024 , 15:00:00,2474,2474
3698,12/11/2024 , 16:00:00,2473,2473
3699,12/11/2024 , 17:00:00,2471,2471
3700,12/11/2024 , 18:00:00,2470,2470
3701,12/11/2024 , 19:00:00,2468,2468
3702,12/11/2024 , 20:00:00,2467,2467
3703,12/11/2024 , 21:00:00,2468,2468
3704,12/11/2024 , 22:00:00,2467,2467
3705,12/11/2024 , 23:00:00,2465,2465
3706,12/11/2024 , 23:59:59,2464,2464
3707,13/11/2024 , 01:00:00,2463,2463
3708,13/11/2024 , 02:00:00,2462,2462
3709,13/11/2024 , 03:00:00,2459,2459
3710,13/11/2024 , 04:00:00,2456,2456
3711,13/11/2024 , 05:00:00,2453,2453
3712,13/11/2024 , 06:00:00,2449,2449
3713,13/11/2024 , 07:00:00,2447,2447
3714,13/11/2024 , 08:00:00,2443,2443
3715,13/11/2024 , 09:00:00,2441,2441
3716,13/11/2024 , 10:00:00,2439,2439
3717,13/11/2024 , 11:00:00,2437,2437
3718,13/11/2024 , 12:00:00,2437,2437
3719,13/11/2024 , 13:00:00,2435,2435
3720,13/11/2024 , 14:00:00,2434,2434
3721,13/11/2024 , 15:00:00,2431,2431
3722,13/11/2024 , 16:00:00,2431,2431
3723,13/11/2024 , 17:00:00,2427,2427
3724,13/11/2024 , 18:00:00,2423,2423
3725,13/11/2024 , 19:00:00,2418,2418
3726,13/11/2024 , 20:00:00,2412,2412
3727,13/11/2024 , 21:00:00,2406,2406
3728,13/11/2024 , 22:00:00,2401,2401
3729,13/11/2024 , 23:00:00,2396,2396
3730,13/11/2024 , 23:59:59,2389,2389
3731,14/11/2024 , 01:00:00,2381,2381
3732,14/11/2024 , 02:00:00,2375,2375
3733,14/11/2024 , 03:00:00,2369,2369
3734,14/11/2024 , 04:00:00,2361,2361
3735,14/11/2024 , 05:00:00,2357,2357
3736,14/11/2024 , 06:00:00,2351,2351
3737,14/11/2024 , 07:00:00,2346,2346
3738,14/11/2024 , 08:00:00,2342,2342
3739,14/11/2024 , 09:00:00,2335,2335
3740,14/11/2024 , 10:00:00,2329,2329
3741,14/11/2024 , 11:00:00,2326,2326
3742,14/11/2024 , 12:00:00,2326,2326
3743,14/11/2024 , 13:00:00,2327,2327
3744,14/11/2024 , 14:00:00,1098,1098
3745,14/11/2024 , 15:00:00,1121,1121
3746,14/11/2024 , 16:00:00,1084,1084
3747,14/11/2024 , 17:00:00,1085,1085
3748,14/11/2024 , 18:00:00,1085,1085
3749,14/11/2024 , 19:00:00,1082,1082
3750,14/11/2024 , 20:00:00,1081,1081
3751,14/11/2024 , 21:00:00,1081,1081
3752,14/11/2024 , 22:00:00,1081,1081
3753,14/11/2024 , 23:00:00,1081,1081
3754,14/11/2024 , 23:59:59,1081,1081
3755,15/11/2024 , 01:00:00,1080,1080
3756,15/11/2024 , 02:00:00,1080,1080
3757,15/11/2024 , 03:00:00,1080,1080
3758,15/11/2024 , 04:00:00,1080,1080
3759,15/11/2024 , 05:00:00,1080,1080
3760,15/11/2024 , 06:00:00,1080,1080
3761,15/11/2024 , 07:00:00,1080,1080
3762,15/11/2024 , 08:00:00,1079,1079
3763,15/11/2024 , 09:00:00,1079,1079
3764,15/11/2024 , 10:00:00,1079,1079
3765,15/11/2024 , 11:00:00,1079,1079
3766,15/11/2024 , 12:00:00,1079,1079
3767,15/11/2024 , 13:00:00,1079,1079
3768,15/11/2024 , 14:00:00,1079,1079
3769,15/11/2024 , 15:00:00,1079,1079
3770,15/11/2024 , 16:00:00,1079,1079
3771,15/11/2024 , 17:00:00,1079,1079
3772,15/11/2024 , 18:00:00,1079,1079
3773,15/11/2024 , 19:00:00,1079,1079
3774,15/11/2024 , 20:00:00,1079,1079
3775,15/11/2024 , 21:00:00,1079,1079
3776,15/11/2024 , 22:00:00,1079,1079
3777,15/11/2024 , 23:00:00,1079,1079
3778,15/11/2024 , 23:59:59,1079,1079
3779,16/11/2024 , 01:00:00,1079,1079
3780,16/11/2024 , 02:00:00,1079,1079
3781,16/11/2024 , 03:00:00,1079,1079
3782,16/11/2024 , 04:00:00,1079,1079
3783,16/11/2024 , 05:00:00,1079,1079
3784,16/11/2024 , 06:00:00,1079,1079
3785,16/11/2024 , 07:00:00,1079,1079
3786,16/11/2024 , 08:00:00,1079,1079
3787,16/11/2024 , 09:00:00,1079,1079
3788,16/11/2024 , 10:00:00,1079,1079
3789,16/11/2024 , 11:00:00,1079,1079
3790,16/11/2024 , 12:00:00,1079,1079
3791,16/11/2024 , 13:00:00,1079,1079
3792,16/11/2024 , 14:00:00,1079,1079
3793,16/11/2024 , 15:00:00,1079,1079
3794,16/11/2024 , 16:00:00,1079,1079
3795,16/11/2024 , 17:00:00,1079,1079
3796,16/11/2024 , 18:00:00,1079,1079
3797,16/11/2024 , 19:00:00,1079,1079
3798,16/11/2024 , 20:00:00,1079,1079
3799,16/11/2024 , 21:00:00,1079,1079
3800,16/11/2024 , 22:00:00,1079,1079
3801,16/11/2024 , 23:00:00,1079,1079
3802,16/11/2024 , 23:59:59,1079,1079
3803,17/11/2024 , 01:00:00,1079,1079
3804,17/11/2024 , 02:00:00,1079,1079
3805,17/11/2024 , 03:00:00,1079,1079
3806,17/11/2024 , 04:00:00,1079,1079
3807,17/11/2024 , 05:00:00,1079,1079
3808,17/11/2024 , 06:00:00,1079,1079
3809,17/11/2024 , 07:00:00,1079,1079
3810,17/11/2024 , 08:00:00,1079,1079
3811,17/11/2024 , 09:00:00,1079,1079
3812,17/11/2024 , 10:00:00,1079,1079
3813,17/11/2024 , 11:00:00,1079,1079
3814,17/11/2024 , 12:00:00,1079,1079
3815,17/11/2024 , 13:00:00,1079,1079
3816,17/11/2024 , 14:00:00,1079,1079
3817,17/11/2024 , 15:00:00,1079,1079
3818,17/11/2024 , 16:00:00,1079,1079
3819,17/11/2024 , 17:00:00,1079,1079
3820,17/11/2024 , 18:00:00,1079,1079
3821,17/11/2024 , 19:00:00,1079,1079
3822,17/11/2024 , 20:00:00,1079,1079
3823,17/11/2024 , 21:00:00,1079,1079
3824,17/11/2024 , 22:00:00,1079,1079
3825,17/11/2024 , 23:00:00,1079,1079
3826,17/11/2024 , 23:59:59,1079,1079
3827,18/11/2024 , 01:00:00,1079,1079
3828,18/11/2024 , 02:00:00,1079,1079
3829,18/11/2024 , 03:00:00,1079,1079
3830,18/11/2024 , 04:00:00,1079,1079
3831,18/11/2024 , 05:00:00,1079,1079
3832,18/11/2024 , 06:00:00,1079,1079
3833,18/11/2024 , 07:00:00,1079,1079
3834,18/11/2024 , 08:00:00,1079,1079
3835,18/11/2024 , 09:00:00,1079,1079
3836,18/11/2024 , 10:00:00,1079,1079
3837,18/11/2024 , 11:00:00,1079,1079
3838,18/11/2024 , 12:00:00,1079,1079
3839,18/11/2024 , 13:00:00,1079,1079
3840,18/11/2024 , 14:00:00,1079,1079
3841,18/11/2024 , 15:00:00,1079,1079
3842,18/11/2024 , 16:00:00,1079,1079
3843,18/11/2024 , 17:00:00,1079,1079
3844,18/11/2024 , 18:00:00,1079,1079
3845,18/11/2024 , 19:00:00,1079,1079
3846,18/11/2024 , 20:00:00,1079,1079
3847,18/11/2024 , 21:00:00,1079,1079
3848,18/11/2024 , 22:00:00,1079,1079
3849,18/11/2024 , 23:00:00,1079,1079
3850,18/11/2024 , 23:59:59,1079,1079
3851,19/11/2024 , 01:00:00,1079,1079
3852,19/11/2024 , 02:00:00,1079,1079
3853,19/11/2024 , 03:00:00,1079,1079
3854,19/11/2024 , 04:00:00,1079,1079
3855,19/11/2024 , 05:00:00,1079,1079
3856,19/11/2024 , 06:00:00,1079,1079
3857,19/11/2024 , 07:00:00,1079,1079
3858,19/11/2024 , 08:00:00,1079,1079
3859,19/11/2024 , 09:00:00,1079,1079
3860,19/11/2024 , 10:00:00,1079,1079
3861,19/11/2024 , 11:00:00,1079,1079
3862,19/11/2024 , 12:00:00,1079,1079
3863,19/11/2024 , 13:00:00,1079,1079
3864,19/11/2024 , 14:00:00,1079,1079
3865,19/11/2024 , 15:00:00,1079,1079
3866,19/11/2024 , 16:00:00,1079,1079
3867,19/11/2024 , 17:00:00,1079,1079
3868,19/11/2024 , 18:00:00,1079,1079
3869,19/11/2024 , 19:00:00,1079,1079
3870,19/11/2024 , 20:00:00,1079,1079
3871,19/11/2024 , 21:00:00,1079,1079
3872,19/11/2024 , 22:00:00,1079,1079
3873,19/11/2024 , 23:00:00,1079,1079
3874,19/11/2024 , 23:59:59,1079,1079
3875,20/11/2024 , 01:00:00,1079,1079
3876,20/11/2024 , 02:00:00,1079,1079
3877,20/11/2024 , 03:00:00,1079,1079
3878,20/11/2024 , 04:00:00,1079,1079
3879,20/11/2024 , 05:00:00,1079,1079
3880,20/11/2024 , 06:00:00,1079,1079
3881,20/11/2024 , 07:00:00,1079,1079
3882,20/11/2024 , 08:00:00,1079,1079
3883,20/11/2024 , 09:00:00,1079,1079
3884,20/11/2024 , 10:00:00,1079,1079
3885,20/11/2024 , 11:00:00,1079,1079
3886,20/11/2024 , 12:00:00,1079,1079
3887,20/11/2024 , 13:00:00,1079,1079
3888,20/11/2024 , 14:00:00,1079,1079
3889,20/11/2024 , 15:00:00,1079,1079
3890,20/11/2024 , 16:00:00,1079,1079
3891,20/11/2024 , 17:00:00,1079,1079
3892,20/11/2024 , 18:00:00,1079,1079
3893,20/11/2024 , 19:00:00,1079,1079
3894,20/11/2024 , 20:00:00,1079,1079
3895,20/11/2024 , 21:00:00,1079,1079
3896,20/11/2024 , 22:00:00,1079,1079
3897,20/11/2024 , 23:00:00,1079,1079
3898,20/11/2024 , 23:59:59,1079,1079
3899,21/11/2024 , 01:00:00,1079,1079
3900,21/11/2024 , 02:00:00,1079,1079
3901,21/11/2024 , 03:00:00,1079,1079
3902,21/11/2024 , 04:00:00,1079,1079
3903,21/11/2024 , 05:00:00,1079,1079
3904,21/11/2024 , 06:00:00,1079,1079
3905,21/11/2024 , 07:00:00,1079,1079
3906,21/11/2024 , 08:00:00,1079,1079
3907,21/11/2024 , 09:00:00,1079,1079
3908,21/11/2024 , 10:00:00,1079,1079
3909,21/11/2024 , 11:00:00,1079,1079
3910,21/11/2024 , 12:00:00,1079,1079
3911,21/11/2024 , 13:00:00,1079,1079
3912,21/11/2024 , 14:00:00,1079,1079
3913,21/11/2024 , 15:00:00,1079,1079
3914,21/11/2024 , 16:00:00,1079,1079
3915,21/11/2024 , 17:00:00,1079,1079
3916,21/11/2024 , 18:00:00,1079,1079
3917,21/11/2024 , 19:00:00,1079,1079
3918,21/11/2024 , 20:00:00,1079,1079
3919,21/11/2024 , 21:00:00,1079,1079
3920,21/11/2024 , 22:00:00,1079,1079
3921,21/11/2024 , 23:00:00,1079,1079
3922,21/11/2024 , 23:59:59,1079,1079
3923,22/11/2024 , 01:00:00,1079,1079
3924,22/11/2024 , 02:00:00,1079,1079
3925,22/11/2024 , 03:00:00,1079,1079
3926,22/11/2024 , 04:00:00,1079,1079
3927,22/11/2024 , 05:00:00,1079,1079
3928,22/11/2024 , 06:00:00,1079,1079
3929,22/11/2024 , 07:00:00,1079,1079
3930,22/11/2024 , 08:00:00,1079,1079
3931,22/11/2024 , 09:00:00,1079,1079
3932,22/11/2024 , 10:00:00,1079,1079
3933,22/11/2024 , 11:00:00,1079,1079
3934,22/11/2024 , 12:00:00,1079,1079
3935,22/11/2024 , 13:00:00,1079,1079
3936,22/11/2024 , 14:00:00,1079,1079
3937,22/11/2024 , 15:00:00,1079,1079
3938,22/11/2024 , 16:00:00,1079,1079
3939,22/11/2024 , 17:00:00,1079,1079
3940,22/11/2024 , 18:00:00,1079,1079
3941,22/11/2024 , 19:00:00,1079,1079
3942,22/11/2024 , 20:00:00,1079,1079
3943,22/11/2024 , 21:00:00,1079,1079
3944,22/11/2024 , 22:00:00,1079,1079
3945,22/11/2024 , 23:00:00,1079,1079
3946,22/11/2024 , 23:59:59,1079,1079
3947,23/11/2024 , 01:00:00,1079,1079
3948,23/11/2024 , 02:00:00,1079,1079
3949,23/11/2024 , 03:00:00,1079,1079
3950,23/11/2024 , 04:00:00,1079,1079
3951,23/11/2024 , 05:00:00,1079,1079
3952,23/11/2024 , 06:00:00,1079,1079
3953,23/11/2024 , 07:00:00,1079,1079
3954,23/11/2024 , 08:00:00,1079,1079
3955,23/11/2024 , 09:00:00,1079,1079
3956,23/11/2024 , 10:00:00,1079,1079
3957,23/11/2024 , 11:00:00,1079,1079
3958,23/11/2024 , 12:00:00,1079,1079
3959,23/11/2024 , 13:00:00,1079,1079
3960,23/11/2024 , 14:00:00,1079,1079
3961,23/11/2024 , 15:00:00,1079,1079
3962,23/11/2024 , 16:00:00,1079,1079
3963,23/11/2024 , 17:00:00,1079,1079
3964,23/11/2024 , 18:00:00,1079,1079
3965,23/11/2024 , 19:00:00,1079,1079
3966,23/11/2024 , 20:00:00,1079,1079
3967,23/11/2024 , 21:00:00,1079,1079
3968,23/11/2024 , 22:00:00,1079,1079
3969,23/11/2024 , 23:00:00,1079,1079
3970,23/11/2024 , 23:59:59,1079,1079
3971,24/11/2024 , 01:00:00,1079,1079
3972,24/11/2024 , 02:00:00,1079,1079
3973,24/11/2024 , 03:00:00,1079,1079
3974,24/11/2024 , 04:00:00,1079,1079
3975,24/11/2024 , 05:00:00,1079,1079
3976,24/11/2024 , 06:00:00,1079,1079
3977,24/11/2024 , 07:00:00,1079,1079
3978,24/11/2024 , 08:00:00,1079,1079
3979,24/11/2024 , 09:00:00,1079,1079
3980,24/11/2024 , 10:00:00,1079,1079
3981,24/11/2024 , 11:00:00,1079,1079
3982,24/11/2024 , 12:00:00,1079,1079
3983,24/11/2024 , 13:00:00,1079,1079
3984,24/11/2024 , 14:00:00,1079,1079
3985,24/11/2024 , 15:00:00,1079,1079
3986,24/11/2024 , 16:00:00,1079,1079
3987,24/11/2024 , 17:00:00,1079,1079
3988,24/11/2024 , 18:00:00,1079,1079
3989,24/11/2024 , 19:00:00,1079,1079
3990,24/11/2024 , 20:00:00,1079,1079
3991,24/11/2024 , 21:00:00,1079,1079
3992,24/11/2024 , 22:00:00,1078,1078
3993,24/11/2024 , 23:00:00,1078,1078
3994,24/11/2024 , 23:59:59,1078,1078
3995,25/11/2024 , 01:00:00,1078,1078
3996,25/11/2024 , 02:00:00,1078,1078
3997,25/11/2024 , 03:00:00,1078,1078
3998,25/11/2024 , 04:00:00,1078,1078
3999,25/11/2024 , 05:00:00,1078,1078
4000,25/11/2024 , 06:00:00,1078,1078
4001,25/11/2024 , 07:00:00,1078,1078
4002,25/11/2024 , 08:00:00,1078,1078
4003,25/11/2024 , 09:00:00,1078,1078
4004,25/11/2024 , 10:00:00,1078,1078
4005,25/11/2024 , 11:00:00,1078,1078
4006,25/11/2024 , 12:00:00,1078,1078
4007,25/11/2024 , 13:00:00,1095,1095
4008,25/11/2024 , 14:00:00,1076,1076