Site Name ,ST-HENRI
Site Number ,100
Logger ,Capacitive Water Level
Logger Serial Number ,41372


Scan No ,Date and Time,       Capacitive Water Level,        ,
        ,        ,RAW VALUE ,CALIBRATED VALUE,

1,11/06/2024 , 15:00:00,1058,1058
2,11/06/2024 , 16:00:00,1041,1041
3,11/06/2024 , 17:00:00,1145,1145
4,11/06/2024 , 18:00:00,1203,1203
5,11/06/2024 , 19:00:00,1290,1290
6,11/06/2024 , 20:00:00,1365,1365
7,11/06/2024 , 21:00:00,1420,1420
8,11/06/2024 , 22:00:00,1475,1475
9,11/06/2024 , 23:00:00,1526,1526
10,11/06/2024 , 23:59:59,1569,1569
11,12/06/2024 , 01:00:00,1613,1613
12,12/06/2024 , 02:00:00,1655,1655
13,12/06/2024 , 03:00:00,1696,1696
14,12/06/2024 , 04:00:00,1734,1734
15,12/06/2024 , 05:00:00,1770,1770
16,12/06/2024 , 06:00:00,1805,1805
17,12/06/2024 , 07:00:00,1835,1835
18,12/06/2024 , 08:00:00,1861,1861
19,12/06/2024 , 09:00:00,1883,1883
20,12/06/2024 , 10:00:00,1901,1901
21,12/06/2024 , 11:00:00,1915,1915
22,12/06/2024 , 12:00:00,1927,1927
23,12/06/2024 , 13:00:00,1935,1935
24,12/06/2024 , 14:00:00,1943,1943
25,12/06/2024 , 15:00:00,1949,1949
26,12/06/2024 , 16:00:00,1954,1954
27,12/06/2024 , 17:00:00,1957,1957
28,12/06/2024 , 18:00:00,1961,1961
29,12/06/2024 , 19:00:00,1963,1963
30,12/06/2024 , 20:00:00,1964,1964
31,12/06/2024 , 21:00:00,1965,1965
32,12/06/2024 , 22:00:00,1966,1966
33,12/06/2024 , 23:00:00,1967,1967
34,12/06/2024 , 23:59:59,1967,1967
35,13/06/2024 , 01:00:00,1967,1967
36,13/06/2024 , 02:00:00,1967,1967
37,13/06/2024 , 03:00:00,1968,1968
38,13/06/2024 , 04:00:00,1968,1968
39,13/06/2024 , 05:00:00,1968,1968
40,13/06/2024 , 06:00:00,1968,1968
41,13/06/2024 , 07:00:00,1968,1968
42,13/06/2024 , 08:00:00,1969,1969
43,13/06/2024 , 09:00:00,1969,1969
44,13/06/2024 , 10:00:00,1968,1968
45,13/06/2024 , 11:00:00,1968,1968
46,13/06/2024 , 12:00:00,1967,1967
47,13/06/2024 , 13:00:00,1967,1967
48,13/06/2024 , 14:00:00,1966,1966
49,13/06/2024 , 15:00:00,1965,1965
50,13/06/2024 , 16:00:00,1964,1964
51,13/06/2024 , 17:00:00,1963,1963
52,13/06/2024 , 18:00:00,1962,1962
53,13/06/2024 , 19:00:00,1961,1961
54,13/06/2024 , 20:00:00,1960,1960
55,13/06/2024 , 21:00:00,1959,1959
56,13/06/2024 , 22:00:00,1958,1958
57,13/06/2024 , 23:00:00,1958,1958
58,13/06/2024 , 23:59:59,1957,1957
59,14/06/2024 , 01:00:00,1957,1957
60,14/06/2024 , 02:00:00,1960,1960
61,14/06/2024 , 03:00:00,1959,1959
62,14/06/2024 , 04:00:00,1962,1962
63,14/06/2024 , 05:00:00,1960,1960
64,14/06/2024 , 06:00:00,1957,1957
65,14/06/2024 , 07:00:00,1956,1956
66,14/06/2024 , 08:00:00,1955,1955
67,14/06/2024 , 09:00:00,1954,1954
68,14/06/2024 , 10:00:00,1954,1954
69,14/06/2024 , 11:00:00,1954,1954
70,14/06/2024 , 12:00:00,1952,1952
71,14/06/2024 , 13:00:00,1952,1952
72,14/06/2024 , 14:00:00,1951,1951
73,14/06/2024 , 15:00:00,1949,1949
74,14/06/2024 , 16:00:00,1948,1948
75,14/06/2024 , 17:00:00,1947,1947
76,14/06/2024 , 18:00:00,1945,1945
77,14/06/2024 , 19:00:00,1943,1943
78,14/06/2024 , 20:00:00,1941,1941
79,14/06/2024 , 21:00:00,1940,1940
80,14/06/2024 , 22:00:00,1938,1938
81,14/06/2024 , 23:00:00,1937,1937
82,14/06/2024 , 23:59:59,1936,1936
83,15/06/2024 , 01:00:00,1935,1935
84,15/06/2024 , 02:00:00,1933,1933
85,15/06/2024 , 03:00:00,1932,1932
86,15/06/2024 , 04:00:00,1931,1931
87,15/06/2024 , 05:00:00,1930,1930
88,15/06/2024 , 06:00:00,1929,1929
89,15/06/2024 , 07:00:00,1928,1928
90,15/06/2024 , 08:00:00,1928,1928
91,15/06/2024 , 09:00:00,1927,1927
92,15/06/2024 , 10:00:00,1925,1925
93,15/06/2024 , 11:00:00,1925,1925
94,15/06/2024 , 12:00:00,1924,1924
95,15/06/2024 , 13:00:00,1922,1922
96,15/06/2024 , 14:00:00,1920,1920
97,15/06/2024 , 15:00:00,1918,1918
98,15/06/2024 , 16:00:00,1917,1917
99,15/06/2024 , 17:00:00,1915,1915
100,15/06/2024 , 18:00:00,1913,1913
101,15/06/2024 , 19:00:00,1911,1911
102,15/06/2024 , 20:00:00,1910,1910
103,15/06/2024 , 21:00:00,1908,1908
104,15/06/2024 , 22:00:00,1906,1906
105,15/06/2024 , 23:00:00,1905,1905
106,15/06/2024 , 23:59:59,1903,1903
107,16/06/2024 , 01:00:00,1902,1902
108,16/06/2024 , 02:00:00,1902,1902
109,16/06/2024 , 03:00:00,1900,1900
110,16/06/2024 , 04:00:00,1899,1899
111,16/06/2024 , 05:00:00,1898,1898
112,16/06/2024 , 06:00:00,1897,1897
113,16/06/2024 , 07:00:00,1897,1897
114,16/06/2024 , 08:00:00,1896,1896
115,16/06/2024 , 09:00:00,1896,1896
116,16/06/2024 , 10:00:00,1895,1895
117,16/06/2024 , 11:00:00,1894,1894
118,16/06/2024 , 12:00:00,1893,1893
119,16/06/2024 , 13:00:00,1891,1891
120,16/06/2024 , 14:00:00,1890,1890
121,16/06/2024 , 15:00:00,1887,1887
122,16/06/2024 , 16:00:00,1886,1886
123,16/06/2024 , 17:00:00,1884,1884
124,16/06/2024 , 18:00:00,1883,1883
125,16/06/2024 , 19:00:00,1882,1882
126,16/06/2024 , 20:00:00,1880,1880
127,16/06/2024 , 21:00:00,1879,1879
128,16/06/2024 , 22:00:00,1878,1878
129,16/06/2024 , 23:00:00,1877,1877
130,16/06/2024 , 23:59:59,1876,1876
131,17/06/2024 , 01:00:00,1875,1875
132,17/06/2024 , 02:00:00,1875,1875
133,17/06/2024 , 03:00:00,1874,1874
134,17/06/2024 , 04:00:00,1874,1874
135,17/06/2024 , 05:00:00,1872,1872
136,17/06/2024 , 06:00:00,1871,1871
137,17/06/2024 , 07:00:00,1871,1871
138,17/06/2024 , 08:00:00,1870,1870
139,17/06/2024 , 09:00:00,1870,1870
140,17/06/2024 , 10:00:00,1869,1869
141,17/06/2024 , 11:00:00,1868,1868
142,17/06/2024 , 12:00:00,1867,1867
143,17/06/2024 , 13:00:00,1867,1867
144,17/06/2024 , 14:00:00,1866,1866
145,17/06/2024 , 15:00:00,1865,1865
146,17/06/2024 , 16:00:00,1864,1864
147,17/06/2024 , 17:00:00,1863,1863
148,17/06/2024 , 18:00:00,1862,1862
149,17/06/2024 , 19:00:00,1860,1860
150,17/06/2024 , 20:00:00,1859,1859
151,17/06/2024 , 21:00:00,1858,1858
152,17/06/2024 , 22:00:00,1857,1857
153,17/06/2024 , 23:00:00,1856,1856
154,17/06/2024 , 23:59:59,1855,1855
155,18/06/2024 , 01:00:00,1854,1854
156,18/06/2024 , 02:00:00,1853,1853
157,18/06/2024 , 03:00:00,1852,1852
158,18/06/2024 , 04:00:00,1851,1851
159,18/06/2024 , 05:00:00,1850,1850
160,18/06/2024 , 06:00:00,1850,1850
161,18/06/2024 , 07:00:00,1849,1849
162,18/06/2024 , 08:00:00,1848,1848
163,18/06/2024 , 09:00:00,1848,1848
164,18/06/2024 , 10:00:00,1847,1847
165,18/06/2024 , 11:00:00,1846,1846
166,18/06/2024 , 12:00:00,1846,1846
167,18/06/2024 , 13:00:00,1845,1845
168,18/06/2024 , 14:00:00,1843,1843
169,18/06/2024 , 15:00:00,1841,1841
170,18/06/2024 , 16:00:00,1840,1840
171,18/06/2024 , 17:00:00,1838,1838
172,18/06/2024 , 18:00:00,1836,1836
173,18/06/2024 , 19:00:00,1835,1835
174,18/06/2024 , 20:00:00,1833,1833
175,18/06/2024 , 21:00:00,1832,1832
176,18/06/2024 , 22:00:00,1830,1830
177,18/06/2024 , 23:00:00,1828,1828
178,18/06/2024 , 23:59:59,1827,1827
179,19/06/2024 , 01:00:00,1826,1826
180,19/06/2024 , 02:00:00,1825,1825
181,19/06/2024 , 03:00:00,1824,1824
182,19/06/2024 , 04:00:00,1823,1823
183,19/06/2024 , 05:00:00,1822,1822
184,19/06/2024 , 06:00:00,1822,1822
185,19/06/2024 , 07:00:00,1821,1821
186,19/06/2024 , 08:00:00,1820,1820
187,19/06/2024 , 09:00:00,1819,1819
188,19/06/2024 , 10:00:00,1817,1817
189,19/06/2024 , 11:00:00,1816,1816
190,19/06/2024 , 12:00:00,1815,1815
191,19/06/2024 , 13:00:00,1814,1814
192,19/06/2024 , 14:00:00,1812,1812
193,19/06/2024 , 15:00:00,1810,1810
194,19/06/2024 , 16:00:00,1808,1808
195,19/06/2024 , 17:00:00,1807,1807
196,19/06/2024 , 18:00:00,1805,1805
197,19/06/2024 , 19:00:00,1803,1803
198,19/06/2024 , 20:00:00,1802,1802
199,19/06/2024 , 21:00:00,1800,1800
200,19/06/2024 , 22:00:00,1798,1798
201,19/06/2024 , 23:00:00,1797,1797
202,19/06/2024 , 23:59:59,1795,1795
203,20/06/2024 , 01:00:00,1794,1794
204,20/06/2024 , 02:00:00,1792,1792
205,20/06/2024 , 03:00:00,1791,1791
206,20/06/2024 , 04:00:00,1790,1790
207,20/06/2024 , 05:00:00,1789,1789
208,20/06/2024 , 06:00:00,1788,1788
209,20/06/2024 , 07:00:00,1787,1787
210,20/06/2024 , 08:00:00,1787,1787
211,20/06/2024 , 09:00:00,1787,1787
212,20/06/2024 , 10:00:00,1786,1786
213,20/06/2024 , 11:00:00,1785,1785
214,20/06/2024 , 12:00:00,1785,1785
215,20/06/2024 , 13:00:00,1785,1785
216,20/06/2024 , 14:00:00,1784,1784
217,20/06/2024 , 15:00:00,1783,1783
218,20/06/2024 , 16:00:00,1782,1782
219,20/06/2024 , 17:00:00,1782,1782
220,20/06/2024 , 18:00:00,1781,1781
221,20/06/2024 , 19:00:00,1780,1780
222,20/06/2024 , 20:00:00,1779,1779
223,20/06/2024 , 21:00:00,1779,1779
224,20/06/2024 , 22:00:00,1778,1778
225,20/06/2024 , 23:00:00,1777,1777
226,20/06/2024 , 23:59:59,1776,1776
227,21/06/2024 , 01:00:00,1775,1775
228,21/06/2024 , 02:00:00,1774,1774
229,21/06/2024 , 03:00:00,1773,1773
230,21/06/2024 , 04:00:00,1772,1772
231,21/06/2024 , 05:00:00,1771,1771
232,21/06/2024 , 06:00:00,1771,1771
233,21/06/2024 , 07:00:00,1770,1770
234,21/06/2024 , 08:00:00,1770,1770
235,21/06/2024 , 09:00:00,1769,1769
236,21/06/2024 , 10:00:00,1769,1769
237,21/06/2024 , 11:00:00,1768,1768
238,21/06/2024 , 12:00:00,1767,1767
239,21/06/2024 , 13:00:00,1767,1767
240,21/06/2024 , 14:00:00,1766,1766
241,21/06/2024 , 15:00:00,1765,1765
242,21/06/2024 , 16:00:00,1765,1765
243,21/06/2024 , 17:00:00,1764,1764
244,21/06/2024 , 18:00:00,1763,1763
245,21/06/2024 , 19:00:00,1762,1762
246,21/06/2024 , 20:00:00,1761,1761
247,21/06/2024 , 21:00:00,1760,1760
248,21/06/2024 , 22:00:00,1759,1759
249,21/06/2024 , 23:00:00,1758,1758
250,21/06/2024 , 23:59:59,1758,1758
251,22/06/2024 , 01:00:00,1757,1757
252,22/06/2024 , 02:00:00,1756,1756
253,22/06/2024 , 03:00:00,1755,1755
254,22/06/2024 , 04:00:00,1755,1755
255,22/06/2024 , 05:00:00,1754,1754
256,22/06/2024 , 06:00:00,1754,1754
257,22/06/2024 , 07:00:00,1754,1754
258,22/06/2024 , 08:00:00,1753,1753
259,22/06/2024 , 09:00:00,1752,1752
260,22/06/2024 , 10:00:00,1752,1752
261,22/06/2024 , 11:00:00,1752,1752
262,22/06/2024 , 12:00:00,1752,1752
263,22/06/2024 , 13:00:00,1751,1751
264,22/06/2024 , 14:00:00,1750,1750
265,22/06/2024 , 15:00:00,1749,1749
266,22/06/2024 , 16:00:00,1748,1748
267,22/06/2024 , 17:00:00,1748,1748
268,22/06/2024 , 18:00:00,1747,1747
269,22/06/2024 , 19:00:00,1746,1746
270,22/06/2024 , 20:00:00,1745,1745
271,22/06/2024 , 21:00:00,1744,1744
272,22/06/2024 , 22:00:00,1744,1744
273,22/06/2024 , 23:00:00,1743,1743
274,22/06/2024 , 23:59:59,1742,1742
275,23/06/2024 , 01:00:00,1741,1741
276,23/06/2024 , 02:00:00,1741,1741
277,23/06/2024 , 03:00:00,1740,1740
278,23/06/2024 , 04:00:00,1740,1740
279,23/06/2024 , 05:00:00,1738,1738
280,23/06/2024 , 06:00:00,1738,1738
281,23/06/2024 , 07:00:00,1738,1738
282,23/06/2024 , 08:00:00,1738,1738
283,23/06/2024 , 09:00:00,1740,1740
284,23/06/2024 , 10:00:00,1744,1744
285,23/06/2024 , 11:00:00,1750,1750
286,23/06/2024 , 12:00:00,1771,1771
287,23/06/2024 , 13:00:00,1821,1821
288,23/06/2024 , 14:00:00,1887,1887
289,23/06/2024 , 15:00:00,1943,1943
290,23/06/2024 , 16:00:00,2106,2106
291,23/06/2024 , 17:00:00,2069,2069
292,23/06/2024 , 18:00:00,2048,2048
293,23/06/2024 , 19:00:00,2036,2036
294,23/06/2024 , 20:00:00,2030,2030
295,23/06/2024 , 21:00:00,2086,2086
296,23/06/2024 , 22:00:00,2091,2091
297,23/06/2024 , 23:00:00,2062,2062
298,23/06/2024 , 23:59:59,2045,2045
299,24/06/2024 , 01:00:00,2036,2036
300,24/06/2024 , 02:00:00,2030,2030
301,24/06/2024 , 03:00:00,2026,2026
302,24/06/2024 , 04:00:00,2022,2022
303,24/06/2024 , 05:00:00,2018,2018
304,24/06/2024 , 06:00:00,2013,2013
305,24/06/2024 , 07:00:00,2009,2009
306,24/06/2024 , 08:00:00,2007,2007
307,24/06/2024 , 09:00:00,2005,2005
308,24/06/2024 , 10:00:00,2001,2001
309,24/06/2024 , 11:00:00,1999,1999
310,24/06/2024 , 12:00:00,1996,1996
311,24/06/2024 , 13:00:00,1993,1993
312,24/06/2024 , 14:00:00,1990,1990
313,24/06/2024 , 15:00:00,1989,1989
314,24/06/2024 , 16:00:00,1988,1988
315,24/06/2024 , 17:00:00,1987,1987
316,24/06/2024 , 18:00:00,1986,1986
317,24/06/2024 , 19:00:00,1985,1985
318,24/06/2024 , 20:00:00,1984,1984
319,24/06/2024 , 21:00:00,1984,1984
320,24/06/2024 , 22:00:00,1983,1983
321,24/06/2024 , 23:00:00,1983,1983
322,24/06/2024 , 23:59:59,1983,1983
323,25/06/2024 , 01:00:00,1983,1983
324,25/06/2024 , 02:00:00,1982,1982
325,25/06/2024 , 03:00:00,1982,1982
326,25/06/2024 , 04:00:00,1982,1982
327,25/06/2024 , 05:00:00,1982,1982
328,25/06/2024 , 06:00:00,1981,1981
329,25/06/2024 , 07:00:00,1982,1982
330,25/06/2024 , 08:00:00,1983,1983
331,25/06/2024 , 09:00:00,1982,1982
332,25/06/2024 , 10:00:00,1982,1982
333,25/06/2024 , 11:00:00,1981,1981
334,25/06/2024 , 12:00:00,1981,1981
335,25/06/2024 , 13:00:00,1981,1981
336,25/06/2024 , 14:00:00,1979,1979
337,25/06/2024 , 15:00:00,1978,1978
338,25/06/2024 , 16:00:00,1977,1977
339,25/06/2024 , 17:00:00,1976,1976
340,25/06/2024 , 18:00:00,1976,1976
341,25/06/2024 , 19:00:00,1975,1975
342,25/06/2024 , 20:00:00,1974,1974
343,25/06/2024 , 21:00:00,1974,1974
344,25/06/2024 , 22:00:00,1973,1973
345,25/06/2024 , 23:00:00,1972,1972
346,25/06/2024 , 23:59:59,1972,1972
347,26/06/2024 , 01:00:00,1972,1972
348,26/06/2024 , 02:00:00,1972,1972
349,26/06/2024 , 03:00:00,1972,1972
350,26/06/2024 , 04:00:00,1972,1972
351,26/06/2024 , 05:00:00,1971,1971
352,26/06/2024 , 06:00:00,1971,1971
353,26/06/2024 , 07:00:00,1970,1970
354,26/06/2024 , 08:00:00,1970,1970
355,26/06/2024 , 09:00:00,1969,1969
356,26/06/2024 , 10:00:00,1969,1969
357,26/06/2024 , 11:00:00,1968,1968
358,26/06/2024 , 12:00:00,1968,1968
359,26/06/2024 , 13:00:00,1967,1967
360,26/06/2024 , 14:00:00,1965,1965
361,26/06/2024 , 15:00:00,1964,1964
362,26/06/2024 , 16:00:00,1964,1964
363,26/06/2024 , 17:00:00,1963,1963
364,26/06/2024 , 18:00:00,1962,1962
365,26/06/2024 , 19:00:00,1960,1960
366,26/06/2024 , 20:00:00,1958,1958
367,26/06/2024 , 21:00:00,1957,1957
368,26/06/2024 , 22:00:00,1957,1957
369,26/06/2024 , 23:00:00,1956,1956
370,26/06/2024 , 23:59:59,1955,1955
371,27/06/2024 , 01:00:00,1954,1954
372,27/06/2024 , 02:00:00,1954,1954
373,27/06/2024 , 03:00:00,1952,1952
374,27/06/2024 , 04:00:00,1952,1952
375,27/06/2024 , 05:00:00,1952,1952
376,27/06/2024 , 06:00:00,1952,1952
377,27/06/2024 , 07:00:00,1953,1953
378,27/06/2024 , 08:00:00,1952,1952
379,27/06/2024 , 09:00:00,1953,1953
380,27/06/2024 , 10:00:00,1953,1953
381,27/06/2024 , 11:00:00,1953,1953
382,27/06/2024 , 12:00:00,1953,1953
383,27/06/2024 , 13:00:00,1953,1953
384,27/06/2024 , 14:00:00,1953,1953
385,27/06/2024 , 15:00:00,1952,1952
386,27/06/2024 , 16:00:00,1952,1952
387,27/06/2024 , 17:00:00,1952,1952
388,27/06/2024 , 18:00:00,1952,1952
389,27/06/2024 , 19:00:00,1952,1952
390,27/06/2024 , 20:00:00,1953,1953
391,27/06/2024 , 21:00:00,1954,1954
392,27/06/2024 , 22:00:00,1958,1958
393,27/06/2024 , 23:00:00,1964,1964
394,27/06/2024 , 23:59:59,1969,1969
395,28/06/2024 , 01:00:00,1973,1973
396,28/06/2024 , 02:00:00,1977,1977
397,28/06/2024 , 03:00:00,1980,1980
398,28/06/2024 , 04:00:00,1983,1983
399,28/06/2024 , 05:00:00,1984,1984
400,28/06/2024 , 06:00:00,1985,1985
401,28/06/2024 , 07:00:00,1985,1985
402,28/06/2024 , 08:00:00,1985,1985
403,28/06/2024 , 09:00:00,1986,1986
404,28/06/2024 , 10:00:00,1986,1986
405,28/06/2024 , 11:00:00,1985,1985
406,28/06/2024 , 12:00:00,1985,1985
407,28/06/2024 , 13:00:00,1985,1985
408,28/06/2024 , 14:00:00,1982,1982
409,28/06/2024 , 15:00:00,1981,1981
410,28/06/2024 , 16:00:00,1979,1979
411,28/06/2024 , 17:00:00,1977,1977
412,28/06/2024 , 18:00:00,1975,1975
413,28/06/2024 , 19:00:00,1974,1974
414,28/06/2024 , 20:00:00,1973,1973
415,28/06/2024 , 21:00:00,1972,1972
416,28/06/2024 , 22:00:00,1970,1970
417,28/06/2024 , 23:00:00,1969,1969
418,28/06/2024 , 23:59:59,1968,1968
419,29/06/2024 , 01:00:00,1967,1967
420,29/06/2024 , 02:00:00,1966,1966
421,29/06/2024 , 03:00:00,1965,1965
422,29/06/2024 , 04:00:00,1964,1964
423,29/06/2024 , 05:00:00,1963,1963
424,29/06/2024 , 06:00:00,1962,1962
425,29/06/2024 , 07:00:00,1961,1961
426,29/06/2024 , 08:00:00,1959,1959
427,29/06/2024 , 09:00:00,1958,1958
428,29/06/2024 , 10:00:00,1957,1957
429,29/06/2024 , 11:00:00,1955,1955
430,29/06/2024 , 12:00:00,1953,1953
431,29/06/2024 , 13:00:00,1951,1951
432,29/06/2024 , 14:00:00,1949,1949
433,29/06/2024 , 15:00:00,1947,1947
434,29/06/2024 , 16:00:00,1946,1946
435,29/06/2024 , 17:00:00,1945,1945
436,29/06/2024 , 18:00:00,1944,1944
437,29/06/2024 , 19:00:00,1943,1943
438,29/06/2024 , 20:00:00,1943,1943
439,29/06/2024 , 21:00:00,1943,1943
440,29/06/2024 , 22:00:00,1943,1943
441,29/06/2024 , 23:00:00,1943,1943
442,29/06/2024 , 23:59:59,1945,1945
443,30/06/2024 , 01:00:00,1946,1946
444,30/06/2024 , 02:00:00,1949,1949
445,30/06/2024 , 03:00:00,1953,1953
446,30/06/2024 , 04:00:00,1956,1956
447,30/06/2024 , 05:00:00,1958,1958
448,30/06/2024 , 06:00:00,1965,1965
449,30/06/2024 , 07:00:00,1979,1979
450,30/06/2024 , 08:00:00,1999,1999
451,30/06/2024 , 09:00:00,2025,2025
452,30/06/2024 , 10:00:00,2131,2131
453,30/06/2024 , 11:00:00,2087,2087
454,30/06/2024 , 12:00:00,2063,2063
455,30/06/2024 , 13:00:00,2049,2049
456,30/06/2024 , 14:00:00,2042,2042
457,30/06/2024 , 15:00:00,2038,2038
458,30/06/2024 , 16:00:00,2035,2035
459,30/06/2024 , 17:00:00,2031,2031
460,30/06/2024 , 18:00:00,2026,2026
461,30/06/2024 , 19:00:00,2022,2022
462,30/06/2024 , 20:00:00,2020,2020
463,30/06/2024 , 21:00:00,2016,2016
464,30/06/2024 , 22:00:00,2015,2015
465,30/06/2024 , 23:00:00,2013,2013
466,30/06/2024 , 23:59:59,2011,2011
467,01/07/2024 , 01:00:00,2009,2009
468,01/07/2024 , 02:00:00,2006,2006
469,01/07/2024 , 03:00:00,2003,2003
470,01/07/2024 , 04:00:00,2000,2000
471,01/07/2024 , 05:00:00,1999,1999
472,01/07/2024 , 06:00:00,1998,1998
473,01/07/2024 , 07:00:00,1997,1997
474,01/07/2024 , 08:00:00,1997,1997
475,01/07/2024 , 09:00:00,1997,1997
476,01/07/2024 , 10:00:00,1997,1997
477,01/07/2024 , 11:00:00,1996,1996
478,01/07/2024 , 12:00:00,1995,1995
479,01/07/2024 , 13:00:00,1993,1993
480,01/07/2024 , 14:00:00,1992,1992
481,01/07/2024 , 15:00:00,1990,1990
482,01/07/2024 , 16:00:00,1990,1990
483,01/07/2024 , 17:00:00,1990,1990
484,01/07/2024 , 18:00:00,1989,1989
485,01/07/2024 , 19:00:00,1988,1988
486,01/07/2024 , 20:00:00,1988,1988
487,01/07/2024 , 21:00:00,1987,1987
488,01/07/2024 , 22:00:00,1987,1987
489,01/07/2024 , 23:00:00,1987,1987
490,01/07/2024 , 23:59:59,1986,1986
491,02/07/2024 , 01:00:00,1985,1985
492,02/07/2024 , 02:00:00,1985,1985
493,02/07/2024 , 03:00:00,1985,1985
494,02/07/2024 , 04:00:00,1984,1984
495,02/07/2024 , 05:00:00,1984,1984
496,02/07/2024 , 06:00:00,1984,1984
497,02/07/2024 , 07:00:00,1984,1984
498,02/07/2024 , 08:00:00,1984,1984
499,02/07/2024 , 09:00:00,1984,1984
500,02/07/2024 , 10:00:00,1983,1983
501,02/07/2024 , 11:00:00,1982,1982
502,02/07/2024 , 12:00:00,1981,1981
503,02/07/2024 , 13:00:00,1980,1980
504,02/07/2024 , 14:00:00,1977,1977
505,02/07/2024 , 15:00:00,1976,1976
506,02/07/2024 , 16:00:00,1975,1975
507,02/07/2024 , 17:00:00,1973,1973
508,02/07/2024 , 18:00:00,1972,1972
509,02/07/2024 , 19:00:00,1970,1970
510,02/07/2024 , 20:00:00,1969,1969
511,02/07/2024 , 21:00:00,1968,1968
512,02/07/2024 , 22:00:00,1967,1967
513,02/07/2024 , 23:00:00,1966,1966
514,02/07/2024 , 23:59:59,1965,1965
515,03/07/2024 , 01:00:00,1964,1964
516,03/07/2024 , 02:00:00,1964,1964
517,03/07/2024 , 03:00:00,1963,1963
518,03/07/2024 , 04:00:00,1962,1962
519,03/07/2024 , 05:00:00,1961,1961
520,03/07/2024 , 06:00:00,1961,1961
521,03/07/2024 , 07:00:00,1961,1961
522,03/07/2024 , 08:00:00,1960,1960
523,03/07/2024 , 09:00:00,1959,1959
524,03/07/2024 , 10:00:00,1958,1958
525,03/07/2024 , 11:00:00,1957,1957
526,03/07/2024 , 12:00:00,1955,1955
527,03/07/2024 , 13:00:00,1952,1952
528,03/07/2024 , 14:00:00,1950,1950
529,03/07/2024 , 15:00:00,1948,1948
530,03/07/2024 , 16:00:00,1946,1946
531,03/07/2024 , 17:00:00,1945,1945
532,03/07/2024 , 18:00:00,1944,1944
533,03/07/2024 , 19:00:00,1942,1942
534,03/07/2024 , 20:00:00,1941,1941
535,03/07/2024 , 21:00:00,1940,1940
536,03/07/2024 , 22:00:00,1938,1938
537,03/07/2024 , 23:00:00,1938,1938
538,03/07/2024 , 23:59:59,1937,1937
539,04/07/2024 , 01:00:00,1937,1937
540,04/07/2024 , 02:00:00,1936,1936
541,04/07/2024 , 03:00:00,1935,1935
542,04/07/2024 , 04:00:00,1935,1935
543,04/07/2024 , 05:00:00,1934,1934
544,04/07/2024 , 06:00:00,1934,1934
545,04/07/2024 , 07:00:00,1933,1933
546,04/07/2024 , 08:00:00,1933,1933
547,04/07/2024 , 09:00:00,1932,1932
548,04/07/2024 , 10:00:00,1932,1932
549,04/07/2024 , 11:00:00,1932,1932
550,04/07/2024 , 12:00:00,1931,1931
551,04/07/2024 , 13:00:00,1931,1931
552,04/07/2024 , 14:00:00,1929,1929
553,04/07/2024 , 15:00:00,1928,1928
554,04/07/2024 , 16:00:00,1926,1926
555,04/07/2024 , 17:00:00,1924,1924
556,04/07/2024 , 18:00:00,1923,1923
557,04/07/2024 , 19:00:00,1920,1920
558,04/07/2024 , 20:00:00,1919,1919
559,04/07/2024 , 21:00:00,1918,1918
560,04/07/2024 , 22:00:00,1917,1917
561,04/07/2024 , 23:00:00,1915,1915
562,04/07/2024 , 23:59:59,1914,1914
563,05/07/2024 , 01:00:00,1914,1914
564,05/07/2024 , 02:00:00,1913,1913
565,05/07/2024 , 03:00:00,1912,1912
566,05/07/2024 , 04:00:00,1911,1911
567,05/07/2024 , 05:00:00,1910,1910
568,05/07/2024 , 06:00:00,1911,1911
569,05/07/2024 , 07:00:00,1910,1910
570,05/07/2024 , 08:00:00,1910,1910
571,05/07/2024 , 09:00:00,1909,1909
572,05/07/2024 , 10:00:00,1908,1908
573,05/07/2024 , 11:00:00,1908,1908
574,05/07/2024 , 12:00:00,1907,1907
575,05/07/2024 , 13:00:00,1907,1907
576,05/07/2024 , 14:00:00,1905,1905
577,05/07/2024 , 15:00:00,1904,1904
578,05/07/2024 , 16:00:00,1902,1902
579,05/07/2024 , 17:00:00,1901,1901
580,05/07/2024 , 18:00:00,1899,1899
581,05/07/2024 , 19:00:00,1897,1897
582,05/07/2024 , 20:00:00,1896,1896
583,05/07/2024 , 21:00:00,1895,1895
584,05/07/2024 , 22:00:00,1893,1893
585,05/07/2024 , 23:00:00,1892,1892
586,05/07/2024 , 23:59:59,1892,1892
587,06/07/2024 , 01:00:00,1891,1891
588,06/07/2024 , 02:00:00,1890,1890
589,06/07/2024 , 03:00:00,1889,1889
590,06/07/2024 , 04:00:00,1888,1888
591,06/07/2024 , 05:00:00,1887,1887
592,06/07/2024 , 06:00:00,1887,1887
593,06/07/2024 , 07:00:00,1888,1888
594,06/07/2024 , 08:00:00,1891,1891
595,06/07/2024 , 09:00:00,1895,1895
596,06/07/2024 , 10:00:00,1910,1910
597,06/07/2024 , 11:00:00,1932,1932
598,06/07/2024 , 12:00:00,1960,1960
599,06/07/2024 , 13:00:00,1987,1987
600,06/07/2024 , 14:00:00,2005,2005
601,06/07/2024 , 15:00:00,2012,2012
602,06/07/2024 , 16:00:00,2014,2014
603,06/07/2024 , 17:00:00,2014,2014
604,06/07/2024 , 18:00:00,2014,2014
605,06/07/2024 , 19:00:00,2014,2014
606,06/07/2024 , 20:00:00,2013,2013
607,06/07/2024 , 21:00:00,2011,2011
608,06/07/2024 , 22:00:00,2008,2008
609,06/07/2024 , 23:00:00,2007,2007
610,06/07/2024 , 23:59:59,2005,2005
611,07/07/2024 , 01:00:00,2004,2004
612,07/07/2024 , 02:00:00,2003,2003
613,07/07/2024 , 03:00:00,2003,2003
614,07/07/2024 , 04:00:00,2003,2003
615,07/07/2024 , 05:00:00,2002,2002
616,07/07/2024 , 06:00:00,2001,2001
617,07/07/2024 , 07:00:00,2000,2000
618,07/07/2024 , 08:00:00,1999,1999
619,07/07/2024 , 09:00:00,1999,1999
620,07/07/2024 , 10:00:00,1999,1999
621,07/07/2024 , 11:00:00,1998,1998
622,07/07/2024 , 12:00:00,1998,1998
623,07/07/2024 , 13:00:00,1997,1997
624,07/07/2024 , 14:00:00,1995,1995
625,07/07/2024 , 15:00:00,1994,1994
626,07/07/2024 , 16:00:00,1993,1993
627,07/07/2024 , 17:00:00,1992,1992
628,07/07/2024 , 18:00:00,1991,1991
629,07/07/2024 , 19:00:00,1991,1991
630,07/07/2024 , 20:00:00,1989,1989
631,07/07/2024 , 21:00:00,1989,1989
632,07/07/2024 , 22:00:00,1989,1989
633,07/07/2024 , 23:00:00,1988,1988
634,07/07/2024 , 23:59:59,1988,1988
635,08/07/2024 , 01:00:00,1987,1987
636,08/07/2024 , 02:00:00,1987,1987
637,08/07/2024 , 03:00:00,1986,1986
638,08/07/2024 , 04:00:00,1986,1986
639,08/07/2024 , 05:00:00,1985,1985
640,08/07/2024 , 06:00:00,1985,1985
641,08/07/2024 , 07:00:00,1984,1984
642,08/07/2024 , 08:00:00,1984,1984
643,08/07/2024 , 09:00:00,1983,1983
644,08/07/2024 , 10:00:00,1983,1983
645,08/07/2024 , 11:00:00,1981,1981
646,08/07/2024 , 12:00:00,1980,1980
647,08/07/2024 , 13:00:00,1978,1978
648,08/07/2024 , 14:00:00,1977,1977
649,08/07/2024 , 15:00:00,1975,1975
650,08/07/2024 , 16:00:00,1974,1974
651,08/07/2024 , 17:00:00,1972,1972
652,08/07/2024 , 18:00:00,1971,1971
653,08/07/2024 , 19:00:00,1969,1969
654,08/07/2024 , 20:00:00,1967,1967
655,08/07/2024 , 21:00:00,1966,1966
656,08/07/2024 , 22:00:00,1965,1965
657,08/07/2024 , 23:00:00,1964,1964
658,08/07/2024 , 23:59:59,1964,1964
659,09/07/2024 , 01:00:00,1963,1963
660,09/07/2024 , 02:00:00,1962,1962
661,09/07/2024 , 03:00:00,1961,1961
662,09/07/2024 , 04:00:00,1960,1960
663,09/07/2024 , 05:00:00,1959,1959
664,09/07/2024 , 06:00:00,1958,1958
665,09/07/2024 , 07:00:00,1957,1957
666,09/07/2024 , 08:00:00,1957,1957
667,09/07/2024 , 09:00:00,1956,1956
668,09/07/2024 , 10:00:00,1956,1956
669,09/07/2024 , 11:00:00,1954,1954
670,09/07/2024 , 12:00:00,1952,1952
671,09/07/2024 , 13:00:00,1951,1951
672,09/07/2024 , 14:00:00,1949,1949
673,09/07/2024 , 15:00:00,1948,1948
674,09/07/2024 , 16:00:00,1946,1946
675,09/07/2024 , 17:00:00,1945,1945
676,09/07/2024 , 18:00:00,1944,1944
677,09/07/2024 , 19:00:00,1943,1943
678,09/07/2024 , 20:00:00,1941,1941
679,09/07/2024 , 21:00:00,1941,1941
680,09/07/2024 , 22:00:00,1940,1940
681,09/07/2024 , 23:00:00,1939,1939
682,09/07/2024 , 23:59:59,1938,1938
683,10/07/2024 , 01:00:00,1937,1937
684,10/07/2024 , 02:00:00,1937,1937
685,10/07/2024 , 03:00:00,1936,1936
686,10/07/2024 , 04:00:00,1935,1935
687,10/07/2024 , 05:00:00,1934,1934
688,10/07/2024 , 06:00:00,1934,1934
689,10/07/2024 , 07:00:00,1933,1933
690,10/07/2024 , 08:00:00,1932,1932
691,10/07/2024 , 09:00:00,1932,1932
692,10/07/2024 , 10:00:00,1931,1931
693,10/07/2024 , 11:00:00,1930,1930
694,10/07/2024 , 12:00:00,1929,1929
695,10/07/2024 , 13:00:00,1927,1927
696,10/07/2024 , 14:00:00,1926,1926
697,10/07/2024 , 15:00:00,1924,1924
698,10/07/2024 , 16:00:00,1923,1923
699,10/07/2024 , 17:00:00,1922,1922
700,10/07/2024 , 18:00:00,1922,1922
701,10/07/2024 , 19:00:00,1921,1921
702,10/07/2024 , 20:00:00,1921,1921
703,10/07/2024 , 21:00:00,1926,1926
704,10/07/2024 , 22:00:00,1947,1947
705,10/07/2024 , 23:00:00,1972,1972
706,10/07/2024 , 23:59:59,1995,1995
707,11/07/2024 , 01:00:00,2009,2009
708,11/07/2024 , 02:00:00,2015,2015
709,11/07/2024 , 03:00:00,2016,2016
710,11/07/2024 , 04:00:00,2016,2016
711,11/07/2024 , 05:00:00,2016,2016
712,11/07/2024 , 06:00:00,2016,2016
713,11/07/2024 , 07:00:00,2015,2015
714,11/07/2024 , 08:00:00,2013,2013
715,11/07/2024 , 09:00:00,2012,2012
716,11/07/2024 , 10:00:00,2010,2010
717,11/07/2024 , 11:00:00,2009,2009
718,11/07/2024 , 12:00:00,2007,2007
719,11/07/2024 , 13:00:00,2026,2026
720,11/07/2024 , 14:00:00,2095,2095
721,11/07/2024 , 15:00:00,2059,2059
722,11/07/2024 , 16:00:00,2047,2047
723,11/07/2024 , 17:00:00,2040,2040
724,11/07/2024 , 18:00:00,2038,2038
725,11/07/2024 , 19:00:00,2033,2033
726,11/07/2024 , 20:00:00,2029,2029
727,11/07/2024 , 21:00:00,2025,2025
728,11/07/2024 , 22:00:00,2022,2022
729,11/07/2024 , 23:00:00,2019,2019
730,11/07/2024 , 23:59:59,2016,2016
731,12/07/2024 , 01:00:00,2014,2014
732,12/07/2024 , 02:00:00,2011,2011
733,12/07/2024 , 03:00:00,2009,2009
734,12/07/2024 , 04:00:00,2006,2006
735,12/07/2024 , 05:00:00,2003,2003
736,12/07/2024 , 06:00:00,2002,2002
737,12/07/2024 , 07:00:00,2000,2000
738,12/07/2024 , 08:00:00,1999,1999
739,12/07/2024 , 09:00:00,1998,1998
740,12/07/2024 , 10:00:00,1997,1997
741,12/07/2024 , 11:00:00,1997,1997
742,12/07/2024 , 12:00:00,1996,1996
743,12/07/2024 , 13:00:00,1995,1995
744,12/07/2024 , 14:00:00,1995,1995
745,12/07/2024 , 15:00:00,1995,1995
746,12/07/2024 , 16:00:00,1994,1994
747,12/07/2024 , 17:00:00,1993,1993
748,12/07/2024 , 18:00:00,1992,1992
749,12/07/2024 , 19:00:00,1992,1992
750,12/07/2024 , 20:00:00,1991,1991
751,12/07/2024 , 21:00:00,1991,1991
752,12/07/2024 , 22:00:00,1991,1991
753,12/07/2024 , 23:00:00,1990,1990
754,12/07/2024 , 23:59:59,1990,1990
755,13/07/2024 , 01:00:00,1991,1991
756,13/07/2024 , 02:00:00,1991,1991
757,13/07/2024 , 03:00:00,1990,1990
758,13/07/2024 , 04:00:00,1990,1990
759,13/07/2024 , 05:00:00,1990,1990
760,13/07/2024 , 06:00:00,1990,1990
761,13/07/2024 , 07:00:00,1990,1990
762,13/07/2024 , 08:00:00,1990,1990
763,13/07/2024 , 09:00:00,1990,1990
764,13/07/2024 , 10:00:00,1990,1990
765,13/07/2024 , 11:00:00,1989,1989
766,13/07/2024 , 12:00:00,1987,1987
767,13/07/2024 , 13:00:00,1986,1986
768,13/07/2024 , 14:00:00,1986,1986
769,13/07/2024 , 15:00:00,1986,1986
770,13/07/2024 , 16:00:00,1986,1986
771,13/07/2024 , 17:00:00,1985,1985
772,13/07/2024 , 18:00:00,1985,1985
773,13/07/2024 , 19:00:00,1984,1984
774,13/07/2024 , 20:00:00,1983,1983
775,13/07/2024 , 21:00:00,1983,1983
776,13/07/2024 , 22:00:00,1982,1982
777,13/07/2024 , 23:00:00,1982,1982
778,13/07/2024 , 23:59:59,1982,1982
779,14/07/2024 , 01:00:00,1981,1981
780,14/07/2024 , 02:00:00,1981,1981
781,14/07/2024 , 03:00:00,1980,1980
782,14/07/2024 , 04:00:00,1980,1980
783,14/07/2024 , 05:00:00,1980,1980
784,14/07/2024 , 06:00:00,1979,1979
785,14/07/2024 , 07:00:00,1979,1979
786,14/07/2024 , 08:00:00,1979,1979
787,14/07/2024 , 09:00:00,1979,1979
788,14/07/2024 , 10:00:00,1978,1978
789,14/07/2024 , 11:00:00,1977,1977
790,14/07/2024 , 12:00:00,1976,1976
791,14/07/2024 , 13:00:00,1975,1975
792,14/07/2024 , 14:00:00,1973,1973
793,14/07/2024 , 15:00:00,1971,1971
794,14/07/2024 , 16:00:00,1970,1970
795,14/07/2024 , 17:00:00,1968,1968
796,14/07/2024 , 18:00:00,1967,1967
797,14/07/2024 , 19:00:00,1966,1966
798,14/07/2024 , 20:00:00,1964,1964
799,14/07/2024 , 21:00:00,1963,1963
800,14/07/2024 , 22:00:00,1962,1962
801,14/07/2024 , 23:00:00,1961,1961
802,14/07/2024 , 23:59:59,1960,1960
803,15/07/2024 , 01:00:00,1959,1959
804,15/07/2024 , 02:00:00,1960,1960
805,15/07/2024 , 03:00:00,1959,1959
806,15/07/2024 , 04:00:00,1958,1958
807,15/07/2024 , 05:00:00,1957,1957
808,15/07/2024 , 06:00:00,1957,1957
809,15/07/2024 , 07:00:00,1957,1957
810,15/07/2024 , 08:00:00,1956,1956
811,15/07/2024 , 09:00:00,1956,1956
812,15/07/2024 , 10:00:00,1955,1955
813,15/07/2024 , 11:00:00,1953,1953
814,15/07/2024 , 12:00:00,1952,1952
815,15/07/2024 , 13:00:00,1950,1950
816,15/07/2024 , 14:00:00,1949,1949
817,15/07/2024 , 15:00:00,1947,1947
818,15/07/2024 , 16:00:00,1946,1946
819,15/07/2024 , 17:00:00,1944,1944
820,15/07/2024 , 18:00:00,1942,1942
821,15/07/2024 , 19:00:00,1940,1940
822,15/07/2024 , 20:00:00,1940,1940
823,15/07/2024 , 21:00:00,1939,1939
824,15/07/2024 , 22:00:00,1938,1938
825,15/07/2024 , 23:00:00,1937,1937
826,15/07/2024 , 23:59:59,1937,1937
827,16/07/2024 , 01:00:00,1936,1936
828,16/07/2024 , 02:00:00,1935,1935
829,16/07/2024 , 03:00:00,1935,1935
830,16/07/2024 , 04:00:00,1935,1935
831,16/07/2024 , 05:00:00,1935,1935
832,16/07/2024 , 06:00:00,1934,1934
833,16/07/2024 , 07:00:00,1934,1934
834,16/07/2024 , 08:00:00,1934,1934
835,16/07/2024 , 09:00:00,1934,1934
836,16/07/2024 , 10:00:00,1932,1932
837,16/07/2024 , 11:00:00,1932,1932
838,16/07/2024 , 12:00:00,1932,1932
839,16/07/2024 , 13:00:00,1931,1931
840,16/07/2024 , 14:00:00,1930,1930
841,16/07/2024 , 15:00:00,1928,1928
842,16/07/2024 , 16:00:00,1927,1927
843,16/07/2024 , 17:00:00,1925,1925
844,16/07/2024 , 18:00:00,1924,1924
845,16/07/2024 , 19:00:00,1922,1922
846,16/07/2024 , 20:00:00,1922,1922
847,16/07/2024 , 21:00:00,1921,1921
848,16/07/2024 , 22:00:00,1920,1920
849,16/07/2024 , 23:00:00,1919,1919
850,16/07/2024 , 23:59:59,1918,1918
851,17/07/2024 , 01:00:00,1918,1918
852,17/07/2024 , 02:00:00,1917,1917
853,17/07/2024 , 03:00:00,1916,1916
854,17/07/2024 , 04:00:00,1915,1915
855,17/07/2024 , 05:00:00,1915,1915
856,17/07/2024 , 06:00:00,1914,1914
857,17/07/2024 , 07:00:00,1913,1913
858,17/07/2024 , 08:00:00,1913,1913
859,17/07/2024 , 09:00:00,1913,1913
860,17/07/2024 , 10:00:00,1912,1912
861,17/07/2024 , 11:00:00,1911,1911
862,17/07/2024 , 12:00:00,1910,1910
863,17/07/2024 , 13:00:00,1909,1909
864,17/07/2024 , 14:00:00,1907,1907
865,17/07/2024 , 15:00:00,1906,1906
866,17/07/2024 , 16:00:00,1905,1905
867,17/07/2024 , 17:00:00,1903,1903
868,17/07/2024 , 18:00:00,1902,1902
869,17/07/2024 , 19:00:00,1900,1900
870,17/07/2024 , 20:00:00,1898,1898
871,17/07/2024 , 21:00:00,1897,1897
872,17/07/2024 , 22:00:00,1896,1896
873,17/07/2024 , 23:00:00,1896,1896
874,17/07/2024 , 23:59:59,1894,1894
875,18/07/2024 , 01:00:00,1893,1893
876,18/07/2024 , 02:00:00,1893,1893
877,18/07/2024 , 03:00:00,1892,1892
878,18/07/2024 , 04:00:00,1891,1891
879,18/07/2024 , 05:00:00,1890,1890
880,18/07/2024 , 06:00:00,1890,1890
881,18/07/2024 , 07:00:00,1890,1890
882,18/07/2024 , 08:00:00,1890,1890
883,18/07/2024 , 09:00:00,1889,1889
884,18/07/2024 , 10:00:00,1889,1889
885,18/07/2024 , 11:00:00,1888,1888
886,18/07/2024 , 12:00:00,1886,1886
887,18/07/2024 , 13:00:00,1884,1884
888,18/07/2024 , 14:00:00,1882,1882
889,18/07/2024 , 15:00:00,1881,1881
890,18/07/2024 , 16:00:00,1879,1879
891,18/07/2024 , 17:00:00,1878,1878
892,18/07/2024 , 18:00:00,1881,1881
893,18/07/2024 , 19:00:00,1880,1880
894,18/07/2024 , 20:00:00,1879,1879
895,18/07/2024 , 21:00:00,1878,1878
896,18/07/2024 , 22:00:00,1878,1878
897,18/07/2024 , 23:00:00,1876,1876
898,18/07/2024 , 23:59:59,1876,1876
899,19/07/2024 , 01:00:00,1875,1875
900,19/07/2024 , 02:00:00,1873,1873
901,19/07/2024 , 03:00:00,1872,1872
902,19/07/2024 , 04:00:00,1872,1872
903,19/07/2024 , 05:00:00,1871,1871
904,19/07/2024 , 06:00:00,1870,1870
905,19/07/2024 , 07:00:00,1869,1869
906,19/07/2024 , 08:00:00,1869,1869
907,19/07/2024 , 09:00:00,1868,1868
908,19/07/2024 , 10:00:00,1868,1868
909,19/07/2024 , 11:00:00,1867,1867
910,19/07/2024 , 12:00:00,1867,1867
911,19/07/2024 , 13:00:00,1865,1865
912,19/07/2024 , 14:00:00,1864,1864
913,19/07/2024 , 15:00:00,1862,1862
914,19/07/2024 , 16:00:00,1861,1861
915,19/07/2024 , 17:00:00,1859,1859
916,19/07/2024 , 18:00:00,1858,1858
917,19/07/2024 , 19:00:00,1856,1856
918,19/07/2024 , 20:00:00,1855,1855
919,19/07/2024 , 21:00:00,1853,1853
920,19/07/2024 , 22:00:00,1852,1852
921,19/07/2024 , 23:00:00,1851,1851
922,19/07/2024 , 23:59:59,1850,1850
923,20/07/2024 , 01:00:00,1849,1849
924,20/07/2024 , 02:00:00,1848,1848
925,20/07/2024 , 03:00:00,1847,1847
926,20/07/2024 , 04:00:00,1846,1846
927,20/07/2024 , 05:00:00,1845,1845
928,20/07/2024 , 06:00:00,1844,1844
929,20/07/2024 , 07:00:00,1844,1844
930,20/07/2024 , 08:00:00,1843,1843
931,20/07/2024 , 09:00:00,1842,1842
932,20/07/2024 , 10:00:00,1842,1842
933,20/07/2024 , 11:00:00,1842,1842
934,20/07/2024 , 12:00:00,1841,1841
935,20/07/2024 , 13:00:00,1840,1840
936,20/07/2024 , 14:00:00,1838,1838
937,20/07/2024 , 15:00:00,1836,1836
938,20/07/2024 , 16:00:00,1835,1835
939,20/07/2024 , 17:00:00,1834,1834
940,20/07/2024 , 18:00:00,1834,1834
941,20/07/2024 , 19:00:00,1832,1832
942,20/07/2024 , 20:00:00,1833,1833
943,20/07/2024 , 21:00:00,1834,1834
944,20/07/2024 , 22:00:00,1832,1832
945,20/07/2024 , 23:00:00,1831,1831
946,20/07/2024 , 23:59:59,1829,1829
947,21/07/2024 , 01:00:00,1828,1828
948,21/07/2024 , 02:00:00,1827,1827
949,21/07/2024 , 03:00:00,1826,1826
950,21/07/2024 , 04:00:00,1825,1825
951,21/07/2024 , 05:00:00,1824,1824
952,21/07/2024 , 06:00:00,1823,1823
953,21/07/2024 , 07:00:00,1823,1823
954,21/07/2024 , 08:00:00,1822,1822
955,21/07/2024 , 09:00:00,1821,1821
956,21/07/2024 , 10:00:00,1820,1820
957,21/07/2024 , 11:00:00,1819,1819
958,21/07/2024 , 12:00:00,1819,1819
959,21/07/2024 , 13:00:00,1817,1817
960,21/07/2024 , 14:00:00,1816,1816
961,21/07/2024 , 15:00:00,1813,1813
962,21/07/2024 , 16:00:00,1812,1812
963,21/07/2024 , 17:00:00,1811,1811
964,21/07/2024 , 18:00:00,1811,1811
965,21/07/2024 , 19:00:00,1810,1810
966,21/07/2024 , 20:00:00,1809,1809
967,21/07/2024 , 21:00:00,1808,1808
968,21/07/2024 , 22:00:00,1807,1807
969,21/07/2024 , 23:00:00,1806,1806
970,21/07/2024 , 23:59:59,1805,1805
971,22/07/2024 , 01:00:00,1805,1805
972,22/07/2024 , 02:00:00,1804,1804
973,22/07/2024 , 03:00:00,1803,1803
974,22/07/2024 , 04:00:00,1803,1803
975,22/07/2024 , 05:00:00,1802,1802
976,22/07/2024 , 06:00:00,1802,1802
977,22/07/2024 , 07:00:00,1801,1801
978,22/07/2024 , 08:00:00,1801,1801
979,22/07/2024 , 09:00:00,1801,1801
980,22/07/2024 , 10:00:00,1800,1800
981,22/07/2024 , 11:00:00,1800,1800
982,22/07/2024 , 12:00:00,1799,1799
983,22/07/2024 , 13:00:00,1797,1797
984,22/07/2024 , 14:00:00,1796,1796
985,22/07/2024 , 15:00:00,1795,1795
986,22/07/2024 , 16:00:00,1794,1794
987,22/07/2024 , 17:00:00,1793,1793
988,22/07/2024 , 18:00:00,1792,1792
989,22/07/2024 , 19:00:00,1791,1791
990,22/07/2024 , 20:00:00,1790,1790
991,22/07/2024 , 21:00:00,1789,1789
992,22/07/2024 , 22:00:00,1788,1788
993,22/07/2024 , 23:00:00,1787,1787
994,22/07/2024 , 23:59:59,1786,1786
995,23/07/2024 , 01:00:00,1786,1786
996,23/07/2024 , 02:00:00,1785,1785
997,23/07/2024 , 03:00:00,1784,1784
998,23/07/2024 , 04:00:00,1784,1784
999,23/07/2024 , 05:00:00,1783,1783
1000,23/07/2024 , 06:00:00,1783,1783
1001,23/07/2024 , 07:00:00,1782,1782
1002,23/07/2024 , 08:00:00,1782,1782
1003,23/07/2024 , 09:00:00,1782,1782
1004,23/07/2024 , 10:00:00,1781,1781
1005,23/07/2024 , 11:00:00,1781,1781
1006,23/07/2024 , 12:00:00,1781,1781
1007,23/07/2024 , 13:00:00,1780,1780
1008,23/07/2024 , 14:00:00,1779,1779
1009,23/07/2024 , 15:00:00,1778,1778
1010,23/07/2024 , 16:00:00,1777,1777
1011,23/07/2024 , 17:00:00,1776,1776
1012,23/07/2024 , 18:00:00,1775,1775
1013,23/07/2024 , 19:00:00,1774,1774
1014,23/07/2024 , 20:00:00,1774,1774
1015,23/07/2024 , 21:00:00,1773,1773
1016,23/07/2024 , 22:00:00,1772,1772
1017,23/07/2024 , 23:00:00,1771,1771
1018,23/07/2024 , 23:59:59,1770,1770
1019,24/07/2024 , 01:00:00,1769,1769
1020,24/07/2024 , 02:00:00,1769,1769
1021,24/07/2024 , 03:00:00,1768,1768
1022,24/07/2024 , 04:00:00,1767,1767
1023,24/07/2024 , 05:00:00,1766,1766
1024,24/07/2024 , 06:00:00,1766,1766
1025,24/07/2024 , 07:00:00,1765,1765
1026,24/07/2024 , 08:00:00,1765,1765
1027,24/07/2024 , 09:00:00,1764,1764
1028,24/07/2024 , 10:00:00,1764,1764
1029,24/07/2024 , 11:00:00,1762,1762
1030,24/07/2024 , 12:00:00,1762,1762
1031,24/07/2024 , 13:00:00,1760,1760
1032,24/07/2024 , 14:00:00,1759,1759
1033,24/07/2024 , 15:00:00,1758,1758
1034,24/07/2024 , 16:00:00,1758,1758
1035,24/07/2024 , 17:00:00,1756,1756
1036,24/07/2024 , 18:00:00,1756,1756
1037,24/07/2024 , 19:00:00,1756,1756
1038,24/07/2024 , 20:00:00,1755,1755
1039,24/07/2024 , 21:00:00,1754,1754
1040,24/07/2024 , 22:00:00,1753,1753
1041,24/07/2024 , 23:00:00,1753,1753
1042,24/07/2024 , 23:59:59,1759,1759
1043,25/07/2024 , 01:00:00,1761,1761
1044,25/07/2024 , 02:00:00,1760,1760
1045,25/07/2024 , 03:00:00,1759,1759
1046,25/07/2024 , 04:00:00,1758,1758
1047,25/07/2024 , 05:00:00,1757,1757
1048,25/07/2024 , 06:00:00,1756,1756
1049,25/07/2024 , 07:00:00,1769,1769
1050,25/07/2024 , 08:00:00,1802,1802
1051,25/07/2024 , 09:00:00,1866,1866
1052,25/07/2024 , 10:00:00,1924,1924
1053,25/07/2024 , 11:00:00,1953,1953
1054,25/07/2024 , 12:00:00,1968,1968
1055,25/07/2024 , 13:00:00,1973,1973
1056,25/07/2024 , 14:00:00,1974,1974
1057,25/07/2024 , 15:00:00,1974,1974
1058,25/07/2024 , 16:00:00,1973,1973
1059,25/07/2024 , 17:00:00,1972,1972
1060,25/07/2024 , 18:00:00,1968,1968
1061,25/07/2024 , 19:00:00,1964,1964
1062,25/07/2024 , 20:00:00,1962,1962
1063,25/07/2024 , 21:00:00,1960,1960
1064,25/07/2024 , 22:00:00,1958,1958
1065,25/07/2024 , 23:00:00,1955,1955
1066,25/07/2024 , 23:59:59,1952,1952
1067,26/07/2024 , 01:00:00,1949,1949
1068,26/07/2024 , 02:00:00,1946,1946
1069,26/07/2024 , 03:00:00,1944,1944
1070,26/07/2024 , 04:00:00,1941,1941
1071,26/07/2024 , 05:00:00,1937,1937
1072,26/07/2024 , 06:00:00,1935,1935
1073,26/07/2024 , 07:00:00,1932,1932
1074,26/07/2024 , 08:00:00,1930,1930
1075,26/07/2024 , 09:00:00,1928,1928
1076,26/07/2024 , 10:00:00,1925,1925
1077,26/07/2024 , 11:00:00,1923,1923
1078,26/07/2024 , 12:00:00,1919,1919
1079,26/07/2024 , 13:00:00,1915,1915
1080,26/07/2024 , 14:00:00,1910,1910
1081,26/07/2024 , 15:00:00,1906,1906
1082,26/07/2024 , 16:00:00,1902,1902
1083,26/07/2024 , 17:00:00,1897,1897
1084,26/07/2024 , 18:00:00,1894,1894
1085,26/07/2024 , 19:00:00,1890,1890
1086,26/07/2024 , 20:00:00,1887,1887
1087,26/07/2024 , 21:00:00,1884,1884
1088,26/07/2024 , 22:00:00,1881,1881
1089,26/07/2024 , 23:00:00,1878,1878
1090,26/07/2024 , 23:59:59,1876,1876
1091,27/07/2024 , 01:00:00,1874,1874
1092,27/07/2024 , 02:00:00,1872,1872
1093,27/07/2024 , 03:00:00,1870,1870
1094,27/07/2024 , 04:00:00,1869,1869
1095,27/07/2024 , 05:00:00,1867,1867
1096,27/07/2024 , 06:00:00,1865,1865
1097,27/07/2024 , 07:00:00,1864,1864
1098,27/07/2024 , 08:00:00,1863,1863
1099,27/07/2024 , 09:00:00,1862,1862
1100,27/07/2024 , 10:00:00,1861,1861
1101,27/07/2024 , 11:00:00,1860,1860
1102,27/07/2024 , 12:00:00,1859,1859
1103,27/07/2024 , 13:00:00,1856,1856
1104,27/07/2024 , 14:00:00,1854,1854
1105,27/07/2024 , 15:00:00,1852,1852
1106,27/07/2024 , 16:00:00,1851,1851
1107,27/07/2024 , 17:00:00,1849,1849
1108,27/07/2024 , 18:00:00,1847,1847
1109,27/07/2024 , 19:00:00,1845,1845
1110,27/07/2024 , 20:00:00,1843,1843
1111,27/07/2024 , 21:00:00,1841,1841
1112,27/07/2024 , 22:00:00,1839,1839
1113,27/07/2024 , 23:00:00,1838,1838
1114,27/07/2024 , 23:59:59,1836,1836
1115,28/07/2024 , 01:00:00,1835,1835
1116,28/07/2024 , 02:00:00,1833,1833
1117,28/07/2024 , 03:00:00,1832,1832
1118,28/07/2024 , 04:00:00,1831,1831
1119,28/07/2024 , 05:00:00,1830,1830
1120,28/07/2024 , 06:00:00,1828,1828
1121,28/07/2024 , 07:00:00,1827,1827
1122,28/07/2024 , 08:00:00,1827,1827
1123,28/07/2024 , 09:00:00,1826,1826
1124,28/07/2024 , 10:00:00,1826,1826
1125,28/07/2024 , 11:00:00,1824,1824
1126,28/07/2024 , 12:00:00,1823,1823
1127,28/07/2024 , 13:00:00,1821,1821
1128,28/07/2024 , 14:00:00,1819,1819
1129,28/07/2024 , 15:00:00,1817,1817
1130,28/07/2024 , 16:00:00,1815,1815
1131,28/07/2024 , 17:00:00,1814,1814
1132,28/07/2024 , 18:00:00,1812,1812
1133,28/07/2024 , 19:00:00,1810,1810
1134,28/07/2024 , 20:00:00,1809,1809
1135,28/07/2024 , 21:00:00,1808,1808
1136,28/07/2024 , 22:00:00,1807,1807
1137,28/07/2024 , 23:00:00,1806,1806
1138,28/07/2024 , 23:59:59,1805,1805
1139,29/07/2024 , 01:00:00,1804,1804
1140,29/07/2024 , 02:00:00,1803,1803
1141,29/07/2024 , 03:00:00,1802,1802
1142,29/07/2024 , 04:00:00,1801,1801
1143,29/07/2024 , 05:00:00,1800,1800
1144,29/07/2024 , 06:00:00,1799,1799
1145,29/07/2024 , 07:00:00,1799,1799
1146,29/07/2024 , 08:00:00,1798,1798
1147,29/07/2024 , 09:00:00,1798,1798
1148,29/07/2024 , 10:00:00,1797,1797
1149,29/07/2024 , 11:00:00,1796,1796
1150,29/07/2024 , 12:00:00,1796,1796
1151,29/07/2024 , 13:00:00,1794,1794
1152,29/07/2024 , 14:00:00,1793,1793
1153,29/07/2024 , 15:00:00,1791,1791
1154,29/07/2024 , 16:00:00,1790,1790
1155,29/07/2024 , 17:00:00,1789,1789
1156,29/07/2024 , 18:00:00,1788,1788
1157,29/07/2024 , 19:00:00,1787,1787
1158,29/07/2024 , 20:00:00,1787,1787
1159,29/07/2024 , 21:00:00,1786,1786
1160,29/07/2024 , 22:00:00,1785,1785
1161,29/07/2024 , 23:00:00,1784,1784
1162,29/07/2024 , 23:59:59,1784,1784
1163,30/07/2024 , 01:00:00,1782,1782
1164,30/07/2024 , 02:00:00,1782,1782
1165,30/07/2024 , 03:00:00,1781,1781
1166,30/07/2024 , 04:00:00,1780,1780
1167,30/07/2024 , 05:00:00,1780,1780
1168,30/07/2024 , 06:00:00,1779,1779
1169,30/07/2024 , 07:00:00,1779,1779
1170,30/07/2024 , 08:00:00,1778,1778
1171,30/07/2024 , 09:00:00,1777,1777
1172,30/07/2024 , 10:00:00,1777,1777
1173,30/07/2024 , 11:00:00,1775,1775
1174,30/07/2024 , 12:00:00,1774,1774
1175,30/07/2024 , 13:00:00,1774,1774
1176,30/07/2024 , 14:00:00,1773,1773
1177,30/07/2024 , 15:00:00,1772,1772
1178,30/07/2024 , 16:00:00,1793,1793
1179,30/07/2024 , 17:00:00,1791,1791
1180,30/07/2024 , 18:00:00,1789,1789
1181,30/07/2024 , 19:00:00,1787,1787
1182,30/07/2024 , 20:00:00,1787,1787
1183,30/07/2024 , 21:00:00,1786,1786
1184,30/07/2024 , 22:00:00,1785,1785
1185,30/07/2024 , 23:00:00,1784,1784
1186,30/07/2024 , 23:59:59,1783,1783
1187,31/07/2024 , 01:00:00,1783,1783
1188,31/07/2024 , 02:00:00,1782,1782
1189,31/07/2024 , 03:00:00,1781,1781
1190,31/07/2024 , 04:00:00,1780,1780
1191,31/07/2024 , 05:00:00,1780,1780
1192,31/07/2024 , 06:00:00,1779,1779
1193,31/07/2024 , 07:00:00,1779,1779
1194,31/07/2024 , 08:00:00,1778,1778
1195,31/07/2024 , 09:00:00,1778,1778
1196,31/07/2024 , 10:00:00,1777,1777
1197,31/07/2024 , 11:00:00,1777,1777
1198,31/07/2024 , 12:00:00,1776,1776
1199,31/07/2024 , 13:00:00,1775,1775
1200,31/07/2024 , 14:00:00,1807,1807
1201,31/07/2024 , 15:00:00,1877,1877
1202,31/07/2024 , 16:00:00,1913,1913
1203,31/07/2024 , 17:00:00,1934,1934
1204,31/07/2024 , 18:00:00,1949,1949
1205,31/07/2024 , 19:00:00,1960,1960
1206,31/07/2024 , 20:00:00,1969,1969
1207,31/07/2024 , 21:00:00,1976,1976
1208,31/07/2024 , 22:00:00,2110,2110
1209,31/07/2024 , 23:00:00,2078,2078
1210,31/07/2024 , 23:59:59,2052,2052
1211,01/08/2024 , 01:00:00,2042,2042
1212,01/08/2024 , 02:00:00,2035,2035
1213,01/08/2024 , 03:00:00,2030,2030
1214,01/08/2024 , 04:00:00,2026,2026
1215,01/08/2024 , 05:00:00,2022,2022
1216,01/08/2024 , 06:00:00,2017,2017
1217,01/08/2024 , 07:00:00,2015,2015
1218,01/08/2024 , 08:00:00,2012,2012
1219,01/08/2024 , 09:00:00,2010,2010
1220,01/08/2024 , 10:00:00,2008,2008
1221,01/08/2024 , 11:00:00,2004,2004
1222,01/08/2024 , 12:00:00,2001,2001
1223,01/08/2024 , 13:00:00,1998,1998
1224,01/08/2024 , 14:00:00,1996,1996
1225,01/08/2024 , 15:00:00,1994,1994
1226,01/08/2024 , 16:00:00,1993,1993
1227,01/08/2024 , 17:00:00,1992,1992
1228,01/08/2024 , 18:00:00,1990,1990
1229,01/08/2024 , 19:00:00,1989,1989
1230,01/08/2024 , 20:00:00,1989,1989
1231,01/08/2024 , 21:00:00,1988,1988
1232,01/08/2024 , 22:00:00,1987,1987
1233,01/08/2024 , 23:00:00,1987,1987
1234,01/08/2024 , 23:59:59,1987,1987
1235,02/08/2024 , 01:00:00,1986,1986
1236,02/08/2024 , 02:00:00,1986,1986
1237,02/08/2024 , 03:00:00,1985,1985
1238,02/08/2024 , 04:00:00,1985,1985
1239,02/08/2024 , 05:00:00,1985,1985
1240,02/08/2024 , 06:00:00,1985,1985
1241,02/08/2024 , 07:00:00,1984,1984
1242,02/08/2024 , 08:00:00,1984,1984
1243,02/08/2024 , 09:00:00,1984,1984
1244,02/08/2024 , 10:00:00,1983,1983
1245,02/08/2024 , 11:00:00,1983,1983
1246,02/08/2024 , 12:00:00,1981,1981
1247,02/08/2024 , 13:00:00,1980,1980
1248,02/08/2024 , 14:00:00,1978,1978
1249,02/08/2024 , 15:00:00,1978,1978
1250,02/08/2024 , 16:00:00,1976,1976
1251,02/08/2024 , 17:00:00,1976,1976
1252,02/08/2024 , 18:00:00,1976,1976
1253,02/08/2024 , 19:00:00,1974,1974
1254,02/08/2024 , 20:00:00,1973,1973
1255,02/08/2024 , 21:00:00,1973,1973
1256,02/08/2024 , 22:00:00,1972,1972
1257,02/08/2024 , 23:00:00,1971,1971
1258,02/08/2024 , 23:59:59,1971,1971
1259,03/08/2024 , 01:00:00,1970,1970
1260,03/08/2024 , 02:00:00,1970,1970
1261,03/08/2024 , 03:00:00,1969,1969
1262,03/08/2024 , 04:00:00,1969,1969
1263,03/08/2024 , 05:00:00,1968,1968
1264,03/08/2024 , 06:00:00,1968,1968
1265,03/08/2024 , 07:00:00,1968,1968
1266,03/08/2024 , 08:00:00,1968,1968
1267,03/08/2024 , 09:00:00,1967,1967
1268,03/08/2024 , 10:00:00,1967,1967
1269,03/08/2024 , 11:00:00,1966,1966
1270,03/08/2024 , 12:00:00,1964,1964
1271,03/08/2024 , 13:00:00,1963,1963
1272,03/08/2024 , 14:00:00,1961,1961
1273,03/08/2024 , 15:00:00,1959,1959
1274,03/08/2024 , 16:00:00,1957,1957
1275,03/08/2024 , 17:00:00,1955,1955
1276,03/08/2024 , 18:00:00,1954,1954
1277,03/08/2024 , 19:00:00,1952,1952
1278,03/08/2024 , 20:00:00,1950,1950
1279,03/08/2024 , 21:00:00,1949,1949
1280,03/08/2024 , 22:00:00,1948,1948
1281,03/08/2024 , 23:00:00,1946,1946
1282,03/08/2024 , 23:59:59,1946,1946
1283,04/08/2024 , 01:00:00,1945,1945
1284,04/08/2024 , 02:00:00,1945,1945
1285,04/08/2024 , 03:00:00,1943,1943
1286,04/08/2024 , 04:00:00,1942,1942
1287,04/08/2024 , 05:00:00,1942,1942
1288,04/08/2024 , 06:00:00,1941,1941
1289,04/08/2024 , 07:00:00,1941,1941
1290,04/08/2024 , 08:00:00,1941,1941
1291,04/08/2024 , 09:00:00,1940,1940
1292,04/08/2024 , 10:00:00,1939,1939
1293,04/08/2024 , 11:00:00,1938,1938
1294,04/08/2024 , 12:00:00,1937,1937
1295,04/08/2024 , 13:00:00,1936,1936
1296,04/08/2024 , 14:00:00,1934,1934
1297,04/08/2024 , 15:00:00,1932,1932
1298,04/08/2024 , 16:00:00,1930,1930
1299,04/08/2024 , 17:00:00,1928,1928
1300,04/08/2024 , 18:00:00,1926,1926
1301,04/08/2024 , 19:00:00,1925,1925
1302,04/08/2024 , 20:00:00,1924,1924
1303,04/08/2024 , 21:00:00,1921,1921
1304,04/08/2024 , 22:00:00,1921,1921
1305,04/08/2024 , 23:00:00,1920,1920
1306,04/08/2024 , 23:59:59,1920,1920
1307,05/08/2024 , 01:00:00,1919,1919
1308,05/08/2024 , 02:00:00,1918,1918
1309,05/08/2024 , 03:00:00,1917,1917
1310,05/08/2024 , 04:00:00,1916,1916
1311,05/08/2024 , 05:00:00,1915,1915
1312,05/08/2024 , 06:00:00,1914,1914
1313,05/08/2024 , 07:00:00,1914,1914
1314,05/08/2024 , 08:00:00,1913,1913
1315,05/08/2024 , 09:00:00,1912,1912
1316,05/08/2024 , 10:00:00,1912,1912
1317,05/08/2024 , 11:00:00,1910,1910
1318,05/08/2024 , 12:00:00,1909,1909
1319,05/08/2024 , 13:00:00,1907,1907
1320,05/08/2024 , 14:00:00,1906,1906
1321,05/08/2024 , 15:00:00,1903,1903
1322,05/08/2024 , 16:00:00,1902,1902
1323,05/08/2024 , 17:00:00,1899,1899
1324,05/08/2024 , 18:00:00,1897,1897
1325,05/08/2024 , 19:00:00,1899,1899
1326,05/08/2024 , 20:00:00,1905,1905
1327,05/08/2024 , 21:00:00,1908,1908
1328,05/08/2024 , 22:00:00,1906,1906
1329,05/08/2024 , 23:00:00,1904,1904
1330,05/08/2024 , 23:59:59,1902,1902
1331,06/08/2024 , 01:00:00,1900,1900
1332,06/08/2024 , 02:00:00,1899,1899
1333,06/08/2024 , 03:00:00,1898,1898
1334,06/08/2024 , 04:00:00,1898,1898
1335,06/08/2024 , 05:00:00,1896,1896
1336,06/08/2024 , 06:00:00,1896,1896
1337,06/08/2024 , 07:00:00,1895,1895
1338,06/08/2024 , 08:00:00,1894,1894
1339,06/08/2024 , 09:00:00,1894,1894
1340,06/08/2024 , 10:00:00,1893,1893
1341,06/08/2024 , 11:00:00,1893,1893
1342,06/08/2024 , 12:00:00,1893,1893
1343,06/08/2024 , 13:00:00,1892,1892
1344,06/08/2024 , 14:00:00,1891,1891
1345,06/08/2024 , 15:00:00,1889,1889
1346,06/08/2024 , 16:00:00,1888,1888
1347,06/08/2024 , 17:00:00,1887,1887
1348,06/08/2024 , 18:00:00,1885,1885
1349,06/08/2024 , 19:00:00,1883,1883
1350,06/08/2024 , 20:00:00,1882,1882
1351,06/08/2024 , 21:00:00,1881,1881
1352,06/08/2024 , 22:00:00,1881,1881
1353,06/08/2024 , 23:00:00,1879,1879
1354,06/08/2024 , 23:59:59,1878,1878
1355,07/08/2024 , 01:00:00,1878,1878
1356,07/08/2024 , 02:00:00,1877,1877
1357,07/08/2024 , 03:00:00,1876,1876
1358,07/08/2024 , 04:00:00,1875,1875
1359,07/08/2024 , 05:00:00,1874,1874
1360,07/08/2024 , 06:00:00,1874,1874
1361,07/08/2024 , 07:00:00,1874,1874
1362,07/08/2024 , 08:00:00,1873,1873
1363,07/08/2024 , 09:00:00,1873,1873
1364,07/08/2024 , 10:00:00,1873,1873
1365,07/08/2024 , 11:00:00,1871,1871
1366,07/08/2024 , 12:00:00,1871,1871
1367,07/08/2024 , 13:00:00,1869,1869
1368,07/08/2024 , 14:00:00,1868,1868
1369,07/08/2024 , 15:00:00,1867,1867
1370,07/08/2024 , 16:00:00,1866,1866
1371,07/08/2024 , 17:00:00,1864,1864
1372,07/08/2024 , 18:00:00,1863,1863
1373,07/08/2024 , 19:00:00,1862,1862
1374,07/08/2024 , 20:00:00,1861,1861
1375,07/08/2024 , 21:00:00,1859,1859
1376,07/08/2024 , 22:00:00,1858,1858
1377,07/08/2024 , 23:00:00,1856,1856
1378,07/08/2024 , 23:59:59,1855,1855
1379,08/08/2024 , 01:00:00,1854,1854
1380,08/08/2024 , 02:00:00,1852,1852
1381,08/08/2024 , 03:00:00,1852,1852
1382,08/08/2024 , 04:00:00,1851,1851
1383,08/08/2024 , 05:00:00,1850,1850
1384,08/08/2024 , 06:00:00,1849,1849
1385,08/08/2024 , 07:00:00,1849,1849
1386,08/08/2024 , 08:00:00,1849,1849
1387,08/08/2024 , 09:00:00,1848,1848
1388,08/08/2024 , 10:00:00,1849,1849
1389,08/08/2024 , 11:00:00,1848,1848
1390,08/08/2024 , 12:00:00,1847,1847
1391,08/08/2024 , 13:00:00,1846,1846
1392,08/08/2024 , 14:00:00,1845,1845
1393,08/08/2024 , 15:00:00,1843,1843
1394,08/08/2024 , 16:00:00,1842,1842
1395,08/08/2024 , 17:00:00,1841,1841
1396,08/08/2024 , 18:00:00,1840,1840
1397,08/08/2024 , 19:00:00,1840,1840
1398,08/08/2024 , 20:00:00,1838,1838
1399,08/08/2024 , 21:00:00,1837,1837
1400,08/08/2024 , 22:00:00,1835,1835
1401,08/08/2024 , 23:00:00,1834,1834
1402,08/08/2024 , 23:59:59,1833,1833
1403,09/08/2024 , 01:00:00,1832,1832
1404,09/08/2024 , 02:00:00,1831,1831
1405,09/08/2024 , 03:00:00,1830,1830
1406,09/08/2024 , 04:00:00,1829,1829
1407,09/08/2024 , 05:00:00,1828,1828
1408,09/08/2024 , 06:00:00,1828,1828
1409,09/08/2024 , 07:00:00,1827,1827
1410,09/08/2024 , 08:00:00,1826,1826
1411,09/08/2024 , 09:00:00,1826,1826
1412,09/08/2024 , 10:00:00,1828,1828
1413,09/08/2024 , 11:00:00,1834,1834
1414,09/08/2024 , 12:00:00,1838,1838
1415,09/08/2024 , 13:00:00,1840,1840
1416,09/08/2024 , 14:00:00,1844,1844
1417,09/08/2024 , 15:00:00,1853,1853
1418,09/08/2024 , 16:00:00,1893,1893
1419,09/08/2024 , 17:00:00,2108,2108
1420,09/08/2024 , 18:00:00,2145,2145
1421,09/08/2024 , 19:00:00,2096,2096
1422,09/08/2024 , 20:00:00,2083,2083
1423,09/08/2024 , 21:00:00,2103,2103
1424,09/08/2024 , 22:00:00,2107,2107
1425,09/08/2024 , 23:00:00,2076,2076
1426,09/08/2024 , 23:59:59,2060,2060
1427,10/08/2024 , 01:00:00,2048,2048
1428,10/08/2024 , 02:00:00,2042,2042
1429,10/08/2024 , 03:00:00,2038,2038
1430,10/08/2024 , 04:00:00,2035,2035
1431,10/08/2024 , 05:00:00,2032,2032
1432,10/08/2024 , 06:00:00,2030,2030
1433,10/08/2024 , 07:00:00,2026,2026
1434,10/08/2024 , 08:00:00,2024,2024
1435,10/08/2024 , 09:00:00,2023,2023
1436,10/08/2024 , 10:00:00,2019,2019
1437,10/08/2024 , 11:00:00,2018,2018
1438,10/08/2024 , 12:00:00,2017,2017
1439,10/08/2024 , 13:00:00,2015,2015
1440,10/08/2024 , 14:00:00,2013,2013
1441,10/08/2024 , 15:00:00,2012,2012
1442,10/08/2024 , 16:00:00,2010,2010
1443,10/08/2024 , 17:00:00,2008,2008
1444,10/08/2024 , 18:00:00,2005,2005
1445,10/08/2024 , 19:00:00,2003,2003
1446,10/08/2024 , 20:00:00,2001,2001
1447,10/08/2024 , 21:00:00,2000,2000
1448,10/08/2024 , 22:00:00,1999,1999
1449,10/08/2024 , 23:00:00,1999,1999
1450,10/08/2024 , 23:59:59,1998,1998
1451,11/08/2024 , 01:00:00,1998,1998
1452,11/08/2024 , 02:00:00,1997,1997
1453,11/08/2024 , 03:00:00,1997,1997
1454,11/08/2024 , 04:00:00,1997,1997
1455,11/08/2024 , 05:00:00,1996,1996
1456,11/08/2024 , 06:00:00,1995,1995
1457,11/08/2024 , 07:00:00,1996,1996
1458,11/08/2024 , 08:00:00,1995,1995
1459,11/08/2024 , 09:00:00,1995,1995
1460,11/08/2024 , 10:00:00,1995,1995
1461,11/08/2024 , 11:00:00,1995,1995
1462,11/08/2024 , 12:00:00,1994,1994
1463,11/08/2024 , 13:00:00,1993,1993
1464,11/08/2024 , 14:00:00,1992,1992
1465,11/08/2024 , 15:00:00,1991,1991
1466,11/08/2024 , 16:00:00,1991,1991
1467,11/08/2024 , 17:00:00,1990,1990
1468,11/08/2024 , 18:00:00,1989,1989
1469,11/08/2024 , 19:00:00,1989,1989
1470,11/08/2024 , 20:00:00,1988,1988
1471,11/08/2024 , 21:00:00,1988,1988
1472,11/08/2024 , 22:00:00,1987,1987
1473,11/08/2024 , 23:00:00,1986,1986
1474,11/08/2024 , 23:59:59,1986,1986
1475,12/08/2024 , 01:00:00,1986,1986
1476,12/08/2024 , 02:00:00,1985,1985
1477,12/08/2024 , 03:00:00,1985,1985
1478,12/08/2024 , 04:00:00,1985,1985
1479,12/08/2024 , 05:00:00,1984,1984
1480,12/08/2024 , 06:00:00,1983,1983
1481,12/08/2024 , 07:00:00,1983,1983
1482,12/08/2024 , 08:00:00,1983,1983
1483,12/08/2024 , 09:00:00,1983,1983
1484,12/08/2024 , 10:00:00,1983,1983
1485,12/08/2024 , 11:00:00,1981,1981
1486,12/08/2024 , 12:00:00,1981,1981
1487,12/08/2024 , 13:00:00,1980,1980
1488,12/08/2024 , 14:00:00,1979,1979
1489,12/08/2024 , 15:00:00,1978,1978
1490,12/08/2024 , 16:00:00,1977,1977
1491,12/08/2024 , 17:00:00,1976,1976
1492,12/08/2024 , 18:00:00,1975,1975
1493,12/08/2024 , 19:00:00,1974,1974
1494,12/08/2024 , 20:00:00,1973,1973
1495,12/08/2024 , 21:00:00,1972,1972
1496,12/08/2024 , 22:00:00,1971,1971
1497,12/08/2024 , 23:00:00,1971,1971
1498,12/08/2024 , 23:59:59,1970,1970
1499,13/08/2024 , 01:00:00,1969,1969
1500,13/08/2024 , 02:00:00,1968,1968
1501,13/08/2024 , 03:00:00,1968,1968
1502,13/08/2024 , 04:00:00,1967,1967
1503,13/08/2024 , 05:00:00,1967,1967
1504,13/08/2024 , 06:00:00,1966,1966
1505,13/08/2024 , 07:00:00,1966,1966
1506,13/08/2024 , 08:00:00,1966,1966
1507,13/08/2024 , 09:00:00,1966,1966
1508,13/08/2024 , 10:00:00,1966,1966
1509,13/08/2024 , 11:00:00,1965,1965
1510,13/08/2024 , 12:00:00,1964,1964
1511,13/08/2024 , 13:00:00,1962,1962
1512,13/08/2024 , 14:00:00,1961,1961
1513,13/08/2024 , 15:00:00,1961,1961
1514,13/08/2024 , 16:00:00,1958,1958
1515,13/08/2024 , 17:00:00,1956,1956
1516,13/08/2024 , 18:00:00,1954,1954
1517,13/08/2024 , 19:00:00,1952,1952
1518,13/08/2024 , 20:00:00,1951,1951
1519,13/08/2024 , 21:00:00,1949,1949
1520,13/08/2024 , 22:00:00,1948,1948
1521,13/08/2024 , 23:00:00,1947,1947
1522,13/08/2024 , 23:59:59,1946,1946
1523,14/08/2024 , 01:00:00,1945,1945
1524,14/08/2024 , 02:00:00,1945,1945
1525,14/08/2024 , 03:00:00,1945,1945
1526,14/08/2024 , 04:00:00,1944,1944
1527,14/08/2024 , 05:00:00,1944,1944
1528,14/08/2024 , 06:00:00,1943,1943
1529,14/08/2024 , 07:00:00,1943,1943
1530,14/08/2024 , 08:00:00,1942,1942
1531,14/08/2024 , 09:00:00,1942,1942
1532,14/08/2024 , 10:00:00,1942,1942
1533,14/08/2024 , 11:00:00,1941,1941
1534,14/08/2024 , 12:00:00,1940,1940
1535,14/08/2024 , 13:00:00,1939,1939
1536,14/08/2024 , 14:00:00,1937,1937
1537,14/08/2024 , 15:00:00,1938,1938
1538,14/08/2024 , 16:00:00,1935,1935
1539,14/08/2024 , 17:00:00,1933,1933
1540,14/08/2024 , 18:00:00,1931,1931
1541,14/08/2024 , 19:00:00,1930,1930
1542,14/08/2024 , 20:00:00,1928,1928
1543,14/08/2024 , 21:00:00,1927,1927
1544,14/08/2024 , 22:00:00,1925,1925
1545,14/08/2024 , 23:00:00,1925,1925
1546,14/08/2024 , 23:59:59,1924,1924
1547,15/08/2024 , 01:00:00,1923,1923
1548,15/08/2024 , 02:00:00,1925,1925
1549,15/08/2024 , 03:00:00,1924,1924
1550,15/08/2024 , 04:00:00,1922,1922
1551,15/08/2024 , 05:00:00,1921,1921
1552,15/08/2024 , 06:00:00,1921,1921
1553,15/08/2024 , 07:00:00,1920,1920
1554,15/08/2024 , 08:00:00,1920,1920
1555,15/08/2024 , 09:00:00,1919,1919
1556,15/08/2024 , 10:00:00,1921,1921
1557,15/08/2024 , 11:00:00,1919,1919
1558,15/08/2024 , 12:00:00,1918,1918
1559,15/08/2024 , 13:00:00,1916,1916
1560,15/08/2024 , 14:00:00,1914,1914
1561,15/08/2024 , 15:00:00,1913,1913
1562,15/08/2024 , 16:00:00,1911,1911
1563,15/08/2024 , 17:00:00,1910,1910
1564,15/08/2024 , 18:00:00,1909,1909
1565,15/08/2024 , 19:00:00,1908,1908
1566,15/08/2024 , 20:00:00,1906,1906
1567,15/08/2024 , 21:00:00,1905,1905
1568,15/08/2024 , 22:00:00,1903,1903
1569,15/08/2024 , 23:00:00,1902,1902
1570,15/08/2024 , 23:59:59,1902,1902
1571,16/08/2024 , 01:00:00,1901,1901
1572,16/08/2024 , 02:00:00,1900,1900
1573,16/08/2024 , 03:00:00,1900,1900
1574,16/08/2024 , 04:00:00,1899,1899
1575,16/08/2024 , 05:00:00,1898,1898
1576,16/08/2024 , 06:00:00,1897,1897
1577,16/08/2024 , 07:00:00,1897,1897
1578,16/08/2024 , 08:00:00,1897,1897
1579,16/08/2024 , 09:00:00,1897,1897
1580,16/08/2024 , 10:00:00,1897,1897
1581,16/08/2024 , 11:00:00,1895,1895
1582,16/08/2024 , 12:00:00,1894,1894
1583,16/08/2024 , 13:00:00,1893,1893
1584,16/08/2024 , 14:00:00,1892,1892
1585,16/08/2024 , 15:00:00,1890,1890
1586,16/08/2024 , 16:00:00,1888,1888
1587,16/08/2024 , 17:00:00,1886,1886
1588,16/08/2024 , 18:00:00,1885,1885
1589,16/08/2024 , 19:00:00,1883,1883
1590,16/08/2024 , 20:00:00,1882,1882
1591,16/08/2024 , 21:00:00,1881,1881
1592,16/08/2024 , 22:00:00,1880,1880
1593,16/08/2024 , 23:00:00,1879,1879
1594,16/08/2024 , 23:59:59,1878,1878
1595,17/08/2024 , 01:00:00,1878,1878
1596,17/08/2024 , 02:00:00,1877,1877
1597,17/08/2024 , 03:00:00,1876,1876
1598,17/08/2024 , 04:00:00,1876,1876
1599,17/08/2024 , 05:00:00,1875,1875
1600,17/08/2024 , 06:00:00,1874,1874
1601,17/08/2024 , 07:00:00,1874,1874
1602,17/08/2024 , 08:00:00,1874,1874
1603,17/08/2024 , 09:00:00,1873,1873
1604,17/08/2024 , 10:00:00,1873,1873
1605,17/08/2024 , 11:00:00,1872,1872
1606,17/08/2024 , 12:00:00,1871,1871
1607,17/08/2024 , 13:00:00,1870,1870
1608,17/08/2024 , 14:00:00,1869,1869
1609,17/08/2024 , 15:00:00,1868,1868
1610,17/08/2024 , 16:00:00,1867,1867
1611,17/08/2024 , 17:00:00,1866,1866
1612,17/08/2024 , 18:00:00,1864,1864
1613,17/08/2024 , 19:00:00,1863,1863
1614,17/08/2024 , 20:00:00,1862,1862
1615,17/08/2024 , 21:00:00,1861,1861
1616,17/08/2024 , 22:00:00,1860,1860
1617,17/08/2024 , 23:00:00,1859,1859
1618,17/08/2024 , 23:59:59,1859,1859
1619,18/08/2024 , 01:00:00,1858,1858
1620,18/08/2024 , 02:00:00,1856,1856
1621,18/08/2024 , 03:00:00,1855,1855
1622,18/08/2024 , 04:00:00,1854,1854
1623,18/08/2024 , 05:00:00,1853,1853
1624,18/08/2024 , 06:00:00,1853,1853
1625,18/08/2024 , 07:00:00,1852,1852
1626,18/08/2024 , 08:00:00,1852,1852
1627,18/08/2024 , 09:00:00,1852,1852
1628,18/08/2024 , 10:00:00,1851,1851
1629,18/08/2024 , 11:00:00,1851,1851
1630,18/08/2024 , 12:00:00,1850,1850
1631,18/08/2024 , 13:00:00,1849,1849
1632,18/08/2024 , 14:00:00,1849,1849
1633,18/08/2024 , 15:00:00,1848,1848
1634,18/08/2024 , 16:00:00,1848,1848
1635,18/08/2024 , 17:00:00,1847,1847
1636,18/08/2024 , 18:00:00,1846,1846
1637,18/08/2024 , 19:00:00,1846,1846
1638,18/08/2024 , 20:00:00,1845,1845
1639,18/08/2024 , 21:00:00,1844,1844
1640,18/08/2024 , 22:00:00,1843,1843
1641,18/08/2024 , 23:00:00,1842,1842
1642,18/08/2024 , 23:59:59,1841,1841
1643,19/08/2024 , 01:00:00,1840,1840
1644,19/08/2024 , 02:00:00,1839,1839
1645,19/08/2024 , 03:00:00,1839,1839
1646,19/08/2024 , 04:00:00,1838,1838
1647,19/08/2024 , 05:00:00,1837,1837
1648,19/08/2024 , 06:00:00,1836,1836
1649,19/08/2024 , 07:00:00,1846,1846
1650,19/08/2024 , 08:00:00,1852,1852
1651,19/08/2024 , 09:00:00,1854,1854
1652,19/08/2024 , 10:00:00,1855,1855
1653,19/08/2024 , 11:00:00,1858,1858
1654,19/08/2024 , 12:00:00,1865,1865
1655,19/08/2024 , 13:00:00,1877,1877
1656,19/08/2024 , 14:00:00,1906,1906
1657,19/08/2024 , 15:00:00,1980,1980
1658,19/08/2024 , 16:00:00,2095,2095
1659,19/08/2024 , 17:00:00,2084,2084
1660,19/08/2024 , 18:00:00,2070,2070
1661,19/08/2024 , 19:00:00,2060,2060
1662,19/08/2024 , 20:00:00,2055,2055
1663,19/08/2024 , 21:00:00,2053,2053
1664,19/08/2024 , 22:00:00,2049,2049
1665,19/08/2024 , 23:00:00,2054,2054
1666,19/08/2024 , 23:59:59,2057,2057
1667,20/08/2024 , 01:00:00,2051,2051
1668,20/08/2024 , 02:00:00,2045,2045
1669,20/08/2024 , 03:00:00,2040,2040
1670,20/08/2024 , 04:00:00,2037,2037
1671,20/08/2024 , 05:00:00,2033,2033
1672,20/08/2024 , 06:00:00,2029,2029
1673,20/08/2024 , 07:00:00,2032,2032
1674,20/08/2024 , 08:00:00,2048,2048
1675,20/08/2024 , 09:00:00,2075,2075
1676,20/08/2024 , 10:00:00,2067,2067
1677,20/08/2024 , 11:00:00,2054,2054
1678,20/08/2024 , 12:00:00,2045,2045
1679,20/08/2024 , 13:00:00,2040,2040
1680,20/08/2024 , 14:00:00,2036,2036
1681,20/08/2024 , 15:00:00,2032,2032
1682,20/08/2024 , 16:00:00,2029,2029
1683,20/08/2024 , 17:00:00,2026,2026
1684,20/08/2024 , 18:00:00,2024,2024
1685,20/08/2024 , 19:00:00,2023,2023
1686,20/08/2024 , 20:00:00,2020,2020
1687,20/08/2024 , 21:00:00,2019,2019
1688,20/08/2024 , 22:00:00,2017,2017
1689,20/08/2024 , 23:00:00,2015,2015
1690,20/08/2024 , 23:59:59,2013,2013
1691,21/08/2024 , 01:00:00,2011,2011
1692,21/08/2024 , 02:00:00,2009,2009
1693,21/08/2024 , 03:00:00,2007,2007
1694,21/08/2024 , 04:00:00,2006,2006
1695,21/08/2024 , 05:00:00,2005,2005
1696,21/08/2024 , 06:00:00,2003,2003
1697,21/08/2024 , 07:00:00,2003,2003
1698,21/08/2024 , 08:00:00,2002,2002
1699,21/08/2024 , 09:00:00,2002,2002
1700,21/08/2024 , 10:00:00,2002,2002
1701,21/08/2024 , 11:00:00,2001,2001
1702,21/08/2024 , 12:00:00,2001,2001
1703,21/08/2024 , 13:00:00,2001,2001
1704,21/08/2024 , 14:00:00,1999,1999
1705,21/08/2024 , 15:00:00,1999,1999
1706,21/08/2024 , 16:00:00,1999,1999
1707,21/08/2024 , 17:00:00,1999,1999
1708,21/08/2024 , 18:00:00,1998,1998
1709,21/08/2024 , 19:00:00,1998,1998
1710,21/08/2024 , 20:00:00,1997,1997
1711,21/08/2024 , 21:00:00,1997,1997
1712,21/08/2024 , 22:00:00,2002,2002
1713,21/08/2024 , 23:00:00,2001,2001
1714,21/08/2024 , 23:59:59,2001,2001
1715,22/08/2024 , 01:00:00,2002,2002
1716,22/08/2024 , 02:00:00,2009,2009
1717,22/08/2024 , 03:00:00,2025,2025
1718,22/08/2024 , 04:00:00,2056,2056
1719,22/08/2024 , 05:00:00,2046,2046
1720,22/08/2024 , 06:00:00,2038,2038
1721,22/08/2024 , 07:00:00,2032,2032
1722,22/08/2024 , 08:00:00,2027,2027
1723,22/08/2024 , 09:00:00,2025,2025
1724,22/08/2024 , 10:00:00,2022,2022
1725,22/08/2024 , 11:00:00,2019,2019
1726,22/08/2024 , 12:00:00,2017,2017
1727,22/08/2024 , 13:00:00,2014,2014
1728,22/08/2024 , 14:00:00,2011,2011
1729,22/08/2024 , 15:00:00,2009,2009
1730,22/08/2024 , 16:00:00,2005,2005
1731,22/08/2024 , 17:00:00,2004,2004
1732,22/08/2024 , 18:00:00,2003,2003
1733,22/08/2024 , 19:00:00,2002,2002
1734,22/08/2024 , 20:00:00,2001,2001
1735,22/08/2024 , 21:00:00,2001,2001
1736,22/08/2024 , 22:00:00,2000,2000
1737,22/08/2024 , 23:00:00,2000,2000
1738,22/08/2024 , 23:59:59,1999,1999
1739,23/08/2024 , 01:00:00,1999,1999
1740,23/08/2024 , 02:00:00,1998,1998
1741,23/08/2024 , 03:00:00,1999,1999
1742,23/08/2024 , 04:00:00,1998,1998
1743,23/08/2024 , 05:00:00,1998,1998
1744,23/08/2024 , 06:00:00,1997,1997
1745,23/08/2024 , 07:00:00,1997,1997
1746,23/08/2024 , 08:00:00,1997,1997
1747,23/08/2024 , 09:00:00,1997,1997
1748,23/08/2024 , 10:00:00,1997,1997
1749,23/08/2024 , 11:00:00,1997,1997
1750,23/08/2024 , 12:00:00,1997,1997
1751,23/08/2024 , 13:00:00,1996,1996
1752,23/08/2024 , 14:00:00,1995,1995
1753,23/08/2024 , 15:00:00,1993,1993
1754,23/08/2024 , 16:00:00,1993,1993
1755,23/08/2024 , 17:00:00,1993,1993
1756,23/08/2024 , 18:00:00,1993,1993
1757,23/08/2024 , 19:00:00,1993,1993
1758,23/08/2024 , 20:00:00,1992,1992
1759,23/08/2024 , 21:00:00,1992,1992
1760,23/08/2024 , 22:00:00,1992,1992
1761,23/08/2024 , 23:00:00,1991,1991
1762,23/08/2024 , 23:59:59,1991,1991
1763,24/08/2024 , 01:00:00,1991,1991
1764,24/08/2024 , 02:00:00,1991,1991
1765,24/08/2024 , 03:00:00,1991,1991
1766,24/08/2024 , 04:00:00,1991,1991
1767,24/08/2024 , 05:00:00,1990,1990
1768,24/08/2024 , 06:00:00,1989,1989
1769,24/08/2024 , 07:00:00,1990,1990
1770,24/08/2024 , 08:00:00,1991,1991
1771,24/08/2024 , 09:00:00,1991,1991
1772,24/08/2024 , 10:00:00,1991,1991
1773,24/08/2024 , 11:00:00,1990,1990
1774,24/08/2024 , 12:00:00,1989,1989
1775,24/08/2024 , 13:00:00,1988,1988
1776,24/08/2024 , 14:00:00,1988,1988
1777,24/08/2024 , 15:00:00,1986,1986
1778,24/08/2024 , 16:00:00,1984,1984
1779,24/08/2024 , 17:00:00,1983,1983
1780,24/08/2024 , 18:00:00,1982,1982
1781,24/08/2024 , 19:00:00,1981,1981
1782,24/08/2024 , 20:00:00,1981,1981
1783,24/08/2024 , 21:00:00,1980,1980
1784,24/08/2024 , 22:00:00,1980,1980
1785,24/08/2024 , 23:00:00,1980,1980
1786,24/08/2024 , 23:59:59,1981,1981
1787,25/08/2024 , 01:00:00,1980,1980
1788,25/08/2024 , 02:00:00,1979,1979
1789,25/08/2024 , 03:00:00,1979,1979
1790,25/08/2024 , 04:00:00,1978,1978
1791,25/08/2024 , 05:00:00,1978,1978
1792,25/08/2024 , 06:00:00,1978,1978
1793,25/08/2024 , 07:00:00,1978,1978
1794,25/08/2024 , 08:00:00,1978,1978
1795,25/08/2024 , 09:00:00,1978,1978
1796,25/08/2024 , 10:00:00,1977,1977
1797,25/08/2024 , 11:00:00,1977,1977
1798,25/08/2024 , 12:00:00,1976,1976
1799,25/08/2024 , 13:00:00,1975,1975
1800,25/08/2024 , 14:00:00,1974,1974
1801,25/08/2024 , 15:00:00,1974,1974
1802,25/08/2024 , 16:00:00,1972,1972
1803,25/08/2024 , 17:00:00,1971,1971
1804,25/08/2024 , 18:00:00,1970,1970
1805,25/08/2024 , 19:00:00,1970,1970
1806,25/08/2024 , 20:00:00,1969,1969
1807,25/08/2024 , 21:00:00,1967,1967
1808,25/08/2024 , 22:00:00,1966,1966
1809,25/08/2024 , 23:00:00,1965,1965
1810,25/08/2024 , 23:59:59,1964,1964
1811,26/08/2024 , 01:00:00,1964,1964
1812,26/08/2024 , 02:00:00,1963,1963
1813,26/08/2024 , 03:00:00,1962,1962
1814,26/08/2024 , 04:00:00,1963,1963
1815,26/08/2024 , 05:00:00,1962,1962
1816,26/08/2024 , 06:00:00,1961,1961
1817,26/08/2024 , 07:00:00,1961,1961
1818,26/08/2024 , 08:00:00,1960,1960
1819,26/08/2024 , 09:00:00,1959,1959
1820,26/08/2024 , 10:00:00,1959,1959
1821,26/08/2024 , 11:00:00,1958,1958
1822,26/08/2024 , 12:00:00,1958,1958
1823,26/08/2024 , 13:00:00,1957,1957
1824,26/08/2024 , 14:00:00,1956,1956
1825,26/08/2024 , 15:00:00,1954,1954
1826,26/08/2024 , 16:00:00,1953,1953
1827,26/08/2024 , 17:00:00,1951,1951
1828,26/08/2024 , 18:00:00,1950,1950
1829,26/08/2024 , 19:00:00,1948,1948
1830,26/08/2024 , 20:00:00,1947,1947
1831,26/08/2024 , 21:00:00,1946,1946
1832,26/08/2024 , 22:00:00,1945,1945
1833,26/08/2024 , 23:00:00,1945,1945
1834,26/08/2024 , 23:59:59,1944,1944
1835,27/08/2024 , 01:00:00,1943,1943
1836,27/08/2024 , 02:00:00,1943,1943
1837,27/08/2024 , 03:00:00,1942,1942
1838,27/08/2024 , 04:00:00,1942,1942
1839,27/08/2024 , 05:00:00,1941,1941
1840,27/08/2024 , 06:00:00,1941,1941
1841,27/08/2024 , 07:00:00,1942,1942
1842,27/08/2024 , 08:00:00,1941,1941
1843,27/08/2024 , 09:00:00,1941,1941
1844,27/08/2024 , 10:00:00,1941,1941
1845,27/08/2024 , 11:00:00,1940,1940
1846,27/08/2024 , 12:00:00,1939,1939
1847,27/08/2024 , 13:00:00,1938,1938
1848,27/08/2024 , 14:00:00,1937,1937
1849,27/08/2024 , 15:00:00,1935,1935
1850,27/08/2024 , 16:00:00,1934,1934
1851,27/08/2024 , 17:00:00,1932,1932
1852,27/08/2024 , 18:00:00,1931,1931
1853,27/08/2024 , 19:00:00,1929,1929
1854,27/08/2024 , 20:00:00,1928,1928
1855,27/08/2024 , 21:00:00,1927,1927
1856,27/08/2024 , 22:00:00,1926,1926
1857,27/08/2024 , 23:00:00,1925,1925
1858,27/08/2024 , 23:59:59,1925,1925
1859,28/08/2024 , 01:00:00,1924,1924
1860,28/08/2024 , 02:00:00,1923,1923
1861,28/08/2024 , 03:00:00,1923,1923
1862,28/08/2024 , 04:00:00,1926,1926
1863,28/08/2024 , 05:00:00,1927,1927
1864,28/08/2024 , 06:00:00,1928,1928
1865,28/08/2024 , 07:00:00,1928,1928
1866,28/08/2024 , 08:00:00,1928,1928
1867,28/08/2024 , 09:00:00,1928,1928
1868,28/08/2024 , 10:00:00,1928,1928
1869,28/08/2024 , 11:00:00,1928,1928
1870,28/08/2024 , 12:00:00,1927,1927
1871,28/08/2024 , 13:00:00,1927,1927
1872,28/08/2024 , 14:00:00,1926,1926
1873,28/08/2024 , 15:00:00,1925,1925
1874,28/08/2024 , 16:00:00,1924,1924
1875,28/08/2024 , 17:00:00,1922,1922
1876,28/08/2024 , 18:00:00,1921,1921
1877,28/08/2024 , 19:00:00,1919,1919
1878,28/08/2024 , 20:00:00,1917,1917
1879,28/08/2024 , 21:00:00,1916,1916
1880,28/08/2024 , 22:00:00,1915,1915
1881,28/08/2024 , 23:00:00,1914,1914
1882,28/08/2024 , 23:59:59,1914,1914
1883,29/08/2024 , 01:00:00,1913,1913
1884,29/08/2024 , 02:00:00,1913,1913
1885,29/08/2024 , 03:00:00,1913,1913
1886,29/08/2024 , 04:00:00,1911,1911
1887,29/08/2024 , 05:00:00,1911,1911
1888,29/08/2024 , 06:00:00,1910,1910
1889,29/08/2024 , 07:00:00,1909,1909
1890,29/08/2024 , 08:00:00,1909,1909
1891,29/08/2024 , 09:00:00,1909,1909
1892,29/08/2024 , 10:00:00,1910,1910
1893,29/08/2024 , 11:00:00,1909,1909
1894,29/08/2024 , 12:00:00,1907,1907
1895,29/08/2024 , 13:00:00,1906,1906
1896,29/08/2024 , 14:00:00,1905,1905
1897,29/08/2024 , 15:00:00,1904,1904
1898,29/08/2024 , 16:00:00,1902,1902
1899,29/08/2024 , 17:00:00,1901,1901
1900,29/08/2024 , 18:00:00,1900,1900
1901,29/08/2024 , 19:00:00,1898,1898
1902,29/08/2024 , 20:00:00,1897,1897
1903,29/08/2024 , 21:00:00,1895,1895
1904,29/08/2024 , 22:00:00,1894,1894
1905,29/08/2024 , 23:00:00,1893,1893
1906,29/08/2024 , 23:59:59,1892,1892
1907,30/08/2024 , 01:00:00,1891,1891
1908,30/08/2024 , 02:00:00,1891,1891
1909,30/08/2024 , 03:00:00,1890,1890
1910,30/08/2024 , 04:00:00,1889,1889
1911,30/08/2024 , 05:00:00,1888,1888
1912,30/08/2024 , 06:00:00,1888,1888
1913,30/08/2024 , 07:00:00,1888,1888
1914,30/08/2024 , 08:00:00,1888,1888
1915,30/08/2024 , 09:00:00,1889,1889
1916,30/08/2024 , 10:00:00,1888,1888
1917,30/08/2024 , 11:00:00,1888,1888
1918,30/08/2024 , 12:00:00,1887,1887
1919,30/08/2024 , 13:00:00,1886,1886
1920,30/08/2024 , 14:00:00,1885,1885
1921,30/08/2024 , 15:00:00,1883,1883
1922,30/08/2024 , 16:00:00,1882,1882
1923,30/08/2024 , 17:00:00,1881,1881
1924,30/08/2024 , 18:00:00,1880,1880
1925,30/08/2024 , 19:00:00,1879,1879
1926,30/08/2024 , 20:00:00,1878,1878
1927,30/08/2024 , 21:00:00,1881,1881
1928,30/08/2024 , 22:00:00,1878,1878
1929,30/08/2024 , 23:00:00,1877,1877
1930,30/08/2024 , 23:59:59,1875,1875
1931,31/08/2024 , 01:00:00,1875,1875
1932,31/08/2024 , 02:00:00,1874,1874
1933,31/08/2024 , 03:00:00,1873,1873
1934,31/08/2024 , 04:00:00,1872,1872
1935,31/08/2024 , 05:00:00,1871,1871
1936,31/08/2024 , 06:00:00,1871,1871
1937,31/08/2024 , 07:00:00,1870,1870
1938,31/08/2024 , 08:00:00,1870,1870
1939,31/08/2024 , 09:00:00,1869,1869
1940,31/08/2024 , 10:00:00,1868,1868
1941,31/08/2024 , 11:00:00,1868,1868
1942,31/08/2024 , 12:00:00,1868,1868
1943,31/08/2024 , 13:00:00,1869,1869
1944,31/08/2024 , 14:00:00,1869,1869
1945,31/08/2024 , 15:00:00,1869,1869
1946,31/08/2024 , 16:00:00,1869,1869
1947,31/08/2024 , 17:00:00,1869,1869
1948,31/08/2024 , 18:00:00,1868,1868
1949,31/08/2024 , 19:00:00,1869,1869
1950,31/08/2024 , 20:00:00,1869,1869
1951,31/08/2024 , 21:00:00,1874,1874
1952,31/08/2024 , 22:00:00,1888,1888
1953,31/08/2024 , 23:00:00,1897,1897
1954,31/08/2024 , 23:59:59,1905,1905
1955,01/09/2024 , 01:00:00,1911,1911
1956,01/09/2024 , 02:00:00,1916,1916
1957,01/09/2024 , 03:00:00,1921,1921
1958,01/09/2024 , 04:00:00,1924,1924
1959,01/09/2024 , 05:00:00,1927,1927
1960,01/09/2024 , 06:00:00,1930,1930
1961,01/09/2024 , 07:00:00,1931,1931
1962,01/09/2024 , 08:00:00,1933,1933
1963,01/09/2024 , 09:00:00,1935,1935
1964,01/09/2024 , 10:00:00,1937,1937
1965,01/09/2024 , 11:00:00,1940,1940
1966,01/09/2024 , 12:00:00,1942,1942
1967,01/09/2024 , 13:00:00,1943,1943
1968,01/09/2024 , 14:00:00,1943,1943
1969,01/09/2024 , 15:00:00,1943,1943
1970,01/09/2024 , 16:00:00,1945,1945
1971,01/09/2024 , 17:00:00,1945,1945
1972,01/09/2024 , 18:00:00,1961,1961
1973,01/09/2024 , 19:00:00,1989,1989
1974,01/09/2024 , 20:00:00,2009,2009
1975,01/09/2024 , 21:00:00,2021,2021
1976,01/09/2024 , 22:00:00,2023,2023
1977,01/09/2024 , 23:00:00,2023,2023
1978,01/09/2024 , 23:59:59,2022,2022
1979,02/09/2024 , 01:00:00,2019,2019
1980,02/09/2024 , 02:00:00,2017,2017
1981,02/09/2024 , 03:00:00,2014,2014
1982,02/09/2024 , 04:00:00,2011,2011
1983,02/09/2024 , 05:00:00,2010,2010
1984,02/09/2024 , 06:00:00,2008,2008
1985,02/09/2024 , 07:00:00,2008,2008
1986,02/09/2024 , 08:00:00,2007,2007
1987,02/09/2024 , 09:00:00,2007,2007
1988,02/09/2024 , 10:00:00,2005,2005
1989,02/09/2024 , 11:00:00,2005,2005
1990,02/09/2024 , 12:00:00,2004,2004
1991,02/09/2024 , 13:00:00,2003,2003
1992,02/09/2024 , 14:00:00,2002,2002
1993,02/09/2024 , 15:00:00,2001,2001
1994,02/09/2024 , 16:00:00,2000,2000
1995,02/09/2024 , 17:00:00,1999,1999
1996,02/09/2024 , 18:00:00,1998,1998
1997,02/09/2024 , 19:00:00,1998,1998
1998,02/09/2024 , 20:00:00,1997,1997
1999,02/09/2024 , 21:00:00,1997,1997
2000,02/09/2024 , 22:00:00,1995,1995
2001,02/09/2024 , 23:00:00,1995,1995
2002,02/09/2024 , 23:59:59,1994,1994
2003,03/09/2024 , 01:00:00,1993,1993
2004,03/09/2024 , 02:00:00,1993,1993
2005,03/09/2024 , 03:00:00,1993,1993
2006,03/09/2024 , 04:00:00,1992,1992
2007,03/09/2024 , 05:00:00,1991,1991
2008,03/09/2024 , 06:00:00,1991,1991
2009,03/09/2024 , 07:00:00,1991,1991
2010,03/09/2024 , 08:00:00,1991,1991
2011,03/09/2024 , 09:00:00,1991,1991
2012,03/09/2024 , 10:00:00,1991,1991
2013,03/09/2024 , 11:00:00,1991,1991
2014,03/09/2024 , 12:00:00,1989,1989
2015,03/09/2024 , 13:00:00,1989,1989
2016,03/09/2024 , 14:00:00,1986,1986
2017,03/09/2024 , 15:00:00,1985,1985
2018,03/09/2024 , 16:00:00,1984,1984
2019,03/09/2024 , 17:00:00,1983,1983
2020,03/09/2024 , 18:00:00,1982,1982
2021,03/09/2024 , 19:00:00,1981,1981
2022,03/09/2024 , 20:00:00,1980,1980
2023,03/09/2024 , 21:00:00,1980,1980
2024,03/09/2024 , 22:00:00,1979,1979
2025,03/09/2024 , 23:00:00,1978,1978
2026,03/09/2024 , 23:59:59,1978,1978
2027,04/09/2024 , 01:00:00,1978,1978
2028,04/09/2024 , 02:00:00,1977,1977
2029,04/09/2024 , 03:00:00,1976,1976
2030,04/09/2024 , 04:00:00,1976,1976
2031,04/09/2024 , 05:00:00,1975,1975
2032,04/09/2024 , 06:00:00,1974,1974
2033,04/09/2024 , 07:00:00,1974,1974
2034,04/09/2024 , 08:00:00,1974,1974
2035,04/09/2024 , 09:00:00,1973,1973
2036,04/09/2024 , 10:00:00,1973,1973
2037,04/09/2024 , 11:00:00,1972,1972
2038,04/09/2024 , 12:00:00,1971,1971
2039,04/09/2024 , 13:00:00,1970,1970
2040,04/09/2024 , 14:00:00,1968,1968
2041,04/09/2024 , 15:00:00,1965,1965
2042,04/09/2024 , 16:00:00,1963,1963
2043,04/09/2024 , 17:00:00,1964,1964
2044,04/09/2024 , 18:00:00,1961,1961
2045,04/09/2024 , 19:00:00,1958,1958
2046,04/09/2024 , 20:00:00,1956,1956
2047,04/09/2024 , 21:00:00,1954,1954
2048,04/09/2024 , 22:00:00,1952,1952
2049,04/09/2024 , 23:00:00,1951,1951
2050,04/09/2024 , 23:59:59,1950,1950
2051,05/09/2024 , 01:00:00,1953,1953
2052,05/09/2024 , 02:00:00,1949,1949
2053,05/09/2024 , 03:00:00,1948,1948
2054,05/09/2024 , 04:00:00,1946,1946
2055,05/09/2024 , 05:00:00,1946,1946
2056,05/09/2024 , 06:00:00,1945,1945
2057,05/09/2024 , 07:00:00,1945,1945
2058,05/09/2024 , 08:00:00,1944,1944
2059,05/09/2024 , 09:00:00,1944,1944
2060,05/09/2024 , 10:00:00,1944,1944
2061,05/09/2024 , 11:00:00,1943,1943
2062,05/09/2024 , 12:00:00,1942,1942
2063,05/09/2024 , 13:00:00,1940,1940
2064,05/09/2024 , 14:00:00,1938,1938
2065,05/09/2024 , 15:00:00,1936,1936
2066,05/09/2024 , 16:00:00,1934,1934
2067,05/09/2024 , 17:00:00,1932,1932
2068,05/09/2024 , 18:00:00,1930,1930
2069,05/09/2024 , 19:00:00,1928,1928
2070,05/09/2024 , 20:00:00,1926,1926
2071,05/09/2024 , 21:00:00,1928,1928
2072,05/09/2024 , 22:00:00,1925,1925
2073,05/09/2024 , 23:00:00,1924,1924
2074,05/09/2024 , 23:59:59,1922,1922
2075,06/09/2024 , 01:00:00,1921,1921
2076,06/09/2024 , 02:00:00,1920,1920
2077,06/09/2024 , 03:00:00,1920,1920
2078,06/09/2024 , 04:00:00,1919,1919
2079,06/09/2024 , 05:00:00,1918,1918
2080,06/09/2024 , 06:00:00,1917,1917
2081,06/09/2024 , 07:00:00,1916,1916
2082,06/09/2024 , 08:00:00,1916,1916
2083,06/09/2024 , 09:00:00,1916,1916
2084,06/09/2024 , 10:00:00,1915,1915
2085,06/09/2024 , 11:00:00,1915,1915
2086,06/09/2024 , 12:00:00,1914,1914
2087,06/09/2024 , 13:00:00,1912,1912
2088,06/09/2024 , 14:00:00,1911,1911
2089,06/09/2024 , 15:00:00,1911,1911
2090,06/09/2024 , 16:00:00,1908,1908
2091,06/09/2024 , 17:00:00,1906,1906
2092,06/09/2024 , 18:00:00,1904,1904
2093,06/09/2024 , 19:00:00,1902,1902
2094,06/09/2024 , 20:00:00,1901,1901
2095,06/09/2024 , 21:00:00,1899,1899
2096,06/09/2024 , 22:00:00,1898,1898
2097,06/09/2024 , 23:00:00,1897,1897
2098,06/09/2024 , 23:59:59,1897,1897
2099,07/09/2024 , 01:00:00,1895,1895
2100,07/09/2024 , 02:00:00,1895,1895
2101,07/09/2024 , 03:00:00,1894,1894
2102,07/09/2024 , 04:00:00,1893,1893
2103,07/09/2024 , 05:00:00,1892,1892
2104,07/09/2024 , 06:00:00,1897,1897
2105,07/09/2024 , 07:00:00,1896,1896
2106,07/09/2024 , 08:00:00,1896,1896
2107,07/09/2024 , 09:00:00,1894,1894
2108,07/09/2024 , 10:00:00,1894,1894
2109,07/09/2024 , 11:00:00,1892,1892
2110,07/09/2024 , 12:00:00,1890,1890
2111,07/09/2024 , 13:00:00,1889,1889
2112,07/09/2024 , 14:00:00,1887,1887
2113,07/09/2024 , 15:00:00,1886,1886
2114,07/09/2024 , 16:00:00,1884,1884
2115,07/09/2024 , 17:00:00,1883,1883
2116,07/09/2024 , 18:00:00,1883,1883
2117,07/09/2024 , 19:00:00,1882,1882
2118,07/09/2024 , 20:00:00,1881,1881
2119,07/09/2024 , 21:00:00,1880,1880
2120,07/09/2024 , 22:00:00,1880,1880
2121,07/09/2024 , 23:00:00,1879,1879
2122,07/09/2024 , 23:59:59,1878,1878
2123,08/09/2024 , 01:00:00,1880,1880
2124,08/09/2024 , 02:00:00,1881,1881
2125,08/09/2024 , 03:00:00,1880,1880
2126,08/09/2024 , 04:00:00,1879,1879
2127,08/09/2024 , 05:00:00,1879,1879
2128,08/09/2024 , 06:00:00,1877,1877
2129,08/09/2024 , 07:00:00,1877,1877
2130,08/09/2024 , 08:00:00,1876,1876
2131,08/09/2024 , 09:00:00,1876,1876
2132,08/09/2024 , 10:00:00,1876,1876
2133,08/09/2024 , 11:00:00,1876,1876
2134,08/09/2024 , 12:00:00,1875,1875
2135,08/09/2024 , 13:00:00,1874,1874
2136,08/09/2024 , 14:00:00,1873,1873
2137,08/09/2024 , 15:00:00,1872,1872
2138,08/09/2024 , 16:00:00,1871,1871
2139,08/09/2024 , 17:00:00,1870,1870
2140,08/09/2024 , 18:00:00,1869,1869
2141,08/09/2024 , 19:00:00,1868,1868
2142,08/09/2024 , 20:00:00,1867,1867
2143,08/09/2024 , 21:00:00,1867,1867
2144,08/09/2024 , 22:00:00,1866,1866
2145,08/09/2024 , 23:00:00,1865,1865
2146,08/09/2024 , 23:59:59,1864,1864
2147,09/09/2024 , 01:00:00,1863,1863
2148,09/09/2024 , 02:00:00,1862,1862
2149,09/09/2024 , 03:00:00,1862,1862
2150,09/09/2024 , 04:00:00,1861,1861
2151,09/09/2024 , 05:00:00,1860,1860
2152,09/09/2024 , 06:00:00,1860,1860
2153,09/09/2024 , 07:00:00,1859,1859
2154,09/09/2024 , 08:00:00,1858,1858
2155,09/09/2024 , 09:00:00,1859,1859
2156,09/09/2024 , 10:00:00,1858,1858
2157,09/09/2024 , 11:00:00,1858,1858
2158,09/09/2024 , 12:00:00,1858,1858
2159,09/09/2024 , 13:00:00,1857,1857
2160,09/09/2024 , 14:00:00,1856,1856
2161,09/09/2024 , 15:00:00,1855,1855
2162,09/09/2024 , 16:00:00,1854,1854
2163,09/09/2024 , 17:00:00,1853,1853
2164,09/09/2024 , 18:00:00,1852,1852
2165,09/09/2024 , 19:00:00,1851,1851
2166,09/09/2024 , 20:00:00,1850,1850
2167,09/09/2024 , 21:00:00,1849,1849
2168,09/09/2024 , 22:00:00,1848,1848
2169,09/09/2024 , 23:00:00,1847,1847
2170,09/09/2024 , 23:59:59,1846,1846
2171,10/09/2024 , 01:00:00,1844,1844
2172,10/09/2024 , 02:00:00,1844,1844
2173,10/09/2024 , 03:00:00,1843,1843
2174,10/09/2024 , 04:00:00,1842,1842
2175,10/09/2024 , 05:00:00,1841,1841
2176,10/09/2024 , 06:00:00,1841,1841
2177,10/09/2024 , 07:00:00,1840,1840
2178,10/09/2024 , 08:00:00,1840,1840
2179,10/09/2024 , 09:00:00,1840,1840
2180,10/09/2024 , 10:00:00,1839,1839
2181,10/09/2024 , 11:00:00,1838,1838
2182,10/09/2024 , 12:00:00,1837,1837
2183,10/09/2024 , 13:00:00,1837,1837
2184,10/09/2024 , 14:00:00,1836,1836
2185,10/09/2024 , 15:00:00,1835,1835
2186,10/09/2024 , 16:00:00,1834,1834
2187,10/09/2024 , 17:00:00,1833,1833
2188,10/09/2024 , 18:00:00,1832,1832
2189,10/09/2024 , 19:00:00,1831,1831
2190,10/09/2024 , 20:00:00,1829,1829
2191,10/09/2024 , 21:00:00,1828,1828
2192,10/09/2024 , 22:00:00,1827,1827
2193,10/09/2024 , 23:00:00,1826,1826
2194,10/09/2024 , 23:59:59,1825,1825
2195,11/09/2024 , 01:00:00,1825,1825
2196,11/09/2024 , 02:00:00,1824,1824
2197,11/09/2024 , 03:00:00,1823,1823
2198,11/09/2024 , 04:00:00,1822,1822
2199,11/09/2024 , 05:00:00,1821,1821
2200,11/09/2024 , 06:00:00,1821,1821
2201,11/09/2024 , 07:00:00,1821,1821
2202,11/09/2024 , 08:00:00,1820,1820
2203,11/09/2024 , 09:00:00,1819,1819
2204,11/09/2024 , 10:00:00,1819,1819
2205,11/09/2024 , 11:00:00,1819,1819
2206,11/09/2024 , 12:00:00,1818,1818
2207,11/09/2024 , 13:00:00,1817,1817
2208,11/09/2024 , 14:00:00,1817,1817
2209,11/09/2024 , 15:00:00,1816,1816
2210,11/09/2024 , 16:00:00,1815,1815
2211,11/09/2024 , 17:00:00,1814,1814
2212,11/09/2024 , 18:00:00,1813,1813
2213,11/09/2024 , 19:00:00,1815,1815
2214,11/09/2024 , 20:00:00,1812,1812
2215,11/09/2024 , 21:00:00,1810,1810
2216,11/09/2024 , 22:00:00,1809,1809
2217,11/09/2024 , 23:00:00,1811,1811
2218,11/09/2024 , 23:59:59,1809,1809
2219,12/09/2024 , 01:00:00,1808,1808
2220,12/09/2024 , 02:00:00,1808,1808
2221,12/09/2024 , 03:00:00,1807,1807
2222,12/09/2024 , 04:00:00,1806,1806
2223,12/09/2024 , 05:00:00,1805,1805
2224,12/09/2024 , 06:00:00,1805,1805
2225,12/09/2024 , 07:00:00,1804,1804
2226,12/09/2024 , 08:00:00,1804,1804
2227,12/09/2024 , 09:00:00,1804,1804
2228,12/09/2024 , 10:00:00,1804,1804
2229,12/09/2024 , 11:00:00,1803,1803
2230,12/09/2024 , 12:00:00,1802,1802
2231,12/09/2024 , 13:00:00,1802,1802
2232,12/09/2024 , 14:00:00,1801,1801
2233,12/09/2024 , 15:00:00,1801,1801
2234,12/09/2024 , 16:00:00,1802,1802
2235,12/09/2024 , 17:00:00,1800,1800
2236,12/09/2024 , 18:00:00,1799,1799
2237,12/09/2024 , 19:00:00,1798,1798
2238,12/09/2024 , 20:00:00,1797,1797
2239,12/09/2024 , 21:00:00,1796,1796
2240,12/09/2024 , 22:00:00,1795,1795
2241,12/09/2024 , 23:00:00,1797,1797
2242,12/09/2024 , 23:59:59,1796,1796
2243,13/09/2024 , 01:00:00,1795,1795
2244,13/09/2024 , 02:00:00,1794,1794
2245,13/09/2024 , 03:00:00,1793,1793
2246,13/09/2024 , 04:00:00,1793,1793
2247,13/09/2024 , 05:00:00,1792,1792
2248,13/09/2024 , 06:00:00,1791,1791
2249,13/09/2024 , 07:00:00,1792,1792
2250,13/09/2024 , 08:00:00,1790,1790
2251,13/09/2024 , 09:00:00,1790,1790
2252,13/09/2024 , 10:00:00,1790,1790
2253,13/09/2024 , 11:00:00,1790,1790
2254,13/09/2024 , 12:00:00,1790,1790
2255,13/09/2024 , 13:00:00,1789,1789
2256,13/09/2024 , 14:00:00,1788,1788
2257,13/09/2024 , 15:00:00,1787,1787
2258,13/09/2024 , 16:00:00,1794,1794
2259,13/09/2024 , 17:00:00,1792,1792
2260,13/09/2024 , 18:00:00,1790,1790
2261,13/09/2024 , 19:00:00,1789,1789
2262,13/09/2024 , 20:00:00,1787,1787
2263,13/09/2024 , 21:00:00,1786,1786
2264,13/09/2024 , 22:00:00,1785,1785
2265,13/09/2024 , 23:00:00,1784,1784
2266,13/09/2024 , 23:59:59,1782,1782
2267,14/09/2024 , 01:00:00,1781,1781
2268,14/09/2024 , 02:00:00,1786,1786
2269,14/09/2024 , 03:00:00,1784,1784
2270,14/09/2024 , 04:00:00,1782,1782
2271,14/09/2024 , 05:00:00,1781,1781
2272,14/09/2024 , 06:00:00,1780,1780
2273,14/09/2024 , 07:00:00,1779,1779
2274,14/09/2024 , 08:00:00,1778,1778
2275,14/09/2024 , 09:00:00,1777,1777
2276,14/09/2024 , 10:00:00,1776,1776
2277,14/09/2024 , 11:00:00,1775,1775
2278,14/09/2024 , 12:00:00,1775,1775
2279,14/09/2024 , 13:00:00,1774,1774
2280,14/09/2024 , 14:00:00,1773,1773
2281,14/09/2024 , 15:00:00,1772,1772
2282,14/09/2024 , 16:00:00,1771,1771
2283,14/09/2024 , 17:00:00,1770,1770
2284,14/09/2024 , 18:00:00,1769,1769
2285,14/09/2024 , 19:00:00,1768,1768
2286,14/09/2024 , 20:00:00,1767,1767
2287,14/09/2024 , 21:00:00,1767,1767
2288,14/09/2024 , 22:00:00,1765,1765
2289,14/09/2024 , 23:00:00,1765,1765
2290,14/09/2024 , 23:59:59,1768,1768
2291,15/09/2024 , 01:00:00,1766,1766
2292,15/09/2024 , 02:00:00,1765,1765
2293,15/09/2024 , 03:00:00,1764,1764
2294,15/09/2024 , 04:00:00,1764,1764
2295,15/09/2024 , 05:00:00,1763,1763
2296,15/09/2024 , 06:00:00,1763,1763
2297,15/09/2024 , 07:00:00,1763,1763
2298,15/09/2024 , 08:00:00,1763,1763
2299,15/09/2024 , 09:00:00,1763,1763
2300,15/09/2024 , 10:00:00,1762,1762
2301,15/09/2024 , 11:00:00,1762,1762
2302,15/09/2024 , 12:00:00,1762,1762
2303,15/09/2024 , 13:00:00,1762,1762
2304,15/09/2024 , 14:00:00,1764,1764
2305,15/09/2024 , 15:00:00,1760,1760
2306,15/09/2024 , 16:00:00,1763,1763
2307,15/09/2024 , 17:00:00,1760,1760
2308,15/09/2024 , 18:00:00,1758,1758
2309,15/09/2024 , 19:00:00,1757,1757
2310,15/09/2024 , 20:00:00,1756,1756
2311,15/09/2024 , 21:00:00,1755,1755
2312,15/09/2024 , 22:00:00,1754,1754
2313,15/09/2024 , 23:00:00,1761,1761
2314,15/09/2024 , 23:59:59,1757,1757
2315,16/09/2024 , 01:00:00,1756,1756
2316,16/09/2024 , 02:00:00,1754,1754
2317,16/09/2024 , 03:00:00,1756,1756
2318,16/09/2024 , 04:00:00,1753,1753
2319,16/09/2024 , 05:00:00,1751,1751
2320,16/09/2024 , 06:00:00,1750,1750
2321,16/09/2024 , 07:00:00,1749,1749
2322,16/09/2024 , 08:00:00,1749,1749
2323,16/09/2024 , 09:00:00,1748,1748
2324,16/09/2024 , 10:00:00,1748,1748
2325,16/09/2024 , 11:00:00,1748,1748
2326,16/09/2024 , 12:00:00,1748,1748
2327,16/09/2024 , 13:00:00,1752,1752
2328,16/09/2024 , 14:00:00,1754,1754
2329,16/09/2024 , 15:00:00,1751,1751
2330,16/09/2024 , 16:00:00,1750,1750
2331,16/09/2024 , 17:00:00,1748,1748
2332,16/09/2024 , 18:00:00,1746,1746
2333,16/09/2024 , 19:00:00,1744,1744
2334,16/09/2024 , 20:00:00,1743,1743
2335,16/09/2024 , 21:00:00,1742,1742
2336,16/09/2024 , 22:00:00,1741,1741
2337,16/09/2024 , 23:00:00,1745,1745
2338,16/09/2024 , 23:59:59,1743,1743
2339,17/09/2024 , 01:00:00,1745,1745
2340,17/09/2024 , 02:00:00,1742,1742
2341,17/09/2024 , 03:00:00,1740,1740
2342,17/09/2024 , 04:00:00,1738,1738
2343,17/09/2024 , 05:00:00,1737,1737
2344,17/09/2024 , 06:00:00,1738,1738
2345,17/09/2024 , 07:00:00,1736,1736
2346,17/09/2024 , 08:00:00,1735,1735
2347,17/09/2024 , 09:00:00,1735,1735
2348,17/09/2024 , 10:00:00,1734,1734
2349,17/09/2024 , 11:00:00,1734,1734
2350,17/09/2024 , 12:00:00,1733,1733
2351,17/09/2024 , 13:00:00,1733,1733
2352,17/09/2024 , 14:00:00,1733,1733
2353,17/09/2024 , 15:00:00,1732,1732
2354,17/09/2024 , 16:00:00,1731,1731
2355,17/09/2024 , 17:00:00,1729,1729
2356,17/09/2024 , 18:00:00,1729,1729
2357,17/09/2024 , 19:00:00,1728,1728
2358,17/09/2024 , 20:00:00,1727,1727
2359,17/09/2024 , 21:00:00,1726,1726
2360,17/09/2024 , 22:00:00,1725,1725
2361,17/09/2024 , 23:00:00,1724,1724
2362,17/09/2024 , 23:59:59,1726,1726
2363,18/09/2024 , 01:00:00,1724,1724
2364,18/09/2024 , 02:00:00,1723,1723
2365,18/09/2024 , 03:00:00,1723,1723
2366,18/09/2024 , 04:00:00,1722,1722
2367,18/09/2024 , 05:00:00,1721,1721
2368,18/09/2024 , 06:00:00,1720,1720
2369,18/09/2024 , 07:00:00,1720,1720
2370,18/09/2024 , 08:00:00,1720,1720
2371,18/09/2024 , 09:00:00,1720,1720
2372,18/09/2024 , 10:00:00,1719,1719
2373,18/09/2024 , 11:00:00,1719,1719
2374,18/09/2024 , 12:00:00,1718,1718
2375,18/09/2024 , 13:00:00,1718,1718
2376,18/09/2024 , 14:00:00,1717,1717
2377,18/09/2024 , 15:00:00,1716,1716
2378,18/09/2024 , 16:00:00,1715,1715
2379,18/09/2024 , 17:00:00,1715,1715
2380,18/09/2024 , 18:00:00,1713,1713
2381,18/09/2024 , 19:00:00,1714,1714
2382,18/09/2024 , 20:00:00,1713,1713
2383,18/09/2024 , 21:00:00,1712,1712
2384,18/09/2024 , 22:00:00,1711,1711
2385,18/09/2024 , 23:00:00,1710,1710
2386,18/09/2024 , 23:59:59,1709,1709
2387,19/09/2024 , 01:00:00,1709,1709
2388,19/09/2024 , 02:00:00,1708,1708
2389,19/09/2024 , 03:00:00,1707,1707
2390,19/09/2024 , 04:00:00,1707,1707
2391,19/09/2024 , 05:00:00,1706,1706
2392,19/09/2024 , 06:00:00,1705,1705
2393,19/09/2024 , 07:00:00,1705,1705
2394,19/09/2024 , 08:00:00,1705,1705
2395,19/09/2024 , 09:00:00,1705,1705
2396,19/09/2024 , 10:00:00,1704,1704
2397,19/09/2024 , 11:00:00,1704,1704
2398,19/09/2024 , 12:00:00,1704,1704
2399,19/09/2024 , 13:00:00,1703,1703
2400,19/09/2024 , 14:00:00,1702,1702
2401,19/09/2024 , 15:00:00,1701,1701
2402,19/09/2024 , 16:00:00,1701,1701
2403,19/09/2024 , 17:00:00,1700,1700
2404,19/09/2024 , 18:00:00,1699,1699
2405,19/09/2024 , 19:00:00,1699,1699
2406,19/09/2024 , 20:00:00,1698,1698
2407,19/09/2024 , 21:00:00,1698,1698
2408,19/09/2024 , 22:00:00,1697,1697
2409,19/09/2024 , 23:00:00,1696,1696
2410,19/09/2024 , 23:59:59,1696,1696
2411,20/09/2024 , 01:00:00,1695,1695
2412,20/09/2024 , 02:00:00,1694,1694
2413,20/09/2024 , 03:00:00,1693,1693
2414,20/09/2024 , 04:00:00,1693,1693
2415,20/09/2024 , 05:00:00,1692,1692
2416,20/09/2024 , 06:00:00,1691,1691
2417,20/09/2024 , 07:00:00,1691,1691
2418,20/09/2024 , 08:00:00,1690,1690
2419,20/09/2024 , 09:00:00,1690,1690
2420,20/09/2024 , 10:00:00,1689,1689
2421,20/09/2024 , 11:00:00,1689,1689
2422,20/09/2024 , 12:00:00,1688,1688
2423,20/09/2024 , 13:00:00,1688,1688
2424,20/09/2024 , 14:00:00,1687,1687
2425,20/09/2024 , 15:00:00,1687,1687
2426,20/09/2024 , 16:00:00,1686,1686
2427,20/09/2024 , 17:00:00,1685,1685
2428,20/09/2024 , 18:00:00,1685,1685
2429,20/09/2024 , 19:00:00,1685,1685
2430,20/09/2024 , 20:00:00,1683,1683
2431,20/09/2024 , 21:00:00,1683,1683
2432,20/09/2024 , 22:00:00,1682,1682
2433,20/09/2024 , 23:00:00,1682,1682
2434,20/09/2024 , 23:59:59,1681,1681
2435,21/09/2024 , 01:00:00,1681,1681
2436,21/09/2024 , 02:00:00,1680,1680
2437,21/09/2024 , 03:00:00,1679,1679
2438,21/09/2024 , 04:00:00,1679,1679
2439,21/09/2024 , 05:00:00,1678,1678
2440,21/09/2024 , 06:00:00,1678,1678
2441,21/09/2024 , 07:00:00,1677,1677
2442,21/09/2024 , 08:00:00,1677,1677
2443,21/09/2024 , 09:00:00,1676,1676
2444,21/09/2024 , 10:00:00,1676,1676
2445,21/09/2024 , 11:00:00,1675,1675
2446,21/09/2024 , 12:00:00,1674,1674
2447,21/09/2024 , 13:00:00,1673,1673
2448,21/09/2024 , 14:00:00,1673,1673
2449,21/09/2024 , 15:00:00,1672,1672
2450,21/09/2024 , 16:00:00,1671,1671
2451,21/09/2024 , 17:00:00,1671,1671
2452,21/09/2024 , 18:00:00,1670,1670
2453,21/09/2024 , 19:00:00,1669,1669
2454,21/09/2024 , 20:00:00,1668,1668
2455,21/09/2024 , 21:00:00,1667,1667
2456,21/09/2024 , 22:00:00,1666,1666
2457,21/09/2024 , 23:00:00,1666,1666
2458,21/09/2024 , 23:59:59,1666,1666
2459,22/09/2024 , 01:00:00,1665,1665
2460,22/09/2024 , 02:00:00,1664,1664
2461,22/09/2024 , 03:00:00,1663,1663
2462,22/09/2024 , 04:00:00,1663,1663
2463,22/09/2024 , 05:00:00,1662,1662
2464,22/09/2024 , 06:00:00,1661,1661
2465,22/09/2024 , 07:00:00,1661,1661
2466,22/09/2024 , 08:00:00,1661,1661
2467,22/09/2024 , 09:00:00,1661,1661
2468,22/09/2024 , 10:00:00,1661,1661
2469,22/09/2024 , 11:00:00,1660,1660
2470,22/09/2024 , 12:00:00,1660,1660
2471,22/09/2024 , 13:00:00,1659,1659
2472,22/09/2024 , 14:00:00,1658,1658
2473,22/09/2024 , 15:00:00,1658,1658
2474,22/09/2024 , 16:00:00,1657,1657
2475,22/09/2024 , 17:00:00,1656,1656
2476,22/09/2024 , 18:00:00,1656,1656
2477,22/09/2024 , 19:00:00,1655,1655
2478,22/09/2024 , 20:00:00,1654,1654
2479,22/09/2024 , 21:00:00,1654,1654
2480,22/09/2024 , 22:00:00,1653,1653
2481,22/09/2024 , 23:00:00,1652,1652
2482,22/09/2024 , 23:59:59,1651,1651
2483,23/09/2024 , 01:00:00,1651,1651
2484,23/09/2024 , 02:00:00,1650,1650
2485,23/09/2024 , 03:00:00,1650,1650
2486,23/09/2024 , 04:00:00,1649,1649
2487,23/09/2024 , 05:00:00,1648,1648
2488,23/09/2024 , 06:00:00,1648,1648
2489,23/09/2024 , 07:00:00,1647,1647
2490,23/09/2024 , 08:00:00,1647,1647
2491,23/09/2024 , 09:00:00,1646,1646
2492,23/09/2024 , 10:00:00,1646,1646
2493,23/09/2024 , 11:00:00,1646,1646
2494,23/09/2024 , 12:00:00,1645,1645
2495,23/09/2024 , 13:00:00,1645,1645
2496,23/09/2024 , 14:00:00,1645,1645
2497,23/09/2024 , 15:00:00,1644,1644
2498,23/09/2024 , 16:00:00,1643,1643
2499,23/09/2024 , 17:00:00,1643,1643
2500,23/09/2024 , 18:00:00,1643,1643
2501,23/09/2024 , 19:00:00,1642,1642
2502,23/09/2024 , 20:00:00,1641,1641
2503,23/09/2024 , 21:00:00,1641,1641
2504,23/09/2024 , 22:00:00,1640,1640
2505,23/09/2024 , 23:00:00,1640,1640
2506,23/09/2024 , 23:59:59,1639,1639
2507,24/09/2024 , 01:00:00,1639,1639
2508,24/09/2024 , 02:00:00,1639,1639
2509,24/09/2024 , 03:00:00,1638,1638
2510,24/09/2024 , 04:00:00,1638,1638
2511,24/09/2024 , 05:00:00,1637,1637
2512,24/09/2024 , 06:00:00,1636,1636
2513,24/09/2024 , 07:00:00,1636,1636
2514,24/09/2024 , 08:00:00,1635,1635
2515,24/09/2024 , 09:00:00,1635,1635
2516,24/09/2024 , 10:00:00,1635,1635
2517,24/09/2024 , 11:00:00,1634,1634
2518,24/09/2024 , 12:00:00,1634,1634
2519,24/09/2024 , 13:00:00,1633,1633
2520,24/09/2024 , 14:00:00,1633,1633
2521,24/09/2024 , 15:00:00,1632,1632
2522,24/09/2024 , 16:00:00,1631,1631
2523,24/09/2024 , 17:00:00,1631,1631
2524,24/09/2024 , 18:00:00,1630,1630
2525,24/09/2024 , 19:00:00,1629,1629
2526,24/09/2024 , 20:00:00,1628,1628
2527,24/09/2024 , 21:00:00,1628,1628
2528,24/09/2024 , 22:00:00,1627,1627
2529,24/09/2024 , 23:00:00,1626,1626
2530,24/09/2024 , 23:59:59,1625,1625
2531,25/09/2024 , 01:00:00,1624,1624
2532,25/09/2024 , 02:00:00,1624,1624
2533,25/09/2024 , 03:00:00,1623,1623
2534,25/09/2024 , 04:00:00,1623,1623
2535,25/09/2024 , 05:00:00,1622,1622
2536,25/09/2024 , 06:00:00,1622,1622
2537,25/09/2024 , 07:00:00,1621,1621
2538,25/09/2024 , 08:00:00,1621,1621
2539,25/09/2024 , 09:00:00,1621,1621
2540,25/09/2024 , 10:00:00,1620,1620
2541,25/09/2024 , 11:00:00,1620,1620
2542,25/09/2024 , 12:00:00,1620,1620
2543,25/09/2024 , 13:00:00,1619,1619
2544,25/09/2024 , 14:00:00,1619,1619
2545,25/09/2024 , 15:00:00,1619,1619
2546,25/09/2024 , 16:00:00,1619,1619
2547,25/09/2024 , 17:00:00,1618,1618
2548,25/09/2024 , 18:00:00,1618,1618
2549,25/09/2024 , 19:00:00,1617,1617
2550,25/09/2024 , 20:00:00,1617,1617
2551,25/09/2024 , 21:00:00,1617,1617
2552,25/09/2024 , 22:00:00,1616,1616
2553,25/09/2024 , 23:00:00,1616,1616
2554,25/09/2024 , 23:59:59,1616,1616
2555,26/09/2024 , 01:00:00,1619,1619
2556,26/09/2024 , 02:00:00,1622,1622
2557,26/09/2024 , 03:00:00,1625,1625
2558,26/09/2024 , 04:00:00,1625,1625
2559,26/09/2024 , 05:00:00,1625,1625
2560,26/09/2024 , 06:00:00,1628,1628
2561,26/09/2024 , 07:00:00,1629,1629
2562,26/09/2024 , 08:00:00,1637,1637
2563,26/09/2024 , 09:00:00,1641,1641
2564,26/09/2024 , 10:00:00,1646,1646
2565,26/09/2024 , 11:00:00,1659,1659
2566,26/09/2024 , 12:00:00,1676,1676
2567,26/09/2024 , 13:00:00,1712,1712
2568,26/09/2024 , 14:00:00,1762,1762
2569,26/09/2024 , 15:00:00,1813,1813
2570,26/09/2024 , 16:00:00,1869,1869
2571,26/09/2024 , 17:00:00,1909,1909
2572,26/09/2024 , 18:00:00,1934,1934
2573,26/09/2024 , 19:00:00,1952,1952
2574,26/09/2024 , 20:00:00,1965,1965
2575,26/09/2024 , 21:00:00,1973,1973
2576,26/09/2024 , 22:00:00,1977,1977
2577,26/09/2024 , 23:00:00,1979,1979
2578,26/09/2024 , 23:59:59,1980,1980
2579,27/09/2024 , 01:00:00,1980,1980
2580,27/09/2024 , 02:00:00,1980,1980
2581,27/09/2024 , 03:00:00,1980,1980
2582,27/09/2024 , 04:00:00,1980,1980
2583,27/09/2024 , 05:00:00,1980,1980
2584,27/09/2024 , 06:00:00,1979,1979
2585,27/09/2024 , 07:00:00,1979,1979
2586,27/09/2024 , 08:00:00,1979,1979
2587,27/09/2024 , 09:00:00,1979,1979
2588,27/09/2024 , 10:00:00,1980,1980
2589,27/09/2024 , 11:00:00,1980,1980
2590,27/09/2024 , 12:00:00,1980,1980
2591,27/09/2024 , 13:00:00,1980,1980
2592,27/09/2024 , 14:00:00,1980,1980
2593,27/09/2024 , 15:00:00,1980,1980
2594,27/09/2024 , 16:00:00,1980,1980
2595,27/09/2024 , 17:00:00,1979,1979
2596,27/09/2024 , 18:00:00,1978,1978
2597,27/09/2024 , 19:00:00,1978,1978
2598,27/09/2024 , 20:00:00,1978,1978
2599,27/09/2024 , 21:00:00,1977,1977
2600,27/09/2024 , 22:00:00,1977,1977
2601,27/09/2024 , 23:00:00,1976,1976
2602,27/09/2024 , 23:59:59,1976,1976
2603,28/09/2024 , 01:00:00,1976,1976
2604,28/09/2024 , 02:00:00,1975,1975
2605,28/09/2024 , 03:00:00,1974,1974
2606,28/09/2024 , 04:00:00,1974,1974
2607,28/09/2024 , 05:00:00,1974,1974
2608,28/09/2024 , 06:00:00,1974,1974
2609,28/09/2024 , 07:00:00,1974,1974
2610,28/09/2024 , 08:00:00,1973,1973
2611,28/09/2024 , 09:00:00,1973,1973
2612,28/09/2024 , 10:00:00,1972,1972
2613,28/09/2024 , 11:00:00,1972,1972
2614,28/09/2024 , 12:00:00,1972,1972
2615,28/09/2024 , 13:00:00,1972,1972
2616,28/09/2024 , 14:00:00,1971,1971
2617,28/09/2024 , 15:00:00,1971,1971
2618,28/09/2024 , 16:00:00,1970,1970
2619,28/09/2024 , 17:00:00,1968,1968
2620,28/09/2024 , 18:00:00,1967,1967
2621,28/09/2024 , 19:00:00,1966,1966
2622,28/09/2024 , 20:00:00,1965,1965
2623,28/09/2024 , 21:00:00,1964,1964
2624,28/09/2024 , 22:00:00,1964,1964
2625,28/09/2024 , 23:00:00,1963,1963
2626,28/09/2024 , 23:59:59,1962,1962
2627,29/09/2024 , 01:00:00,1961,1961
2628,29/09/2024 , 02:00:00,1960,1960
2629,29/09/2024 , 03:00:00,1959,1959
2630,29/09/2024 , 04:00:00,1958,1958
2631,29/09/2024 , 05:00:00,1957,1957
2632,29/09/2024 , 06:00:00,1956,1956
2633,29/09/2024 , 07:00:00,1955,1955
2634,29/09/2024 , 08:00:00,1954,1954
2635,29/09/2024 , 09:00:00,1953,1953
2636,29/09/2024 , 10:00:00,1953,1953
2637,29/09/2024 , 11:00:00,1952,1952
2638,29/09/2024 , 12:00:00,1952,1952
2639,29/09/2024 , 13:00:00,1950,1950
2640,29/09/2024 , 14:00:00,1949,1949
2641,29/09/2024 , 15:00:00,1947,1947
2642,29/09/2024 , 16:00:00,1946,1946
2643,29/09/2024 , 17:00:00,1945,1945
2644,29/09/2024 , 18:00:00,1943,1943
2645,29/09/2024 , 19:00:00,1941,1941
2646,29/09/2024 , 20:00:00,1940,1940
2647,29/09/2024 , 21:00:00,1939,1939
2648,29/09/2024 , 22:00:00,1937,1937
2649,29/09/2024 , 23:00:00,1936,1936
2650,29/09/2024 , 23:59:59,1935,1935
2651,30/09/2024 , 01:00:00,1934,1934
2652,30/09/2024 , 02:00:00,1933,1933
2653,30/09/2024 , 03:00:00,1931,1931
2654,30/09/2024 , 04:00:00,1930,1930
2655,30/09/2024 , 05:00:00,1928,1928
2656,30/09/2024 , 06:00:00,1927,1927
2657,30/09/2024 , 07:00:00,1926,1926
2658,30/09/2024 , 08:00:00,1926,1926
2659,30/09/2024 , 09:00:00,1925,1925
2660,30/09/2024 , 10:00:00,1925,1925
2661,30/09/2024 , 11:00:00,1924,1924
2662,30/09/2024 , 12:00:00,1922,1922
2663,30/09/2024 , 13:00:00,1921,1921
2664,30/09/2024 , 14:00:00,1919,1919
2665,30/09/2024 , 15:00:00,1918,1918
2666,30/09/2024 , 16:00:00,1916,1916
2667,30/09/2024 , 17:00:00,1914,1914
2668,30/09/2024 , 18:00:00,1912,1912
2669,30/09/2024 , 19:00:00,1910,1910
2670,30/09/2024 , 20:00:00,1909,1909
2671,30/09/2024 , 21:00:00,1907,1907
2672,30/09/2024 , 22:00:00,1907,1907
2673,30/09/2024 , 23:00:00,1905,1905
2674,30/09/2024 , 23:59:59,1904,1904
2675,01/10/2024 , 01:00:00,1903,1903
2676,01/10/2024 , 02:00:00,1902,1902
2677,01/10/2024 , 03:00:00,1901,1901
2678,01/10/2024 , 04:00:00,1900,1900
2679,01/10/2024 , 05:00:00,1899,1899
2680,01/10/2024 , 06:00:00,1899,1899
2681,01/10/2024 , 07:00:00,1897,1897
2682,01/10/2024 , 08:00:00,1897,1897
2683,01/10/2024 , 09:00:00,1897,1897
2684,01/10/2024 , 10:00:00,1896,1896
2685,01/10/2024 , 11:00:00,1896,1896
2686,01/10/2024 , 12:00:00,1896,1896
2687,01/10/2024 , 13:00:00,1894,1894
2688,01/10/2024 , 14:00:00,1894,1894
2689,01/10/2024 , 15:00:00,1893,1893
2690,01/10/2024 , 16:00:00,1892,1892
2691,01/10/2024 , 17:00:00,1891,1891
2692,01/10/2024 , 18:00:00,1890,1890
2693,01/10/2024 , 19:00:00,1889,1889
2694,01/10/2024 , 20:00:00,1888,1888
2695,01/10/2024 , 21:00:00,1887,1887
2696,01/10/2024 , 22:00:00,1886,1886
2697,01/10/2024 , 23:00:00,1886,1886
2698,01/10/2024 , 23:59:59,1884,1884
2699,02/10/2024 , 01:00:00,1884,1884
2700,02/10/2024 , 02:00:00,1883,1883
2701,02/10/2024 , 03:00:00,1883,1883
2702,02/10/2024 , 04:00:00,1881,1881
2703,02/10/2024 , 05:00:00,1881,1881
2704,02/10/2024 , 06:00:00,1881,1881
2705,02/10/2024 , 07:00:00,1879,1879
2706,02/10/2024 , 08:00:00,1879,1879
2707,02/10/2024 , 09:00:00,1879,1879
2708,02/10/2024 , 10:00:00,1879,1879
2709,02/10/2024 , 11:00:00,1879,1879
2710,02/10/2024 , 12:00:00,1879,1879
2711,02/10/2024 , 13:00:00,1878,1878
2712,02/10/2024 , 14:00:00,1877,1877
2713,02/10/2024 , 15:00:00,1876,1876
2714,02/10/2024 , 16:00:00,1875,1875
2715,02/10/2024 , 17:00:00,1874,1874
2716,02/10/2024 , 18:00:00,1873,1873
2717,02/10/2024 , 19:00:00,1872,1872
2718,02/10/2024 , 20:00:00,1871,1871
2719,02/10/2024 , 21:00:00,1870,1870
2720,02/10/2024 , 22:00:00,1870,1870
2721,02/10/2024 , 23:00:00,1869,1869
2722,02/10/2024 , 23:59:59,1869,1869
2723,03/10/2024 , 01:00:00,1868,1868
2724,03/10/2024 , 02:00:00,1867,1867
2725,03/10/2024 , 03:00:00,1867,1867
2726,03/10/2024 , 04:00:00,1866,1866
2727,03/10/2024 , 05:00:00,1865,1865
2728,03/10/2024 , 06:00:00,1864,1864
2729,03/10/2024 , 07:00:00,1864,1864
2730,03/10/2024 , 08:00:00,1863,1863
2731,03/10/2024 , 09:00:00,1863,1863
2732,03/10/2024 , 10:00:00,1862,1862
2733,03/10/2024 , 11:00:00,1862,1862
2734,03/10/2024 , 12:00:00,1861,1861
2735,03/10/2024 , 13:00:00,1860,1860
2736,03/10/2024 , 14:00:00,1860,1860
2737,03/10/2024 , 15:00:00,1859,1859
2738,03/10/2024 , 16:00:00,1858,1858
2739,03/10/2024 , 17:00:00,1856,1856
2740,03/10/2024 , 18:00:00,1855,1855
2741,03/10/2024 , 19:00:00,1854,1854
2742,03/10/2024 , 20:00:00,1853,1853
2743,03/10/2024 , 21:00:00,1852,1852
2744,03/10/2024 , 22:00:00,1851,1851
2745,03/10/2024 , 23:00:00,1850,1850
2746,03/10/2024 , 23:59:59,1849,1849
2747,04/10/2024 , 01:00:00,1848,1848
2748,04/10/2024 , 02:00:00,1847,1847
2749,04/10/2024 , 03:00:00,1847,1847
2750,04/10/2024 , 04:00:00,1846,1846
2751,04/10/2024 , 05:00:00,1845,1845
2752,04/10/2024 , 06:00:00,1844,1844
2753,04/10/2024 , 07:00:00,1843,1843
2754,04/10/2024 , 08:00:00,1842,1842
2755,04/10/2024 , 09:00:00,1842,1842
2756,04/10/2024 , 10:00:00,1842,1842
2757,04/10/2024 , 11:00:00,1842,1842
2758,04/10/2024 , 12:00:00,1841,1841
2759,04/10/2024 , 13:00:00,1841,1841
2760,04/10/2024 , 14:00:00,1840,1840
2761,04/10/2024 , 15:00:00,1839,1839
2762,04/10/2024 , 16:00:00,1838,1838
2763,04/10/2024 , 17:00:00,1837,1837
2764,04/10/2024 , 18:00:00,1836,1836
2765,04/10/2024 , 19:00:00,1835,1835
2766,04/10/2024 , 20:00:00,1834,1834
2767,04/10/2024 , 21:00:00,1833,1833
2768,04/10/2024 , 22:00:00,1833,1833
2769,04/10/2024 , 23:00:00,1831,1831
2770,04/10/2024 , 23:59:59,1831,1831
2771,05/10/2024 , 01:00:00,1830,1830
2772,05/10/2024 , 02:00:00,1829,1829
2773,05/10/2024 , 03:00:00,1828,1828
2774,05/10/2024 , 04:00:00,1827,1827
2775,05/10/2024 , 05:00:00,1828,1828
2776,05/10/2024 , 06:00:00,1829,1829
2777,05/10/2024 , 07:00:00,1829,1829
2778,05/10/2024 , 08:00:00,1829,1829
2779,05/10/2024 , 09:00:00,1828,1828
2780,05/10/2024 , 10:00:00,1828,1828
2781,05/10/2024 , 11:00:00,1827,1827
2782,05/10/2024 , 12:00:00,1826,1826
2783,05/10/2024 , 13:00:00,1825,1825
2784,05/10/2024 , 14:00:00,1824,1824
2785,05/10/2024 , 15:00:00,1823,1823
2786,05/10/2024 , 16:00:00,1822,1822
2787,05/10/2024 , 17:00:00,1821,1821
2788,05/10/2024 , 18:00:00,1820,1820
2789,05/10/2024 , 19:00:00,1819,1819
2790,05/10/2024 , 20:00:00,1818,1818
2791,05/10/2024 , 21:00:00,1817,1817
2792,05/10/2024 , 22:00:00,1817,1817
2793,05/10/2024 , 23:00:00,1816,1816
2794,05/10/2024 , 23:59:59,1815,1815
2795,06/10/2024 , 01:00:00,1814,1814
2796,06/10/2024 , 02:00:00,1814,1814
2797,06/10/2024 , 03:00:00,1813,1813
2798,06/10/2024 , 04:00:00,1813,1813
2799,06/10/2024 , 05:00:00,1812,1812
2800,06/10/2024 , 06:00:00,1811,1811
2801,06/10/2024 , 07:00:00,1810,1810
2802,06/10/2024 , 08:00:00,1810,1810
2803,06/10/2024 , 09:00:00,1810,1810
2804,06/10/2024 , 10:00:00,1810,1810
2805,06/10/2024 , 11:00:00,1810,1810
2806,06/10/2024 , 12:00:00,1809,1809
2807,06/10/2024 , 13:00:00,1809,1809
2808,06/10/2024 , 14:00:00,1809,1809
2809,06/10/2024 , 15:00:00,1808,1808
2810,06/10/2024 , 16:00:00,1808,1808
2811,06/10/2024 , 17:00:00,1807,1807
2812,06/10/2024 , 18:00:00,1807,1807
2813,06/10/2024 , 19:00:00,1806,1806
2814,06/10/2024 , 20:00:00,1805,1805
2815,06/10/2024 , 21:00:00,1804,1804
2816,06/10/2024 , 22:00:00,1804,1804
2817,06/10/2024 , 23:00:00,1803,1803
2818,06/10/2024 , 23:59:59,1803,1803
2819,07/10/2024 , 01:00:00,1803,1803
2820,07/10/2024 , 02:00:00,1803,1803
2821,07/10/2024 , 03:00:00,1803,1803
2822,07/10/2024 , 04:00:00,1804,1804
2823,07/10/2024 , 05:00:00,1808,1808
2824,07/10/2024 , 06:00:00,1816,1816
2825,07/10/2024 , 07:00:00,1823,1823
2826,07/10/2024 , 08:00:00,1830,1830
2827,07/10/2024 , 09:00:00,1836,1836
2828,07/10/2024 , 10:00:00,1842,1842
2829,07/10/2024 , 11:00:00,1849,1849
2830,07/10/2024 , 12:00:00,1854,1854
2831,07/10/2024 , 13:00:00,1860,1860
2832,07/10/2024 , 14:00:00,1866,1866
2833,07/10/2024 , 15:00:00,1874,1874
2834,07/10/2024 , 16:00:00,1882,1882
2835,07/10/2024 , 17:00:00,1890,1890
2836,07/10/2024 , 18:00:00,1898,1898
2837,07/10/2024 , 19:00:00,1906,1906
2838,07/10/2024 , 20:00:00,1914,1914
2839,07/10/2024 , 21:00:00,1921,1921
2840,07/10/2024 , 22:00:00,1927,1927
2841,07/10/2024 , 23:00:00,1932,1932
2842,07/10/2024 , 23:59:59,1938,1938
2843,08/10/2024 , 01:00:00,1941,1941
2844,08/10/2024 , 02:00:00,1945,1945
2845,08/10/2024 , 03:00:00,1948,1948
2846,08/10/2024 , 04:00:00,1951,1951
2847,08/10/2024 , 05:00:00,1954,1954
2848,08/10/2024 , 06:00:00,1957,1957
2849,08/10/2024 , 07:00:00,1959,1959
2850,08/10/2024 , 08:00:00,1961,1961
2851,08/10/2024 , 09:00:00,1963,1963
2852,08/10/2024 , 10:00:00,1964,1964
2853,08/10/2024 , 11:00:00,1965,1965
2854,08/10/2024 , 12:00:00,1966,1966
2855,08/10/2024 , 13:00:00,1966,1966
2856,08/10/2024 , 14:00:00,1966,1966
2857,08/10/2024 , 15:00:00,1966,1966
2858,08/10/2024 , 16:00:00,1965,1965
2859,08/10/2024 , 17:00:00,1964,1964
2860,08/10/2024 , 18:00:00,1962,1962
2861,08/10/2024 , 19:00:00,1961,1961
2862,08/10/2024 , 20:00:00,1960,1960
2863,08/10/2024 , 21:00:00,1958,1958
2864,08/10/2024 , 22:00:00,1957,1957
2865,08/10/2024 , 23:00:00,1956,1956
2866,08/10/2024 , 23:59:59,1955,1955
2867,09/10/2024 , 01:00:00,1954,1954
2868,09/10/2024 , 02:00:00,1953,1953
2869,09/10/2024 , 03:00:00,1952,1952
2870,09/10/2024 , 04:00:00,1951,1951
2871,09/10/2024 , 05:00:00,1949,1949
2872,09/10/2024 , 06:00:00,1948,1948
2873,09/10/2024 , 07:00:00,1947,1947
2874,09/10/2024 , 08:00:00,1946,1946
2875,09/10/2024 , 09:00:00,1946,1946
2876,09/10/2024 , 10:00:00,1946,1946
2877,09/10/2024 , 11:00:00,1945,1945
2878,09/10/2024 , 12:00:00,1944,1944
2879,09/10/2024 , 13:00:00,1944,1944
2880,09/10/2024 , 14:00:00,1942,1942
2881,09/10/2024 , 15:00:00,1940,1940
2882,09/10/2024 , 16:00:00,1938,1938
2883,09/10/2024 , 17:00:00,1937,1937
2884,09/10/2024 , 18:00:00,1935,1935
2885,09/10/2024 , 19:00:00,1933,1933
2886,09/10/2024 , 20:00:00,1931,1931
2887,09/10/2024 , 21:00:00,1930,1930
2888,09/10/2024 , 22:00:00,1928,1928
2889,09/10/2024 , 23:00:00,1926,1926
2890,09/10/2024 , 23:59:59,1925,1925
2891,10/10/2024 , 01:00:00,1923,1923
2892,10/10/2024 , 02:00:00,1922,1922
2893,10/10/2024 , 03:00:00,1921,1921
2894,10/10/2024 , 04:00:00,1920,1920
2895,10/10/2024 , 05:00:00,1918,1918
2896,10/10/2024 , 06:00:00,1917,1917
2897,10/10/2024 , 07:00:00,1915,1915
2898,10/10/2024 , 08:00:00,1915,1915
2899,10/10/2024 , 09:00:00,1914,1914
2900,10/10/2024 , 10:00:00,1914,1914
2901,10/10/2024 , 11:00:00,1913,1913
2902,10/10/2024 , 12:00:00,1912,1912
2903,10/10/2024 , 13:00:00,1911,1911
2904,10/10/2024 , 14:00:00,1911,1911
2905,10/10/2024 , 15:00:00,1910,1910
2906,10/10/2024 , 16:00:00,1908,1908
2907,10/10/2024 , 17:00:00,1907,1907
2908,10/10/2024 , 18:00:00,1905,1905
2909,10/10/2024 , 19:00:00,1904,1904
2910,10/10/2024 , 20:00:00,1902,1902
2911,10/10/2024 , 21:00:00,1900,1900
2912,10/10/2024 , 22:00:00,1899,1899
2913,10/10/2024 , 23:00:00,1898,1898
2914,10/10/2024 , 23:59:59,1897,1897
2915,11/10/2024 , 01:00:00,1897,1897
2916,11/10/2024 , 02:00:00,1895,1895
2917,11/10/2024 , 03:00:00,1895,1895
2918,11/10/2024 , 04:00:00,1894,1894
2919,11/10/2024 , 05:00:00,1893,1893
2920,11/10/2024 , 06:00:00,1892,1892
2921,11/10/2024 , 07:00:00,1892,1892
2922,11/10/2024 , 08:00:00,1891,1891
2923,11/10/2024 , 09:00:00,1891,1891
2924,11/10/2024 , 10:00:00,1890,1890
2925,11/10/2024 , 11:00:00,1890,1890
2926,11/10/2024 , 12:00:00,1889,1889
2927,11/10/2024 , 13:00:00,1889,1889
2928,11/10/2024 , 14:00:00,1888,1888
2929,11/10/2024 , 15:00:00,1887,1887
2930,11/10/2024 , 16:00:00,1887,1887
2931,11/10/2024 , 17:00:00,1886,1886
2932,11/10/2024 , 18:00:00,1885,1885
2933,11/10/2024 , 19:00:00,1884,1884
2934,11/10/2024 , 20:00:00,1883,1883
2935,11/10/2024 , 21:00:00,1882,1882
2936,11/10/2024 , 22:00:00,1882,1882
2937,11/10/2024 , 23:00:00,1881,1881
2938,11/10/2024 , 23:59:59,1882,1882
2939,12/10/2024 , 01:00:00,1882,1882
2940,12/10/2024 , 02:00:00,1889,1889
2941,12/10/2024 , 03:00:00,1907,1907
2942,12/10/2024 , 04:00:00,1928,1928
2943,12/10/2024 , 05:00:00,1951,1951
2944,12/10/2024 , 06:00:00,1976,1976
2945,12/10/2024 , 07:00:00,1993,1993
2946,12/10/2024 , 08:00:00,2005,2005
2947,12/10/2024 , 09:00:00,2012,2012
2948,12/10/2024 , 10:00:00,2013,2013
2949,12/10/2024 , 11:00:00,2013,2013
2950,12/10/2024 , 12:00:00,2013,2013
2951,12/10/2024 , 13:00:00,2013,2013
2952,12/10/2024 , 14:00:00,2011,2011
2953,12/10/2024 , 15:00:00,2009,2009
2954,12/10/2024 , 16:00:00,2008,2008
2955,12/10/2024 , 17:00:00,2006,2006
2956,12/10/2024 , 18:00:00,2005,2005
2957,12/10/2024 , 19:00:00,2003,2003
2958,12/10/2024 , 20:00:00,2002,2002
2959,12/10/2024 , 21:00:00,2001,2001
2960,12/10/2024 , 22:00:00,2000,2000
2961,12/10/2024 , 23:00:00,1999,1999
2962,12/10/2024 , 23:59:59,1998,1998
2963,13/10/2024 , 01:00:00,1998,1998
2964,13/10/2024 , 02:00:00,1997,1997
2965,13/10/2024 , 03:00:00,1998,1998
2966,13/10/2024 , 04:00:00,1997,1997
2967,13/10/2024 , 05:00:00,1996,1996
2968,13/10/2024 , 06:00:00,1996,1996
2969,13/10/2024 , 07:00:00,1995,1995
2970,13/10/2024 , 08:00:00,1995,1995
2971,13/10/2024 , 09:00:00,1996,1996
2972,13/10/2024 , 10:00:00,1996,1996
2973,13/10/2024 , 11:00:00,1996,1996
2974,13/10/2024 , 12:00:00,1995,1995
2975,13/10/2024 , 13:00:00,1995,1995
2976,13/10/2024 , 14:00:00,1994,1994
2977,13/10/2024 , 15:00:00,1993,1993
2978,13/10/2024 , 16:00:00,1991,1991
2979,13/10/2024 , 17:00:00,1990,1990
2980,13/10/2024 , 18:00:00,1989,1989
2981,13/10/2024 , 19:00:00,1988,1988
2982,13/10/2024 , 20:00:00,1988,1988
2983,13/10/2024 , 21:00:00,1987,1987
2984,13/10/2024 , 22:00:00,1987,1987
2985,13/10/2024 , 23:00:00,1987,1987
2986,13/10/2024 , 23:59:59,1987,1987
2987,14/10/2024 , 01:00:00,1987,1987
2988,14/10/2024 , 02:00:00,1987,1987
2989,14/10/2024 , 03:00:00,1987,1987
2990,14/10/2024 , 04:00:00,1986,1986
2991,14/10/2024 , 05:00:00,1986,1986
2992,14/10/2024 , 06:00:00,1985,1985
2993,14/10/2024 , 07:00:00,1985,1985
2994,14/10/2024 , 08:00:00,1984,1984
2995,14/10/2024 , 09:00:00,1984,1984
2996,14/10/2024 , 10:00:00,1984,1984
2997,14/10/2024 , 11:00:00,1985,1985
2998,14/10/2024 , 12:00:00,1985,1985
2999,14/10/2024 , 13:00:00,1985,1985
3000,14/10/2024 , 14:00:00,1985,1985
3001,14/10/2024 , 15:00:00,1985,1985
3002,14/10/2024 , 16:00:00,1985,1985
3003,14/10/2024 , 17:00:00,1987,1987
3004,14/10/2024 , 18:00:00,1991,1991
3005,14/10/2024 , 19:00:00,1996,1996
3006,14/10/2024 , 20:00:00,2002,2002
3007,14/10/2024 , 21:00:00,2011,2011
3008,14/10/2024 , 22:00:00,2022,2022
3009,14/10/2024 , 23:00:00,2034,2034
3010,14/10/2024 , 23:59:59,2043,2043
3011,15/10/2024 , 01:00:00,2044,2044
3012,15/10/2024 , 02:00:00,2043,2043
3013,15/10/2024 , 03:00:00,2042,2042
3014,15/10/2024 , 04:00:00,2038,2038
3015,15/10/2024 , 05:00:00,2034,2034
3016,15/10/2024 , 06:00:00,2030,2030
3017,15/10/2024 , 07:00:00,2026,2026
3018,15/10/2024 , 08:00:00,2023,2023
3019,15/10/2024 , 09:00:00,2022,2022
3020,15/10/2024 , 10:00:00,2019,2019
3021,15/10/2024 , 11:00:00,2017,2017
3022,15/10/2024 , 12:00:00,2016,2016
3023,15/10/2024 , 13:00:00,2015,2015
3024,15/10/2024 , 14:00:00,2015,2015
3025,15/10/2024 , 15:00:00,2014,2014
3026,15/10/2024 , 16:00:00,2013,2013
3027,15/10/2024 , 17:00:00,2012,2012
3028,15/10/2024 , 18:00:00,2011,2011
3029,15/10/2024 , 19:00:00,2010,2010
3030,15/10/2024 , 20:00:00,2009,2009
3031,15/10/2024 , 21:00:00,2009,2009
3032,15/10/2024 , 22:00:00,2009,2009
3033,15/10/2024 , 23:00:00,2008,2008
3034,15/10/2024 , 23:59:59,2008,2008
3035,16/10/2024 , 01:00:00,2007,2007
3036,16/10/2024 , 02:00:00,2007,2007
3037,16/10/2024 , 03:00:00,2007,2007
3038,16/10/2024 , 04:00:00,2007,2007
3039,16/10/2024 , 05:00:00,2006,2006
3040,16/10/2024 , 06:00:00,2006,2006
3041,16/10/2024 , 07:00:00,2006,2006
3042,16/10/2024 , 08:00:00,2006,2006
3043,16/10/2024 , 09:00:00,2006,2006
3044,16/10/2024 , 10:00:00,2005,2005
3045,16/10/2024 , 11:00:00,2005,2005
3046,16/10/2024 , 12:00:00,2006,2006
3047,16/10/2024 , 13:00:00,2005,2005
3048,16/10/2024 , 14:00:00,2005,2005
3049,16/10/2024 , 15:00:00,2005,2005
3050,16/10/2024 , 16:00:00,2003,2003
3051,16/10/2024 , 17:00:00,2002,2002
3052,16/10/2024 , 18:00:00,2001,2001
3053,16/10/2024 , 19:00:00,2001,2001
3054,16/10/2024 , 20:00:00,2000,2000
3055,16/10/2024 , 21:00:00,2001,2001
3056,16/10/2024 , 22:00:00,2001,2001
3057,16/10/2024 , 23:00:00,2000,2000
3058,16/10/2024 , 23:59:59,1999,1999
3059,17/10/2024 , 01:00:00,1999,1999
3060,17/10/2024 , 02:00:00,1999,1999
3061,17/10/2024 , 03:00:00,1999,1999
3062,17/10/2024 , 04:00:00,1998,1998
3063,17/10/2024 , 05:00:00,1997,1997
3064,17/10/2024 , 06:00:00,1997,1997
3065,17/10/2024 , 07:00:00,1997,1997
3066,17/10/2024 , 08:00:00,1997,1997
3067,17/10/2024 , 09:00:00,1997,1997
3068,17/10/2024 , 10:00:00,1997,1997
3069,17/10/2024 , 11:00:00,1997,1997
3070,17/10/2024 , 12:00:00,1998,1998
3071,17/10/2024 , 13:00:00,1998,1998
3072,17/10/2024 , 14:00:00,1997,1997
3073,17/10/2024 , 15:00:00,1997,1997
3074,17/10/2024 , 16:00:00,1996,1996
3075,17/10/2024 , 17:00:00,1995,1995
3076,17/10/2024 , 18:00:00,1995,1995
3077,17/10/2024 , 19:00:00,1994,1994
3078,17/10/2024 , 20:00:00,1993,1993
3079,17/10/2024 , 21:00:00,1992,1992
3080,17/10/2024 , 22:00:00,1991,1991
3081,17/10/2024 , 23:00:00,1991,1991
3082,17/10/2024 , 23:59:59,1991,1991
3083,18/10/2024 , 01:00:00,1990,1990
3084,18/10/2024 , 02:00:00,1990,1990
3085,18/10/2024 , 03:00:00,1990,1990
3086,18/10/2024 , 04:00:00,1989,1989
3087,18/10/2024 , 05:00:00,1989,1989
3088,18/10/2024 , 06:00:00,1988,1988
3089,18/10/2024 , 07:00:00,1987,1987
3090,18/10/2024 , 08:00:00,1987,1987
3091,18/10/2024 , 09:00:00,1987,1987
3092,18/10/2024 , 10:00:00,1987,1987
3093,18/10/2024 , 11:00:00,1988,1988
3094,18/10/2024 , 12:00:00,1988,1988
3095,18/10/2024 , 13:00:00,1987,1987
3096,18/10/2024 , 14:00:00,1987,1987
3097,18/10/2024 , 15:00:00,1986,1986
3098,18/10/2024 , 16:00:00,1985,1985
3099,18/10/2024 , 17:00:00,1985,1985
3100,18/10/2024 , 18:00:00,1984,1984
3101,18/10/2024 , 19:00:00,1983,1983
3102,18/10/2024 , 20:00:00,1983,1983
3103,18/10/2024 , 21:00:00,1982,1982
3104,18/10/2024 , 22:00:00,1981,1981
3105,18/10/2024 , 23:00:00,1981,1981
3106,18/10/2024 , 23:59:59,1980,1980
3107,19/10/2024 , 01:00:00,1980,1980
3108,19/10/2024 , 02:00:00,1979,1979
3109,19/10/2024 , 03:00:00,1979,1979
3110,19/10/2024 , 04:00:00,1979,1979
3111,19/10/2024 , 05:00:00,1979,1979
3112,19/10/2024 , 06:00:00,1979,1979
3113,19/10/2024 , 07:00:00,1978,1978
3114,19/10/2024 , 08:00:00,1978,1978
3115,19/10/2024 , 09:00:00,1979,1979
3116,19/10/2024 , 10:00:00,1979,1979
3117,19/10/2024 , 11:00:00,1979,1979
3118,19/10/2024 , 12:00:00,1979,1979
3119,19/10/2024 , 13:00:00,1978,1978
3120,19/10/2024 , 14:00:00,1977,1977
3121,19/10/2024 , 15:00:00,1976,1976
3122,19/10/2024 , 16:00:00,1975,1975
3123,19/10/2024 , 17:00:00,1973,1973
3124,19/10/2024 , 18:00:00,1972,1972
3125,19/10/2024 , 19:00:00,1971,1971
3126,19/10/2024 , 20:00:00,1970,1970
3127,19/10/2024 , 21:00:00,1969,1969
3128,19/10/2024 , 22:00:00,1968,1968
3129,19/10/2024 , 23:00:00,1968,1968
3130,19/10/2024 , 23:59:59,1967,1967
3131,20/10/2024 , 01:00:00,1966,1966
3132,20/10/2024 , 02:00:00,1966,1966
3133,20/10/2024 , 03:00:00,1966,1966
3134,20/10/2024 , 04:00:00,1965,1965
3135,20/10/2024 , 05:00:00,1964,1964
3136,20/10/2024 , 06:00:00,1964,1964
3137,20/10/2024 , 07:00:00,1964,1964
3138,20/10/2024 , 08:00:00,1963,1963
3139,20/10/2024 , 09:00:00,1963,1963
3140,20/10/2024 , 10:00:00,1963,1963
3141,20/10/2024 , 11:00:00,1963,1963
3142,20/10/2024 , 12:00:00,1963,1963
3143,20/10/2024 , 13:00:00,1963,1963
3144,20/10/2024 , 14:00:00,1962,1962
3145,20/10/2024 , 15:00:00,1961,1961
3146,20/10/2024 , 16:00:00,1961,1961
3147,20/10/2024 , 17:00:00,1959,1959
3148,20/10/2024 , 18:00:00,1959,1959
3149,20/10/2024 , 19:00:00,1958,1958
3150,20/10/2024 , 20:00:00,1957,1957
3151,20/10/2024 , 21:00:00,1956,1956
3152,20/10/2024 , 22:00:00,1956,1956
3153,20/10/2024 , 23:00:00,1955,1955
3154,20/10/2024 , 23:59:59,1954,1954
3155,21/10/2024 , 01:00:00,1953,1953
3156,21/10/2024 , 02:00:00,1952,1952
3157,21/10/2024 , 03:00:00,1951,1951
3158,21/10/2024 , 04:00:00,1951,1951
3159,21/10/2024 , 05:00:00,1950,1950
3160,21/10/2024 , 06:00:00,1949,1949
3161,21/10/2024 , 07:00:00,1949,1949
3162,21/10/2024 , 08:00:00,1949,1949
3163,21/10/2024 , 09:00:00,1949,1949
3164,21/10/2024 , 10:00:00,1949,1949
3165,21/10/2024 , 11:00:00,1949,1949
3166,21/10/2024 , 12:00:00,1948,1948
3167,21/10/2024 , 13:00:00,1947,1947
3168,21/10/2024 , 14:00:00,1946,1946
3169,21/10/2024 , 15:00:00,1946,1946
3170,21/10/2024 , 16:00:00,1945,1945
3171,21/10/2024 , 17:00:00,1944,1944
3172,21/10/2024 , 18:00:00,1943,1943
3173,21/10/2024 , 19:00:00,1942,1942
3174,21/10/2024 , 20:00:00,1941,1941
3175,21/10/2024 , 21:00:00,1940,1940
3176,21/10/2024 , 22:00:00,1939,1939
3177,21/10/2024 , 23:00:00,1938,1938
3178,21/10/2024 , 23:59:59,1937,1937
3179,22/10/2024 , 01:00:00,1936,1936
3180,22/10/2024 , 02:00:00,1935,1935
3181,22/10/2024 , 03:00:00,1935,1935
3182,22/10/2024 , 04:00:00,1934,1934
3183,22/10/2024 , 05:00:00,1933,1933
3184,22/10/2024 , 06:00:00,1932,1932
3185,22/10/2024 , 07:00:00,1931,1931
3186,22/10/2024 , 08:00:00,1931,1931
3187,22/10/2024 , 09:00:00,1931,1931
3188,22/10/2024 , 10:00:00,1930,1930
3189,22/10/2024 , 11:00:00,1930,1930
3190,22/10/2024 , 12:00:00,1929,1929
3191,22/10/2024 , 13:00:00,1928,1928
3192,22/10/2024 , 14:00:00,1928,1928
3193,22/10/2024 , 15:00:00,1927,1927
3194,22/10/2024 , 16:00:00,1927,1927
3195,22/10/2024 , 17:00:00,1926,1926
3196,22/10/2024 , 18:00:00,1925,1925
3197,22/10/2024 , 19:00:00,1924,1924
3198,22/10/2024 , 20:00:00,1924,1924
3199,22/10/2024 , 21:00:00,1923,1923
3200,22/10/2024 , 22:00:00,1922,1922
3201,22/10/2024 , 23:00:00,1921,1921
3202,22/10/2024 , 23:59:59,1921,1921
3203,23/10/2024 , 01:00:00,1921,1921
3204,23/10/2024 , 02:00:00,1920,1920
3205,23/10/2024 , 03:00:00,1919,1919
3206,23/10/2024 , 04:00:00,1919,1919
3207,23/10/2024 , 05:00:00,1918,1918
3208,23/10/2024 , 06:00:00,1918,1918
3209,23/10/2024 , 07:00:00,1918,1918
3210,23/10/2024 , 08:00:00,1918,1918
3211,23/10/2024 , 09:00:00,1918,1918
3212,23/10/2024 , 10:00:00,1919,1919
3213,23/10/2024 , 11:00:00,1919,1919
3214,23/10/2024 , 12:00:00,1920,1920
3215,23/10/2024 , 13:00:00,1918,1918
3216,23/10/2024 , 14:00:00,1918,1918
3217,23/10/2024 , 15:00:00,1917,1917
3218,23/10/2024 , 16:00:00,1916,1916
3219,23/10/2024 , 17:00:00,1915,1915
3220,23/10/2024 , 18:00:00,1915,1915
3221,23/10/2024 , 19:00:00,1915,1915
3222,23/10/2024 , 20:00:00,1914,1914
3223,23/10/2024 , 21:00:00,1914,1914
3224,23/10/2024 , 22:00:00,1915,1915
3225,23/10/2024 , 23:00:00,1914,1914
3226,23/10/2024 , 23:59:59,1914,1914
3227,24/10/2024 , 01:00:00,1913,1913
3228,24/10/2024 , 02:00:00,1913,1913
3229,24/10/2024 , 03:00:00,1912,1912
3230,24/10/2024 , 04:00:00,1911,1911
3231,24/10/2024 , 05:00:00,1909,1909
3232,24/10/2024 , 06:00:00,1909,1909
3233,24/10/2024 , 07:00:00,1908,1908
3234,24/10/2024 , 08:00:00,1908,1908
3235,24/10/2024 , 09:00:00,1908,1908
3236,24/10/2024 , 10:00:00,1907,1907
3237,24/10/2024 , 11:00:00,1907,1907
3238,24/10/2024 , 12:00:00,1907,1907
3239,24/10/2024 , 13:00:00,1906,1906
3240,24/10/2024 , 14:00:00,1905,1905
3241,24/10/2024 , 15:00:00,1905,1905
3242,24/10/2024 , 16:00:00,1903,1903
3243,24/10/2024 , 17:00:00,1902,1902
3244,24/10/2024 , 18:00:00,1902,1902
3245,24/10/2024 , 19:00:00,1900,1900
3246,24/10/2024 , 20:00:00,1899,1899
3247,24/10/2024 , 21:00:00,1898,1898
3248,24/10/2024 , 22:00:00,1898,1898
3249,24/10/2024 , 23:00:00,1898,1898
3250,24/10/2024 , 23:59:59,1897,1897
3251,25/10/2024 , 01:00:00,1896,1896
3252,25/10/2024 , 02:00:00,1895,1895
3253,25/10/2024 , 03:00:00,1895,1895
3254,25/10/2024 , 04:00:00,1895,1895
3255,25/10/2024 , 05:00:00,1894,1894
3256,25/10/2024 , 06:00:00,1893,1893
3257,25/10/2024 , 07:00:00,1893,1893
3258,25/10/2024 , 08:00:00,1892,1892
3259,25/10/2024 , 09:00:00,1892,1892
3260,25/10/2024 , 10:00:00,1893,1893
3261,25/10/2024 , 11:00:00,1892,1892
3262,25/10/2024 , 12:00:00,1892,1892
3263,25/10/2024 , 13:00:00,1892,1892
3264,25/10/2024 , 14:00:00,1892,1892
3265,25/10/2024 , 15:00:00,1891,1891
3266,25/10/2024 , 16:00:00,1890,1890
3267,25/10/2024 , 17:00:00,1889,1889
3268,25/10/2024 , 18:00:00,1888,1888
3269,25/10/2024 , 19:00:00,1888,1888
3270,25/10/2024 , 20:00:00,1888,1888
3271,25/10/2024 , 21:00:00,1887,1887
3272,25/10/2024 , 22:00:00,1886,1886
3273,25/10/2024 , 23:00:00,1886,1886
3274,25/10/2024 , 23:59:59,1886,1886
3275,26/10/2024 , 01:00:00,1885,1885
3276,26/10/2024 , 02:00:00,1885,1885
3277,26/10/2024 , 03:00:00,1885,1885
3278,26/10/2024 , 04:00:00,1884,1884
3279,26/10/2024 , 05:00:00,1883,1883
3280,26/10/2024 , 06:00:00,1883,1883
3281,26/10/2024 , 07:00:00,1883,1883
3282,26/10/2024 , 08:00:00,1884,1884
3283,26/10/2024 , 09:00:00,1884,1884
3284,26/10/2024 , 10:00:00,1885,1885
3285,26/10/2024 , 11:00:00,1885,1885
3286,26/10/2024 , 12:00:00,1884,1884
3287,26/10/2024 , 13:00:00,1883,1883
3288,26/10/2024 , 14:00:00,1883,1883
3289,26/10/2024 , 15:00:00,1883,1883
3290,26/10/2024 , 16:00:00,1881,1881
3291,26/10/2024 , 17:00:00,1881,1881
3292,26/10/2024 , 18:00:00,1879,1879
3293,26/10/2024 , 19:00:00,1878,1878
3294,26/10/2024 , 20:00:00,1878,1878
3295,26/10/2024 , 21:00:00,1877,1877
3296,26/10/2024 , 22:00:00,1876,1876
3297,26/10/2024 , 23:00:00,1876,1876
3298,26/10/2024 , 23:59:59,1875,1875
3299,27/10/2024 , 01:00:00,1874,1874
3300,27/10/2024 , 02:00:00,1874,1874
3301,27/10/2024 , 03:00:00,1873,1873
3302,27/10/2024 , 04:00:00,1872,1872
3303,27/10/2024 , 05:00:00,1872,1872
3304,27/10/2024 , 06:00:00,1871,1871
3305,27/10/2024 , 07:00:00,1870,1870
3306,27/10/2024 , 08:00:00,1870,1870
3307,27/10/2024 , 09:00:00,1870,1870
3308,27/10/2024 , 10:00:00,1869,1869
3309,27/10/2024 , 11:00:00,1869,1869
3310,27/10/2024 , 12:00:00,1869,1869
3311,27/10/2024 , 13:00:00,1868,1868
3312,27/10/2024 , 14:00:00,1868,1868
3313,27/10/2024 , 15:00:00,1867,1867
3314,27/10/2024 , 16:00:00,1867,1867
3315,27/10/2024 , 17:00:00,1865,1865
3316,27/10/2024 , 18:00:00,1865,1865
3317,27/10/2024 , 19:00:00,1864,1864
3318,27/10/2024 , 20:00:00,1863,1863
3319,27/10/2024 , 21:00:00,1863,1863
3320,27/10/2024 , 22:00:00,1862,1862
3321,27/10/2024 , 23:00:00,1861,1861
3322,27/10/2024 , 23:59:59,1860,1860
3323,28/10/2024 , 01:00:00,1859,1859
3324,28/10/2024 , 02:00:00,1859,1859
3325,28/10/2024 , 03:00:00,1858,1858
3326,28/10/2024 , 04:00:00,1857,1857
3327,28/10/2024 , 05:00:00,1857,1857
3328,28/10/2024 , 06:00:00,1856,1856
3329,28/10/2024 , 07:00:00,1856,1856
3330,28/10/2024 , 08:00:00,1855,1855
3331,28/10/2024 , 09:00:00,1855,1855
3332,28/10/2024 , 10:00:00,1855,1855
3333,28/10/2024 , 11:00:00,1855,1855
3334,28/10/2024 , 12:00:00,1855,1855
3335,28/10/2024 , 13:00:00,1854,1854
3336,28/10/2024 , 14:00:00,1854,1854
3337,28/10/2024 , 15:00:00,1853,1853
3338,28/10/2024 , 16:00:00,1853,1853
3339,28/10/2024 , 17:00:00,1852,1852
3340,28/10/2024 , 18:00:00,1851,1851
3341,28/10/2024 , 19:00:00,1850,1850
3342,28/10/2024 , 20:00:00,1850,1850
3343,28/10/2024 , 21:00:00,1849,1849
3344,28/10/2024 , 22:00:00,1848,1848
3345,28/10/2024 , 23:00:00,1848,1848
3346,28/10/2024 , 23:59:59,1847,1847
3347,29/10/2024 , 01:00:00,1847,1847
3348,29/10/2024 , 02:00:00,1846,1846
3349,29/10/2024 , 03:00:00,1846,1846
3350,29/10/2024 , 04:00:00,1845,1845
3351,29/10/2024 , 05:00:00,1845,1845
3352,29/10/2024 , 06:00:00,1844,1844
3353,29/10/2024 , 07:00:00,1843,1843
3354,29/10/2024 , 08:00:00,1843,1843
3355,29/10/2024 , 09:00:00,1843,1843
3356,29/10/2024 , 10:00:00,1843,1843
3357,29/10/2024 , 11:00:00,1843,1843
3358,29/10/2024 , 12:00:00,1843,1843
3359,29/10/2024 , 13:00:00,1842,1842
3360,29/10/2024 , 14:00:00,1841,1841
3361,29/10/2024 , 15:00:00,1842,1842
3362,29/10/2024 , 16:00:00,1841,1841
3363,29/10/2024 , 17:00:00,1840,1840
3364,29/10/2024 , 18:00:00,1840,1840
3365,29/10/2024 , 19:00:00,1839,1839
3366,29/10/2024 , 20:00:00,1839,1839
3367,29/10/2024 , 21:00:00,1838,1838
3368,29/10/2024 , 22:00:00,1838,1838
3369,29/10/2024 , 23:00:00,1838,1838
3370,29/10/2024 , 23:59:59,1838,1838
3371,30/10/2024 , 01:00:00,1837,1837
3372,30/10/2024 , 02:00:00,1837,1837
3373,30/10/2024 , 03:00:00,1836,1836
3374,30/10/2024 , 04:00:00,1836,1836
3375,30/10/2024 , 05:00:00,1836,1836
3376,30/10/2024 , 06:00:00,1835,1835
3377,30/10/2024 , 07:00:00,1836,1836
3378,30/10/2024 , 08:00:00,1835,1835
3379,30/10/2024 , 09:00:00,1836,1836
3380,30/10/2024 , 10:00:00,1836,1836
3381,30/10/2024 , 11:00:00,1837,1837
3382,30/10/2024 , 12:00:00,1837,1837
3383,30/10/2024 , 13:00:00,1837,1837
3384,30/10/2024 , 14:00:00,1837,1837
3385,30/10/2024 , 15:00:00,1837,1837
3386,30/10/2024 , 16:00:00,1837,1837
3387,30/10/2024 , 17:00:00,1837,1837
3388,30/10/2024 , 18:00:00,1836,1836
3389,30/10/2024 , 19:00:00,1836,1836
3390,30/10/2024 , 20:00:00,1836,1836
3391,30/10/2024 , 21:00:00,1835,1835
3392,30/10/2024 , 22:00:00,1836,1836
3393,30/10/2024 , 23:00:00,1835,1835
3394,30/10/2024 , 23:59:59,1835,1835
3395,31/10/2024 , 01:00:00,1835,1835
3396,31/10/2024 , 02:00:00,1835,1835
3397,31/10/2024 , 03:00:00,1835,1835
3398,31/10/2024 , 04:00:00,1835,1835
3399,31/10/2024 , 05:00:00,1835,1835
3400,31/10/2024 , 06:00:00,1835,1835
3401,31/10/2024 , 07:00:00,1835,1835
3402,31/10/2024 , 08:00:00,1834,1834
3403,31/10/2024 , 09:00:00,1835,1835
3404,31/10/2024 , 10:00:00,1835,1835
3405,31/10/2024 , 11:00:00,1834,1834
3406,31/10/2024 , 12:00:00,1834,1834
3407,31/10/2024 , 13:00:00,1834,1834
3408,31/10/2024 , 14:00:00,1834,1834
3409,31/10/2024 , 15:00:00,1834,1834
3410,31/10/2024 , 16:00:00,1833,1833
3411,31/10/2024 , 17:00:00,1838,1838
3412,31/10/2024 , 18:00:00,1835,1835
3413,31/10/2024 , 19:00:00,1833,1833
3414,31/10/2024 , 20:00:00,1832,1832
3415,31/10/2024 , 21:00:00,1840,1840
3416,31/10/2024 , 22:00:00,1839,1839
3417,31/10/2024 , 23:00:00,1846,1846
3418,31/10/2024 , 23:59:59,1849,1849
3419,01/11/2024 , 01:00:00,1850,1850
3420,01/11/2024 , 02:00:00,1861,1861
3421,01/11/2024 , 03:00:00,1874,1874
3422,01/11/2024 , 04:00:00,1895,1895
3423,01/11/2024 , 05:00:00,1928,1928
3424,01/11/2024 , 06:00:00,1963,1963
3425,01/11/2024 , 07:00:00,1993,1993
3426,01/11/2024 , 08:00:00,2014,2014
3427,01/11/2024 , 09:00:00,2026,2026
3428,01/11/2024 , 10:00:00,2030,2030
3429,01/11/2024 , 11:00:00,2046,2046
3430,01/11/2024 , 12:00:00,2088,2088
3431,01/11/2024 , 13:00:00,2078,2078
3432,01/11/2024 , 14:00:00,2067,2067
3433,01/11/2024 , 15:00:00,2060,2060
3434,01/11/2024 , 16:00:00,2055,2055
3435,01/11/2024 , 17:00:00,2051,2051
3436,01/11/2024 , 18:00:00,2046,2046
3437,01/11/2024 , 19:00:00,2041,2041
3438,01/11/2024 , 20:00:00,2037,2037
3439,01/11/2024 , 21:00:00,2034,2034
3440,01/11/2024 , 22:00:00,2031,2031
3441,01/11/2024 , 23:00:00,2028,2028
3442,01/11/2024 , 23:59:59,2027,2027
3443,02/11/2024 , 01:00:00,2025,2025
3444,02/11/2024 , 02:00:00,2024,2024
3445,02/11/2024 , 03:00:00,2020,2020
3446,02/11/2024 , 04:00:00,2017,2017
3447,02/11/2024 , 05:00:00,2015,2015
3448,02/11/2024 , 06:00:00,2013,2013
3449,02/11/2024 , 07:00:00,2012,2012
3450,02/11/2024 , 08:00:00,2010,2010
3451,02/11/2024 , 09:00:00,2010,2010
3452,02/11/2024 , 10:00:00,2009,2009
3453,02/11/2024 , 11:00:00,2009,2009
3454,02/11/2024 , 12:00:00,2008,2008
3455,02/11/2024 , 13:00:00,2007,2007
3456,02/11/2024 , 14:00:00,2007,2007
3457,02/11/2024 , 15:00:00,2006,2006
3458,02/11/2024 , 16:00:00,2006,2006
3459,02/11/2024 , 17:00:00,2005,2005
3460,02/11/2024 , 18:00:00,2005,2005
3461,02/11/2024 , 19:00:00,2005,2005
3462,02/11/2024 , 20:00:00,2004,2004
3463,02/11/2024 , 21:00:00,2004,2004
3464,02/11/2024 , 22:00:00,2003,2003
3465,02/11/2024 , 23:00:00,2002,2002
3466,02/11/2024 , 23:59:59,2002,2002
3467,03/11/2024 , 01:00:00,2001,2001
3468,03/11/2024 , 02:00:00,2001,2001
3469,03/11/2024 , 03:00:00,2001,2001
3470,03/11/2024 , 04:00:00,2000,2000
3471,03/11/2024 , 05:00:00,1999,1999
3472,03/11/2024 , 06:00:00,1999,1999
3473,03/11/2024 , 07:00:00,1998,1998
3474,03/11/2024 , 08:00:00,1998,1998
3475,03/11/2024 , 09:00:00,1998,1998
3476,03/11/2024 , 10:00:00,1997,1997
3477,03/11/2024 , 11:00:00,1998,1998
3478,03/11/2024 , 12:00:00,1998,1998
3479,03/11/2024 , 13:00:00,1998,1998
3480,03/11/2024 , 14:00:00,1998,1998
3481,03/11/2024 , 15:00:00,1997,1997
3482,03/11/2024 , 16:00:00,1997,1997
3483,03/11/2024 , 17:00:00,1997,1997
3484,03/11/2024 , 18:00:00,1997,1997
3485,03/11/2024 , 19:00:00,1996,1996
3486,03/11/2024 , 20:00:00,1996,1996
3487,03/11/2024 , 21:00:00,1995,1995
3488,03/11/2024 , 22:00:00,1995,1995
3489,03/11/2024 , 23:00:00,1994,1994
3490,03/11/2024 , 23:59:59,1994,1994
3491,04/11/2024 , 01:00:00,1993,1993
3492,04/11/2024 , 02:00:00,1993,1993
3493,04/11/2024 , 03:00:00,1993,1993
3494,04/11/2024 , 04:00:00,1992,1992
3495,04/11/2024 , 05:00:00,1991,1991
3496,04/11/2024 , 06:00:00,1991,1991
3497,04/11/2024 , 07:00:00,1991,1991
3498,04/11/2024 , 08:00:00,1991,1991
3499,04/11/2024 , 09:00:00,1991,1991
3500,04/11/2024 , 10:00:00,1991,1991
3501,04/11/2024 , 11:00:00,1991,1991
3502,04/11/2024 , 12:00:00,1991,1991
3503,04/11/2024 , 13:00:00,1991,1991
3504,04/11/2024 , 14:00:00,1991,1991
3505,04/11/2024 , 15:00:00,1991,1991
3506,04/11/2024 , 16:00:00,1991,1991
3507,04/11/2024 , 17:00:00,1990,1990
3508,04/11/2024 , 18:00:00,1990,1990
3509,04/11/2024 , 19:00:00,1990,1990
3510,04/11/2024 , 20:00:00,1990,1990
3511,04/11/2024 , 21:00:00,1990,1990
3512,04/11/2024 , 22:00:00,1990,1990
3513,04/11/2024 , 23:00:00,1990,1990
3514,04/11/2024 , 23:59:59,1991,1991
3515,05/11/2024 , 01:00:00,1992,1992
3516,05/11/2024 , 02:00:00,1993,1993
3517,05/11/2024 , 03:00:00,1996,1996
3518,05/11/2024 , 04:00:00,1997,1997
3519,05/11/2024 , 05:00:00,2001,2001
3520,05/11/2024 , 06:00:00,2005,2005
3521,05/11/2024 , 07:00:00,2009,2009
3522,05/11/2024 , 08:00:00,2012,2012
3523,05/11/2024 , 09:00:00,2013,2013
3524,05/11/2024 , 10:00:00,2014,2014
3525,05/11/2024 , 11:00:00,2015,2015
3526,05/11/2024 , 12:00:00,2015,2015
3527,05/11/2024 , 13:00:00,2015,2015
3528,05/11/2024 , 14:00:00,2015,2015
3529,05/11/2024 , 15:00:00,2015,2015
3530,05/11/2024 , 16:00:00,2015,2015
3531,05/11/2024 , 17:00:00,2019,2019
3532,05/11/2024 , 18:00:00,2040,2040
3533,05/11/2024 , 19:00:00,2060,2060
3534,05/11/2024 , 20:00:00,2069,2069
3535,05/11/2024 , 21:00:00,2065,2065
3536,05/11/2024 , 22:00:00,2055,2055
3537,05/11/2024 , 23:00:00,2050,2050
3538,05/11/2024 , 23:59:59,2045,2045
3539,06/11/2024 , 01:00:00,2041,2041
3540,06/11/2024 , 02:00:00,2038,2038
3541,06/11/2024 , 03:00:00,2036,2036
3542,06/11/2024 , 04:00:00,2033,2033
3543,06/11/2024 , 05:00:00,2031,2031
3544,06/11/2024 , 06:00:00,2030,2030
3545,06/11/2024 , 07:00:00,2028,2028
3546,06/11/2024 , 08:00:00,2028,2028
3547,06/11/2024 , 09:00:00,2026,2026
3548,06/11/2024 , 10:00:00,2024,2024
3549,06/11/2024 , 11:00:00,2022,2022
3550,06/11/2024 , 12:00:00,2019,2019
3551,06/11/2024 , 13:00:00,2017,2017
3552,06/11/2024 , 14:00:00,2016,2016
3553,06/11/2024 , 15:00:00,2015,2015
3554,06/11/2024 , 16:00:00,2013,2013
3555,06/11/2024 , 17:00:00,2012,2012
3556,06/11/2024 , 18:00:00,2010,2010
3557,06/11/2024 , 19:00:00,2009,2009
3558,06/11/2024 , 20:00:00,2008,2008
3559,06/11/2024 , 21:00:00,2007,2007
3560,06/11/2024 , 22:00:00,2006,2006
3561,06/11/2024 , 23:00:00,2006,2006
3562,06/11/2024 , 23:59:59,2005,2005
3563,07/11/2024 , 01:00:00,2005,2005
3564,07/11/2024 , 02:00:00,2004,2004
3565,07/11/2024 , 03:00:00,2003,2003
3566,07/11/2024 , 04:00:00,2003,2003
3567,07/11/2024 , 05:00:00,2003,2003
3568,07/11/2024 , 06:00:00,2003,2003
3569,07/11/2024 , 07:00:00,2002,2002
3570,07/11/2024 , 08:00:00,2002,2002
3571,07/11/2024 , 09:00:00,2002,2002
3572,07/11/2024 , 10:00:00,2003,2003
3573,07/11/2024 , 11:00:00,2003,2003
3574,07/11/2024 , 12:00:00,2002,2002
3575,07/11/2024 , 13:00:00,2002,2002
3576,07/11/2024 , 14:00:00,2002,2002
3577,07/11/2024 , 15:00:00,2001,2001
3578,07/11/2024 , 16:00:00,2000,2000
3579,07/11/2024 , 17:00:00,2000,2000
3580,07/11/2024 , 18:00:00,1999,1999
3581,07/11/2024 , 19:00:00,1998,1998
3582,07/11/2024 , 20:00:00,1997,1997
3583,07/11/2024 , 21:00:00,1997,1997
3584,07/11/2024 , 22:00:00,1997,1997
3585,07/11/2024 , 23:00:00,1997,1997
3586,07/11/2024 , 23:59:59,1997,1997
3587,08/11/2024 , 01:00:00,1997,1997
3588,08/11/2024 , 02:00:00,1997,1997
3589,08/11/2024 , 03:00:00,1997,1997
3590,08/11/2024 , 04:00:00,1997,1997
3591,08/11/2024 , 05:00:00,1997,1997
3592,08/11/2024 , 06:00:00,1997,1997
3593,08/11/2024 , 07:00:00,1997,1997
3594,08/11/2024 , 08:00:00,1997,1997
3595,08/11/2024 , 09:00:00,1997,1997
3596,08/11/2024 , 10:00:00,1997,1997
3597,08/11/2024 , 11:00:00,1997,1997
3598,08/11/2024 , 12:00:00,1997,1997
3599,08/11/2024 , 13:00:00,1997,1997
3600,08/11/2024 , 14:00:00,1997,1997
3601,08/11/2024 , 15:00:00,1996,1996
3602,08/11/2024 , 16:00:00,1996,1996
3603,08/11/2024 , 17:00:00,1995,1995
3604,08/11/2024 , 18:00:00,1994,1994
3605,08/11/2024 , 19:00:00,1994,1994
3606,08/11/2024 , 20:00:00,1993,1993
3607,08/11/2024 , 21:00:00,1994,1994
3608,08/11/2024 , 22:00:00,1994,1994
3609,08/11/2024 , 23:00:00,1993,1993
3610,08/11/2024 , 23:59:59,1993,1993
3611,09/11/2024 , 01:00:00,1992,1992
3612,09/11/2024 , 02:00:00,1992,1992
3613,09/11/2024 , 03:00:00,1992,1992
3614,09/11/2024 , 04:00:00,1991,1991
3615,09/11/2024 , 05:00:00,1991,1991
3616,09/11/2024 , 06:00:00,1991,1991
3617,09/11/2024 , 07:00:00,1991,1991
3618,09/11/2024 , 08:00:00,1990,1990
3619,09/11/2024 , 09:00:00,1990,1990
3620,09/11/2024 , 10:00:00,1990,1990
3621,09/11/2024 , 11:00:00,1990,1990
3622,09/11/2024 , 12:00:00,1990,1990
3623,09/11/2024 , 13:00:00,1989,1989
3624,09/11/2024 , 14:00:00,1988,1988
3625,09/11/2024 , 15:00:00,1988,1988
3626,09/11/2024 , 16:00:00,1987,1987
3627,09/11/2024 , 17:00:00,1987,1987
3628,09/11/2024 , 18:00:00,1986,1986
3629,09/11/2024 , 19:00:00,1986,1986
3630,09/11/2024 , 20:00:00,1986,1986
3631,09/11/2024 , 21:00:00,1985,1985
3632,09/11/2024 , 22:00:00,1985,1985
3633,09/11/2024 , 23:00:00,1985,1985
3634,09/11/2024 , 23:59:59,1984,1984
3635,10/11/2024 , 01:00:00,1984,1984
3636,10/11/2024 , 02:00:00,1984,1984
3637,10/11/2024 , 03:00:00,1983,1983
3638,10/11/2024 , 04:00:00,1983,1983
3639,10/11/2024 , 05:00:00,1983,1983
3640,10/11/2024 , 06:00:00,1983,1983
3641,10/11/2024 , 07:00:00,1983,1983
3642,10/11/2024 , 08:00:00,1982,1982
3643,10/11/2024 , 09:00:00,1982,1982
3644,10/11/2024 , 10:00:00,1983,1983
3645,10/11/2024 , 11:00:00,1983,1983
3646,10/11/2024 , 12:00:00,1983,1983
3647,10/11/2024 , 13:00:00,1983,1983
3648,10/11/2024 , 14:00:00,1983,1983
3649,10/11/2024 , 15:00:00,1983,1983
3650,10/11/2024 , 16:00:00,1982,1982
3651,10/11/2024 , 17:00:00,1982,1982
3652,10/11/2024 , 18:00:00,1981,1981
3653,10/11/2024 , 19:00:00,1981,1981
3654,10/11/2024 , 20:00:00,1981,1981
3655,10/11/2024 , 21:00:00,1981,1981
3656,10/11/2024 , 22:00:00,1981,1981
3657,10/11/2024 , 23:00:00,1981,1981
3658,10/11/2024 , 23:59:59,1981,1981
3659,11/11/2024 , 01:00:00,1981,1981
3660,11/11/2024 , 02:00:00,1981,1981
3661,11/11/2024 , 03:00:00,1981,1981
3662,11/11/2024 , 04:00:00,1981,1981
3663,11/11/2024 , 05:00:00,1981,1981
3664,11/11/2024 , 06:00:00,1981,1981
3665,11/11/2024 , 07:00:00,1984,1984
3666,11/11/2024 , 08:00:00,1985,1985
3667,11/11/2024 , 09:00:00,1987,1987
3668,11/11/2024 , 10:00:00,1989,1989
3669,11/11/2024 , 11:00:00,1992,1992
3670,11/11/2024 , 12:00:00,1995,1995
3671,11/11/2024 , 13:00:00,2002,2002
3672,11/11/2024 , 14:00:00,2012,2012
3673,11/11/2024 , 15:00:00,2022,2022
3674,11/11/2024 , 16:00:00,2029,2029
3675,11/11/2024 , 17:00:00,2030,2030
3676,11/11/2024 , 18:00:00,2031,2031
3677,11/11/2024 , 19:00:00,2029,2029
3678,11/11/2024 , 20:00:00,2026,2026
3679,11/11/2024 , 21:00:00,2024,2024
3680,11/11/2024 , 22:00:00,2021,2021
3681,11/11/2024 , 23:00:00,2018,2018
3682,11/11/2024 , 23:59:59,2015,2015
3683,12/11/2024 , 01:00:00,2013,2013
3684,12/11/2024 , 02:00:00,2011,2011
3685,12/11/2024 , 03:00:00,2011,2011
3686,12/11/2024 , 04:00:00,2010,2010
3687,12/11/2024 , 05:00:00,2010,2010
3688,12/11/2024 , 06:00:00,2010,2010
3689,12/11/2024 , 07:00:00,2010,2010
3690,12/11/2024 , 08:00:00,2010,2010
3691,12/11/2024 , 09:00:00,2010,2010
3692,12/11/2024 , 10:00:00,2010,2010
3693,12/11/2024 , 11:00:00,2010,2010
3694,12/11/2024 , 12:00:00,2009,2009
3695,12/11/2024 , 13:00:00,2009,2009
3696,12/11/2024 , 14:00:00,2007,2007
3697,12/11/2024 , 15:00:00,2007,2007
3698,12/11/2024 , 16:00:00,2006,2006
3699,12/11/2024 , 17:00:00,2005,2005
3700,12/11/2024 , 18:00:00,2004,2004
3701,12/11/2024 , 19:00:00,2004,2004
3702,12/11/2024 , 20:00:00,2003,2003
3703,12/11/2024 , 21:00:00,2003,2003
3704,12/11/2024 , 22:00:00,2002,2002
3705,12/11/2024 , 23:00:00,2002,2002
3706,12/11/2024 , 23:59:59,2001,2001
3707,13/11/2024 , 01:00:00,2001,2001
3708,13/11/2024 , 02:00:00,2001,2001
3709,13/11/2024 , 03:00:00,2000,2000
3710,13/11/2024 , 04:00:00,2000,2000
3711,13/11/2024 , 05:00:00,2000,2000
3712,13/11/2024 , 06:00:00,1999,1999
3713,13/11/2024 , 07:00:00,1998,1998
3714,13/11/2024 , 08:00:00,1998,1998
3715,13/11/2024 , 09:00:00,1998,1998
3716,13/11/2024 , 10:00:00,1998,1998
3717,13/11/2024 , 11:00:00,1998,1998
3718,13/11/2024 , 12:00:00,1998,1998
3719,13/11/2024 , 13:00:00,1997,1997
3720,13/11/2024 , 14:00:00,1997,1997
3721,13/11/2024 , 15:00:00,1997,1997
3722,13/11/2024 , 16:00:00,1996,1996
3723,13/11/2024 , 17:00:00,1996,1996
3724,13/11/2024 , 18:00:00,1995,1995
3725,13/11/2024 , 19:00:00,1995,1995
3726,13/11/2024 , 20:00:00,1995,1995
3727,13/11/2024 , 21:00:00,1994,1994
3728,13/11/2024 , 22:00:00,1994,1994
3729,13/11/2024 , 23:00:00,1993,1993
3730,13/11/2024 , 23:59:59,1993,1993
3731,14/11/2024 , 01:00:00,1993,1993
3732,14/11/2024 , 02:00:00,1993,1993
3733,14/11/2024 , 03:00:00,1993,1993
3734,14/11/2024 , 04:00:00,1992,1992
3735,14/11/2024 , 05:00:00,1991,1991
3736,14/11/2024 , 06:00:00,1991,1991
3737,14/11/2024 , 07:00:00,1991,1991
3738,14/11/2024 , 08:00:00,1991,1991
3739,14/11/2024 , 09:00:00,1991,1991
3740,14/11/2024 , 10:00:00,1992,1992
3741,14/11/2024 , 11:00:00,1993,1993
3742,14/11/2024 , 12:00:00,1993,1993
3743,14/11/2024 , 13:00:00,1993,1993
3744,14/11/2024 , 14:00:00,1144,1144
3745,14/11/2024 , 15:00:00,1142,1142
3746,14/11/2024 , 16:00:00,1081,1081
3747,14/11/2024 , 17:00:00,1078,1078
3748,14/11/2024 , 18:00:00,1075,1075
3749,14/11/2024 , 19:00:00,1070,1070
3750,14/11/2024 , 20:00:00,1068,1068
3751,14/11/2024 , 21:00:00,1067,1067
3752,14/11/2024 , 22:00:00,1067,1067
3753,14/11/2024 , 23:00:00,1067,1067
3754,14/11/2024 , 23:59:59,1066,1066
3755,15/11/2024 , 01:00:00,1066,1066
3756,15/11/2024 , 02:00:00,1066,1066
3757,15/11/2024 , 03:00:00,1066,1066
3758,15/11/2024 , 04:00:00,1066,1066
3759,15/11/2024 , 05:00:00,1066,1066
3760,15/11/2024 , 06:00:00,1066,1066
3761,15/11/2024 , 07:00:00,1065,1065
3762,15/11/2024 , 08:00:00,1065,1065
3763,15/11/2024 , 09:00:00,1065,1065
3764,15/11/2024 , 10:00:00,1065,1065
3765,15/11/2024 , 11:00:00,1065,1065
3766,15/11/2024 , 12:00:00,1065,1065
3767,15/11/2024 , 13:00:00,1065,1065
3768,15/11/2024 , 14:00:00,1065,1065
3769,15/11/2024 , 15:00:00,1065,1065
3770,15/11/2024 , 16:00:00,1065,1065
3771,15/11/2024 , 17:00:00,1065,1065
3772,15/11/2024 , 18:00:00,1065,1065
3773,15/11/2024 , 19:00:00,1065,1065
3774,15/11/2024 , 20:00:00,1065,1065
3775,15/11/2024 , 21:00:00,1065,1065
3776,15/11/2024 , 22:00:00,1065,1065
3777,15/11/2024 , 23:00:00,1065,1065
3778,15/11/2024 , 23:59:59,1065,1065
3779,16/11/2024 , 01:00:00,1065,1065
3780,16/11/2024 , 02:00:00,1064,1064
3781,16/11/2024 , 03:00:00,1064,1064
3782,16/11/2024 , 04:00:00,1064,1064
3783,16/11/2024 , 05:00:00,1064,1064
3784,16/11/2024 , 06:00:00,1064,1064
3785,16/11/2024 , 07:00:00,1064,1064
3786,16/11/2024 , 08:00:00,1064,1064
3787,16/11/2024 , 09:00:00,1064,1064
3788,16/11/2024 , 10:00:00,1064,1064
3789,16/11/2024 , 11:00:00,1064,1064
3790,16/11/2024 , 12:00:00,1064,1064
3791,16/11/2024 , 13:00:00,1064,1064
3792,16/11/2024 , 14:00:00,1064,1064
3793,16/11/2024 , 15:00:00,1064,1064
3794,16/11/2024 , 16:00:00,1064,1064
3795,16/11/2024 , 17:00:00,1064,1064
3796,16/11/2024 , 18:00:00,1064,1064
3797,16/11/2024 , 19:00:00,1064,1064
3798,16/11/2024 , 20:00:00,1064,1064
3799,16/11/2024 , 21:00:00,1064,1064
3800,16/11/2024 , 22:00:00,1064,1064
3801,16/11/2024 , 23:00:00,1063,1063
3802,16/11/2024 , 23:59:59,1064,1064
3803,17/11/2024 , 01:00:00,1063,1063
3804,17/11/2024 , 02:00:00,1063,1063
3805,17/11/2024 , 03:00:00,1063,1063
3806,17/11/2024 , 04:00:00,1063,1063
3807,17/11/2024 , 05:00:00,1063,1063
3808,17/11/2024 , 06:00:00,1063,1063
3809,17/11/2024 , 07:00:00,1063,1063
3810,17/11/2024 , 08:00:00,1063,1063
3811,17/11/2024 , 09:00:00,1063,1063
3812,17/11/2024 , 10:00:00,1063,1063
3813,17/11/2024 , 11:00:00,1063,1063
3814,17/11/2024 , 12:00:00,1063,1063
3815,17/11/2024 , 13:00:00,1063,1063
3816,17/11/2024 , 14:00:00,1063,1063
3817,17/11/2024 , 15:00:00,1063,1063
3818,17/11/2024 , 16:00:00,1063,1063
3819,17/11/2024 , 17:00:00,1063,1063
3820,17/11/2024 , 18:00:00,1063,1063
3821,17/11/2024 , 19:00:00,1063,1063
3822,17/11/2024 , 20:00:00,1063,1063
3823,17/11/2024 , 21:00:00,1063,1063
3824,17/11/2024 , 22:00:00,1063,1063
3825,17/11/2024 , 23:00:00,1063,1063
3826,17/11/2024 , 23:59:59,1063,1063
3827,18/11/2024 , 01:00:00,1063,1063
3828,18/11/2024 , 02:00:00,1063,1063
3829,18/11/2024 , 03:00:00,1063,1063
3830,18/11/2024 , 04:00:00,1063,1063
3831,18/11/2024 , 05:00:00,1063,1063
3832,18/11/2024 , 06:00:00,1063,1063
3833,18/11/2024 , 07:00:00,1063,1063
3834,18/11/2024 , 08:00:00,1063,1063
3835,18/11/2024 , 09:00:00,1063,1063
3836,18/11/2024 , 10:00:00,1063,1063
3837,18/11/2024 , 11:00:00,1063,1063
3838,18/11/2024 , 12:00:00,1063,1063
3839,18/11/2024 , 13:00:00,1063,1063
3840,18/11/2024 , 14:00:00,1063,1063
3841,18/11/2024 , 15:00:00,1063,1063
3842,18/11/2024 , 16:00:00,1063,1063
3843,18/11/2024 , 17:00:00,1063,1063
3844,18/11/2024 , 18:00:00,1063,1063
3845,18/11/2024 , 19:00:00,1063,1063
3846,18/11/2024 , 20:00:00,1063,1063
3847,18/11/2024 , 21:00:00,1063,1063
3848,18/11/2024 , 22:00:00,1063,1063
3849,18/11/2024 , 23:00:00,1063,1063
3850,18/11/2024 , 23:59:59,1063,1063
3851,19/11/2024 , 01:00:00,1063,1063
3852,19/11/2024 , 02:00:00,1063,1063
3853,19/11/2024 , 03:00:00,1063,1063
3854,19/11/2024 , 04:00:00,1063,1063
3855,19/11/2024 , 05:00:00,1063,1063
3856,19/11/2024 , 06:00:00,1063,1063
3857,19/11/2024 , 07:00:00,1063,1063
3858,19/11/2024 , 08:00:00,1063,1063
3859,19/11/2024 , 09:00:00,1063,1063
3860,19/11/2024 , 10:00:00,1063,1063
3861,19/11/2024 , 11:00:00,1063,1063
3862,19/11/2024 , 12:00:00,1063,1063
3863,19/11/2024 , 13:00:00,1063,1063
3864,19/11/2024 , 14:00:00,1063,1063
3865,19/11/2024 , 15:00:00,1063,1063
3866,19/11/2024 , 16:00:00,1063,1063
3867,19/11/2024 , 17:00:00,1063,1063
3868,19/11/2024 , 18:00:00,1063,1063
3869,19/11/2024 , 19:00:00,1063,1063
3870,19/11/2024 , 20:00:00,1063,1063
3871,19/11/2024 , 21:00:00,1063,1063
3872,19/11/2024 , 22:00:00,1063,1063
3873,19/11/2024 , 23:00:00,1063,1063
3874,19/11/2024 , 23:59:59,1063,1063
3875,20/11/2024 , 01:00:00,1063,1063
3876,20/11/2024 , 02:00:00,1063,1063
3877,20/11/2024 , 03:00:00,1063,1063
3878,20/11/2024 , 04:00:00,1063,1063
3879,20/11/2024 , 05:00:00,1063,1063
3880,20/11/2024 , 06:00:00,1063,1063
3881,20/11/2024 , 07:00:00,1063,1063
3882,20/11/2024 , 08:00:00,1063,1063
3883,20/11/2024 , 09:00:00,1063,1063
3884,20/11/2024 , 10:00:00,1063,1063
3885,20/11/2024 , 11:00:00,1063,1063
3886,20/11/2024 , 12:00:00,1063,1063
3887,20/11/2024 , 13:00:00,1063,1063
3888,20/11/2024 , 14:00:00,1063,1063
3889,20/11/2024 , 15:00:00,1063,1063
3890,20/11/2024 , 16:00:00,1063,1063
3891,20/11/2024 , 17:00:00,1063,1063
3892,20/11/2024 , 18:00:00,1063,1063
3893,20/11/2024 , 19:00:00,1063,1063
3894,20/11/2024 , 20:00:00,1063,1063
3895,20/11/2024 , 21:00:00,1063,1063
3896,20/11/2024 , 22:00:00,1063,1063
3897,20/11/2024 , 23:00:00,1063,1063
3898,20/11/2024 , 23:59:59,1063,1063
3899,21/11/2024 , 01:00:00,1063,1063
3900,21/11/2024 , 02:00:00,1063,1063
3901,21/11/2024 , 03:00:00,1063,1063
3902,21/11/2024 , 04:00:00,1063,1063
3903,21/11/2024 , 05:00:00,1063,1063
3904,21/11/2024 , 06:00:00,1063,1063
3905,21/11/2024 , 07:00:00,1063,1063
3906,21/11/2024 , 08:00:00,1063,1063
3907,21/11/2024 , 09:00:00,1063,1063
3908,21/11/2024 , 10:00:00,1063,1063
3909,21/11/2024 , 11:00:00,1063,1063
3910,21/11/2024 , 12:00:00,1063,1063
3911,21/11/2024 , 13:00:00,1063,1063
3912,21/11/2024 , 14:00:00,1063,1063
3913,21/11/2024 , 15:00:00,1063,1063
3914,21/11/2024 , 16:00:00,1063,1063
3915,21/11/2024 , 17:00:00,1063,1063
3916,21/11/2024 , 18:00:00,1063,1063
3917,21/11/2024 , 19:00:00,1063,1063
3918,21/11/2024 , 20:00:00,1063,1063
3919,21/11/2024 , 21:00:00,1063,1063
3920,21/11/2024 , 22:00:00,1063,1063
3921,21/11/2024 , 23:00:00,1063,1063
3922,21/11/2024 , 23:59:59,1063,1063
3923,22/11/2024 , 01:00:00,1063,1063
3924,22/11/2024 , 02:00:00,1063,1063
3925,22/11/2024 , 03:00:00,1063,1063
3926,22/11/2024 , 04:00:00,1063,1063
3927,22/11/2024 , 05:00:00,1063,1063
3928,22/11/2024 , 06:00:00,1063,1063
3929,22/11/2024 , 07:00:00,1063,1063
3930,22/11/2024 , 08:00:00,1063,1063
3931,22/11/2024 , 09:00:00,1063,1063
3932,22/11/2024 , 10:00:00,1063,1063
3933,22/11/2024 , 11:00:00,1063,1063
3934,22/11/2024 , 12:00:00,1063,1063
3935,22/11/2024 , 13:00:00,1063,1063
3936,22/11/2024 , 14:00:00,1063,1063
3937,22/11/2024 , 15:00:00,1062,1062
3938,22/11/2024 , 16:00:00,1062,1062
3939,22/11/2024 , 17:00:00,1062,1062
3940,22/11/2024 , 18:00:00,1062,1062
3941,22/11/2024 , 19:00:00,1062,1062
3942,22/11/2024 , 20:00:00,1062,1062
3943,22/11/2024 , 21:00:00,1062,1062
3944,22/11/2024 , 22:00:00,1062,1062
3945,22/11/2024 , 23:00:00,1062,1062
3946,22/11/2024 , 23:59:59,1062,1062
3947,23/11/2024 , 01:00:00,1062,1062
3948,23/11/2024 , 02:00:00,1062,1062
3949,23/11/2024 , 03:00:00,1062,1062
3950,23/11/2024 , 04:00:00,1062,1062
3951,23/11/2024 , 05:00:00,1062,1062
3952,23/11/2024 , 06:00:00,1062,1062
3953,23/11/2024 , 07:00:00,1062,1062
3954,23/11/2024 , 08:00:00,1062,1062
3955,23/11/2024 , 09:00:00,1062,1062
3956,23/11/2024 , 10:00:00,1062,1062
3957,23/11/2024 , 11:00:00,1062,1062
3958,23/11/2024 , 12:00:00,1062,1062
3959,23/11/2024 , 13:00:00,1062,1062
3960,23/11/2024 , 14:00:00,1062,1062
3961,23/11/2024 , 15:00:00,1062,1062
3962,23/11/2024 , 16:00:00,1062,1062
3963,23/11/2024 , 17:00:00,1062,1062
3964,23/11/2024 , 18:00:00,1062,1062
3965,23/11/2024 , 19:00:00,1062,1062
3966,23/11/2024 , 20:00:00,1062,1062
3967,23/11/2024 , 21:00:00,1062,1062
3968,23/11/2024 , 22:00:00,1062,1062
3969,23/11/2024 , 23:00:00,1062,1062
3970,23/11/2024 , 23:59:59,1062,1062
3971,24/11/2024 , 01:00:00,1062,1062
3972,24/11/2024 , 02:00:00,1062,1062
3973,24/11/2024 , 03:00:00,1062,1062
3974,24/11/2024 , 04:00:00,1062,1062
3975,24/11/2024 , 05:00:00,1062,1062
3976,24/11/2024 , 06:00:00,1062,1062
3977,24/11/2024 , 07:00:00,1062,1062
3978,24/11/2024 , 08:00:00,1062,1062
3979,24/11/2024 , 09:00:00,1062,1062
3980,24/11/2024 , 10:00:00,1062,1062
3981,24/11/2024 , 11:00:00,1062,1062
3982,24/11/2024 , 12:00:00,1062,1062
3983,24/11/2024 , 13:00:00,1062,1062
3984,24/11/2024 , 14:00:00,1062,1062
3985,24/11/2024 , 15:00:00,1062,1062
3986,24/11/2024 , 16:00:00,1062,1062
3987,24/11/2024 , 17:00:00,1062,1062
3988,24/11/2024 , 18:00:00,1062,1062
3989,24/11/2024 , 19:00:00,1062,1062
3990,24/11/2024 , 20:00:00,1062,1062
3991,24/11/2024 , 21:00:00,1062,1062
3992,24/11/2024 , 22:00:00,1062,1062
3993,24/11/2024 , 23:00:00,1062,1062
3994,24/11/2024 , 23:59:59,1062,1062
3995,25/11/2024 , 01:00:00,1062,1062
3996,25/11/2024 , 02:00:00,1062,1062
3997,25/11/2024 , 03:00:00,1062,1062
3998,25/11/2024 , 04:00:00,1062,1062
3999,25/11/2024 , 05:00:00,1062,1062
4000,25/11/2024 , 06:00:00,1062,1062
4001,25/11/2024 , 07:00:00,1062,1062
4002,25/11/2024 , 08:00:00,1062,1062
4003,25/11/2024 , 09:00:00,1062,1062
4004,25/11/2024 , 10:00:00,1062,1062
4005,25/11/2024 , 11:00:00,1062,1062
4006,25/11/2024 , 12:00:00,1062,1062
4007,25/11/2024 , 13:00:00,1063,1063