Site Name ,ST-HENRI
Site Number ,100
Logger ,Capacitive Water Level
Logger Serial Number ,41379


Scan No ,Date and Time,       Capacitive Water Level,        ,
        ,        ,RAW VALUE ,CALIBRATED VALUE,

1,11/06/2024 , 15:00:00,1066,1066
2,11/06/2024 , 16:00:00,1077,1077
3,11/06/2024 , 17:00:00,1250,1250
4,11/06/2024 , 18:00:00,1393,1393
5,11/06/2024 , 19:00:00,1495,1495
6,11/06/2024 , 20:00:00,1580,1580
7,11/06/2024 , 21:00:00,1652,1652
8,11/06/2024 , 22:00:00,1716,1716
9,11/06/2024 , 23:00:00,1755,1755
10,11/06/2024 , 23:59:59,1804,1804
11,12/06/2024 , 01:00:00,1849,1849
12,12/06/2024 , 02:00:00,1891,1891
13,12/06/2024 , 03:00:00,1930,1930
14,12/06/2024 , 04:00:00,1967,1967
15,12/06/2024 , 05:00:00,1999,1999
16,12/06/2024 , 06:00:00,2029,2029
17,12/06/2024 , 07:00:00,2056,2056
18,12/06/2024 , 08:00:00,2082,2082
19,12/06/2024 , 09:00:00,2106,2106
20,12/06/2024 , 10:00:00,2128,2128
21,12/06/2024 , 11:00:00,2149,2149
22,12/06/2024 , 12:00:00,2169,2169
23,12/06/2024 , 13:00:00,2185,2185
24,12/06/2024 , 14:00:00,2201,2201
25,12/06/2024 , 15:00:00,2215,2215
26,12/06/2024 , 16:00:00,2225,2225
27,12/06/2024 , 17:00:00,2234,2234
28,12/06/2024 , 18:00:00,2240,2240
29,12/06/2024 , 19:00:00,2245,2245
30,12/06/2024 , 20:00:00,2250,2250
31,12/06/2024 , 21:00:00,2253,2253
32,12/06/2024 , 22:00:00,2255,2255
33,12/06/2024 , 23:00:00,2257,2257
34,12/06/2024 , 23:59:59,2259,2259
35,13/06/2024 , 01:00:00,2261,2261
36,13/06/2024 , 02:00:00,2263,2263
37,13/06/2024 , 03:00:00,2268,2268
38,13/06/2024 , 04:00:00,2269,2269
39,13/06/2024 , 05:00:00,2270,2270
40,13/06/2024 , 06:00:00,2271,2271
41,13/06/2024 , 07:00:00,2271,2271
42,13/06/2024 , 08:00:00,2271,2271
43,13/06/2024 , 09:00:00,2271,2271
44,13/06/2024 , 10:00:00,2271,2271
45,13/06/2024 , 11:00:00,2272,2272
46,13/06/2024 , 12:00:00,2272,2272
47,13/06/2024 , 13:00:00,2271,2271
48,13/06/2024 , 14:00:00,2270,2270
49,13/06/2024 , 15:00:00,2269,2269
50,13/06/2024 , 16:00:00,2268,2268
51,13/06/2024 , 17:00:00,2267,2267
52,13/06/2024 , 18:00:00,2266,2266
53,13/06/2024 , 19:00:00,2266,2266
54,13/06/2024 , 20:00:00,2264,2264
55,13/06/2024 , 21:00:00,2263,2263
56,13/06/2024 , 22:00:00,2263,2263
57,13/06/2024 , 23:00:00,2263,2263
58,13/06/2024 , 23:59:59,2262,2262
59,14/06/2024 , 01:00:00,2262,2262
60,14/06/2024 , 02:00:00,2262,2262
61,14/06/2024 , 03:00:00,2262,2262
62,14/06/2024 , 04:00:00,2262,2262
63,14/06/2024 , 05:00:00,2262,2262
64,14/06/2024 , 06:00:00,2262,2262
65,14/06/2024 , 07:00:00,2262,2262
66,14/06/2024 , 08:00:00,2262,2262
67,14/06/2024 , 09:00:00,2262,2262
68,14/06/2024 , 10:00:00,2262,2262
69,14/06/2024 , 11:00:00,2262,2262
70,14/06/2024 , 12:00:00,2261,2261
71,14/06/2024 , 13:00:00,2261,2261
72,14/06/2024 , 14:00:00,2260,2260
73,14/06/2024 , 15:00:00,2259,2259
74,14/06/2024 , 16:00:00,2257,2257
75,14/06/2024 , 17:00:00,2256,2256
76,14/06/2024 , 18:00:00,2255,2255
77,14/06/2024 , 19:00:00,2253,2253
78,14/06/2024 , 20:00:00,2252,2252
79,14/06/2024 , 21:00:00,2250,2250
80,14/06/2024 , 22:00:00,2249,2249
81,14/06/2024 , 23:00:00,2242,2242
82,14/06/2024 , 23:59:59,2241,2241
83,15/06/2024 , 01:00:00,2240,2240
84,15/06/2024 , 02:00:00,2240,2240
85,15/06/2024 , 03:00:00,2239,2239
86,15/06/2024 , 04:00:00,2239,2239
87,15/06/2024 , 05:00:00,2238,2238
88,15/06/2024 , 06:00:00,2237,2237
89,15/06/2024 , 07:00:00,2237,2237
90,15/06/2024 , 08:00:00,2236,2236
91,15/06/2024 , 09:00:00,2236,2236
92,15/06/2024 , 10:00:00,2236,2236
93,15/06/2024 , 11:00:00,2235,2235
94,15/06/2024 , 12:00:00,2234,2234
95,15/06/2024 , 13:00:00,2232,2232
96,15/06/2024 , 14:00:00,2231,2231
97,15/06/2024 , 15:00:00,2229,2229
98,15/06/2024 , 16:00:00,2227,2227
99,15/06/2024 , 17:00:00,2226,2226
100,15/06/2024 , 18:00:00,2224,2224
101,15/06/2024 , 19:00:00,2222,2222
102,15/06/2024 , 20:00:00,2221,2221
103,15/06/2024 , 21:00:00,2219,2219
104,15/06/2024 , 22:00:00,2218,2218
105,15/06/2024 , 23:00:00,2217,2217
106,15/06/2024 , 23:59:59,2216,2216
107,16/06/2024 , 01:00:00,2215,2215
108,16/06/2024 , 02:00:00,2213,2213
109,16/06/2024 , 03:00:00,2213,2213
110,16/06/2024 , 04:00:00,2212,2212
111,16/06/2024 , 05:00:00,2211,2211
112,16/06/2024 , 06:00:00,2210,2210
113,16/06/2024 , 07:00:00,2211,2211
114,16/06/2024 , 08:00:00,2211,2211
115,16/06/2024 , 09:00:00,2211,2211
116,16/06/2024 , 10:00:00,2210,2210
117,16/06/2024 , 11:00:00,2209,2209
118,16/06/2024 , 12:00:00,2208,2208
119,16/06/2024 , 13:00:00,2207,2207
120,16/06/2024 , 14:00:00,2204,2204
121,16/06/2024 , 15:00:00,2202,2202
122,16/06/2024 , 16:00:00,2200,2200
123,16/06/2024 , 17:00:00,2199,2199
124,16/06/2024 , 18:00:00,2197,2197
125,16/06/2024 , 19:00:00,2195,2195
126,16/06/2024 , 20:00:00,2193,2193
127,16/06/2024 , 21:00:00,2192,2192
128,16/06/2024 , 22:00:00,2192,2192
129,16/06/2024 , 23:00:00,2191,2191
130,16/06/2024 , 23:59:59,2189,2189
131,17/06/2024 , 01:00:00,2188,2188
132,17/06/2024 , 02:00:00,2188,2188
133,17/06/2024 , 03:00:00,2187,2187
134,17/06/2024 , 04:00:00,2187,2187
135,17/06/2024 , 05:00:00,2186,2186
136,17/06/2024 , 06:00:00,2186,2186
137,17/06/2024 , 07:00:00,2186,2186
138,17/06/2024 , 08:00:00,2186,2186
139,17/06/2024 , 09:00:00,2185,2185
140,17/06/2024 , 10:00:00,2185,2185
141,17/06/2024 , 11:00:00,2185,2185
142,17/06/2024 , 12:00:00,2185,2185
143,17/06/2024 , 13:00:00,2185,2185
144,17/06/2024 , 14:00:00,2184,2184
145,17/06/2024 , 15:00:00,2184,2184
146,17/06/2024 , 16:00:00,2185,2185
147,17/06/2024 , 17:00:00,2184,2184
148,17/06/2024 , 18:00:00,2184,2184
149,17/06/2024 , 19:00:00,2184,2184
150,17/06/2024 , 20:00:00,2184,2184
151,17/06/2024 , 21:00:00,2184,2184
152,17/06/2024 , 22:00:00,2184,2184
153,17/06/2024 , 23:00:00,2184,2184
154,17/06/2024 , 23:59:59,2183,2183
155,18/06/2024 , 01:00:00,2183,2183
156,18/06/2024 , 02:00:00,2183,2183
157,18/06/2024 , 03:00:00,2182,2182
158,18/06/2024 , 04:00:00,2183,2183
159,18/06/2024 , 05:00:00,2182,2182
160,18/06/2024 , 06:00:00,2182,2182
161,18/06/2024 , 07:00:00,2183,2183
162,18/06/2024 , 08:00:00,2182,2182
163,18/06/2024 , 09:00:00,2182,2182
164,18/06/2024 , 10:00:00,2182,2182
165,18/06/2024 , 11:00:00,2183,2183
166,18/06/2024 , 12:00:00,2183,2183
167,18/06/2024 , 13:00:00,2182,2182
168,18/06/2024 , 14:00:00,2182,2182
169,18/06/2024 , 15:00:00,2181,2181
170,18/06/2024 , 16:00:00,2180,2180
171,18/06/2024 , 17:00:00,2179,2179
172,18/06/2024 , 18:00:00,2179,2179
173,18/06/2024 , 19:00:00,2178,2178
174,18/06/2024 , 20:00:00,2177,2177
175,18/06/2024 , 21:00:00,2176,2176
176,18/06/2024 , 22:00:00,2174,2174
177,18/06/2024 , 23:00:00,2174,2174
178,18/06/2024 , 23:59:59,2173,2173
179,19/06/2024 , 01:00:00,2172,2172
180,19/06/2024 , 02:00:00,2172,2172
181,19/06/2024 , 03:00:00,2171,2171
182,19/06/2024 , 04:00:00,2171,2171
183,19/06/2024 , 05:00:00,2171,2171
184,19/06/2024 , 06:00:00,2170,2170
185,19/06/2024 , 07:00:00,2170,2170
186,19/06/2024 , 08:00:00,2170,2170
187,19/06/2024 , 09:00:00,2169,2169
188,19/06/2024 , 10:00:00,2168,2168
189,19/06/2024 , 11:00:00,2167,2167
190,19/06/2024 , 12:00:00,2167,2167
191,19/06/2024 , 13:00:00,2165,2165
192,19/06/2024 , 14:00:00,2165,2165
193,19/06/2024 , 15:00:00,2164,2164
194,19/06/2024 , 16:00:00,2162,2162
195,19/06/2024 , 17:00:00,2161,2161
196,19/06/2024 , 18:00:00,2159,2159
197,19/06/2024 , 19:00:00,2158,2158
198,19/06/2024 , 20:00:00,2157,2157
199,19/06/2024 , 21:00:00,2156,2156
200,19/06/2024 , 22:00:00,2155,2155
201,19/06/2024 , 23:00:00,2154,2154
202,19/06/2024 , 23:59:59,2153,2153
203,20/06/2024 , 01:00:00,2152,2152
204,20/06/2024 , 02:00:00,2152,2152
205,20/06/2024 , 03:00:00,2151,2151
206,20/06/2024 , 04:00:00,2150,2150
207,20/06/2024 , 05:00:00,2149,2149
208,20/06/2024 , 06:00:00,2148,2148
209,20/06/2024 , 07:00:00,2148,2148
210,20/06/2024 , 08:00:00,2147,2147
211,20/06/2024 , 09:00:00,2146,2146
212,20/06/2024 , 10:00:00,2146,2146
213,20/06/2024 , 11:00:00,2146,2146
214,20/06/2024 , 12:00:00,2145,2145
215,20/06/2024 , 13:00:00,2143,2143
216,20/06/2024 , 14:00:00,2141,2141
217,20/06/2024 , 15:00:00,2140,2140
218,20/06/2024 , 16:00:00,2138,2138
219,20/06/2024 , 17:00:00,2135,2135
220,20/06/2024 , 18:00:00,2135,2135
221,20/06/2024 , 19:00:00,2133,2133
222,20/06/2024 , 20:00:00,2132,2132
223,20/06/2024 , 21:00:00,2130,2130
224,20/06/2024 , 22:00:00,2129,2129
225,20/06/2024 , 23:00:00,2128,2128
226,20/06/2024 , 23:59:59,2125,2125
227,21/06/2024 , 01:00:00,2124,2124
228,21/06/2024 , 02:00:00,2121,2121
229,21/06/2024 , 03:00:00,2120,2120
230,21/06/2024 , 04:00:00,2118,2118
231,21/06/2024 , 05:00:00,2117,2117
232,21/06/2024 , 06:00:00,2116,2116
233,21/06/2024 , 07:00:00,2115,2115
234,21/06/2024 , 08:00:00,2114,2114
235,21/06/2024 , 09:00:00,2113,2113
236,21/06/2024 , 10:00:00,2112,2112
237,21/06/2024 , 11:00:00,2111,2111
238,21/06/2024 , 12:00:00,2110,2110
239,21/06/2024 , 13:00:00,2110,2110
240,21/06/2024 , 14:00:00,2109,2109
241,21/06/2024 , 15:00:00,2108,2108
242,21/06/2024 , 16:00:00,2108,2108
243,21/06/2024 , 17:00:00,2107,2107
244,21/06/2024 , 18:00:00,2106,2106
245,21/06/2024 , 19:00:00,2105,2105
246,21/06/2024 , 20:00:00,2104,2104
247,21/06/2024 , 21:00:00,2104,2104
248,21/06/2024 , 22:00:00,2103,2103
249,21/06/2024 , 23:00:00,2102,2102
250,21/06/2024 , 23:59:59,2101,2101
251,22/06/2024 , 01:00:00,2100,2100
252,22/06/2024 , 02:00:00,2100,2100
253,22/06/2024 , 03:00:00,2098,2098
254,22/06/2024 , 04:00:00,2097,2097
255,22/06/2024 , 05:00:00,2097,2097
256,22/06/2024 , 06:00:00,2096,2096
257,22/06/2024 , 07:00:00,2096,2096
258,22/06/2024 , 08:00:00,2096,2096
259,22/06/2024 , 09:00:00,2095,2095
260,22/06/2024 , 10:00:00,2095,2095
261,22/06/2024 , 11:00:00,2095,2095
262,22/06/2024 , 12:00:00,2094,2094
263,22/06/2024 , 13:00:00,2093,2093
264,22/06/2024 , 14:00:00,2092,2092
265,22/06/2024 , 15:00:00,2091,2091
266,22/06/2024 , 16:00:00,2090,2090
267,22/06/2024 , 17:00:00,2089,2089
268,22/06/2024 , 18:00:00,2088,2088
269,22/06/2024 , 19:00:00,2086,2086
270,22/06/2024 , 20:00:00,2085,2085
271,22/06/2024 , 21:00:00,2084,2084
272,22/06/2024 , 22:00:00,2083,2083
273,22/06/2024 , 23:00:00,2082,2082
274,22/06/2024 , 23:59:59,2081,2081
275,23/06/2024 , 01:00:00,2080,2080
276,23/06/2024 , 02:00:00,2079,2079
277,23/06/2024 , 03:00:00,2078,2078
278,23/06/2024 , 04:00:00,2077,2077
279,23/06/2024 , 05:00:00,2076,2076
280,23/06/2024 , 06:00:00,2076,2076
281,23/06/2024 , 07:00:00,2075,2075
282,23/06/2024 , 08:00:00,2075,2075
283,23/06/2024 , 09:00:00,2080,2080
284,23/06/2024 , 10:00:00,2082,2082
285,23/06/2024 , 11:00:00,2112,2112
286,23/06/2024 , 12:00:00,2309,2309
287,23/06/2024 , 13:00:00,2366,2366
288,23/06/2024 , 14:00:00,2376,2376
289,23/06/2024 , 15:00:00,2410,2410
290,23/06/2024 , 16:00:00,2506,2506
291,23/06/2024 , 17:00:00,2471,2471
292,23/06/2024 , 18:00:00,2448,2448
293,23/06/2024 , 19:00:00,2431,2431
294,23/06/2024 , 20:00:00,2421,2421
295,23/06/2024 , 21:00:00,2483,2483
296,23/06/2024 , 22:00:00,2488,2488
297,23/06/2024 , 23:00:00,2461,2461
298,23/06/2024 , 23:59:59,2443,2443
299,24/06/2024 , 01:00:00,2429,2429
300,24/06/2024 , 02:00:00,2419,2419
301,24/06/2024 , 03:00:00,2412,2412
302,24/06/2024 , 04:00:00,2406,2406
303,24/06/2024 , 05:00:00,2399,2399
304,24/06/2024 , 06:00:00,2394,2394
305,24/06/2024 , 07:00:00,2389,2389
306,24/06/2024 , 08:00:00,2385,2385
307,24/06/2024 , 09:00:00,2381,2381
308,24/06/2024 , 10:00:00,2377,2377
309,24/06/2024 , 11:00:00,2374,2374
310,24/06/2024 , 12:00:00,2368,2368
311,24/06/2024 , 13:00:00,2363,2363
312,24/06/2024 , 14:00:00,2360,2360
313,24/06/2024 , 15:00:00,2356,2356
314,24/06/2024 , 16:00:00,2352,2352
315,24/06/2024 , 17:00:00,2347,2347
316,24/06/2024 , 18:00:00,2340,2340
317,24/06/2024 , 19:00:00,2337,2337
318,24/06/2024 , 20:00:00,2336,2336
319,24/06/2024 , 21:00:00,2330,2330
320,24/06/2024 , 22:00:00,2326,2326
321,24/06/2024 , 23:00:00,2322,2322
322,24/06/2024 , 23:59:59,2319,2319
323,25/06/2024 , 01:00:00,2317,2317
324,25/06/2024 , 02:00:00,2314,2314
325,25/06/2024 , 03:00:00,2313,2313
326,25/06/2024 , 04:00:00,2313,2313
327,25/06/2024 , 05:00:00,2311,2311
328,25/06/2024 , 06:00:00,2309,2309
329,25/06/2024 , 07:00:00,2308,2308
330,25/06/2024 , 08:00:00,2307,2307
331,25/06/2024 , 09:00:00,2306,2306
332,25/06/2024 , 10:00:00,2305,2305
333,25/06/2024 , 11:00:00,2305,2305
334,25/06/2024 , 12:00:00,2303,2303
335,25/06/2024 , 13:00:00,2301,2301
336,25/06/2024 , 14:00:00,2300,2300
337,25/06/2024 , 15:00:00,2299,2299
338,25/06/2024 , 16:00:00,2298,2298
339,25/06/2024 , 17:00:00,2298,2298
340,25/06/2024 , 18:00:00,2296,2296
341,25/06/2024 , 19:00:00,2295,2295
342,25/06/2024 , 20:00:00,2294,2294
343,25/06/2024 , 21:00:00,2293,2293
344,25/06/2024 , 22:00:00,2293,2293
345,25/06/2024 , 23:00:00,2292,2292
346,25/06/2024 , 23:59:59,2291,2291
347,26/06/2024 , 01:00:00,2291,2291
348,26/06/2024 , 02:00:00,2291,2291
349,26/06/2024 , 03:00:00,2290,2290
350,26/06/2024 , 04:00:00,2290,2290
351,26/06/2024 , 05:00:00,2290,2290
352,26/06/2024 , 06:00:00,2290,2290
353,26/06/2024 , 07:00:00,2289,2289
354,26/06/2024 , 08:00:00,2289,2289
355,26/06/2024 , 09:00:00,2289,2289
356,26/06/2024 , 10:00:00,2289,2289
357,26/06/2024 , 11:00:00,2289,2289
358,26/06/2024 , 12:00:00,2289,2289
359,26/06/2024 , 13:00:00,2290,2290
360,26/06/2024 , 14:00:00,2289,2289
361,26/06/2024 , 15:00:00,2289,2289
362,26/06/2024 , 16:00:00,2286,2286
363,26/06/2024 , 17:00:00,2286,2286
364,26/06/2024 , 18:00:00,2285,2285
365,26/06/2024 , 19:00:00,2286,2286
366,26/06/2024 , 20:00:00,2285,2285
367,26/06/2024 , 21:00:00,2285,2285
368,26/06/2024 , 22:00:00,2285,2285
369,26/06/2024 , 23:00:00,2284,2284
370,26/06/2024 , 23:59:59,2284,2284
371,27/06/2024 , 01:00:00,2284,2284
372,27/06/2024 , 02:00:00,2284,2284
373,27/06/2024 , 03:00:00,2283,2283
374,27/06/2024 , 04:00:00,2282,2282
375,27/06/2024 , 05:00:00,2292,2292
376,27/06/2024 , 06:00:00,2299,2299
377,27/06/2024 , 07:00:00,2299,2299
378,27/06/2024 , 08:00:00,2299,2299
379,27/06/2024 , 09:00:00,2298,2298
380,27/06/2024 , 10:00:00,2298,2298
381,27/06/2024 , 11:00:00,2297,2297
382,27/06/2024 , 12:00:00,2297,2297
383,27/06/2024 , 13:00:00,2296,2296
384,27/06/2024 , 14:00:00,2296,2296
385,27/06/2024 , 15:00:00,2295,2295
386,27/06/2024 , 16:00:00,2294,2294
387,27/06/2024 , 17:00:00,2294,2294
388,27/06/2024 , 18:00:00,2294,2294
389,27/06/2024 , 19:00:00,2294,2294
390,27/06/2024 , 20:00:00,2296,2296
391,27/06/2024 , 21:00:00,2296,2296
392,27/06/2024 , 22:00:00,2296,2296
393,27/06/2024 , 23:00:00,2297,2297
394,27/06/2024 , 23:59:59,2297,2297
395,28/06/2024 , 01:00:00,2296,2296
396,28/06/2024 , 02:00:00,2297,2297
397,28/06/2024 , 03:00:00,2297,2297
398,28/06/2024 , 04:00:00,2297,2297
399,28/06/2024 , 05:00:00,2296,2296
400,28/06/2024 , 06:00:00,2296,2296
401,28/06/2024 , 07:00:00,2296,2296
402,28/06/2024 , 08:00:00,2296,2296
403,28/06/2024 , 09:00:00,2297,2297
404,28/06/2024 , 10:00:00,2297,2297
405,28/06/2024 , 11:00:00,2296,2296
406,28/06/2024 , 12:00:00,2296,2296
407,28/06/2024 , 13:00:00,2296,2296
408,28/06/2024 , 14:00:00,2294,2294
409,28/06/2024 , 15:00:00,2293,2293
410,28/06/2024 , 16:00:00,2291,2291
411,28/06/2024 , 17:00:00,2289,2289
412,28/06/2024 , 18:00:00,2289,2289
413,28/06/2024 , 19:00:00,2287,2287
414,28/06/2024 , 20:00:00,2286,2286
415,28/06/2024 , 21:00:00,2285,2285
416,28/06/2024 , 22:00:00,2285,2285
417,28/06/2024 , 23:00:00,2284,2284
418,28/06/2024 , 23:59:59,2283,2283
419,29/06/2024 , 01:00:00,2283,2283
420,29/06/2024 , 02:00:00,2283,2283
421,29/06/2024 , 03:00:00,2282,2282
422,29/06/2024 , 04:00:00,2281,2281
423,29/06/2024 , 05:00:00,2280,2280
424,29/06/2024 , 06:00:00,2280,2280
425,29/06/2024 , 07:00:00,2280,2280
426,29/06/2024 , 08:00:00,2280,2280
427,29/06/2024 , 09:00:00,2280,2280
428,29/06/2024 , 10:00:00,2280,2280
429,29/06/2024 , 11:00:00,2279,2279
430,29/06/2024 , 12:00:00,2278,2278
431,29/06/2024 , 13:00:00,2276,2276
432,29/06/2024 , 14:00:00,2275,2275
433,29/06/2024 , 15:00:00,2272,2272
434,29/06/2024 , 16:00:00,2270,2270
435,29/06/2024 , 17:00:00,2269,2269
436,29/06/2024 , 18:00:00,2268,2268
437,29/06/2024 , 19:00:00,2258,2258
438,29/06/2024 , 20:00:00,2259,2259
439,29/06/2024 , 21:00:00,2290,2290
440,29/06/2024 , 22:00:00,2291,2291
441,29/06/2024 , 23:00:00,2295,2295
442,29/06/2024 , 23:59:59,2305,2305
443,30/06/2024 , 01:00:00,2306,2306
444,30/06/2024 , 02:00:00,2306,2306
445,30/06/2024 , 03:00:00,2306,2306
446,30/06/2024 , 04:00:00,2306,2306
447,30/06/2024 , 05:00:00,2305,2305
448,30/06/2024 , 06:00:00,2309,2309
449,30/06/2024 , 07:00:00,2431,2431
450,30/06/2024 , 08:00:00,2431,2431
451,30/06/2024 , 09:00:00,2470,2470
452,30/06/2024 , 10:00:00,2484,2484
453,30/06/2024 , 11:00:00,2497,2497
454,30/06/2024 , 12:00:00,2468,2468
455,30/06/2024 , 13:00:00,2451,2451
456,30/06/2024 , 14:00:00,2438,2438
457,30/06/2024 , 15:00:00,2432,2432
458,30/06/2024 , 16:00:00,2425,2425
459,30/06/2024 , 17:00:00,2422,2422
460,30/06/2024 , 18:00:00,2416,2416
461,30/06/2024 , 19:00:00,2411,2411
462,30/06/2024 , 20:00:00,2406,2406
463,30/06/2024 , 21:00:00,2401,2401
464,30/06/2024 , 22:00:00,2397,2397
465,30/06/2024 , 23:00:00,2393,2393
466,30/06/2024 , 23:59:59,2388,2388
467,01/07/2024 , 01:00:00,2384,2384
468,01/07/2024 , 02:00:00,2380,2380
469,01/07/2024 , 03:00:00,2376,2376
470,01/07/2024 , 04:00:00,2372,2372
471,01/07/2024 , 05:00:00,2369,2369
472,01/07/2024 , 06:00:00,2365,2365
473,01/07/2024 , 07:00:00,2363,2363
474,01/07/2024 , 08:00:00,2360,2360
475,01/07/2024 , 09:00:00,2356,2356
476,01/07/2024 , 10:00:00,2352,2352
477,01/07/2024 , 11:00:00,2347,2347
478,01/07/2024 , 12:00:00,2344,2344
479,01/07/2024 , 13:00:00,2340,2340
480,01/07/2024 , 14:00:00,2335,2335
481,01/07/2024 , 15:00:00,2332,2332
482,01/07/2024 , 16:00:00,2328,2328
483,01/07/2024 , 17:00:00,2326,2326
484,01/07/2024 , 18:00:00,2323,2323
485,01/07/2024 , 19:00:00,2321,2321
486,01/07/2024 , 20:00:00,2319,2319
487,01/07/2024 , 21:00:00,2317,2317
488,01/07/2024 , 22:00:00,2316,2316
489,01/07/2024 , 23:00:00,2314,2314
490,01/07/2024 , 23:59:59,2314,2314
491,02/07/2024 , 01:00:00,2312,2312
492,02/07/2024 , 02:00:00,2311,2311
493,02/07/2024 , 03:00:00,2310,2310
494,02/07/2024 , 04:00:00,2309,2309
495,02/07/2024 , 05:00:00,2308,2308
496,02/07/2024 , 06:00:00,2308,2308
497,02/07/2024 , 07:00:00,2308,2308
498,02/07/2024 , 08:00:00,2308,2308
499,02/07/2024 , 09:00:00,2307,2307
500,02/07/2024 , 10:00:00,2307,2307
501,02/07/2024 , 11:00:00,2307,2307
502,02/07/2024 , 12:00:00,2306,2306
503,02/07/2024 , 13:00:00,2305,2305
504,02/07/2024 , 14:00:00,2303,2303
505,02/07/2024 , 15:00:00,2301,2301
506,02/07/2024 , 16:00:00,2300,2300
507,02/07/2024 , 17:00:00,2298,2298
508,02/07/2024 , 18:00:00,2297,2297
509,02/07/2024 , 19:00:00,2296,2296
510,02/07/2024 , 20:00:00,2294,2294
511,02/07/2024 , 21:00:00,2294,2294
512,02/07/2024 , 22:00:00,2293,2293
513,02/07/2024 , 23:00:00,2292,2292
514,02/07/2024 , 23:59:59,2291,2291
515,03/07/2024 , 01:00:00,2291,2291
516,03/07/2024 , 02:00:00,2290,2290
517,03/07/2024 , 03:00:00,2289,2289
518,03/07/2024 , 04:00:00,2289,2289
519,03/07/2024 , 05:00:00,2289,2289
520,03/07/2024 , 06:00:00,2289,2289
521,03/07/2024 , 07:00:00,2288,2288
522,03/07/2024 , 08:00:00,2288,2288
523,03/07/2024 , 09:00:00,2288,2288
524,03/07/2024 , 10:00:00,2288,2288
525,03/07/2024 , 11:00:00,2287,2287
526,03/07/2024 , 12:00:00,2287,2287
527,03/07/2024 , 13:00:00,2286,2286
528,03/07/2024 , 14:00:00,2284,2284
529,03/07/2024 , 15:00:00,2283,2283
530,03/07/2024 , 16:00:00,2282,2282
531,03/07/2024 , 17:00:00,2280,2280
532,03/07/2024 , 18:00:00,2278,2278
533,03/07/2024 , 19:00:00,2276,2276
534,03/07/2024 , 20:00:00,2274,2274
535,03/07/2024 , 21:00:00,2270,2270
536,03/07/2024 , 22:00:00,2268,2268
537,03/07/2024 , 23:00:00,2266,2266
538,03/07/2024 , 23:59:59,2265,2265
539,04/07/2024 , 01:00:00,2255,2255
540,04/07/2024 , 02:00:00,2255,2255
541,04/07/2024 , 03:00:00,2254,2254
542,04/07/2024 , 04:00:00,2254,2254
543,04/07/2024 , 05:00:00,2254,2254
544,04/07/2024 , 06:00:00,2254,2254
545,04/07/2024 , 07:00:00,2253,2253
546,04/07/2024 , 08:00:00,2253,2253
547,04/07/2024 , 09:00:00,2253,2253
548,04/07/2024 , 10:00:00,2253,2253
549,04/07/2024 , 11:00:00,2252,2252
550,04/07/2024 , 12:00:00,2251,2251
551,04/07/2024 , 13:00:00,2250,2250
552,04/07/2024 , 14:00:00,2249,2249
553,04/07/2024 , 15:00:00,2247,2247
554,04/07/2024 , 16:00:00,2246,2246
555,04/07/2024 , 17:00:00,2244,2244
556,04/07/2024 , 18:00:00,2242,2242
557,04/07/2024 , 19:00:00,2241,2241
558,04/07/2024 , 20:00:00,2240,2240
559,04/07/2024 , 21:00:00,2239,2239
560,04/07/2024 , 22:00:00,2238,2238
561,04/07/2024 , 23:00:00,2237,2237
562,04/07/2024 , 23:59:59,2236,2236
563,05/07/2024 , 01:00:00,2236,2236
564,05/07/2024 , 02:00:00,2235,2235
565,05/07/2024 , 03:00:00,2234,2234
566,05/07/2024 , 04:00:00,2234,2234
567,05/07/2024 , 05:00:00,2234,2234
568,05/07/2024 , 06:00:00,2233,2233
569,05/07/2024 , 07:00:00,2233,2233
570,05/07/2024 , 08:00:00,2233,2233
571,05/07/2024 , 09:00:00,2233,2233
572,05/07/2024 , 10:00:00,2233,2233
573,05/07/2024 , 11:00:00,2232,2232
574,05/07/2024 , 12:00:00,2232,2232
575,05/07/2024 , 13:00:00,2230,2230
576,05/07/2024 , 14:00:00,2229,2229
577,05/07/2024 , 15:00:00,2227,2227
578,05/07/2024 , 16:00:00,2225,2225
579,05/07/2024 , 17:00:00,2224,2224
580,05/07/2024 , 18:00:00,2222,2222
581,05/07/2024 , 19:00:00,2221,2221
582,05/07/2024 , 20:00:00,2220,2220
583,05/07/2024 , 21:00:00,2218,2218
584,05/07/2024 , 22:00:00,2216,2216
585,05/07/2024 , 23:00:00,2215,2215
586,05/07/2024 , 23:59:59,2214,2214
587,06/07/2024 , 01:00:00,2213,2213
588,06/07/2024 , 02:00:00,2213,2213
589,06/07/2024 , 03:00:00,2212,2212
590,06/07/2024 , 04:00:00,2211,2211
591,06/07/2024 , 05:00:00,2210,2210
592,06/07/2024 , 06:00:00,2213,2213
593,06/07/2024 , 07:00:00,2296,2296
594,06/07/2024 , 08:00:00,2341,2341
595,06/07/2024 , 09:00:00,2364,2364
596,06/07/2024 , 10:00:00,2376,2376
597,06/07/2024 , 11:00:00,2377,2377
598,06/07/2024 , 12:00:00,2411,2411
599,06/07/2024 , 13:00:00,2408,2408
600,06/07/2024 , 14:00:00,2397,2397
601,06/07/2024 , 15:00:00,2387,2387
602,06/07/2024 , 16:00:00,2377,2377
603,06/07/2024 , 17:00:00,2370,2370
604,06/07/2024 , 18:00:00,2364,2364
605,06/07/2024 , 19:00:00,2358,2358
606,06/07/2024 , 20:00:00,2353,2353
607,06/07/2024 , 21:00:00,2348,2348
608,06/07/2024 , 22:00:00,2344,2344
609,06/07/2024 , 23:00:00,2341,2341
610,06/07/2024 , 23:59:59,2337,2337
611,07/07/2024 , 01:00:00,2335,2335
612,07/07/2024 , 02:00:00,2333,2333
613,07/07/2024 , 03:00:00,2328,2328
614,07/07/2024 , 04:00:00,2326,2326
615,07/07/2024 , 05:00:00,2324,2324
616,07/07/2024 , 06:00:00,2323,2323
617,07/07/2024 , 07:00:00,2322,2322
618,07/07/2024 , 08:00:00,2320,2320
619,07/07/2024 , 09:00:00,2319,2319
620,07/07/2024 , 10:00:00,2318,2318
621,07/07/2024 , 11:00:00,2316,2316
622,07/07/2024 , 12:00:00,2316,2316
623,07/07/2024 , 13:00:00,2314,2314
624,07/07/2024 , 14:00:00,2313,2313
625,07/07/2024 , 15:00:00,2311,2311
626,07/07/2024 , 16:00:00,2308,2308
627,07/07/2024 , 17:00:00,2307,2307
628,07/07/2024 , 18:00:00,2305,2305
629,07/07/2024 , 19:00:00,2304,2304
630,07/07/2024 , 20:00:00,2303,2303
631,07/07/2024 , 21:00:00,2301,2301
632,07/07/2024 , 22:00:00,2301,2301
633,07/07/2024 , 23:00:00,2300,2300
634,07/07/2024 , 23:59:59,2299,2299
635,08/07/2024 , 01:00:00,2298,2298
636,08/07/2024 , 02:00:00,2298,2298
637,08/07/2024 , 03:00:00,2297,2297
638,08/07/2024 , 04:00:00,2297,2297
639,08/07/2024 , 05:00:00,2296,2296
640,08/07/2024 , 06:00:00,2296,2296
641,08/07/2024 , 07:00:00,2296,2296
642,08/07/2024 , 08:00:00,2296,2296
643,08/07/2024 , 09:00:00,2295,2295
644,08/07/2024 , 10:00:00,2295,2295
645,08/07/2024 , 11:00:00,2294,2294
646,08/07/2024 , 12:00:00,2293,2293
647,08/07/2024 , 13:00:00,2290,2290
648,08/07/2024 , 14:00:00,2289,2289
649,08/07/2024 , 15:00:00,2288,2288
650,08/07/2024 , 16:00:00,2287,2287
651,08/07/2024 , 17:00:00,2286,2286
652,08/07/2024 , 18:00:00,2285,2285
653,08/07/2024 , 19:00:00,2284,2284
654,08/07/2024 , 20:00:00,2283,2283
655,08/07/2024 , 21:00:00,2283,2283
656,08/07/2024 , 22:00:00,2282,2282
657,08/07/2024 , 23:00:00,2282,2282
658,08/07/2024 , 23:59:59,2282,2282
659,09/07/2024 , 01:00:00,2281,2281
660,09/07/2024 , 02:00:00,2280,2280
661,09/07/2024 , 03:00:00,2280,2280
662,09/07/2024 , 04:00:00,2279,2279
663,09/07/2024 , 05:00:00,2279,2279
664,09/07/2024 , 06:00:00,2276,2276
665,09/07/2024 , 07:00:00,2276,2276
666,09/07/2024 , 08:00:00,2277,2277
667,09/07/2024 , 09:00:00,2277,2277
668,09/07/2024 , 10:00:00,2277,2277
669,09/07/2024 , 11:00:00,2276,2276
670,09/07/2024 , 12:00:00,2276,2276
671,09/07/2024 , 13:00:00,2275,2275
672,09/07/2024 , 14:00:00,2274,2274
673,09/07/2024 , 15:00:00,2273,2273
674,09/07/2024 , 16:00:00,2272,2272
675,09/07/2024 , 17:00:00,2271,2271
676,09/07/2024 , 18:00:00,2270,2270
677,09/07/2024 , 19:00:00,2269,2269
678,09/07/2024 , 20:00:00,2267,2267
679,09/07/2024 , 21:00:00,2264,2264
680,09/07/2024 , 22:00:00,2263,2263
681,09/07/2024 , 23:00:00,2262,2262
682,09/07/2024 , 23:59:59,2261,2261
683,10/07/2024 , 01:00:00,2261,2261
684,10/07/2024 , 02:00:00,2260,2260
685,10/07/2024 , 03:00:00,2260,2260
686,10/07/2024 , 04:00:00,2259,2259
687,10/07/2024 , 05:00:00,2258,2258
688,10/07/2024 , 06:00:00,2258,2258
689,10/07/2024 , 07:00:00,2250,2250
690,10/07/2024 , 08:00:00,2252,2252
691,10/07/2024 , 09:00:00,2252,2252
692,10/07/2024 , 10:00:00,2252,2252
693,10/07/2024 , 11:00:00,2251,2251
694,10/07/2024 , 12:00:00,2251,2251
695,10/07/2024 , 13:00:00,2250,2250
696,10/07/2024 , 14:00:00,2249,2249
697,10/07/2024 , 15:00:00,2248,2248
698,10/07/2024 , 16:00:00,2247,2247
699,10/07/2024 , 17:00:00,2247,2247
700,10/07/2024 , 18:00:00,2246,2246
701,10/07/2024 , 19:00:00,2246,2246
702,10/07/2024 , 20:00:00,2255,2255
703,10/07/2024 , 21:00:00,2389,2389
704,10/07/2024 , 22:00:00,2427,2427
705,10/07/2024 , 23:00:00,2426,2426
706,10/07/2024 , 23:59:59,2413,2413
707,11/07/2024 , 01:00:00,2400,2400
708,11/07/2024 , 02:00:00,2387,2387
709,11/07/2024 , 03:00:00,2374,2374
710,11/07/2024 , 04:00:00,2364,2364
711,11/07/2024 , 05:00:00,2357,2357
712,11/07/2024 , 06:00:00,2351,2351
713,11/07/2024 , 07:00:00,2346,2346
714,11/07/2024 , 08:00:00,2341,2341
715,11/07/2024 , 09:00:00,2337,2337
716,11/07/2024 , 10:00:00,2334,2334
717,11/07/2024 , 11:00:00,2331,2331
718,11/07/2024 , 12:00:00,2328,2328
719,11/07/2024 , 13:00:00,2426,2426
720,11/07/2024 , 14:00:00,2474,2474
721,11/07/2024 , 15:00:00,2458,2458
722,11/07/2024 , 16:00:00,2439,2439
723,11/07/2024 , 17:00:00,2431,2431
724,11/07/2024 , 18:00:00,2424,2424
725,11/07/2024 , 19:00:00,2419,2419
726,11/07/2024 , 20:00:00,2414,2414
727,11/07/2024 , 21:00:00,2408,2408
728,11/07/2024 , 22:00:00,2403,2403
729,11/07/2024 , 23:00:00,2397,2397
730,11/07/2024 , 23:59:59,2393,2393
731,12/07/2024 , 01:00:00,2389,2389
732,12/07/2024 , 02:00:00,2385,2385
733,12/07/2024 , 03:00:00,2381,2381
734,12/07/2024 , 04:00:00,2377,2377
735,12/07/2024 , 05:00:00,2373,2373
736,12/07/2024 , 06:00:00,2370,2370
737,12/07/2024 , 07:00:00,2367,2367
738,12/07/2024 , 08:00:00,2363,2363
739,12/07/2024 , 09:00:00,2360,2360
740,12/07/2024 , 10:00:00,2357,2357
741,12/07/2024 , 11:00:00,2354,2354
742,12/07/2024 , 12:00:00,2351,2351
743,12/07/2024 , 13:00:00,2347,2347
744,12/07/2024 , 14:00:00,2345,2345
745,12/07/2024 , 15:00:00,2342,2342
746,12/07/2024 , 16:00:00,2340,2340
747,12/07/2024 , 17:00:00,2336,2336
748,12/07/2024 , 18:00:00,2334,2334
749,12/07/2024 , 19:00:00,2330,2330
750,12/07/2024 , 20:00:00,2328,2328
751,12/07/2024 , 21:00:00,2326,2326
752,12/07/2024 , 22:00:00,2324,2324
753,12/07/2024 , 23:00:00,2322,2322
754,12/07/2024 , 23:59:59,2321,2321
755,13/07/2024 , 01:00:00,2320,2320
756,13/07/2024 , 02:00:00,2319,2319
757,13/07/2024 , 03:00:00,2317,2317
758,13/07/2024 , 04:00:00,2316,2316
759,13/07/2024 , 05:00:00,2315,2315
760,13/07/2024 , 06:00:00,2314,2314
761,13/07/2024 , 07:00:00,2314,2314
762,13/07/2024 , 08:00:00,2314,2314
763,13/07/2024 , 09:00:00,2313,2313
764,13/07/2024 , 10:00:00,2312,2312
765,13/07/2024 , 11:00:00,2311,2311
766,13/07/2024 , 12:00:00,2310,2310
767,13/07/2024 , 13:00:00,2308,2308
768,13/07/2024 , 14:00:00,2307,2307
769,13/07/2024 , 15:00:00,2307,2307
770,13/07/2024 , 16:00:00,2306,2306
771,13/07/2024 , 17:00:00,2305,2305
772,13/07/2024 , 18:00:00,2304,2304
773,13/07/2024 , 19:00:00,2303,2303
774,13/07/2024 , 20:00:00,2303,2303
775,13/07/2024 , 21:00:00,2302,2302
776,13/07/2024 , 22:00:00,2301,2301
777,13/07/2024 , 23:00:00,2301,2301
778,13/07/2024 , 23:59:59,2301,2301
779,14/07/2024 , 01:00:00,2300,2300
780,14/07/2024 , 02:00:00,2300,2300
781,14/07/2024 , 03:00:00,2299,2299
782,14/07/2024 , 04:00:00,2299,2299
783,14/07/2024 , 05:00:00,2298,2298
784,14/07/2024 , 06:00:00,2297,2297
785,14/07/2024 , 07:00:00,2297,2297
786,14/07/2024 , 08:00:00,2297,2297
787,14/07/2024 , 09:00:00,2297,2297
788,14/07/2024 , 10:00:00,2297,2297
789,14/07/2024 , 11:00:00,2297,2297
790,14/07/2024 , 12:00:00,2295,2295
791,14/07/2024 , 13:00:00,2295,2295
792,14/07/2024 , 14:00:00,2293,2293
793,14/07/2024 , 15:00:00,2292,2292
794,14/07/2024 , 16:00:00,2291,2291
795,14/07/2024 , 17:00:00,2290,2290
796,14/07/2024 , 18:00:00,2289,2289
797,14/07/2024 , 19:00:00,2289,2289
798,14/07/2024 , 20:00:00,2288,2288
799,14/07/2024 , 21:00:00,2287,2287
800,14/07/2024 , 22:00:00,2287,2287
801,14/07/2024 , 23:00:00,2287,2287
802,14/07/2024 , 23:59:59,2287,2287
803,15/07/2024 , 01:00:00,2287,2287
804,15/07/2024 , 02:00:00,2287,2287
805,15/07/2024 , 03:00:00,2286,2286
806,15/07/2024 , 04:00:00,2286,2286
807,15/07/2024 , 05:00:00,2285,2285
808,15/07/2024 , 06:00:00,2286,2286
809,15/07/2024 , 07:00:00,2286,2286
810,15/07/2024 , 08:00:00,2285,2285
811,15/07/2024 , 09:00:00,2285,2285
812,15/07/2024 , 10:00:00,2285,2285
813,15/07/2024 , 11:00:00,2284,2284
814,15/07/2024 , 12:00:00,2284,2284
815,15/07/2024 , 13:00:00,2283,2283
816,15/07/2024 , 14:00:00,2283,2283
817,15/07/2024 , 15:00:00,2282,2282
818,15/07/2024 , 16:00:00,2280,2280
819,15/07/2024 , 17:00:00,2279,2279
820,15/07/2024 , 18:00:00,2279,2279
821,15/07/2024 , 19:00:00,2276,2276
822,15/07/2024 , 20:00:00,2276,2276
823,15/07/2024 , 21:00:00,2276,2276
824,15/07/2024 , 22:00:00,2275,2275
825,15/07/2024 , 23:00:00,2275,2275
826,15/07/2024 , 23:59:59,2274,2274
827,16/07/2024 , 01:00:00,2272,2272
828,16/07/2024 , 02:00:00,2271,2271
829,16/07/2024 , 03:00:00,2256,2256
830,16/07/2024 , 04:00:00,2258,2258
831,16/07/2024 , 05:00:00,2259,2259
832,16/07/2024 , 06:00:00,2258,2258
833,16/07/2024 , 07:00:00,2258,2258
834,16/07/2024 , 08:00:00,2258,2258
835,16/07/2024 , 09:00:00,2258,2258
836,16/07/2024 , 10:00:00,2257,2257
837,16/07/2024 , 11:00:00,2257,2257
838,16/07/2024 , 12:00:00,2256,2256
839,16/07/2024 , 13:00:00,2256,2256
840,16/07/2024 , 14:00:00,2255,2255
841,16/07/2024 , 15:00:00,2254,2254
842,16/07/2024 , 16:00:00,2253,2253
843,16/07/2024 , 17:00:00,2252,2252
844,16/07/2024 , 18:00:00,2251,2251
845,16/07/2024 , 19:00:00,2251,2251
846,16/07/2024 , 20:00:00,2250,2250
847,16/07/2024 , 21:00:00,2249,2249
848,16/07/2024 , 22:00:00,2248,2248
849,16/07/2024 , 23:00:00,2247,2247
850,16/07/2024 , 23:59:59,2246,2246
851,17/07/2024 , 01:00:00,2246,2246
852,17/07/2024 , 02:00:00,2245,2245
853,17/07/2024 , 03:00:00,2245,2245
854,17/07/2024 , 04:00:00,2244,2244
855,17/07/2024 , 05:00:00,2243,2243
856,17/07/2024 , 06:00:00,2243,2243
857,17/07/2024 , 07:00:00,2242,2242
858,17/07/2024 , 08:00:00,2242,2242
859,17/07/2024 , 09:00:00,2241,2241
860,17/07/2024 , 10:00:00,2241,2241
861,17/07/2024 , 11:00:00,2240,2240
862,17/07/2024 , 12:00:00,2240,2240
863,17/07/2024 , 13:00:00,2238,2238
864,17/07/2024 , 14:00:00,2236,2236
865,17/07/2024 , 15:00:00,2235,2235
866,17/07/2024 , 16:00:00,2234,2234
867,17/07/2024 , 17:00:00,2233,2233
868,17/07/2024 , 18:00:00,2232,2232
869,17/07/2024 , 19:00:00,2231,2231
870,17/07/2024 , 20:00:00,2230,2230
871,17/07/2024 , 21:00:00,2229,2229
872,17/07/2024 , 22:00:00,2228,2228
873,17/07/2024 , 23:00:00,2227,2227
874,17/07/2024 , 23:59:59,2229,2229
875,18/07/2024 , 01:00:00,2228,2228
876,18/07/2024 , 02:00:00,2227,2227
877,18/07/2024 , 03:00:00,2226,2226
878,18/07/2024 , 04:00:00,2225,2225
879,18/07/2024 , 05:00:00,2225,2225
880,18/07/2024 , 06:00:00,2224,2224
881,18/07/2024 , 07:00:00,2224,2224
882,18/07/2024 , 08:00:00,2223,2223
883,18/07/2024 , 09:00:00,2222,2222
884,18/07/2024 , 10:00:00,2222,2222
885,18/07/2024 , 11:00:00,2220,2220
886,18/07/2024 , 12:00:00,2219,2219
887,18/07/2024 , 13:00:00,2217,2217
888,18/07/2024 , 14:00:00,2216,2216
889,18/07/2024 , 15:00:00,2214,2214
890,18/07/2024 , 16:00:00,2214,2214
891,18/07/2024 , 17:00:00,2212,2212
892,18/07/2024 , 18:00:00,2218,2218
893,18/07/2024 , 19:00:00,2218,2218
894,18/07/2024 , 20:00:00,2217,2217
895,18/07/2024 , 21:00:00,2215,2215
896,18/07/2024 , 22:00:00,2215,2215
897,18/07/2024 , 23:00:00,2213,2213
898,18/07/2024 , 23:59:59,2212,2212
899,19/07/2024 , 01:00:00,2212,2212
900,19/07/2024 , 02:00:00,2212,2212
901,19/07/2024 , 03:00:00,2210,2210
902,19/07/2024 , 04:00:00,2209,2209
903,19/07/2024 , 05:00:00,2208,2208
904,19/07/2024 , 06:00:00,2207,2207
905,19/07/2024 , 07:00:00,2206,2206
906,19/07/2024 , 08:00:00,2206,2206
907,19/07/2024 , 09:00:00,2206,2206
908,19/07/2024 , 10:00:00,2206,2206
909,19/07/2024 , 11:00:00,2206,2206
910,19/07/2024 , 12:00:00,2207,2207
911,19/07/2024 , 13:00:00,2206,2206
912,19/07/2024 , 14:00:00,2206,2206
913,19/07/2024 , 15:00:00,2206,2206
914,19/07/2024 , 16:00:00,2205,2205
915,19/07/2024 , 17:00:00,2205,2205
916,19/07/2024 , 18:00:00,2204,2204
917,19/07/2024 , 19:00:00,2204,2204
918,19/07/2024 , 20:00:00,2203,2203
919,19/07/2024 , 21:00:00,2203,2203
920,19/07/2024 , 22:00:00,2203,2203
921,19/07/2024 , 23:00:00,2202,2202
922,19/07/2024 , 23:59:59,2201,2201
923,20/07/2024 , 01:00:00,2201,2201
924,20/07/2024 , 02:00:00,2201,2201
925,20/07/2024 , 03:00:00,2200,2200
926,20/07/2024 , 04:00:00,2200,2200
927,20/07/2024 , 05:00:00,2199,2199
928,20/07/2024 , 06:00:00,2200,2200
929,20/07/2024 , 07:00:00,2199,2199
930,20/07/2024 , 08:00:00,2200,2200
931,20/07/2024 , 09:00:00,2200,2200
932,20/07/2024 , 10:00:00,2200,2200
933,20/07/2024 , 11:00:00,2199,2199
934,20/07/2024 , 12:00:00,2199,2199
935,20/07/2024 , 13:00:00,2199,2199
936,20/07/2024 , 14:00:00,2197,2197
937,20/07/2024 , 15:00:00,2197,2197
938,20/07/2024 , 16:00:00,2196,2196
939,20/07/2024 , 17:00:00,2195,2195
940,20/07/2024 , 18:00:00,2197,2197
941,20/07/2024 , 19:00:00,2198,2198
942,20/07/2024 , 20:00:00,2213,2213
943,20/07/2024 , 21:00:00,2213,2213
944,20/07/2024 , 22:00:00,2206,2206
945,20/07/2024 , 23:00:00,2206,2206
946,20/07/2024 , 23:59:59,2205,2205
947,21/07/2024 , 01:00:00,2204,2204
948,21/07/2024 , 02:00:00,2202,2202
949,21/07/2024 , 03:00:00,2201,2201
950,21/07/2024 , 04:00:00,2201,2201
951,21/07/2024 , 05:00:00,2200,2200
952,21/07/2024 , 06:00:00,2200,2200
953,21/07/2024 , 07:00:00,2199,2199
954,21/07/2024 , 08:00:00,2199,2199
955,21/07/2024 , 09:00:00,2198,2198
956,21/07/2024 , 10:00:00,2198,2198
957,21/07/2024 , 11:00:00,2198,2198
958,21/07/2024 , 12:00:00,2197,2197
959,21/07/2024 , 13:00:00,2197,2197
960,21/07/2024 , 14:00:00,2196,2196
961,21/07/2024 , 15:00:00,2195,2195
962,21/07/2024 , 16:00:00,2195,2195
963,21/07/2024 , 17:00:00,2194,2194
964,21/07/2024 , 18:00:00,2194,2194
965,21/07/2024 , 19:00:00,2193,2193
966,21/07/2024 , 20:00:00,2192,2192
967,21/07/2024 , 21:00:00,2191,2191
968,21/07/2024 , 22:00:00,2189,2189
969,21/07/2024 , 23:00:00,2189,2189
970,21/07/2024 , 23:59:59,2187,2187
971,22/07/2024 , 01:00:00,2186,2186
972,22/07/2024 , 02:00:00,2185,2185
973,22/07/2024 , 03:00:00,2184,2184
974,22/07/2024 , 04:00:00,2183,2183
975,22/07/2024 , 05:00:00,2182,2182
976,22/07/2024 , 06:00:00,2182,2182
977,22/07/2024 , 07:00:00,2181,2181
978,22/07/2024 , 08:00:00,2181,2181
979,22/07/2024 , 09:00:00,2180,2180
980,22/07/2024 , 10:00:00,2179,2179
981,22/07/2024 , 11:00:00,2179,2179
982,22/07/2024 , 12:00:00,2178,2178
983,22/07/2024 , 13:00:00,2178,2178
984,22/07/2024 , 14:00:00,2177,2177
985,22/07/2024 , 15:00:00,2176,2176
986,22/07/2024 , 16:00:00,2175,2175
987,22/07/2024 , 17:00:00,2174,2174
988,22/07/2024 , 18:00:00,2173,2173
989,22/07/2024 , 19:00:00,2172,2172
990,22/07/2024 , 20:00:00,2170,2170
991,22/07/2024 , 21:00:00,2169,2169
992,22/07/2024 , 22:00:00,2168,2168
993,22/07/2024 , 23:00:00,2168,2168
994,22/07/2024 , 23:59:59,2166,2166
995,23/07/2024 , 01:00:00,2167,2167
996,23/07/2024 , 02:00:00,2166,2166
997,23/07/2024 , 03:00:00,2165,2165
998,23/07/2024 , 04:00:00,2164,2164
999,23/07/2024 , 05:00:00,2161,2161
1000,23/07/2024 , 06:00:00,2161,2161
1001,23/07/2024 , 07:00:00,2160,2160
1002,23/07/2024 , 08:00:00,2160,2160
1003,23/07/2024 , 09:00:00,2159,2159
1004,23/07/2024 , 10:00:00,2158,2158
1005,23/07/2024 , 11:00:00,2156,2156
1006,23/07/2024 , 12:00:00,2155,2155
1007,23/07/2024 , 13:00:00,2154,2154
1008,23/07/2024 , 14:00:00,2152,2152
1009,23/07/2024 , 15:00:00,2150,2150
1010,23/07/2024 , 16:00:00,2148,2148
1011,23/07/2024 , 17:00:00,2146,2146
1012,23/07/2024 , 18:00:00,2144,2144
1013,23/07/2024 , 19:00:00,2142,2142
1014,23/07/2024 , 20:00:00,2140,2140
1015,23/07/2024 , 21:00:00,2138,2138
1016,23/07/2024 , 22:00:00,2136,2136
1017,23/07/2024 , 23:00:00,2134,2134
1018,23/07/2024 , 23:59:59,2133,2133
1019,24/07/2024 , 01:00:00,2131,2131
1020,24/07/2024 , 02:00:00,2130,2130
1021,24/07/2024 , 03:00:00,2130,2130
1022,24/07/2024 , 04:00:00,2129,2129
1023,24/07/2024 , 05:00:00,2127,2127
1024,24/07/2024 , 06:00:00,2127,2127
1025,24/07/2024 , 07:00:00,2126,2126
1026,24/07/2024 , 08:00:00,2125,2125
1027,24/07/2024 , 09:00:00,2124,2124
1028,24/07/2024 , 10:00:00,2123,2123
1029,24/07/2024 , 11:00:00,2122,2122
1030,24/07/2024 , 12:00:00,2120,2120
1031,24/07/2024 , 13:00:00,2119,2119
1032,24/07/2024 , 14:00:00,2116,2116
1033,24/07/2024 , 15:00:00,2115,2115
1034,24/07/2024 , 16:00:00,2113,2113
1035,24/07/2024 , 17:00:00,2113,2113
1036,24/07/2024 , 18:00:00,2111,2111
1037,24/07/2024 , 19:00:00,2109,2109
1038,24/07/2024 , 20:00:00,2108,2108
1039,24/07/2024 , 21:00:00,2107,2107
1040,24/07/2024 , 22:00:00,2106,2106
1041,24/07/2024 , 23:00:00,2104,2104
1042,24/07/2024 , 23:59:59,2107,2107
1043,25/07/2024 , 01:00:00,2121,2121
1044,25/07/2024 , 02:00:00,2121,2121
1045,25/07/2024 , 03:00:00,2120,2120
1046,25/07/2024 , 04:00:00,2119,2119
1047,25/07/2024 , 05:00:00,2118,2118
1048,25/07/2024 , 06:00:00,2118,2118
1049,25/07/2024 , 07:00:00,2253,2253
1050,25/07/2024 , 08:00:00,2441,2441
1051,25/07/2024 , 09:00:00,2430,2430
1052,25/07/2024 , 10:00:00,2406,2406
1053,25/07/2024 , 11:00:00,2388,2388
1054,25/07/2024 , 12:00:00,2371,2371
1055,25/07/2024 , 13:00:00,2357,2357
1056,25/07/2024 , 14:00:00,2344,2344
1057,25/07/2024 , 15:00:00,2332,2332
1058,25/07/2024 , 16:00:00,2323,2323
1059,25/07/2024 , 17:00:00,2316,2316
1060,25/07/2024 , 18:00:00,2312,2312
1061,25/07/2024 , 19:00:00,2306,2306
1062,25/07/2024 , 20:00:00,2304,2304
1063,25/07/2024 , 21:00:00,2300,2300
1064,25/07/2024 , 22:00:00,2297,2297
1065,25/07/2024 , 23:00:00,2294,2294
1066,25/07/2024 , 23:59:59,2291,2291
1067,26/07/2024 , 01:00:00,2290,2290
1068,26/07/2024 , 02:00:00,2288,2288
1069,26/07/2024 , 03:00:00,2286,2286
1070,26/07/2024 , 04:00:00,2285,2285
1071,26/07/2024 , 05:00:00,2284,2284
1072,26/07/2024 , 06:00:00,2282,2282
1073,26/07/2024 , 07:00:00,2280,2280
1074,26/07/2024 , 08:00:00,2279,2279
1075,26/07/2024 , 09:00:00,2278,2278
1076,26/07/2024 , 10:00:00,2276,2276
1077,26/07/2024 , 11:00:00,2273,2273
1078,26/07/2024 , 12:00:00,2268,2268
1079,26/07/2024 , 13:00:00,2255,2255
1080,26/07/2024 , 14:00:00,2252,2252
1081,26/07/2024 , 15:00:00,2250,2250
1082,26/07/2024 , 16:00:00,2246,2246
1083,26/07/2024 , 17:00:00,2244,2244
1084,26/07/2024 , 18:00:00,2241,2241
1085,26/07/2024 , 19:00:00,2239,2239
1086,26/07/2024 , 20:00:00,2237,2237
1087,26/07/2024 , 21:00:00,2234,2234
1088,26/07/2024 , 22:00:00,2233,2233
1089,26/07/2024 , 23:00:00,2231,2231
1090,26/07/2024 , 23:59:59,2229,2229
1091,27/07/2024 , 01:00:00,2228,2228
1092,27/07/2024 , 02:00:00,2228,2228
1093,27/07/2024 , 03:00:00,2226,2226
1094,27/07/2024 , 04:00:00,2225,2225
1095,27/07/2024 , 05:00:00,2223,2223
1096,27/07/2024 , 06:00:00,2223,2223
1097,27/07/2024 , 07:00:00,2222,2222
1098,27/07/2024 , 08:00:00,2220,2220
1099,27/07/2024 , 09:00:00,2219,2219
1100,27/07/2024 , 10:00:00,2218,2218
1101,27/07/2024 , 11:00:00,2217,2217
1102,27/07/2024 , 12:00:00,2215,2215
1103,27/07/2024 , 13:00:00,2213,2213
1104,27/07/2024 , 14:00:00,2211,2211
1105,27/07/2024 , 15:00:00,2208,2208
1106,27/07/2024 , 16:00:00,2206,2206
1107,27/07/2024 , 17:00:00,2204,2204
1108,27/07/2024 , 18:00:00,2203,2203
1109,27/07/2024 , 19:00:00,2202,2202
1110,27/07/2024 , 20:00:00,2202,2202
1111,27/07/2024 , 21:00:00,2200,2200
1112,27/07/2024 , 22:00:00,2200,2200
1113,27/07/2024 , 23:00:00,2200,2200
1114,27/07/2024 , 23:59:59,2200,2200
1115,28/07/2024 , 01:00:00,2199,2199
1116,28/07/2024 , 02:00:00,2198,2198
1117,28/07/2024 , 03:00:00,2197,2197
1118,28/07/2024 , 04:00:00,2197,2197
1119,28/07/2024 , 05:00:00,2196,2196
1120,28/07/2024 , 06:00:00,2195,2195
1121,28/07/2024 , 07:00:00,2196,2196
1122,28/07/2024 , 08:00:00,2195,2195
1123,28/07/2024 , 09:00:00,2195,2195
1124,28/07/2024 , 10:00:00,2195,2195
1125,28/07/2024 , 11:00:00,2195,2195
1126,28/07/2024 , 12:00:00,2194,2194
1127,28/07/2024 , 13:00:00,2193,2193
1128,28/07/2024 , 14:00:00,2191,2191
1129,28/07/2024 , 15:00:00,2191,2191
1130,28/07/2024 , 16:00:00,2190,2190
1131,28/07/2024 , 17:00:00,2189,2189
1132,28/07/2024 , 18:00:00,2188,2188
1133,28/07/2024 , 19:00:00,2187,2187
1134,28/07/2024 , 20:00:00,2187,2187
1135,28/07/2024 , 21:00:00,2186,2186
1136,28/07/2024 , 22:00:00,2185,2185
1137,28/07/2024 , 23:00:00,2184,2184
1138,28/07/2024 , 23:59:59,2183,2183
1139,29/07/2024 , 01:00:00,2182,2182
1140,29/07/2024 , 02:00:00,2182,2182
1141,29/07/2024 , 03:00:00,2182,2182
1142,29/07/2024 , 04:00:00,2181,2181
1143,29/07/2024 , 05:00:00,2180,2180
1144,29/07/2024 , 06:00:00,2179,2179
1145,29/07/2024 , 07:00:00,2179,2179
1146,29/07/2024 , 08:00:00,2178,2178
1147,29/07/2024 , 09:00:00,2179,2179
1148,29/07/2024 , 10:00:00,2178,2178
1149,29/07/2024 , 11:00:00,2177,2177
1150,29/07/2024 , 12:00:00,2174,2174
1151,29/07/2024 , 13:00:00,2173,2173
1152,29/07/2024 , 14:00:00,2173,2173
1153,29/07/2024 , 15:00:00,2172,2172
1154,29/07/2024 , 16:00:00,2171,2171
1155,29/07/2024 , 17:00:00,2170,2170
1156,29/07/2024 , 18:00:00,2170,2170
1157,29/07/2024 , 19:00:00,2168,2168
1158,29/07/2024 , 20:00:00,2167,2167
1159,29/07/2024 , 21:00:00,2166,2166
1160,29/07/2024 , 22:00:00,2166,2166
1161,29/07/2024 , 23:00:00,2164,2164
1162,29/07/2024 , 23:59:59,2164,2164
1163,30/07/2024 , 01:00:00,2163,2163
1164,30/07/2024 , 02:00:00,2163,2163
1165,30/07/2024 , 03:00:00,2161,2161
1166,30/07/2024 , 04:00:00,2161,2161
1167,30/07/2024 , 05:00:00,2160,2160
1168,30/07/2024 , 06:00:00,2159,2159
1169,30/07/2024 , 07:00:00,2159,2159
1170,30/07/2024 , 08:00:00,2158,2158
1171,30/07/2024 , 09:00:00,2158,2158
1172,30/07/2024 , 10:00:00,2157,2157
1173,30/07/2024 , 11:00:00,2156,2156
1174,30/07/2024 , 12:00:00,2155,2155
1175,30/07/2024 , 13:00:00,2154,2154
1176,30/07/2024 , 14:00:00,2153,2153
1177,30/07/2024 , 15:00:00,2152,2152
1178,30/07/2024 , 16:00:00,2351,2351
1179,30/07/2024 , 17:00:00,2345,2345
1180,30/07/2024 , 18:00:00,2329,2329
1181,30/07/2024 , 19:00:00,2318,2318
1182,30/07/2024 , 20:00:00,2309,2309
1183,30/07/2024 , 21:00:00,2303,2303
1184,30/07/2024 , 22:00:00,2296,2296
1185,30/07/2024 , 23:00:00,2290,2290
1186,30/07/2024 , 23:59:59,2287,2287
1187,31/07/2024 , 01:00:00,2282,2282
1188,31/07/2024 , 02:00:00,2275,2275
1189,31/07/2024 , 03:00:00,2263,2263
1190,31/07/2024 , 04:00:00,2258,2258
1191,31/07/2024 , 05:00:00,2253,2253
1192,31/07/2024 , 06:00:00,2250,2250
1193,31/07/2024 , 07:00:00,2237,2237
1194,31/07/2024 , 08:00:00,2234,2234
1195,31/07/2024 , 09:00:00,2231,2231
1196,31/07/2024 , 10:00:00,2229,2229
1197,31/07/2024 , 11:00:00,2227,2227
1198,31/07/2024 , 12:00:00,2224,2224
1199,31/07/2024 , 13:00:00,2222,2222
1200,31/07/2024 , 14:00:00,2360,2360
1201,31/07/2024 , 15:00:00,2375,2375
1202,31/07/2024 , 16:00:00,2369,2369
1203,31/07/2024 , 17:00:00,2356,2356
1204,31/07/2024 , 18:00:00,2347,2347
1205,31/07/2024 , 19:00:00,2340,2340
1206,31/07/2024 , 20:00:00,2333,2333
1207,31/07/2024 , 21:00:00,2330,2330
1208,31/07/2024 , 22:00:00,2496,2496
1209,31/07/2024 , 23:00:00,2489,2489
1210,31/07/2024 , 23:59:59,2459,2459
1211,01/08/2024 , 01:00:00,2441,2441
1212,01/08/2024 , 02:00:00,2430,2430
1213,01/08/2024 , 03:00:00,2422,2422
1214,01/08/2024 , 04:00:00,2418,2418
1215,01/08/2024 , 05:00:00,2412,2412
1216,01/08/2024 , 06:00:00,2407,2407
1217,01/08/2024 , 07:00:00,2403,2403
1218,01/08/2024 , 08:00:00,2399,2399
1219,01/08/2024 , 09:00:00,2395,2395
1220,01/08/2024 , 10:00:00,2391,2391
1221,01/08/2024 , 11:00:00,2387,2387
1222,01/08/2024 , 12:00:00,2381,2381
1223,01/08/2024 , 13:00:00,2377,2377
1224,01/08/2024 , 14:00:00,2371,2371
1225,01/08/2024 , 15:00:00,2364,2364
1226,01/08/2024 , 16:00:00,2357,2357
1227,01/08/2024 , 17:00:00,2351,2351
1228,01/08/2024 , 18:00:00,2346,2346
1229,01/08/2024 , 19:00:00,2341,2341
1230,01/08/2024 , 20:00:00,2336,2336
1231,01/08/2024 , 21:00:00,2333,2333
1232,01/08/2024 , 22:00:00,2329,2329
1233,01/08/2024 , 23:00:00,2326,2326
1234,01/08/2024 , 23:59:59,2324,2324
1235,02/08/2024 , 01:00:00,2322,2322
1236,02/08/2024 , 02:00:00,2320,2320
1237,02/08/2024 , 03:00:00,2319,2319
1238,02/08/2024 , 04:00:00,2317,2317
1239,02/08/2024 , 05:00:00,2315,2315
1240,02/08/2024 , 06:00:00,2315,2315
1241,02/08/2024 , 07:00:00,2314,2314
1242,02/08/2024 , 08:00:00,2313,2313
1243,02/08/2024 , 09:00:00,2312,2312
1244,02/08/2024 , 10:00:00,2311,2311
1245,02/08/2024 , 11:00:00,2309,2309
1246,02/08/2024 , 12:00:00,2307,2307
1247,02/08/2024 , 13:00:00,2306,2306
1248,02/08/2024 , 14:00:00,2304,2304
1249,02/08/2024 , 15:00:00,2302,2302
1250,02/08/2024 , 16:00:00,2300,2300
1251,02/08/2024 , 17:00:00,2300,2300
1252,02/08/2024 , 18:00:00,2301,2301
1253,02/08/2024 , 19:00:00,2300,2300
1254,02/08/2024 , 20:00:00,2299,2299
1255,02/08/2024 , 21:00:00,2298,2298
1256,02/08/2024 , 22:00:00,2297,2297
1257,02/08/2024 , 23:00:00,2297,2297
1258,02/08/2024 , 23:59:59,2296,2296
1259,03/08/2024 , 01:00:00,2295,2295
1260,03/08/2024 , 02:00:00,2295,2295
1261,03/08/2024 , 03:00:00,2294,2294
1262,03/08/2024 , 04:00:00,2294,2294
1263,03/08/2024 , 05:00:00,2294,2294
1264,03/08/2024 , 06:00:00,2293,2293
1265,03/08/2024 , 07:00:00,2293,2293
1266,03/08/2024 , 08:00:00,2293,2293
1267,03/08/2024 , 09:00:00,2293,2293
1268,03/08/2024 , 10:00:00,2293,2293
1269,03/08/2024 , 11:00:00,2293,2293
1270,03/08/2024 , 12:00:00,2289,2289
1271,03/08/2024 , 13:00:00,2289,2289
1272,03/08/2024 , 14:00:00,2289,2289
1273,03/08/2024 , 15:00:00,2288,2288
1274,03/08/2024 , 16:00:00,2286,2286
1275,03/08/2024 , 17:00:00,2285,2285
1276,03/08/2024 , 18:00:00,2285,2285
1277,03/08/2024 , 19:00:00,2284,2284
1278,03/08/2024 , 20:00:00,2283,2283
1279,03/08/2024 , 21:00:00,2282,2282
1280,03/08/2024 , 22:00:00,2281,2281
1281,03/08/2024 , 23:00:00,2280,2280
1282,03/08/2024 , 23:59:59,2279,2279
1283,04/08/2024 , 01:00:00,2279,2279
1284,04/08/2024 , 02:00:00,2274,2274
1285,04/08/2024 , 03:00:00,2273,2273
1286,04/08/2024 , 04:00:00,2272,2272
1287,04/08/2024 , 05:00:00,2271,2271
1288,04/08/2024 , 06:00:00,2269,2269
1289,04/08/2024 , 07:00:00,2268,2268
1290,04/08/2024 , 08:00:00,2268,2268
1291,04/08/2024 , 09:00:00,2268,2268
1292,04/08/2024 , 10:00:00,2258,2258
1293,04/08/2024 , 11:00:00,2257,2257
1294,04/08/2024 , 12:00:00,2256,2256
1295,04/08/2024 , 13:00:00,2255,2255
1296,04/08/2024 , 14:00:00,2253,2253
1297,04/08/2024 , 15:00:00,2251,2251
1298,04/08/2024 , 16:00:00,2249,2249
1299,04/08/2024 , 17:00:00,2247,2247
1300,04/08/2024 , 18:00:00,2245,2245
1301,04/08/2024 , 19:00:00,2244,2244
1302,04/08/2024 , 20:00:00,2243,2243
1303,04/08/2024 , 21:00:00,2242,2242
1304,04/08/2024 , 22:00:00,2241,2241
1305,04/08/2024 , 23:00:00,2240,2240
1306,04/08/2024 , 23:59:59,2242,2242
1307,05/08/2024 , 01:00:00,2241,2241
1308,05/08/2024 , 02:00:00,2240,2240
1309,05/08/2024 , 03:00:00,2240,2240
1310,05/08/2024 , 04:00:00,2239,2239
1311,05/08/2024 , 05:00:00,2238,2238
1312,05/08/2024 , 06:00:00,2237,2237
1313,05/08/2024 , 07:00:00,2236,2236
1314,05/08/2024 , 08:00:00,2236,2236
1315,05/08/2024 , 09:00:00,2236,2236
1316,05/08/2024 , 10:00:00,2235,2235
1317,05/08/2024 , 11:00:00,2235,2235
1318,05/08/2024 , 12:00:00,2235,2235
1319,05/08/2024 , 13:00:00,2233,2233
1320,05/08/2024 , 14:00:00,2232,2232
1321,05/08/2024 , 15:00:00,2230,2230
1322,05/08/2024 , 16:00:00,2228,2228
1323,05/08/2024 , 17:00:00,2226,2226
1324,05/08/2024 , 18:00:00,2223,2223
1325,05/08/2024 , 19:00:00,2222,2222
1326,05/08/2024 , 20:00:00,2248,2248
1327,05/08/2024 , 21:00:00,2285,2285
1328,05/08/2024 , 22:00:00,2298,2298
1329,05/08/2024 , 23:00:00,2298,2298
1330,05/08/2024 , 23:59:59,2295,2295
1331,06/08/2024 , 01:00:00,2293,2293
1332,06/08/2024 , 02:00:00,2290,2290
1333,06/08/2024 , 03:00:00,2288,2288
1334,06/08/2024 , 04:00:00,2286,2286
1335,06/08/2024 , 05:00:00,2284,2284
1336,06/08/2024 , 06:00:00,2282,2282
1337,06/08/2024 , 07:00:00,2280,2280
1338,06/08/2024 , 08:00:00,2279,2279
1339,06/08/2024 , 09:00:00,2277,2277
1340,06/08/2024 , 10:00:00,2274,2274
1341,06/08/2024 , 11:00:00,2270,2270
1342,06/08/2024 , 12:00:00,2257,2257
1343,06/08/2024 , 13:00:00,2255,2255
1344,06/08/2024 , 14:00:00,2253,2253
1345,06/08/2024 , 15:00:00,2252,2252
1346,06/08/2024 , 16:00:00,2249,2249
1347,06/08/2024 , 17:00:00,2247,2247
1348,06/08/2024 , 18:00:00,2245,2245
1349,06/08/2024 , 19:00:00,2243,2243
1350,06/08/2024 , 20:00:00,2241,2241
1351,06/08/2024 , 21:00:00,2239,2239
1352,06/08/2024 , 22:00:00,2238,2238
1353,06/08/2024 , 23:00:00,2236,2236
1354,06/08/2024 , 23:59:59,2234,2234
1355,07/08/2024 , 01:00:00,2233,2233
1356,07/08/2024 , 02:00:00,2232,2232
1357,07/08/2024 , 03:00:00,2231,2231
1358,07/08/2024 , 04:00:00,2228,2228
1359,07/08/2024 , 05:00:00,2226,2226
1360,07/08/2024 , 06:00:00,2225,2225
1361,07/08/2024 , 07:00:00,2224,2224
1362,07/08/2024 , 08:00:00,2224,2224
1363,07/08/2024 , 09:00:00,2223,2223
1364,07/08/2024 , 10:00:00,2222,2222
1365,07/08/2024 , 11:00:00,2221,2221
1366,07/08/2024 , 12:00:00,2220,2220
1367,07/08/2024 , 13:00:00,2219,2219
1368,07/08/2024 , 14:00:00,2217,2217
1369,07/08/2024 , 15:00:00,2216,2216
1370,07/08/2024 , 16:00:00,2214,2214
1371,07/08/2024 , 17:00:00,2212,2212
1372,07/08/2024 , 18:00:00,2209,2209
1373,07/08/2024 , 19:00:00,2208,2208
1374,07/08/2024 , 20:00:00,2207,2207
1375,07/08/2024 , 21:00:00,2206,2206
1376,07/08/2024 , 22:00:00,2206,2206
1377,07/08/2024 , 23:00:00,2205,2205
1378,07/08/2024 , 23:59:59,2204,2204
1379,08/08/2024 , 01:00:00,2204,2204
1380,08/08/2024 , 02:00:00,2203,2203
1381,08/08/2024 , 03:00:00,2202,2202
1382,08/08/2024 , 04:00:00,2201,2201
1383,08/08/2024 , 05:00:00,2200,2200
1384,08/08/2024 , 06:00:00,2199,2199
1385,08/08/2024 , 07:00:00,2199,2199
1386,08/08/2024 , 08:00:00,2200,2200
1387,08/08/2024 , 09:00:00,2200,2200
1388,08/08/2024 , 10:00:00,2201,2201
1389,08/08/2024 , 11:00:00,2201,2201
1390,08/08/2024 , 12:00:00,2202,2202
1391,08/08/2024 , 13:00:00,2201,2201
1392,08/08/2024 , 14:00:00,2201,2201
1393,08/08/2024 , 15:00:00,2201,2201
1394,08/08/2024 , 16:00:00,2201,2201
1395,08/08/2024 , 17:00:00,2200,2200
1396,08/08/2024 , 18:00:00,2201,2201
1397,08/08/2024 , 19:00:00,2201,2201
1398,08/08/2024 , 20:00:00,2201,2201
1399,08/08/2024 , 21:00:00,2200,2200
1400,08/08/2024 , 22:00:00,2200,2200
1401,08/08/2024 , 23:00:00,2199,2199
1402,08/08/2024 , 23:59:59,2199,2199
1403,09/08/2024 , 01:00:00,2200,2200
1404,09/08/2024 , 02:00:00,2200,2200
1405,09/08/2024 , 03:00:00,2199,2199
1406,09/08/2024 , 04:00:00,2199,2199
1407,09/08/2024 , 05:00:00,2199,2199
1408,09/08/2024 , 06:00:00,2199,2199
1409,09/08/2024 , 07:00:00,2199,2199
1410,09/08/2024 , 08:00:00,2198,2198
1411,09/08/2024 , 09:00:00,2198,2198
1412,09/08/2024 , 10:00:00,2201,2201
1413,09/08/2024 , 11:00:00,2205,2205
1414,09/08/2024 , 12:00:00,2220,2220
1415,09/08/2024 , 13:00:00,2236,2236
1416,09/08/2024 , 14:00:00,2281,2281
1417,09/08/2024 , 15:00:00,2335,2335
1418,09/08/2024 , 16:00:00,2471,2471
1419,09/08/2024 , 17:00:00,2480,2480
1420,09/08/2024 , 18:00:00,2547,2547
1421,09/08/2024 , 19:00:00,2528,2528
1422,09/08/2024 , 20:00:00,2507,2507
1423,09/08/2024 , 21:00:00,2521,2521
1424,09/08/2024 , 22:00:00,2537,2537
1425,09/08/2024 , 23:00:00,2500,2500
1426,09/08/2024 , 23:59:59,2475,2475
1427,10/08/2024 , 01:00:00,2459,2459
1428,10/08/2024 , 02:00:00,2447,2447
1429,10/08/2024 , 03:00:00,2437,2437
1430,10/08/2024 , 04:00:00,2431,2431
1431,10/08/2024 , 05:00:00,2427,2427
1432,10/08/2024 , 06:00:00,2424,2424
1433,10/08/2024 , 07:00:00,2418,2418
1434,10/08/2024 , 08:00:00,2415,2415
1435,10/08/2024 , 09:00:00,2411,2411
1436,10/08/2024 , 10:00:00,2407,2407
1437,10/08/2024 , 11:00:00,2404,2404
1438,10/08/2024 , 12:00:00,2401,2401
1439,10/08/2024 , 13:00:00,2398,2398
1440,10/08/2024 , 14:00:00,2395,2395
1441,10/08/2024 , 15:00:00,2391,2391
1442,10/08/2024 , 16:00:00,2387,2387
1443,10/08/2024 , 17:00:00,2383,2383
1444,10/08/2024 , 18:00:00,2379,2379
1445,10/08/2024 , 19:00:00,2374,2374
1446,10/08/2024 , 20:00:00,2371,2371
1447,10/08/2024 , 21:00:00,2365,2365
1448,10/08/2024 , 22:00:00,2360,2360
1449,10/08/2024 , 23:00:00,2356,2356
1450,10/08/2024 , 23:59:59,2352,2352
1451,11/08/2024 , 01:00:00,2348,2348
1452,11/08/2024 , 02:00:00,2346,2346
1453,11/08/2024 , 03:00:00,2343,2343
1454,11/08/2024 , 04:00:00,2341,2341
1455,11/08/2024 , 05:00:00,2337,2337
1456,11/08/2024 , 06:00:00,2335,2335
1457,11/08/2024 , 07:00:00,2333,2333
1458,11/08/2024 , 08:00:00,2331,2331
1459,11/08/2024 , 09:00:00,2329,2329
1460,11/08/2024 , 10:00:00,2327,2327
1461,11/08/2024 , 11:00:00,2326,2326
1462,11/08/2024 , 12:00:00,2323,2323
1463,11/08/2024 , 13:00:00,2322,2322
1464,11/08/2024 , 14:00:00,2320,2320
1465,11/08/2024 , 15:00:00,2319,2319
1466,11/08/2024 , 16:00:00,2317,2317
1467,11/08/2024 , 17:00:00,2316,2316
1468,11/08/2024 , 18:00:00,2315,2315
1469,11/08/2024 , 19:00:00,2313,2313
1470,11/08/2024 , 20:00:00,2313,2313
1471,11/08/2024 , 21:00:00,2312,2312
1472,11/08/2024 , 22:00:00,2310,2310
1473,11/08/2024 , 23:00:00,2309,2309
1474,11/08/2024 , 23:59:59,2309,2309
1475,12/08/2024 , 01:00:00,2308,2308
1476,12/08/2024 , 02:00:00,2308,2308
1477,12/08/2024 , 03:00:00,2307,2307
1478,12/08/2024 , 04:00:00,2307,2307
1479,12/08/2024 , 05:00:00,2306,2306
1480,12/08/2024 , 06:00:00,2305,2305
1481,12/08/2024 , 07:00:00,2305,2305
1482,12/08/2024 , 08:00:00,2305,2305
1483,12/08/2024 , 09:00:00,2304,2304
1484,12/08/2024 , 10:00:00,2304,2304
1485,12/08/2024 , 11:00:00,2304,2304
1486,12/08/2024 , 12:00:00,2303,2303
1487,12/08/2024 , 13:00:00,2301,2301
1488,12/08/2024 , 14:00:00,2301,2301
1489,12/08/2024 , 15:00:00,2300,2300
1490,12/08/2024 , 16:00:00,2299,2299
1491,12/08/2024 , 17:00:00,2298,2298
1492,12/08/2024 , 18:00:00,2298,2298
1493,12/08/2024 , 19:00:00,2297,2297
1494,12/08/2024 , 20:00:00,2296,2296
1495,12/08/2024 , 21:00:00,2296,2296
1496,12/08/2024 , 22:00:00,2295,2295
1497,12/08/2024 , 23:00:00,2295,2295
1498,12/08/2024 , 23:59:59,2294,2294
1499,13/08/2024 , 01:00:00,2294,2294
1500,13/08/2024 , 02:00:00,2293,2293
1501,13/08/2024 , 03:00:00,2293,2293
1502,13/08/2024 , 04:00:00,2292,2292
1503,13/08/2024 , 05:00:00,2291,2291
1504,13/08/2024 , 06:00:00,2291,2291
1505,13/08/2024 , 07:00:00,2291,2291
1506,13/08/2024 , 08:00:00,2291,2291
1507,13/08/2024 , 09:00:00,2290,2290
1508,13/08/2024 , 10:00:00,2290,2290
1509,13/08/2024 , 11:00:00,2290,2290
1510,13/08/2024 , 12:00:00,2290,2290
1511,13/08/2024 , 13:00:00,2290,2290
1512,13/08/2024 , 14:00:00,2289,2289
1513,13/08/2024 , 15:00:00,2288,2288
1514,13/08/2024 , 16:00:00,2288,2288
1515,13/08/2024 , 17:00:00,2286,2286
1516,13/08/2024 , 18:00:00,2285,2285
1517,13/08/2024 , 19:00:00,2283,2283
1518,13/08/2024 , 20:00:00,2280,2280
1519,13/08/2024 , 21:00:00,2278,2278
1520,13/08/2024 , 22:00:00,2262,2262
1521,13/08/2024 , 23:00:00,2261,2261
1522,13/08/2024 , 23:59:59,2260,2260
1523,14/08/2024 , 01:00:00,2259,2259
1524,14/08/2024 , 02:00:00,2259,2259
1525,14/08/2024 , 03:00:00,2258,2258
1526,14/08/2024 , 04:00:00,2257,2257
1527,14/08/2024 , 05:00:00,2257,2257
1528,14/08/2024 , 06:00:00,2258,2258
1529,14/08/2024 , 07:00:00,2258,2258
1530,14/08/2024 , 08:00:00,2258,2258
1531,14/08/2024 , 09:00:00,2258,2258
1532,14/08/2024 , 10:00:00,2257,2257
1533,14/08/2024 , 11:00:00,2257,2257
1534,14/08/2024 , 12:00:00,2256,2256
1535,14/08/2024 , 13:00:00,2258,2258
1536,14/08/2024 , 14:00:00,2256,2256
1537,14/08/2024 , 15:00:00,2254,2254
1538,14/08/2024 , 16:00:00,2253,2253
1539,14/08/2024 , 17:00:00,2251,2251
1540,14/08/2024 , 18:00:00,2250,2250
1541,14/08/2024 , 19:00:00,2248,2248
1542,14/08/2024 , 20:00:00,2247,2247
1543,14/08/2024 , 21:00:00,2246,2246
1544,14/08/2024 , 22:00:00,2245,2245
1545,14/08/2024 , 23:00:00,2244,2244
1546,14/08/2024 , 23:59:59,2243,2243
1547,15/08/2024 , 01:00:00,2243,2243
1548,15/08/2024 , 02:00:00,2244,2244
1549,15/08/2024 , 03:00:00,2243,2243
1550,15/08/2024 , 04:00:00,2243,2243
1551,15/08/2024 , 05:00:00,2242,2242
1552,15/08/2024 , 06:00:00,2242,2242
1553,15/08/2024 , 07:00:00,2241,2241
1554,15/08/2024 , 08:00:00,2241,2241
1555,15/08/2024 , 09:00:00,2241,2241
1556,15/08/2024 , 10:00:00,2241,2241
1557,15/08/2024 , 11:00:00,2240,2240
1558,15/08/2024 , 12:00:00,2239,2239
1559,15/08/2024 , 13:00:00,2238,2238
1560,15/08/2024 , 14:00:00,2237,2237
1561,15/08/2024 , 15:00:00,2235,2235
1562,15/08/2024 , 16:00:00,2234,2234
1563,15/08/2024 , 17:00:00,2232,2232
1564,15/08/2024 , 18:00:00,2231,2231
1565,15/08/2024 , 19:00:00,2230,2230
1566,15/08/2024 , 20:00:00,2229,2229
1567,15/08/2024 , 21:00:00,2228,2228
1568,15/08/2024 , 22:00:00,2228,2228
1569,15/08/2024 , 23:00:00,2227,2227
1570,15/08/2024 , 23:59:59,2227,2227
1571,16/08/2024 , 01:00:00,2226,2226
1572,16/08/2024 , 02:00:00,2225,2225
1573,16/08/2024 , 03:00:00,2225,2225
1574,16/08/2024 , 04:00:00,2224,2224
1575,16/08/2024 , 05:00:00,2223,2223
1576,16/08/2024 , 06:00:00,2223,2223
1577,16/08/2024 , 07:00:00,2222,2222
1578,16/08/2024 , 08:00:00,2223,2223
1579,16/08/2024 , 09:00:00,2222,2222
1580,16/08/2024 , 10:00:00,2222,2222
1581,16/08/2024 , 11:00:00,2221,2221
1582,16/08/2024 , 12:00:00,2219,2219
1583,16/08/2024 , 13:00:00,2217,2217
1584,16/08/2024 , 14:00:00,2215,2215
1585,16/08/2024 , 15:00:00,2213,2213
1586,16/08/2024 , 16:00:00,2211,2211
1587,16/08/2024 , 17:00:00,2209,2209
1588,16/08/2024 , 18:00:00,2209,2209
1589,16/08/2024 , 19:00:00,2208,2208
1590,16/08/2024 , 20:00:00,2208,2208
1591,16/08/2024 , 21:00:00,2208,2208
1592,16/08/2024 , 22:00:00,2208,2208
1593,16/08/2024 , 23:00:00,2208,2208
1594,16/08/2024 , 23:59:59,2208,2208
1595,17/08/2024 , 01:00:00,2208,2208
1596,17/08/2024 , 02:00:00,2208,2208
1597,17/08/2024 , 03:00:00,2208,2208
1598,17/08/2024 , 04:00:00,2208,2208
1599,17/08/2024 , 05:00:00,2208,2208
1600,17/08/2024 , 06:00:00,2207,2207
1601,17/08/2024 , 07:00:00,2208,2208
1602,17/08/2024 , 08:00:00,2208,2208
1603,17/08/2024 , 09:00:00,2209,2209
1604,17/08/2024 , 10:00:00,2208,2208
1605,17/08/2024 , 11:00:00,2208,2208
1606,17/08/2024 , 12:00:00,2207,2207
1607,17/08/2024 , 13:00:00,2206,2206
1608,17/08/2024 , 14:00:00,2206,2206
1609,17/08/2024 , 15:00:00,2205,2205
1610,17/08/2024 , 16:00:00,2205,2205
1611,17/08/2024 , 17:00:00,2204,2204
1612,17/08/2024 , 18:00:00,2204,2204
1613,17/08/2024 , 19:00:00,2204,2204
1614,17/08/2024 , 20:00:00,2204,2204
1615,17/08/2024 , 21:00:00,2203,2203
1616,17/08/2024 , 22:00:00,2203,2203
1617,17/08/2024 , 23:00:00,2203,2203
1618,17/08/2024 , 23:59:59,2204,2204
1619,18/08/2024 , 01:00:00,2203,2203
1620,18/08/2024 , 02:00:00,2203,2203
1621,18/08/2024 , 03:00:00,2203,2203
1622,18/08/2024 , 04:00:00,2202,2202
1623,18/08/2024 , 05:00:00,2203,2203
1624,18/08/2024 , 06:00:00,2202,2202
1625,18/08/2024 , 07:00:00,2203,2203
1626,18/08/2024 , 08:00:00,2203,2203
1627,18/08/2024 , 09:00:00,2205,2205
1628,18/08/2024 , 10:00:00,2204,2204
1629,18/08/2024 , 11:00:00,2204,2204
1630,18/08/2024 , 12:00:00,2204,2204
1631,18/08/2024 , 13:00:00,2204,2204
1632,18/08/2024 , 14:00:00,2203,2203
1633,18/08/2024 , 15:00:00,2203,2203
1634,18/08/2024 , 16:00:00,2203,2203
1635,18/08/2024 , 17:00:00,2203,2203
1636,18/08/2024 , 18:00:00,2202,2202
1637,18/08/2024 , 19:00:00,2202,2202
1638,18/08/2024 , 20:00:00,2202,2202
1639,18/08/2024 , 21:00:00,2201,2201
1640,18/08/2024 , 22:00:00,2201,2201
1641,18/08/2024 , 23:00:00,2201,2201
1642,18/08/2024 , 23:59:59,2200,2200
1643,19/08/2024 , 01:00:00,2200,2200
1644,19/08/2024 , 02:00:00,2200,2200
1645,19/08/2024 , 03:00:00,2200,2200
1646,19/08/2024 , 04:00:00,2199,2199
1647,19/08/2024 , 05:00:00,2199,2199
1648,19/08/2024 , 06:00:00,2198,2198
1649,19/08/2024 , 07:00:00,2456,2456
1650,19/08/2024 , 08:00:00,2417,2417
1651,19/08/2024 , 09:00:00,2393,2393
1652,19/08/2024 , 10:00:00,2371,2371
1653,19/08/2024 , 11:00:00,2376,2376
1654,19/08/2024 , 12:00:00,2375,2375
1655,19/08/2024 , 13:00:00,2450,2450
1656,19/08/2024 , 14:00:00,2456,2456
1657,19/08/2024 , 15:00:00,2489,2489
1658,19/08/2024 , 16:00:00,2486,2486
1659,19/08/2024 , 17:00:00,2484,2484
1660,19/08/2024 , 18:00:00,2470,2470
1661,19/08/2024 , 19:00:00,2460,2460
1662,19/08/2024 , 20:00:00,2454,2454
1663,19/08/2024 , 21:00:00,2445,2445
1664,19/08/2024 , 22:00:00,2443,2443
1665,19/08/2024 , 23:00:00,2443,2443
1666,19/08/2024 , 23:59:59,2448,2448
1667,20/08/2024 , 01:00:00,2438,2438
1668,20/08/2024 , 02:00:00,2432,2432
1669,20/08/2024 , 03:00:00,2427,2427
1670,20/08/2024 , 04:00:00,2422,2422
1671,20/08/2024 , 05:00:00,2417,2417
1672,20/08/2024 , 06:00:00,2436,2436
1673,20/08/2024 , 07:00:00,2441,2441
1674,20/08/2024 , 08:00:00,2465,2465
1675,20/08/2024 , 09:00:00,2467,2467
1676,20/08/2024 , 10:00:00,2465,2465
1677,20/08/2024 , 11:00:00,2451,2451
1678,20/08/2024 , 12:00:00,2439,2439
1679,20/08/2024 , 13:00:00,2431,2431
1680,20/08/2024 , 14:00:00,2425,2425
1681,20/08/2024 , 15:00:00,2420,2420
1682,20/08/2024 , 16:00:00,2416,2416
1683,20/08/2024 , 17:00:00,2415,2415
1684,20/08/2024 , 18:00:00,2410,2410
1685,20/08/2024 , 19:00:00,2406,2406
1686,20/08/2024 , 20:00:00,2401,2401
1687,20/08/2024 , 21:00:00,2398,2398
1688,20/08/2024 , 22:00:00,2394,2394
1689,20/08/2024 , 23:00:00,2391,2391
1690,20/08/2024 , 23:59:59,2387,2387
1691,21/08/2024 , 01:00:00,2383,2383
1692,21/08/2024 , 02:00:00,2379,2379
1693,21/08/2024 , 03:00:00,2376,2376
1694,21/08/2024 , 04:00:00,2372,2372
1695,21/08/2024 , 05:00:00,2369,2369
1696,21/08/2024 , 06:00:00,2366,2366
1697,21/08/2024 , 07:00:00,2363,2363
1698,21/08/2024 , 08:00:00,2360,2360
1699,21/08/2024 , 09:00:00,2357,2357
1700,21/08/2024 , 10:00:00,2353,2353
1701,21/08/2024 , 11:00:00,2351,2351
1702,21/08/2024 , 12:00:00,2348,2348
1703,21/08/2024 , 13:00:00,2346,2346
1704,21/08/2024 , 14:00:00,2344,2344
1705,21/08/2024 , 15:00:00,2341,2341
1706,21/08/2024 , 16:00:00,2339,2339
1707,21/08/2024 , 17:00:00,2336,2336
1708,21/08/2024 , 18:00:00,2333,2333
1709,21/08/2024 , 19:00:00,2331,2331
1710,21/08/2024 , 20:00:00,2329,2329
1711,21/08/2024 , 21:00:00,2326,2326
1712,21/08/2024 , 22:00:00,2332,2332
1713,21/08/2024 , 23:00:00,2365,2365
1714,21/08/2024 , 23:59:59,2361,2361
1715,22/08/2024 , 01:00:00,2356,2356
1716,22/08/2024 , 02:00:00,2403,2403
1717,22/08/2024 , 03:00:00,2467,2467
1718,22/08/2024 , 04:00:00,2447,2447
1719,22/08/2024 , 05:00:00,2432,2432
1720,22/08/2024 , 06:00:00,2427,2427
1721,22/08/2024 , 07:00:00,2421,2421
1722,22/08/2024 , 08:00:00,2416,2416
1723,22/08/2024 , 09:00:00,2410,2410
1724,22/08/2024 , 10:00:00,2404,2404
1725,22/08/2024 , 11:00:00,2399,2399
1726,22/08/2024 , 12:00:00,2395,2395
1727,22/08/2024 , 13:00:00,2389,2389
1728,22/08/2024 , 14:00:00,2383,2383
1729,22/08/2024 , 15:00:00,2377,2377
1730,22/08/2024 , 16:00:00,2374,2374
1731,22/08/2024 , 17:00:00,2369,2369
1732,22/08/2024 , 18:00:00,2363,2363
1733,22/08/2024 , 19:00:00,2358,2358
1734,22/08/2024 , 20:00:00,2354,2354
1735,22/08/2024 , 21:00:00,2350,2350
1736,22/08/2024 , 22:00:00,2346,2346
1737,22/08/2024 , 23:00:00,2343,2343
1738,22/08/2024 , 23:59:59,2341,2341
1739,23/08/2024 , 01:00:00,2337,2337
1740,23/08/2024 , 02:00:00,2335,2335
1741,23/08/2024 , 03:00:00,2332,2332
1742,23/08/2024 , 04:00:00,2330,2330
1743,23/08/2024 , 05:00:00,2328,2328
1744,23/08/2024 , 06:00:00,2325,2325
1745,23/08/2024 , 07:00:00,2324,2324
1746,23/08/2024 , 08:00:00,2324,2324
1747,23/08/2024 , 09:00:00,2323,2323
1748,23/08/2024 , 10:00:00,2322,2322
1749,23/08/2024 , 11:00:00,2321,2321
1750,23/08/2024 , 12:00:00,2320,2320
1751,23/08/2024 , 13:00:00,2319,2319
1752,23/08/2024 , 14:00:00,2317,2317
1753,23/08/2024 , 15:00:00,2316,2316
1754,23/08/2024 , 16:00:00,2315,2315
1755,23/08/2024 , 17:00:00,2314,2314
1756,23/08/2024 , 18:00:00,2313,2313
1757,23/08/2024 , 19:00:00,2312,2312
1758,23/08/2024 , 20:00:00,2311,2311
1759,23/08/2024 , 21:00:00,2309,2309
1760,23/08/2024 , 22:00:00,2309,2309
1761,23/08/2024 , 23:00:00,2308,2308
1762,23/08/2024 , 23:59:59,2307,2307
1763,24/08/2024 , 01:00:00,2307,2307
1764,24/08/2024 , 02:00:00,2306,2306
1765,24/08/2024 , 03:00:00,2305,2305
1766,24/08/2024 , 04:00:00,2305,2305
1767,24/08/2024 , 05:00:00,2304,2304
1768,24/08/2024 , 06:00:00,2304,2304
1769,24/08/2024 , 07:00:00,2304,2304
1770,24/08/2024 , 08:00:00,2304,2304
1771,24/08/2024 , 09:00:00,2303,2303
1772,24/08/2024 , 10:00:00,2303,2303
1773,24/08/2024 , 11:00:00,2303,2303
1774,24/08/2024 , 12:00:00,2303,2303
1775,24/08/2024 , 13:00:00,2301,2301
1776,24/08/2024 , 14:00:00,2299,2299
1777,24/08/2024 , 15:00:00,2298,2298
1778,24/08/2024 , 16:00:00,2297,2297
1779,24/08/2024 , 17:00:00,2297,2297
1780,24/08/2024 , 18:00:00,2296,2296
1781,24/08/2024 , 19:00:00,2296,2296
1782,24/08/2024 , 20:00:00,2295,2295
1783,24/08/2024 , 21:00:00,2295,2295
1784,24/08/2024 , 22:00:00,2292,2292
1785,24/08/2024 , 23:00:00,2292,2292
1786,24/08/2024 , 23:59:59,2291,2291
1787,25/08/2024 , 01:00:00,2291,2291
1788,25/08/2024 , 02:00:00,2291,2291
1789,25/08/2024 , 03:00:00,2291,2291
1790,25/08/2024 , 04:00:00,2291,2291
1791,25/08/2024 , 05:00:00,2291,2291
1792,25/08/2024 , 06:00:00,2291,2291
1793,25/08/2024 , 07:00:00,2291,2291
1794,25/08/2024 , 08:00:00,2291,2291
1795,25/08/2024 , 09:00:00,2291,2291
1796,25/08/2024 , 10:00:00,2287,2287
1797,25/08/2024 , 11:00:00,2287,2287
1798,25/08/2024 , 12:00:00,2287,2287
1799,25/08/2024 , 13:00:00,2287,2287
1800,25/08/2024 , 14:00:00,2288,2288
1801,25/08/2024 , 15:00:00,2287,2287
1802,25/08/2024 , 16:00:00,2287,2287
1803,25/08/2024 , 17:00:00,2286,2286
1804,25/08/2024 , 18:00:00,2285,2285
1805,25/08/2024 , 19:00:00,2285,2285
1806,25/08/2024 , 20:00:00,2284,2284
1807,25/08/2024 , 21:00:00,2283,2283
1808,25/08/2024 , 22:00:00,2283,2283
1809,25/08/2024 , 23:00:00,2283,2283
1810,25/08/2024 , 23:59:59,2282,2282
1811,26/08/2024 , 01:00:00,2282,2282
1812,26/08/2024 , 02:00:00,2280,2280
1813,26/08/2024 , 03:00:00,2275,2275
1814,26/08/2024 , 04:00:00,2275,2275
1815,26/08/2024 , 05:00:00,2275,2275
1816,26/08/2024 , 06:00:00,2275,2275
1817,26/08/2024 , 07:00:00,2275,2275
1818,26/08/2024 , 08:00:00,2274,2274
1819,26/08/2024 , 09:00:00,2274,2274
1820,26/08/2024 , 10:00:00,2274,2274
1821,26/08/2024 , 11:00:00,2274,2274
1822,26/08/2024 , 12:00:00,2274,2274
1823,26/08/2024 , 13:00:00,2273,2273
1824,26/08/2024 , 14:00:00,2272,2272
1825,26/08/2024 , 15:00:00,2271,2271
1826,26/08/2024 , 16:00:00,2270,2270
1827,26/08/2024 , 17:00:00,2269,2269
1828,26/08/2024 , 18:00:00,2268,2268
1829,26/08/2024 , 19:00:00,2267,2267
1830,26/08/2024 , 20:00:00,2266,2266
1831,26/08/2024 , 21:00:00,2264,2264
1832,26/08/2024 , 22:00:00,2263,2263
1833,26/08/2024 , 23:00:00,2262,2262
1834,26/08/2024 , 23:59:59,2253,2253
1835,27/08/2024 , 01:00:00,2252,2252
1836,27/08/2024 , 02:00:00,2252,2252
1837,27/08/2024 , 03:00:00,2251,2251
1838,27/08/2024 , 04:00:00,2251,2251
1839,27/08/2024 , 05:00:00,2251,2251
1840,27/08/2024 , 06:00:00,2250,2250
1841,27/08/2024 , 07:00:00,2250,2250
1842,27/08/2024 , 08:00:00,2251,2251
1843,27/08/2024 , 09:00:00,2251,2251
1844,27/08/2024 , 10:00:00,2251,2251
1845,27/08/2024 , 11:00:00,2251,2251
1846,27/08/2024 , 12:00:00,2250,2250
1847,27/08/2024 , 13:00:00,2249,2249
1848,27/08/2024 , 14:00:00,2248,2248
1849,27/08/2024 , 15:00:00,2246,2246
1850,27/08/2024 , 16:00:00,2244,2244
1851,27/08/2024 , 17:00:00,2243,2243
1852,27/08/2024 , 18:00:00,2241,2241
1853,27/08/2024 , 19:00:00,2240,2240
1854,27/08/2024 , 20:00:00,2239,2239
1855,27/08/2024 , 21:00:00,2238,2238
1856,27/08/2024 , 22:00:00,2238,2238
1857,27/08/2024 , 23:00:00,2237,2237
1858,27/08/2024 , 23:59:59,2236,2236
1859,28/08/2024 , 01:00:00,2236,2236
1860,28/08/2024 , 02:00:00,2238,2238
1861,28/08/2024 , 03:00:00,2241,2241
1862,28/08/2024 , 04:00:00,2279,2279
1863,28/08/2024 , 05:00:00,2321,2321
1864,28/08/2024 , 06:00:00,2322,2322
1865,28/08/2024 , 07:00:00,2321,2321
1866,28/08/2024 , 08:00:00,2315,2315
1867,28/08/2024 , 09:00:00,2312,2312
1868,28/08/2024 , 10:00:00,2308,2308
1869,28/08/2024 , 11:00:00,2305,2305
1870,28/08/2024 , 12:00:00,2302,2302
1871,28/08/2024 , 13:00:00,2298,2298
1872,28/08/2024 , 14:00:00,2295,2295
1873,28/08/2024 , 15:00:00,2293,2293
1874,28/08/2024 , 16:00:00,2290,2290
1875,28/08/2024 , 17:00:00,2287,2287
1876,28/08/2024 , 18:00:00,2284,2284
1877,28/08/2024 , 19:00:00,2280,2280
1878,28/08/2024 , 20:00:00,2275,2275
1879,28/08/2024 , 21:00:00,2269,2269
1880,28/08/2024 , 22:00:00,2256,2256
1881,28/08/2024 , 23:00:00,2253,2253
1882,28/08/2024 , 23:59:59,2251,2251
1883,29/08/2024 , 01:00:00,2249,2249
1884,29/08/2024 , 02:00:00,2247,2247
1885,29/08/2024 , 03:00:00,2245,2245
1886,29/08/2024 , 04:00:00,2243,2243
1887,29/08/2024 , 05:00:00,2242,2242
1888,29/08/2024 , 06:00:00,2240,2240
1889,29/08/2024 , 07:00:00,2239,2239
1890,29/08/2024 , 08:00:00,2239,2239
1891,29/08/2024 , 09:00:00,2238,2238
1892,29/08/2024 , 10:00:00,2238,2238
1893,29/08/2024 , 11:00:00,2237,2237
1894,29/08/2024 , 12:00:00,2236,2236
1895,29/08/2024 , 13:00:00,2235,2235
1896,29/08/2024 , 14:00:00,2234,2234
1897,29/08/2024 , 15:00:00,2232,2232
1898,29/08/2024 , 16:00:00,2231,2231
1899,29/08/2024 , 17:00:00,2229,2229
1900,29/08/2024 , 18:00:00,2227,2227
1901,29/08/2024 , 19:00:00,2226,2226
1902,29/08/2024 , 20:00:00,2224,2224
1903,29/08/2024 , 21:00:00,2222,2222
1904,29/08/2024 , 22:00:00,2220,2220
1905,29/08/2024 , 23:00:00,2219,2219
1906,29/08/2024 , 23:59:59,2219,2219
1907,30/08/2024 , 01:00:00,2217,2217
1908,30/08/2024 , 02:00:00,2216,2216
1909,30/08/2024 , 03:00:00,2215,2215
1910,30/08/2024 , 04:00:00,2214,2214
1911,30/08/2024 , 05:00:00,2213,2213
1912,30/08/2024 , 06:00:00,2211,2211
1913,30/08/2024 , 07:00:00,2212,2212
1914,30/08/2024 , 08:00:00,2212,2212
1915,30/08/2024 , 09:00:00,2212,2212
1916,30/08/2024 , 10:00:00,2213,2213
1917,30/08/2024 , 11:00:00,2213,2213
1918,30/08/2024 , 12:00:00,2213,2213
1919,30/08/2024 , 13:00:00,2212,2212
1920,30/08/2024 , 14:00:00,2211,2211
1921,30/08/2024 , 15:00:00,2209,2209
1922,30/08/2024 , 16:00:00,2208,2208
1923,30/08/2024 , 17:00:00,2208,2208
1924,30/08/2024 , 18:00:00,2208,2208
1925,30/08/2024 , 19:00:00,2209,2209
1926,30/08/2024 , 20:00:00,2208,2208
1927,30/08/2024 , 21:00:00,2208,2208
1928,30/08/2024 , 22:00:00,2210,2210
1929,30/08/2024 , 23:00:00,2209,2209
1930,30/08/2024 , 23:59:59,2209,2209
1931,31/08/2024 , 01:00:00,2208,2208
1932,31/08/2024 , 02:00:00,2209,2209
1933,31/08/2024 , 03:00:00,2208,2208
1934,31/08/2024 , 04:00:00,2208,2208
1935,31/08/2024 , 05:00:00,2209,2209
1936,31/08/2024 , 06:00:00,2208,2208
1937,31/08/2024 , 07:00:00,2209,2209
1938,31/08/2024 , 08:00:00,2209,2209
1939,31/08/2024 , 09:00:00,2209,2209
1940,31/08/2024 , 10:00:00,2208,2208
1941,31/08/2024 , 11:00:00,2208,2208
1942,31/08/2024 , 12:00:00,2209,2209
1943,31/08/2024 , 13:00:00,2217,2217
1944,31/08/2024 , 14:00:00,2220,2220
1945,31/08/2024 , 15:00:00,2219,2219
1946,31/08/2024 , 16:00:00,2218,2218
1947,31/08/2024 , 17:00:00,2217,2217
1948,31/08/2024 , 18:00:00,2216,2216
1949,31/08/2024 , 19:00:00,2215,2215
1950,31/08/2024 , 20:00:00,2218,2218
1951,31/08/2024 , 21:00:00,2309,2309
1952,31/08/2024 , 22:00:00,2329,2329
1953,31/08/2024 , 23:00:00,2330,2330
1954,31/08/2024 , 23:59:59,2328,2328
1955,01/09/2024 , 01:00:00,2326,2326
1956,01/09/2024 , 02:00:00,2322,2322
1957,01/09/2024 , 03:00:00,2318,2318
1958,01/09/2024 , 04:00:00,2315,2315
1959,01/09/2024 , 05:00:00,2312,2312
1960,01/09/2024 , 06:00:00,2310,2310
1961,01/09/2024 , 07:00:00,2308,2308
1962,01/09/2024 , 08:00:00,2306,2306
1963,01/09/2024 , 09:00:00,2304,2304
1964,01/09/2024 , 10:00:00,2303,2303
1965,01/09/2024 , 11:00:00,2301,2301
1966,01/09/2024 , 12:00:00,2299,2299
1967,01/09/2024 , 13:00:00,2297,2297
1968,01/09/2024 , 14:00:00,2299,2299
1969,01/09/2024 , 15:00:00,2296,2296
1970,01/09/2024 , 16:00:00,2294,2294
1971,01/09/2024 , 17:00:00,2353,2353
1972,01/09/2024 , 18:00:00,2458,2458
1973,01/09/2024 , 19:00:00,2447,2447
1974,01/09/2024 , 20:00:00,2429,2429
1975,01/09/2024 , 21:00:00,2414,2414
1976,01/09/2024 , 22:00:00,2400,2400
1977,01/09/2024 , 23:00:00,2391,2391
1978,01/09/2024 , 23:59:59,2378,2378
1979,02/09/2024 , 01:00:00,2370,2370
1980,02/09/2024 , 02:00:00,2361,2361
1981,02/09/2024 , 03:00:00,2354,2354
1982,02/09/2024 , 04:00:00,2347,2347
1983,02/09/2024 , 05:00:00,2341,2341
1984,02/09/2024 , 06:00:00,2336,2336
1985,02/09/2024 , 07:00:00,2333,2333
1986,02/09/2024 , 08:00:00,2330,2330
1987,02/09/2024 , 09:00:00,2328,2328
1988,02/09/2024 , 10:00:00,2327,2327
1989,02/09/2024 , 11:00:00,2324,2324
1990,02/09/2024 , 12:00:00,2322,2322
1991,02/09/2024 , 13:00:00,2320,2320
1992,02/09/2024 , 14:00:00,2318,2318
1993,02/09/2024 , 15:00:00,2317,2317
1994,02/09/2024 , 16:00:00,2314,2314
1995,02/09/2024 , 17:00:00,2313,2313
1996,02/09/2024 , 18:00:00,2311,2311
1997,02/09/2024 , 19:00:00,2309,2309
1998,02/09/2024 , 20:00:00,2307,2307
1999,02/09/2024 , 21:00:00,2305,2305
2000,02/09/2024 , 22:00:00,2304,2304
2001,02/09/2024 , 23:00:00,2301,2301
2002,02/09/2024 , 23:59:59,2300,2300
2003,03/09/2024 , 01:00:00,2299,2299
2004,03/09/2024 , 02:00:00,2298,2298
2005,03/09/2024 , 03:00:00,2298,2298
2006,03/09/2024 , 04:00:00,2297,2297
2007,03/09/2024 , 05:00:00,2296,2296
2008,03/09/2024 , 06:00:00,2295,2295
2009,03/09/2024 , 07:00:00,2294,2294
2010,03/09/2024 , 08:00:00,2295,2295
2011,03/09/2024 , 09:00:00,2295,2295
2012,03/09/2024 , 10:00:00,2295,2295
2013,03/09/2024 , 11:00:00,2294,2294
2014,03/09/2024 , 12:00:00,2293,2293
2015,03/09/2024 , 13:00:00,2293,2293
2016,03/09/2024 , 14:00:00,2291,2291
2017,03/09/2024 , 15:00:00,2290,2290
2018,03/09/2024 , 16:00:00,2289,2289
2019,03/09/2024 , 17:00:00,2288,2288
2020,03/09/2024 , 18:00:00,2287,2287
2021,03/09/2024 , 19:00:00,2286,2286
2022,03/09/2024 , 20:00:00,2285,2285
2023,03/09/2024 , 21:00:00,2284,2284
2024,03/09/2024 , 22:00:00,2283,2283
2025,03/09/2024 , 23:00:00,2282,2282
2026,03/09/2024 , 23:59:59,2281,2281
2027,04/09/2024 , 01:00:00,2280,2280
2028,04/09/2024 , 02:00:00,2280,2280
2029,04/09/2024 , 03:00:00,2279,2279
2030,04/09/2024 , 04:00:00,2278,2278
2031,04/09/2024 , 05:00:00,2277,2277
2032,04/09/2024 , 06:00:00,2277,2277
2033,04/09/2024 , 07:00:00,2276,2276
2034,04/09/2024 , 08:00:00,2276,2276
2035,04/09/2024 , 09:00:00,2276,2276
2036,04/09/2024 , 10:00:00,2276,2276
2037,04/09/2024 , 11:00:00,2275,2275
2038,04/09/2024 , 12:00:00,2274,2274
2039,04/09/2024 , 13:00:00,2272,2272
2040,04/09/2024 , 14:00:00,2270,2270
2041,04/09/2024 , 15:00:00,2269,2269
2042,04/09/2024 , 16:00:00,2267,2267
2043,04/09/2024 , 17:00:00,2255,2255
2044,04/09/2024 , 18:00:00,2267,2267
2045,04/09/2024 , 19:00:00,2265,2265
2046,04/09/2024 , 20:00:00,2263,2263
2047,04/09/2024 , 21:00:00,2264,2264
2048,04/09/2024 , 22:00:00,2259,2259
2049,04/09/2024 , 23:00:00,2257,2257
2050,04/09/2024 , 23:59:59,2255,2255
2051,05/09/2024 , 01:00:00,2254,2254
2052,05/09/2024 , 02:00:00,2253,2253
2053,05/09/2024 , 03:00:00,2252,2252
2054,05/09/2024 , 04:00:00,2251,2251
2055,05/09/2024 , 05:00:00,2250,2250
2056,05/09/2024 , 06:00:00,2249,2249
2057,05/09/2024 , 07:00:00,2249,2249
2058,05/09/2024 , 08:00:00,2248,2248
2059,05/09/2024 , 09:00:00,2248,2248
2060,05/09/2024 , 10:00:00,2248,2248
2061,05/09/2024 , 11:00:00,2247,2247
2062,05/09/2024 , 12:00:00,2246,2246
2063,05/09/2024 , 13:00:00,2244,2244
2064,05/09/2024 , 14:00:00,2248,2248
2065,05/09/2024 , 15:00:00,2245,2245
2066,05/09/2024 , 16:00:00,2243,2243
2067,05/09/2024 , 17:00:00,2241,2241
2068,05/09/2024 , 18:00:00,2239,2239
2069,05/09/2024 , 19:00:00,2236,2236
2070,05/09/2024 , 20:00:00,2235,2235
2071,05/09/2024 , 21:00:00,2233,2233
2072,05/09/2024 , 22:00:00,2232,2232
2073,05/09/2024 , 23:00:00,2231,2231
2074,05/09/2024 , 23:59:59,2230,2230
2075,06/09/2024 , 01:00:00,2230,2230
2076,06/09/2024 , 02:00:00,2231,2231
2077,06/09/2024 , 03:00:00,2232,2232
2078,06/09/2024 , 04:00:00,2230,2230
2079,06/09/2024 , 05:00:00,2230,2230
2080,06/09/2024 , 06:00:00,2229,2229
2081,06/09/2024 , 07:00:00,2228,2228
2082,06/09/2024 , 08:00:00,2229,2229
2083,06/09/2024 , 09:00:00,2228,2228
2084,06/09/2024 , 10:00:00,2228,2228
2085,06/09/2024 , 11:00:00,2227,2227
2086,06/09/2024 , 12:00:00,2226,2226
2087,06/09/2024 , 13:00:00,2224,2224
2088,06/09/2024 , 14:00:00,2223,2223
2089,06/09/2024 , 15:00:00,2221,2221
2090,06/09/2024 , 16:00:00,2220,2220
2091,06/09/2024 , 17:00:00,2218,2218
2092,06/09/2024 , 18:00:00,2217,2217
2093,06/09/2024 , 19:00:00,2215,2215
2094,06/09/2024 , 20:00:00,2213,2213
2095,06/09/2024 , 21:00:00,2213,2213
2096,06/09/2024 , 22:00:00,2211,2211
2097,06/09/2024 , 23:00:00,2210,2210
2098,06/09/2024 , 23:59:59,2210,2210
2099,07/09/2024 , 01:00:00,2209,2209
2100,07/09/2024 , 02:00:00,2208,2208
2101,07/09/2024 , 03:00:00,2208,2208
2102,07/09/2024 , 04:00:00,2207,2207
2103,07/09/2024 , 05:00:00,2206,2206
2104,07/09/2024 , 06:00:00,2206,2206
2105,07/09/2024 , 07:00:00,2208,2208
2106,07/09/2024 , 08:00:00,2210,2210
2107,07/09/2024 , 09:00:00,2211,2211
2108,07/09/2024 , 10:00:00,2212,2212
2109,07/09/2024 , 11:00:00,2211,2211
2110,07/09/2024 , 12:00:00,2211,2211
2111,07/09/2024 , 13:00:00,2210,2210
2112,07/09/2024 , 14:00:00,2210,2210
2113,07/09/2024 , 15:00:00,2210,2210
2114,07/09/2024 , 16:00:00,2210,2210
2115,07/09/2024 , 17:00:00,2210,2210
2116,07/09/2024 , 18:00:00,2209,2209
2117,07/09/2024 , 19:00:00,2209,2209
2118,07/09/2024 , 20:00:00,2208,2208
2119,07/09/2024 , 21:00:00,2209,2209
2120,07/09/2024 , 22:00:00,2208,2208
2121,07/09/2024 , 23:00:00,2208,2208
2122,07/09/2024 , 23:59:59,2208,2208
2123,08/09/2024 , 01:00:00,2209,2209
2124,08/09/2024 , 02:00:00,2219,2219
2125,08/09/2024 , 03:00:00,2216,2216
2126,08/09/2024 , 04:00:00,2219,2219
2127,08/09/2024 , 05:00:00,2218,2218
2128,08/09/2024 , 06:00:00,2215,2215
2129,08/09/2024 , 07:00:00,2212,2212
2130,08/09/2024 , 08:00:00,2211,2211
2131,08/09/2024 , 09:00:00,2209,2209
2132,08/09/2024 , 10:00:00,2207,2207
2133,08/09/2024 , 11:00:00,2207,2207
2134,08/09/2024 , 12:00:00,2207,2207
2135,08/09/2024 , 13:00:00,2207,2207
2136,08/09/2024 , 14:00:00,2206,2206
2137,08/09/2024 , 15:00:00,2206,2206
2138,08/09/2024 , 16:00:00,2205,2205
2139,08/09/2024 , 17:00:00,2204,2204
2140,08/09/2024 , 18:00:00,2203,2203
2141,08/09/2024 , 19:00:00,2203,2203
2142,08/09/2024 , 20:00:00,2203,2203
2143,08/09/2024 , 21:00:00,2202,2202
2144,08/09/2024 , 22:00:00,2202,2202
2145,08/09/2024 , 23:00:00,2201,2201
2146,08/09/2024 , 23:59:59,2201,2201
2147,09/09/2024 , 01:00:00,2201,2201
2148,09/09/2024 , 02:00:00,2200,2200
2149,09/09/2024 , 03:00:00,2200,2200
2150,09/09/2024 , 04:00:00,2200,2200
2151,09/09/2024 , 05:00:00,2200,2200
2152,09/09/2024 , 06:00:00,2200,2200
2153,09/09/2024 , 07:00:00,2199,2199
2154,09/09/2024 , 08:00:00,2199,2199
2155,09/09/2024 , 09:00:00,2199,2199
2156,09/09/2024 , 10:00:00,2199,2199
2157,09/09/2024 , 11:00:00,2200,2200
2158,09/09/2024 , 12:00:00,2200,2200
2159,09/09/2024 , 13:00:00,2201,2201
2160,09/09/2024 , 14:00:00,2200,2200
2161,09/09/2024 , 15:00:00,2200,2200
2162,09/09/2024 , 16:00:00,2200,2200
2163,09/09/2024 , 17:00:00,2200,2200
2164,09/09/2024 , 18:00:00,2200,2200
2165,09/09/2024 , 19:00:00,2199,2199
2166,09/09/2024 , 20:00:00,2199,2199
2167,09/09/2024 , 21:00:00,2198,2198
2168,09/09/2024 , 22:00:00,2198,2198
2169,09/09/2024 , 23:00:00,2198,2198
2170,09/09/2024 , 23:59:59,2197,2197
2171,10/09/2024 , 01:00:00,2196,2196
2172,10/09/2024 , 02:00:00,2195,2195
2173,10/09/2024 , 03:00:00,2194,2194
2174,10/09/2024 , 04:00:00,2193,2193
2175,10/09/2024 , 05:00:00,2196,2196
2176,10/09/2024 , 06:00:00,2195,2195
2177,10/09/2024 , 07:00:00,2195,2195
2178,10/09/2024 , 08:00:00,2196,2196
2179,10/09/2024 , 09:00:00,2197,2197
2180,10/09/2024 , 10:00:00,2198,2198
2181,10/09/2024 , 11:00:00,2197,2197
2182,10/09/2024 , 12:00:00,2197,2197
2183,10/09/2024 , 13:00:00,2197,2197
2184,10/09/2024 , 14:00:00,2197,2197
2185,10/09/2024 , 15:00:00,2197,2197
2186,10/09/2024 , 16:00:00,2196,2196
2187,10/09/2024 , 17:00:00,2195,2195
2188,10/09/2024 , 18:00:00,2196,2196
2189,10/09/2024 , 19:00:00,2195,2195
2190,10/09/2024 , 20:00:00,2194,2194
2191,10/09/2024 , 21:00:00,2193,2193
2192,10/09/2024 , 22:00:00,2192,2192
2193,10/09/2024 , 23:00:00,2192,2192
2194,10/09/2024 , 23:59:59,2192,2192
2195,11/09/2024 , 01:00:00,2191,2191
2196,11/09/2024 , 02:00:00,2189,2189
2197,11/09/2024 , 03:00:00,2188,2188
2198,11/09/2024 , 04:00:00,2187,2187
2199,11/09/2024 , 05:00:00,2187,2187
2200,11/09/2024 , 06:00:00,2187,2187
2201,11/09/2024 , 07:00:00,2186,2186
2202,11/09/2024 , 08:00:00,2188,2188
2203,11/09/2024 , 09:00:00,2189,2189
2204,11/09/2024 , 10:00:00,2189,2189
2205,11/09/2024 , 11:00:00,2190,2190
2206,11/09/2024 , 12:00:00,2190,2190
2207,11/09/2024 , 13:00:00,2189,2189
2208,11/09/2024 , 14:00:00,2189,2189
2209,11/09/2024 , 15:00:00,2189,2189
2210,11/09/2024 , 16:00:00,2189,2189
2211,11/09/2024 , 17:00:00,2188,2188
2212,11/09/2024 , 18:00:00,2189,2189
2213,11/09/2024 , 19:00:00,2187,2187
2214,11/09/2024 , 20:00:00,2187,2187
2215,11/09/2024 , 21:00:00,2187,2187
2216,11/09/2024 , 22:00:00,2187,2187
2217,11/09/2024 , 23:00:00,2187,2187
2218,11/09/2024 , 23:59:59,2186,2186
2219,12/09/2024 , 01:00:00,2186,2186
2220,12/09/2024 , 02:00:00,2185,2185
2221,12/09/2024 , 03:00:00,2185,2185
2222,12/09/2024 , 04:00:00,2185,2185
2223,12/09/2024 , 05:00:00,2184,2184
2224,12/09/2024 , 06:00:00,2184,2184
2225,12/09/2024 , 07:00:00,2184,2184
2226,12/09/2024 , 08:00:00,2183,2183
2227,12/09/2024 , 09:00:00,2184,2184
2228,12/09/2024 , 10:00:00,2183,2183
2229,12/09/2024 , 11:00:00,2184,2184
2230,12/09/2024 , 12:00:00,2184,2184
2231,12/09/2024 , 13:00:00,2183,2183
2232,12/09/2024 , 14:00:00,2183,2183
2233,12/09/2024 , 15:00:00,2182,2182
2234,12/09/2024 , 16:00:00,2183,2183
2235,12/09/2024 , 17:00:00,2183,2183
2236,12/09/2024 , 18:00:00,2184,2184
2237,12/09/2024 , 19:00:00,2183,2183
2238,12/09/2024 , 20:00:00,2181,2181
2239,12/09/2024 , 21:00:00,2180,2180
2240,12/09/2024 , 22:00:00,2180,2180
2241,12/09/2024 , 23:00:00,2179,2179
2242,12/09/2024 , 23:59:59,2179,2179
2243,13/09/2024 , 01:00:00,2178,2178
2244,13/09/2024 , 02:00:00,2178,2178
2245,13/09/2024 , 03:00:00,2178,2178
2246,13/09/2024 , 04:00:00,2178,2178
2247,13/09/2024 , 05:00:00,2177,2177
2248,13/09/2024 , 06:00:00,2177,2177
2249,13/09/2024 , 07:00:00,2176,2176
2250,13/09/2024 , 08:00:00,2176,2176
2251,13/09/2024 , 09:00:00,2177,2177
2252,13/09/2024 , 10:00:00,2176,2176
2253,13/09/2024 , 11:00:00,2175,2175
2254,13/09/2024 , 12:00:00,2176,2176
2255,13/09/2024 , 13:00:00,2175,2175
2256,13/09/2024 , 14:00:00,2175,2175
2257,13/09/2024 , 15:00:00,2176,2176
2258,13/09/2024 , 16:00:00,2174,2174
2259,13/09/2024 , 17:00:00,2173,2173
2260,13/09/2024 , 18:00:00,2173,2173
2261,13/09/2024 , 19:00:00,2174,2174
2262,13/09/2024 , 20:00:00,2173,2173
2263,13/09/2024 , 21:00:00,2173,2173
2264,13/09/2024 , 22:00:00,2173,2173
2265,13/09/2024 , 23:00:00,2173,2173
2266,13/09/2024 , 23:59:59,2172,2172
2267,14/09/2024 , 01:00:00,2170,2170
2268,14/09/2024 , 02:00:00,2173,2173
2269,14/09/2024 , 03:00:00,2171,2171
2270,14/09/2024 , 04:00:00,2169,2169
2271,14/09/2024 , 05:00:00,2169,2169
2272,14/09/2024 , 06:00:00,2168,2168
2273,14/09/2024 , 07:00:00,2167,2167
2274,14/09/2024 , 08:00:00,2167,2167
2275,14/09/2024 , 09:00:00,2166,2166
2276,14/09/2024 , 10:00:00,2166,2166
2277,14/09/2024 , 11:00:00,2165,2165
2278,14/09/2024 , 12:00:00,2165,2165
2279,14/09/2024 , 13:00:00,2165,2165
2280,14/09/2024 , 14:00:00,2164,2164
2281,14/09/2024 , 15:00:00,2163,2163
2282,14/09/2024 , 16:00:00,2162,2162
2283,14/09/2024 , 17:00:00,2161,2161
2284,14/09/2024 , 18:00:00,2159,2159
2285,14/09/2024 , 19:00:00,2159,2159
2286,14/09/2024 , 20:00:00,2158,2158
2287,14/09/2024 , 21:00:00,2157,2157
2288,14/09/2024 , 22:00:00,2156,2156
2289,14/09/2024 , 23:00:00,2155,2155
2290,14/09/2024 , 23:59:59,2154,2154
2291,15/09/2024 , 01:00:00,2153,2153
2292,15/09/2024 , 02:00:00,2152,2152
2293,15/09/2024 , 03:00:00,2152,2152
2294,15/09/2024 , 04:00:00,2151,2151
2295,15/09/2024 , 05:00:00,2151,2151
2296,15/09/2024 , 06:00:00,2150,2150
2297,15/09/2024 , 07:00:00,2148,2148
2298,15/09/2024 , 08:00:00,2148,2148
2299,15/09/2024 , 09:00:00,2148,2148
2300,15/09/2024 , 10:00:00,2147,2147
2301,15/09/2024 , 11:00:00,2147,2147
2302,15/09/2024 , 12:00:00,2147,2147
2303,15/09/2024 , 13:00:00,2146,2146
2304,15/09/2024 , 14:00:00,2146,2146
2305,15/09/2024 , 15:00:00,2147,2147
2306,15/09/2024 , 16:00:00,2145,2145
2307,15/09/2024 , 17:00:00,2144,2144
2308,15/09/2024 , 18:00:00,2143,2143
2309,15/09/2024 , 19:00:00,2142,2142
2310,15/09/2024 , 20:00:00,2140,2140
2311,15/09/2024 , 21:00:00,2138,2138
2312,15/09/2024 , 22:00:00,2137,2137
2313,15/09/2024 , 23:00:00,2135,2135
2314,15/09/2024 , 23:59:59,2135,2135
2315,16/09/2024 , 01:00:00,2134,2134
2316,16/09/2024 , 02:00:00,2133,2133
2317,16/09/2024 , 03:00:00,2132,2132
2318,16/09/2024 , 04:00:00,2131,2131
2319,16/09/2024 , 05:00:00,2131,2131
2320,16/09/2024 , 06:00:00,2130,2130
2321,16/09/2024 , 07:00:00,2130,2130
2322,16/09/2024 , 08:00:00,2130,2130
2323,16/09/2024 , 09:00:00,2130,2130
2324,16/09/2024 , 10:00:00,2129,2129
2325,16/09/2024 , 11:00:00,2128,2128
2326,16/09/2024 , 12:00:00,2127,2127
2327,16/09/2024 , 13:00:00,2126,2126
2328,16/09/2024 , 14:00:00,2125,2125
2329,16/09/2024 , 15:00:00,2124,2124
2330,16/09/2024 , 16:00:00,2123,2123
2331,16/09/2024 , 17:00:00,2123,2123
2332,16/09/2024 , 18:00:00,2122,2122
2333,16/09/2024 , 19:00:00,2121,2121
2334,16/09/2024 , 20:00:00,2121,2121
2335,16/09/2024 , 21:00:00,2121,2121
2336,16/09/2024 , 22:00:00,2120,2120
2337,16/09/2024 , 23:00:00,2120,2120
2338,16/09/2024 , 23:59:59,2119,2119
2339,17/09/2024 , 01:00:00,2119,2119
2340,17/09/2024 , 02:00:00,2118,2118
2341,17/09/2024 , 03:00:00,2118,2118
2342,17/09/2024 , 04:00:00,2117,2117
2343,17/09/2024 , 05:00:00,2117,2117
2344,17/09/2024 , 06:00:00,2117,2117
2345,17/09/2024 , 07:00:00,2116,2116
2346,17/09/2024 , 08:00:00,2117,2117
2347,17/09/2024 , 09:00:00,2117,2117
2348,17/09/2024 , 10:00:00,2117,2117
2349,17/09/2024 , 11:00:00,2116,2116
2350,17/09/2024 , 12:00:00,2115,2115
2351,17/09/2024 , 13:00:00,2112,2112
2352,17/09/2024 , 14:00:00,2110,2110
2353,17/09/2024 , 15:00:00,2108,2108
2354,17/09/2024 , 16:00:00,2108,2108
2355,17/09/2024 , 17:00:00,2106,2106
2356,17/09/2024 , 18:00:00,2105,2105
2357,17/09/2024 , 19:00:00,2104,2104
2358,17/09/2024 , 20:00:00,2103,2103
2359,17/09/2024 , 21:00:00,2102,2102
2360,17/09/2024 , 22:00:00,2101,2101
2361,17/09/2024 , 23:00:00,2100,2100
2362,17/09/2024 , 23:59:59,2100,2100
2363,18/09/2024 , 01:00:00,2099,2099
2364,18/09/2024 , 02:00:00,2098,2098
2365,18/09/2024 , 03:00:00,2097,2097
2366,18/09/2024 , 04:00:00,2096,2096
2367,18/09/2024 , 05:00:00,2096,2096
2368,18/09/2024 , 06:00:00,2095,2095
2369,18/09/2024 , 07:00:00,2095,2095
2370,18/09/2024 , 08:00:00,2095,2095
2371,18/09/2024 , 09:00:00,2095,2095
2372,18/09/2024 , 10:00:00,2094,2094
2373,18/09/2024 , 11:00:00,2093,2093
2374,18/09/2024 , 12:00:00,2091,2091
2375,18/09/2024 , 13:00:00,2090,2090
2376,18/09/2024 , 14:00:00,2089,2089
2377,18/09/2024 , 15:00:00,2089,2089
2378,18/09/2024 , 16:00:00,2087,2087
2379,18/09/2024 , 17:00:00,2086,2086
2380,18/09/2024 , 18:00:00,2085,2085
2381,18/09/2024 , 19:00:00,2084,2084
2382,18/09/2024 , 20:00:00,2083,2083
2383,18/09/2024 , 21:00:00,2083,2083
2384,18/09/2024 , 22:00:00,2081,2081
2385,18/09/2024 , 23:00:00,2080,2080
2386,18/09/2024 , 23:59:59,2078,2078
2387,19/09/2024 , 01:00:00,2076,2076
2388,19/09/2024 , 02:00:00,2076,2076
2389,19/09/2024 , 03:00:00,2075,2075
2390,19/09/2024 , 04:00:00,2074,2074
2391,19/09/2024 , 05:00:00,2073,2073
2392,19/09/2024 , 06:00:00,2072,2072
2393,19/09/2024 , 07:00:00,2071,2071
2394,19/09/2024 , 08:00:00,2070,2070
2395,19/09/2024 , 09:00:00,2070,2070
2396,19/09/2024 , 10:00:00,2070,2070
2397,19/09/2024 , 11:00:00,2069,2069
2398,19/09/2024 , 12:00:00,2069,2069
2399,19/09/2024 , 13:00:00,2066,2066
2400,19/09/2024 , 14:00:00,2064,2064
2401,19/09/2024 , 15:00:00,2062,2062
2402,19/09/2024 , 16:00:00,2061,2061
2403,19/09/2024 , 17:00:00,2060,2060
2404,19/09/2024 , 18:00:00,2059,2059
2405,19/09/2024 , 19:00:00,2058,2058
2406,19/09/2024 , 20:00:00,2057,2057
2407,19/09/2024 , 21:00:00,2056,2056
2408,19/09/2024 , 22:00:00,2055,2055
2409,19/09/2024 , 23:00:00,2054,2054
2410,19/09/2024 , 23:59:59,2053,2053
2411,20/09/2024 , 01:00:00,2053,2053
2412,20/09/2024 , 02:00:00,2052,2052
2413,20/09/2024 , 03:00:00,2051,2051
2414,20/09/2024 , 04:00:00,2051,2051
2415,20/09/2024 , 05:00:00,2050,2050
2416,20/09/2024 , 06:00:00,2050,2050
2417,20/09/2024 , 07:00:00,2049,2049
2418,20/09/2024 , 08:00:00,2049,2049
2419,20/09/2024 , 09:00:00,2049,2049
2420,20/09/2024 , 10:00:00,2049,2049
2421,20/09/2024 , 11:00:00,2048,2048
2422,20/09/2024 , 12:00:00,2048,2048
2423,20/09/2024 , 13:00:00,2048,2048
2424,20/09/2024 , 14:00:00,2048,2048
2425,20/09/2024 , 15:00:00,2048,2048
2426,20/09/2024 , 16:00:00,2047,2047
2427,20/09/2024 , 17:00:00,2046,2046
2428,20/09/2024 , 18:00:00,2046,2046
2429,20/09/2024 , 19:00:00,2045,2045
2430,20/09/2024 , 20:00:00,2045,2045
2431,20/09/2024 , 21:00:00,2045,2045
2432,20/09/2024 , 22:00:00,2043,2043
2433,20/09/2024 , 23:00:00,2041,2041
2434,20/09/2024 , 23:59:59,2040,2040
2435,21/09/2024 , 01:00:00,2040,2040
2436,21/09/2024 , 02:00:00,2039,2039
2437,21/09/2024 , 03:00:00,2038,2038
2438,21/09/2024 , 04:00:00,2038,2038
2439,21/09/2024 , 05:00:00,2037,2037
2440,21/09/2024 , 06:00:00,2037,2037
2441,21/09/2024 , 07:00:00,2036,2036
2442,21/09/2024 , 08:00:00,2036,2036
2443,21/09/2024 , 09:00:00,2037,2037
2444,21/09/2024 , 10:00:00,2037,2037
2445,21/09/2024 , 11:00:00,2037,2037
2446,21/09/2024 , 12:00:00,2037,2037
2447,21/09/2024 , 13:00:00,2036,2036
2448,21/09/2024 , 14:00:00,2036,2036
2449,21/09/2024 , 15:00:00,2036,2036
2450,21/09/2024 , 16:00:00,2035,2035
2451,21/09/2024 , 17:00:00,2034,2034
2452,21/09/2024 , 18:00:00,2033,2033
2453,21/09/2024 , 19:00:00,2033,2033
2454,21/09/2024 , 20:00:00,2032,2032
2455,21/09/2024 , 21:00:00,2031,2031
2456,21/09/2024 , 22:00:00,2029,2029
2457,21/09/2024 , 23:00:00,2029,2029
2458,21/09/2024 , 23:59:59,2028,2028
2459,22/09/2024 , 01:00:00,2028,2028
2460,22/09/2024 , 02:00:00,2027,2027
2461,22/09/2024 , 03:00:00,2026,2026
2462,22/09/2024 , 04:00:00,2026,2026
2463,22/09/2024 , 05:00:00,2024,2024
2464,22/09/2024 , 06:00:00,2024,2024
2465,22/09/2024 , 07:00:00,2024,2024
2466,22/09/2024 , 08:00:00,2024,2024
2467,22/09/2024 , 09:00:00,2025,2025
2468,22/09/2024 , 10:00:00,2025,2025
2469,22/09/2024 , 11:00:00,2025,2025
2470,22/09/2024 , 12:00:00,2025,2025
2471,22/09/2024 , 13:00:00,2025,2025
2472,22/09/2024 , 14:00:00,2024,2024
2473,22/09/2024 , 15:00:00,2024,2024
2474,22/09/2024 , 16:00:00,2023,2023
2475,22/09/2024 , 17:00:00,2021,2021
2476,22/09/2024 , 18:00:00,2020,2020
2477,22/09/2024 , 19:00:00,2019,2019
2478,22/09/2024 , 20:00:00,2019,2019
2479,22/09/2024 , 21:00:00,2018,2018
2480,22/09/2024 , 22:00:00,2017,2017
2481,22/09/2024 , 23:00:00,2016,2016
2482,22/09/2024 , 23:59:59,2015,2015
2483,23/09/2024 , 01:00:00,2013,2013
2484,23/09/2024 , 02:00:00,2013,2013
2485,23/09/2024 , 03:00:00,2011,2011
2486,23/09/2024 , 04:00:00,2011,2011
2487,23/09/2024 , 05:00:00,2011,2011
2488,23/09/2024 , 06:00:00,2010,2010
2489,23/09/2024 , 07:00:00,2009,2009
2490,23/09/2024 , 08:00:00,2009,2009
2491,23/09/2024 , 09:00:00,2010,2010
2492,23/09/2024 , 10:00:00,2011,2011
2493,23/09/2024 , 11:00:00,2011,2011
2494,23/09/2024 , 12:00:00,2011,2011
2495,23/09/2024 , 13:00:00,2011,2011
2496,23/09/2024 , 14:00:00,2011,2011
2497,23/09/2024 , 15:00:00,2012,2012
2498,23/09/2024 , 16:00:00,2010,2010
2499,23/09/2024 , 17:00:00,2010,2010
2500,23/09/2024 , 18:00:00,2010,2010
2501,23/09/2024 , 19:00:00,2010,2010
2502,23/09/2024 , 20:00:00,2009,2009
2503,23/09/2024 , 21:00:00,2009,2009
2504,23/09/2024 , 22:00:00,2013,2013
2505,23/09/2024 , 23:00:00,2011,2011
2506,23/09/2024 , 23:59:59,2010,2010
2507,24/09/2024 , 01:00:00,2009,2009
2508,24/09/2024 , 02:00:00,2009,2009
2509,24/09/2024 , 03:00:00,2009,2009
2510,24/09/2024 , 04:00:00,2008,2008
2511,24/09/2024 , 05:00:00,2006,2006
2512,24/09/2024 , 06:00:00,2006,2006
2513,24/09/2024 , 07:00:00,2006,2006
2514,24/09/2024 , 08:00:00,2006,2006
2515,24/09/2024 , 09:00:00,2007,2007
2516,24/09/2024 , 10:00:00,2007,2007
2517,24/09/2024 , 11:00:00,2007,2007
2518,24/09/2024 , 12:00:00,2006,2006
2519,24/09/2024 , 13:00:00,2006,2006
2520,24/09/2024 , 14:00:00,2005,2005
2521,24/09/2024 , 15:00:00,2004,2004
2522,24/09/2024 , 16:00:00,2003,2003
2523,24/09/2024 , 17:00:00,2002,2002
2524,24/09/2024 , 18:00:00,2002,2002
2525,24/09/2024 , 19:00:00,2001,2001
2526,24/09/2024 , 20:00:00,2001,2001
2527,24/09/2024 , 21:00:00,2001,2001
2528,24/09/2024 , 22:00:00,2000,2000
2529,24/09/2024 , 23:00:00,1999,1999
2530,24/09/2024 , 23:59:59,1998,1998
2531,25/09/2024 , 01:00:00,1997,1997
2532,25/09/2024 , 02:00:00,1996,1996
2533,25/09/2024 , 03:00:00,1995,1995
2534,25/09/2024 , 04:00:00,1995,1995
2535,25/09/2024 , 05:00:00,1994,1994
2536,25/09/2024 , 06:00:00,1993,1993
2537,25/09/2024 , 07:00:00,1993,1993
2538,25/09/2024 , 08:00:00,1993,1993
2539,25/09/2024 , 09:00:00,1993,1993
2540,25/09/2024 , 10:00:00,1993,1993
2541,25/09/2024 , 11:00:00,1994,1994
2542,25/09/2024 , 12:00:00,1994,1994
2543,25/09/2024 , 13:00:00,1994,1994
2544,25/09/2024 , 14:00:00,1994,1994
2545,25/09/2024 , 15:00:00,1993,1993
2546,25/09/2024 , 16:00:00,1994,1994
2547,25/09/2024 , 17:00:00,1993,1993
2548,25/09/2024 , 18:00:00,1993,1993
2549,25/09/2024 , 19:00:00,1993,1993
2550,25/09/2024 , 20:00:00,1993,1993
2551,25/09/2024 , 21:00:00,1992,1992
2552,25/09/2024 , 22:00:00,1992,1992
2553,25/09/2024 , 23:00:00,1993,1993
2554,25/09/2024 , 23:59:59,2024,2024
2555,26/09/2024 , 01:00:00,2109,2109
2556,26/09/2024 , 02:00:00,2165,2165
2557,26/09/2024 , 03:00:00,2214,2214
2558,26/09/2024 , 04:00:00,2218,2218
2559,26/09/2024 , 05:00:00,2220,2220
2560,26/09/2024 , 06:00:00,2250,2250
2561,26/09/2024 , 07:00:00,2268,2268
2562,26/09/2024 , 08:00:00,2377,2377
2563,26/09/2024 , 09:00:00,2450,2450
2564,26/09/2024 , 10:00:00,2418,2418
2565,26/09/2024 , 11:00:00,2411,2411
2566,26/09/2024 , 12:00:00,2422,2422
2567,26/09/2024 , 13:00:00,2459,2459
2568,26/09/2024 , 14:00:00,2450,2450
2569,26/09/2024 , 15:00:00,2453,2453
2570,26/09/2024 , 16:00:00,2437,2437
2571,26/09/2024 , 17:00:00,2420,2420
2572,26/09/2024 , 18:00:00,2408,2408
2573,26/09/2024 , 19:00:00,2398,2398
2574,26/09/2024 , 20:00:00,2389,2389
2575,26/09/2024 , 21:00:00,2378,2378
2576,26/09/2024 , 22:00:00,2371,2371
2577,26/09/2024 , 23:00:00,2362,2362
2578,26/09/2024 , 23:59:59,2354,2354
2579,27/09/2024 , 01:00:00,2346,2346
2580,27/09/2024 , 02:00:00,2339,2339
2581,27/09/2024 , 03:00:00,2333,2333
2582,27/09/2024 , 04:00:00,2328,2328
2583,27/09/2024 , 05:00:00,2324,2324
2584,27/09/2024 , 06:00:00,2321,2321
2585,27/09/2024 , 07:00:00,2319,2319
2586,27/09/2024 , 08:00:00,2316,2316
2587,27/09/2024 , 09:00:00,2315,2315
2588,27/09/2024 , 10:00:00,2313,2313
2589,27/09/2024 , 11:00:00,2312,2312
2590,27/09/2024 , 12:00:00,2310,2310
2591,27/09/2024 , 13:00:00,2308,2308
2592,27/09/2024 , 14:00:00,2306,2306
2593,27/09/2024 , 15:00:00,2305,2305
2594,27/09/2024 , 16:00:00,2303,2303
2595,27/09/2024 , 17:00:00,2300,2300
2596,27/09/2024 , 18:00:00,2299,2299
2597,27/09/2024 , 19:00:00,2298,2298
2598,27/09/2024 , 20:00:00,2307,2307
2599,27/09/2024 , 21:00:00,2308,2308
2600,27/09/2024 , 22:00:00,2306,2306
2601,27/09/2024 , 23:00:00,2305,2305
2602,27/09/2024 , 23:59:59,2302,2302
2603,28/09/2024 , 01:00:00,2299,2299
2604,28/09/2024 , 02:00:00,2296,2296
2605,28/09/2024 , 03:00:00,2295,2295
2606,28/09/2024 , 04:00:00,2293,2293
2607,28/09/2024 , 05:00:00,2292,2292
2608,28/09/2024 , 06:00:00,2290,2290
2609,28/09/2024 , 07:00:00,2289,2289
2610,28/09/2024 , 08:00:00,2288,2288
2611,28/09/2024 , 09:00:00,2287,2287
2612,28/09/2024 , 10:00:00,2285,2285
2613,28/09/2024 , 11:00:00,2285,2285
2614,28/09/2024 , 12:00:00,2283,2283
2615,28/09/2024 , 13:00:00,2282,2282
2616,28/09/2024 , 14:00:00,2280,2280
2617,28/09/2024 , 15:00:00,2278,2278
2618,28/09/2024 , 16:00:00,2278,2278
2619,28/09/2024 , 17:00:00,2276,2276
2620,28/09/2024 , 18:00:00,2273,2273
2621,28/09/2024 , 19:00:00,2259,2259
2622,28/09/2024 , 20:00:00,2258,2258
2623,28/09/2024 , 21:00:00,2257,2257
2624,28/09/2024 , 22:00:00,2256,2256
2625,28/09/2024 , 23:00:00,2256,2256
2626,28/09/2024 , 23:59:59,2255,2255
2627,29/09/2024 , 01:00:00,2255,2255
2628,29/09/2024 , 02:00:00,2253,2253
2629,29/09/2024 , 03:00:00,2252,2252
2630,29/09/2024 , 04:00:00,2251,2251
2631,29/09/2024 , 05:00:00,2250,2250
2632,29/09/2024 , 06:00:00,2250,2250
2633,29/09/2024 , 07:00:00,2249,2249
2634,29/09/2024 , 08:00:00,2249,2249
2635,29/09/2024 , 09:00:00,2250,2250
2636,29/09/2024 , 10:00:00,2250,2250
2637,29/09/2024 , 11:00:00,2250,2250
2638,29/09/2024 , 12:00:00,2250,2250
2639,29/09/2024 , 13:00:00,2249,2249
2640,29/09/2024 , 14:00:00,2249,2249
2641,29/09/2024 , 15:00:00,2248,2248
2642,29/09/2024 , 16:00:00,2247,2247
2643,29/09/2024 , 17:00:00,2247,2247
2644,29/09/2024 , 18:00:00,2246,2246
2645,29/09/2024 , 19:00:00,2245,2245
2646,29/09/2024 , 20:00:00,2244,2244
2647,29/09/2024 , 21:00:00,2243,2243
2648,29/09/2024 , 22:00:00,2242,2242
2649,29/09/2024 , 23:00:00,2241,2241
2650,29/09/2024 , 23:59:59,2241,2241
2651,30/09/2024 , 01:00:00,2240,2240
2652,30/09/2024 , 02:00:00,2239,2239
2653,30/09/2024 , 03:00:00,2238,2238
2654,30/09/2024 , 04:00:00,2237,2237
2655,30/09/2024 , 05:00:00,2237,2237
2656,30/09/2024 , 06:00:00,2236,2236
2657,30/09/2024 , 07:00:00,2235,2235
2658,30/09/2024 , 08:00:00,2235,2235
2659,30/09/2024 , 09:00:00,2236,2236
2660,30/09/2024 , 10:00:00,2236,2236
2661,30/09/2024 , 11:00:00,2237,2237
2662,30/09/2024 , 12:00:00,2237,2237
2663,30/09/2024 , 13:00:00,2237,2237
2664,30/09/2024 , 14:00:00,2236,2236
2665,30/09/2024 , 15:00:00,2234,2234
2666,30/09/2024 , 16:00:00,2233,2233
2667,30/09/2024 , 17:00:00,2231,2231
2668,30/09/2024 , 18:00:00,2230,2230
2669,30/09/2024 , 19:00:00,2228,2228
2670,30/09/2024 , 20:00:00,2227,2227
2671,30/09/2024 , 21:00:00,2226,2226
2672,30/09/2024 , 22:00:00,2226,2226
2673,30/09/2024 , 23:00:00,2225,2225
2674,30/09/2024 , 23:59:59,2224,2224
2675,01/10/2024 , 01:00:00,2222,2222
2676,01/10/2024 , 02:00:00,2221,2221
2677,01/10/2024 , 03:00:00,2220,2220
2678,01/10/2024 , 04:00:00,2219,2219
2679,01/10/2024 , 05:00:00,2218,2218
2680,01/10/2024 , 06:00:00,2217,2217
2681,01/10/2024 , 07:00:00,2217,2217
2682,01/10/2024 , 08:00:00,2217,2217
2683,01/10/2024 , 09:00:00,2217,2217
2684,01/10/2024 , 10:00:00,2217,2217
2685,01/10/2024 , 11:00:00,2217,2217
2686,01/10/2024 , 12:00:00,2216,2216
2687,01/10/2024 , 13:00:00,2216,2216
2688,01/10/2024 , 14:00:00,2216,2216
2689,01/10/2024 , 15:00:00,2215,2215
2690,01/10/2024 , 16:00:00,2214,2214
2691,01/10/2024 , 17:00:00,2213,2213
2692,01/10/2024 , 18:00:00,2213,2213
2693,01/10/2024 , 19:00:00,2212,2212
2694,01/10/2024 , 20:00:00,2211,2211
2695,01/10/2024 , 21:00:00,2210,2210
2696,01/10/2024 , 22:00:00,2210,2210
2697,01/10/2024 , 23:00:00,2209,2209
2698,01/10/2024 , 23:59:59,2208,2208
2699,02/10/2024 , 01:00:00,2208,2208
2700,02/10/2024 , 02:00:00,2208,2208
2701,02/10/2024 , 03:00:00,2207,2207
2702,02/10/2024 , 04:00:00,2206,2206
2703,02/10/2024 , 05:00:00,2206,2206
2704,02/10/2024 , 06:00:00,2205,2205
2705,02/10/2024 , 07:00:00,2205,2205
2706,02/10/2024 , 08:00:00,2205,2205
2707,02/10/2024 , 09:00:00,2205,2205
2708,02/10/2024 , 10:00:00,2205,2205
2709,02/10/2024 , 11:00:00,2205,2205
2710,02/10/2024 , 12:00:00,2205,2205
2711,02/10/2024 , 13:00:00,2205,2205
2712,02/10/2024 , 14:00:00,2205,2205
2713,02/10/2024 , 15:00:00,2205,2205
2714,02/10/2024 , 16:00:00,2204,2204
2715,02/10/2024 , 17:00:00,2203,2203
2716,02/10/2024 , 18:00:00,2203,2203
2717,02/10/2024 , 19:00:00,2202,2202
2718,02/10/2024 , 20:00:00,2202,2202
2719,02/10/2024 , 21:00:00,2202,2202
2720,02/10/2024 , 22:00:00,2202,2202
2721,02/10/2024 , 23:00:00,2202,2202
2722,02/10/2024 , 23:59:59,2202,2202
2723,03/10/2024 , 01:00:00,2201,2201
2724,03/10/2024 , 02:00:00,2201,2201
2725,03/10/2024 , 03:00:00,2200,2200
2726,03/10/2024 , 04:00:00,2200,2200
2727,03/10/2024 , 05:00:00,2200,2200
2728,03/10/2024 , 06:00:00,2200,2200
2729,03/10/2024 , 07:00:00,2199,2199
2730,03/10/2024 , 08:00:00,2199,2199
2731,03/10/2024 , 09:00:00,2199,2199
2732,03/10/2024 , 10:00:00,2198,2198
2733,03/10/2024 , 11:00:00,2199,2199
2734,03/10/2024 , 12:00:00,2198,2198
2735,03/10/2024 , 13:00:00,2198,2198
2736,03/10/2024 , 14:00:00,2197,2197
2737,03/10/2024 , 15:00:00,2197,2197
2738,03/10/2024 , 16:00:00,2197,2197
2739,03/10/2024 , 17:00:00,2196,2196
2740,03/10/2024 , 18:00:00,2196,2196
2741,03/10/2024 , 19:00:00,2195,2195
2742,03/10/2024 , 20:00:00,2194,2194
2743,03/10/2024 , 21:00:00,2194,2194
2744,03/10/2024 , 22:00:00,2194,2194
2745,03/10/2024 , 23:00:00,2193,2193
2746,03/10/2024 , 23:59:59,2193,2193
2747,04/10/2024 , 01:00:00,2193,2193
2748,04/10/2024 , 02:00:00,2192,2192
2749,04/10/2024 , 03:00:00,2192,2192
2750,04/10/2024 , 04:00:00,2191,2191
2751,04/10/2024 , 05:00:00,2191,2191
2752,04/10/2024 , 06:00:00,2189,2189
2753,04/10/2024 , 07:00:00,2190,2190
2754,04/10/2024 , 08:00:00,2190,2190
2755,04/10/2024 , 09:00:00,2190,2190
2756,04/10/2024 , 10:00:00,2191,2191
2757,04/10/2024 , 11:00:00,2191,2191
2758,04/10/2024 , 12:00:00,2190,2190
2759,04/10/2024 , 13:00:00,2190,2190
2760,04/10/2024 , 14:00:00,2190,2190
2761,04/10/2024 , 15:00:00,2190,2190
2762,04/10/2024 , 16:00:00,2188,2188
2763,04/10/2024 , 17:00:00,2188,2188
2764,04/10/2024 , 18:00:00,2188,2188
2765,04/10/2024 , 19:00:00,2187,2187
2766,04/10/2024 , 20:00:00,2186,2186
2767,04/10/2024 , 21:00:00,2186,2186
2768,04/10/2024 , 22:00:00,2185,2185
2769,04/10/2024 , 23:00:00,2185,2185
2770,04/10/2024 , 23:59:59,2185,2185
2771,05/10/2024 , 01:00:00,2184,2184
2772,05/10/2024 , 02:00:00,2183,2183
2773,05/10/2024 , 03:00:00,2183,2183
2774,05/10/2024 , 04:00:00,2183,2183
2775,05/10/2024 , 05:00:00,2184,2184
2776,05/10/2024 , 06:00:00,2183,2183
2777,05/10/2024 , 07:00:00,2183,2183
2778,05/10/2024 , 08:00:00,2183,2183
2779,05/10/2024 , 09:00:00,2184,2184
2780,05/10/2024 , 10:00:00,2183,2183
2781,05/10/2024 , 11:00:00,2183,2183
2782,05/10/2024 , 12:00:00,2183,2183
2783,05/10/2024 , 13:00:00,2182,2182
2784,05/10/2024 , 14:00:00,2182,2182
2785,05/10/2024 , 15:00:00,2182,2182
2786,05/10/2024 , 16:00:00,2181,2181
2787,05/10/2024 , 17:00:00,2181,2181
2788,05/10/2024 , 18:00:00,2180,2180
2789,05/10/2024 , 19:00:00,2179,2179
2790,05/10/2024 , 20:00:00,2179,2179
2791,05/10/2024 , 21:00:00,2178,2178
2792,05/10/2024 , 22:00:00,2178,2178
2793,05/10/2024 , 23:00:00,2177,2177
2794,05/10/2024 , 23:59:59,2177,2177
2795,06/10/2024 , 01:00:00,2176,2176
2796,06/10/2024 , 02:00:00,2176,2176
2797,06/10/2024 , 03:00:00,2175,2175
2798,06/10/2024 , 04:00:00,2174,2174
2799,06/10/2024 , 05:00:00,2174,2174
2800,06/10/2024 , 06:00:00,2174,2174
2801,06/10/2024 , 07:00:00,2173,2173
2802,06/10/2024 , 08:00:00,2173,2173
2803,06/10/2024 , 09:00:00,2173,2173
2804,06/10/2024 , 10:00:00,2173,2173
2805,06/10/2024 , 11:00:00,2173,2173
2806,06/10/2024 , 12:00:00,2173,2173
2807,06/10/2024 , 13:00:00,2173,2173
2808,06/10/2024 , 14:00:00,2172,2172
2809,06/10/2024 , 15:00:00,2173,2173
2810,06/10/2024 , 16:00:00,2172,2172
2811,06/10/2024 , 17:00:00,2171,2171
2812,06/10/2024 , 18:00:00,2172,2172
2813,06/10/2024 , 19:00:00,2170,2170
2814,06/10/2024 , 20:00:00,2171,2171
2815,06/10/2024 , 21:00:00,2170,2170
2816,06/10/2024 , 22:00:00,2170,2170
2817,06/10/2024 , 23:00:00,2169,2169
2818,06/10/2024 , 23:59:59,2168,2168
2819,07/10/2024 , 01:00:00,2168,2168
2820,07/10/2024 , 02:00:00,2169,2169
2821,07/10/2024 , 03:00:00,2171,2171
2822,07/10/2024 , 04:00:00,2170,2170
2823,07/10/2024 , 05:00:00,2175,2175
2824,07/10/2024 , 06:00:00,2298,2298
2825,07/10/2024 , 07:00:00,2321,2321
2826,07/10/2024 , 08:00:00,2327,2327
2827,07/10/2024 , 09:00:00,2328,2328
2828,07/10/2024 , 10:00:00,2327,2327
2829,07/10/2024 , 11:00:00,2324,2324
2830,07/10/2024 , 12:00:00,2321,2321
2831,07/10/2024 , 13:00:00,2318,2318
2832,07/10/2024 , 14:00:00,2315,2315
2833,07/10/2024 , 15:00:00,2312,2312
2834,07/10/2024 , 16:00:00,2310,2310
2835,07/10/2024 , 17:00:00,2307,2307
2836,07/10/2024 , 18:00:00,2305,2305
2837,07/10/2024 , 19:00:00,2303,2303
2838,07/10/2024 , 20:00:00,2301,2301
2839,07/10/2024 , 21:00:00,2299,2299
2840,07/10/2024 , 22:00:00,2297,2297
2841,07/10/2024 , 23:00:00,2295,2295
2842,07/10/2024 , 23:59:59,2293,2293
2843,08/10/2024 , 01:00:00,2291,2291
2844,08/10/2024 , 02:00:00,2290,2290
2845,08/10/2024 , 03:00:00,2288,2288
2846,08/10/2024 , 04:00:00,2287,2287
2847,08/10/2024 , 05:00:00,2285,2285
2848,08/10/2024 , 06:00:00,2284,2284
2849,08/10/2024 , 07:00:00,2283,2283
2850,08/10/2024 , 08:00:00,2283,2283
2851,08/10/2024 , 09:00:00,2284,2284
2852,08/10/2024 , 10:00:00,2283,2283
2853,08/10/2024 , 11:00:00,2283,2283
2854,08/10/2024 , 12:00:00,2283,2283
2855,08/10/2024 , 13:00:00,2281,2281
2856,08/10/2024 , 14:00:00,2279,2279
2857,08/10/2024 , 15:00:00,2277,2277
2858,08/10/2024 , 16:00:00,2274,2274
2859,08/10/2024 , 17:00:00,2261,2261
2860,08/10/2024 , 18:00:00,2259,2259
2861,08/10/2024 , 19:00:00,2257,2257
2862,08/10/2024 , 20:00:00,2256,2256
2863,08/10/2024 , 21:00:00,2254,2254
2864,08/10/2024 , 22:00:00,2252,2252
2865,08/10/2024 , 23:00:00,2251,2251
2866,08/10/2024 , 23:59:59,2250,2250
2867,09/10/2024 , 01:00:00,2249,2249
2868,09/10/2024 , 02:00:00,2249,2249
2869,09/10/2024 , 03:00:00,2248,2248
2870,09/10/2024 , 04:00:00,2248,2248
2871,09/10/2024 , 05:00:00,2247,2247
2872,09/10/2024 , 06:00:00,2247,2247
2873,09/10/2024 , 07:00:00,2247,2247
2874,09/10/2024 , 08:00:00,2246,2246
2875,09/10/2024 , 09:00:00,2247,2247
2876,09/10/2024 , 10:00:00,2247,2247
2877,09/10/2024 , 11:00:00,2247,2247
2878,09/10/2024 , 12:00:00,2247,2247
2879,09/10/2024 , 13:00:00,2246,2246
2880,09/10/2024 , 14:00:00,2245,2245
2881,09/10/2024 , 15:00:00,2245,2245
2882,09/10/2024 , 16:00:00,2244,2244
2883,09/10/2024 , 17:00:00,2243,2243
2884,09/10/2024 , 18:00:00,2242,2242
2885,09/10/2024 , 19:00:00,2242,2242
2886,09/10/2024 , 20:00:00,2241,2241
2887,09/10/2024 , 21:00:00,2240,2240
2888,09/10/2024 , 22:00:00,2240,2240
2889,09/10/2024 , 23:00:00,2239,2239
2890,09/10/2024 , 23:59:59,2238,2238
2891,10/10/2024 , 01:00:00,2237,2237
2892,10/10/2024 , 02:00:00,2237,2237
2893,10/10/2024 , 03:00:00,2236,2236
2894,10/10/2024 , 04:00:00,2235,2235
2895,10/10/2024 , 05:00:00,2235,2235
2896,10/10/2024 , 06:00:00,2234,2234
2897,10/10/2024 , 07:00:00,2234,2234
2898,10/10/2024 , 08:00:00,2234,2234
2899,10/10/2024 , 09:00:00,2234,2234
2900,10/10/2024 , 10:00:00,2234,2234
2901,10/10/2024 , 11:00:00,2235,2235
2902,10/10/2024 , 12:00:00,2234,2234
2903,10/10/2024 , 13:00:00,2234,2234
2904,10/10/2024 , 14:00:00,2234,2234
2905,10/10/2024 , 15:00:00,2234,2234
2906,10/10/2024 , 16:00:00,2234,2234
2907,10/10/2024 , 17:00:00,2233,2233
2908,10/10/2024 , 18:00:00,2232,2232
2909,10/10/2024 , 19:00:00,2231,2231
2910,10/10/2024 , 20:00:00,2230,2230
2911,10/10/2024 , 21:00:00,2229,2229
2912,10/10/2024 , 22:00:00,2227,2227
2913,10/10/2024 , 23:00:00,2227,2227
2914,10/10/2024 , 23:59:59,2226,2226
2915,11/10/2024 , 01:00:00,2225,2225
2916,11/10/2024 , 02:00:00,2224,2224
2917,11/10/2024 , 03:00:00,2224,2224
2918,11/10/2024 , 04:00:00,2224,2224
2919,11/10/2024 , 05:00:00,2223,2223
2920,11/10/2024 , 06:00:00,2222,2222
2921,11/10/2024 , 07:00:00,2222,2222
2922,11/10/2024 , 08:00:00,2222,2222
2923,11/10/2024 , 09:00:00,2222,2222
2924,11/10/2024 , 10:00:00,2223,2223
2925,11/10/2024 , 11:00:00,2223,2223
2926,11/10/2024 , 12:00:00,2223,2223
2927,11/10/2024 , 13:00:00,2223,2223
2928,11/10/2024 , 14:00:00,2222,2222
2929,11/10/2024 , 15:00:00,2222,2222
2930,11/10/2024 , 16:00:00,2222,2222
2931,11/10/2024 , 17:00:00,2221,2221
2932,11/10/2024 , 18:00:00,2221,2221
2933,11/10/2024 , 19:00:00,2221,2221
2934,11/10/2024 , 20:00:00,2220,2220
2935,11/10/2024 , 21:00:00,2219,2219
2936,11/10/2024 , 22:00:00,2219,2219
2937,11/10/2024 , 23:00:00,2219,2219
2938,11/10/2024 , 23:59:59,2220,2220
2939,12/10/2024 , 01:00:00,2220,2220
2940,12/10/2024 , 02:00:00,2288,2288
2941,12/10/2024 , 03:00:00,2355,2355
2942,12/10/2024 , 04:00:00,2373,2373
2943,12/10/2024 , 05:00:00,2373,2373
2944,12/10/2024 , 06:00:00,2370,2370
2945,12/10/2024 , 07:00:00,2363,2363
2946,12/10/2024 , 08:00:00,2356,2356
2947,12/10/2024 , 09:00:00,2350,2350
2948,12/10/2024 , 10:00:00,2345,2345
2949,12/10/2024 , 11:00:00,2341,2341
2950,12/10/2024 , 12:00:00,2336,2336
2951,12/10/2024 , 13:00:00,2333,2333
2952,12/10/2024 , 14:00:00,2329,2329
2953,12/10/2024 , 15:00:00,2326,2326
2954,12/10/2024 , 16:00:00,2323,2323
2955,12/10/2024 , 17:00:00,2320,2320
2956,12/10/2024 , 18:00:00,2317,2317
2957,12/10/2024 , 19:00:00,2315,2315
2958,12/10/2024 , 20:00:00,2314,2314
2959,12/10/2024 , 21:00:00,2312,2312
2960,12/10/2024 , 22:00:00,2310,2310
2961,12/10/2024 , 23:00:00,2309,2309
2962,12/10/2024 , 23:59:59,2307,2307
2963,13/10/2024 , 01:00:00,2306,2306
2964,13/10/2024 , 02:00:00,2305,2305
2965,13/10/2024 , 03:00:00,2305,2305
2966,13/10/2024 , 04:00:00,2304,2304
2967,13/10/2024 , 05:00:00,2303,2303
2968,13/10/2024 , 06:00:00,2301,2301
2969,13/10/2024 , 07:00:00,2300,2300
2970,13/10/2024 , 08:00:00,2300,2300
2971,13/10/2024 , 09:00:00,2300,2300
2972,13/10/2024 , 10:00:00,2300,2300
2973,13/10/2024 , 11:00:00,2300,2300
2974,13/10/2024 , 12:00:00,2299,2299
2975,13/10/2024 , 13:00:00,2299,2299
2976,13/10/2024 , 14:00:00,2298,2298
2977,13/10/2024 , 15:00:00,2297,2297
2978,13/10/2024 , 16:00:00,2296,2296
2979,13/10/2024 , 17:00:00,2295,2295
2980,13/10/2024 , 18:00:00,2294,2294
2981,13/10/2024 , 19:00:00,2292,2292
2982,13/10/2024 , 20:00:00,2291,2291
2983,13/10/2024 , 21:00:00,2290,2290
2984,13/10/2024 , 22:00:00,2289,2289
2985,13/10/2024 , 23:00:00,2289,2289
2986,13/10/2024 , 23:59:59,2288,2288
2987,14/10/2024 , 01:00:00,2288,2288
2988,14/10/2024 , 02:00:00,2288,2288
2989,14/10/2024 , 03:00:00,2288,2288
2990,14/10/2024 , 04:00:00,2287,2287
2991,14/10/2024 , 05:00:00,2288,2288
2992,14/10/2024 , 06:00:00,2287,2287
2993,14/10/2024 , 07:00:00,2286,2286
2994,14/10/2024 , 08:00:00,2286,2286
2995,14/10/2024 , 09:00:00,2287,2287
2996,14/10/2024 , 10:00:00,2287,2287
2997,14/10/2024 , 11:00:00,2287,2287
2998,14/10/2024 , 12:00:00,2286,2286
2999,14/10/2024 , 13:00:00,2286,2286
3000,14/10/2024 , 14:00:00,2288,2288
3001,14/10/2024 , 15:00:00,2288,2288
3002,14/10/2024 , 16:00:00,2289,2289
3003,14/10/2024 , 17:00:00,2293,2293
3004,14/10/2024 , 18:00:00,2298,2298
3005,14/10/2024 , 19:00:00,2299,2299
3006,14/10/2024 , 20:00:00,2301,2301
3007,14/10/2024 , 21:00:00,2316,2316
3008,14/10/2024 , 22:00:00,2332,2332
3009,14/10/2024 , 23:00:00,2344,2344
3010,14/10/2024 , 23:59:59,2352,2352
3011,15/10/2024 , 01:00:00,2354,2354
3012,15/10/2024 , 02:00:00,2356,2356
3013,15/10/2024 , 03:00:00,2355,2355
3014,15/10/2024 , 04:00:00,2355,2355
3015,15/10/2024 , 05:00:00,2352,2352
3016,15/10/2024 , 06:00:00,2351,2351
3017,15/10/2024 , 07:00:00,2348,2348
3018,15/10/2024 , 08:00:00,2346,2346
3019,15/10/2024 , 09:00:00,2344,2344
3020,15/10/2024 , 10:00:00,2342,2342
3021,15/10/2024 , 11:00:00,2340,2340
3022,15/10/2024 , 12:00:00,2337,2337
3023,15/10/2024 , 13:00:00,2334,2334
3024,15/10/2024 , 14:00:00,2331,2331
3025,15/10/2024 , 15:00:00,2329,2329
3026,15/10/2024 , 16:00:00,2327,2327
3027,15/10/2024 , 17:00:00,2325,2325
3028,15/10/2024 , 18:00:00,2323,2323
3029,15/10/2024 , 19:00:00,2321,2321
3030,15/10/2024 , 20:00:00,2320,2320
3031,15/10/2024 , 21:00:00,2319,2319
3032,15/10/2024 , 22:00:00,2317,2317
3033,15/10/2024 , 23:00:00,2317,2317
3034,15/10/2024 , 23:59:59,2316,2316
3035,16/10/2024 , 01:00:00,2315,2315
3036,16/10/2024 , 02:00:00,2315,2315
3037,16/10/2024 , 03:00:00,2314,2314
3038,16/10/2024 , 04:00:00,2313,2313
3039,16/10/2024 , 05:00:00,2312,2312
3040,16/10/2024 , 06:00:00,2312,2312
3041,16/10/2024 , 07:00:00,2311,2311
3042,16/10/2024 , 08:00:00,2310,2310
3043,16/10/2024 , 09:00:00,2310,2310
3044,16/10/2024 , 10:00:00,2310,2310
3045,16/10/2024 , 11:00:00,2311,2311
3046,16/10/2024 , 12:00:00,2311,2311
3047,16/10/2024 , 13:00:00,2311,2311
3048,16/10/2024 , 14:00:00,2309,2309
3049,16/10/2024 , 15:00:00,2308,2308
3050,16/10/2024 , 16:00:00,2307,2307
3051,16/10/2024 , 17:00:00,2306,2306
3052,16/10/2024 , 18:00:00,2304,2304
3053,16/10/2024 , 19:00:00,2303,2303
3054,16/10/2024 , 20:00:00,2302,2302
3055,16/10/2024 , 21:00:00,2301,2301
3056,16/10/2024 , 22:00:00,2300,2300
3057,16/10/2024 , 23:00:00,2299,2299
3058,16/10/2024 , 23:59:59,2299,2299
3059,17/10/2024 , 01:00:00,2303,2303
3060,17/10/2024 , 02:00:00,2301,2301
3061,17/10/2024 , 03:00:00,2300,2300
3062,17/10/2024 , 04:00:00,2299,2299
3063,17/10/2024 , 05:00:00,2299,2299
3064,17/10/2024 , 06:00:00,2297,2297
3065,17/10/2024 , 07:00:00,2296,2296
3066,17/10/2024 , 08:00:00,2297,2297
3067,17/10/2024 , 09:00:00,2297,2297
3068,17/10/2024 , 10:00:00,2298,2298
3069,17/10/2024 , 11:00:00,2298,2298
3070,17/10/2024 , 12:00:00,2299,2299
3071,17/10/2024 , 13:00:00,2298,2298
3072,17/10/2024 , 14:00:00,2298,2298
3073,17/10/2024 , 15:00:00,2297,2297
3074,17/10/2024 , 16:00:00,2297,2297
3075,17/10/2024 , 17:00:00,2296,2296
3076,17/10/2024 , 18:00:00,2295,2295
3077,17/10/2024 , 19:00:00,2295,2295
3078,17/10/2024 , 20:00:00,2294,2294
3079,17/10/2024 , 21:00:00,2293,2293
3080,17/10/2024 , 22:00:00,2291,2291
3081,17/10/2024 , 23:00:00,2291,2291
3082,17/10/2024 , 23:59:59,2290,2290
3083,18/10/2024 , 01:00:00,2289,2289
3084,18/10/2024 , 02:00:00,2289,2289
3085,18/10/2024 , 03:00:00,2289,2289
3086,18/10/2024 , 04:00:00,2288,2288
3087,18/10/2024 , 05:00:00,2288,2288
3088,18/10/2024 , 06:00:00,2287,2287
3089,18/10/2024 , 07:00:00,2285,2285
3090,18/10/2024 , 08:00:00,2285,2285
3091,18/10/2024 , 09:00:00,2285,2285
3092,18/10/2024 , 10:00:00,2286,2286
3093,18/10/2024 , 11:00:00,2288,2288
3094,18/10/2024 , 12:00:00,2288,2288
3095,18/10/2024 , 13:00:00,2288,2288
3096,18/10/2024 , 14:00:00,2288,2288
3097,18/10/2024 , 15:00:00,2287,2287
3098,18/10/2024 , 16:00:00,2287,2287
3099,18/10/2024 , 17:00:00,2287,2287
3100,18/10/2024 , 18:00:00,2286,2286
3101,18/10/2024 , 19:00:00,2286,2286
3102,18/10/2024 , 20:00:00,2285,2285
3103,18/10/2024 , 21:00:00,2284,2284
3104,18/10/2024 , 22:00:00,2284,2284
3105,18/10/2024 , 23:00:00,2284,2284
3106,18/10/2024 , 23:59:59,2283,2283
3107,19/10/2024 , 01:00:00,2283,2283
3108,19/10/2024 , 02:00:00,2283,2283
3109,19/10/2024 , 03:00:00,2282,2282
3110,19/10/2024 , 04:00:00,2281,2281
3111,19/10/2024 , 05:00:00,2280,2280
3112,19/10/2024 , 06:00:00,2280,2280
3113,19/10/2024 , 07:00:00,2280,2280
3114,19/10/2024 , 08:00:00,2280,2280
3115,19/10/2024 , 09:00:00,2282,2282
3116,19/10/2024 , 10:00:00,2283,2283
3117,19/10/2024 , 11:00:00,2283,2283
3118,19/10/2024 , 12:00:00,2283,2283
3119,19/10/2024 , 13:00:00,2283,2283
3120,19/10/2024 , 14:00:00,2283,2283
3121,19/10/2024 , 15:00:00,2282,2282
3122,19/10/2024 , 16:00:00,2282,2282
3123,19/10/2024 , 17:00:00,2282,2282
3124,19/10/2024 , 18:00:00,2280,2280
3125,19/10/2024 , 19:00:00,2280,2280
3126,19/10/2024 , 20:00:00,2279,2279
3127,19/10/2024 , 21:00:00,2279,2279
3128,19/10/2024 , 22:00:00,2279,2279
3129,19/10/2024 , 23:00:00,2278,2278
3130,19/10/2024 , 23:59:59,2278,2278
3131,20/10/2024 , 01:00:00,2278,2278
3132,20/10/2024 , 02:00:00,2278,2278
3133,20/10/2024 , 03:00:00,2277,2277
3134,20/10/2024 , 04:00:00,2277,2277
3135,20/10/2024 , 05:00:00,2277,2277
3136,20/10/2024 , 06:00:00,2276,2276
3137,20/10/2024 , 07:00:00,2276,2276
3138,20/10/2024 , 08:00:00,2276,2276
3139,20/10/2024 , 09:00:00,2276,2276
3140,20/10/2024 , 10:00:00,2277,2277
3141,20/10/2024 , 11:00:00,2277,2277
3142,20/10/2024 , 12:00:00,2278,2278
3143,20/10/2024 , 13:00:00,2278,2278
3144,20/10/2024 , 14:00:00,2278,2278
3145,20/10/2024 , 15:00:00,2277,2277
3146,20/10/2024 , 16:00:00,2277,2277
3147,20/10/2024 , 17:00:00,2276,2276
3148,20/10/2024 , 18:00:00,2276,2276
3149,20/10/2024 , 19:00:00,2276,2276
3150,20/10/2024 , 20:00:00,2275,2275
3151,20/10/2024 , 21:00:00,2275,2275
3152,20/10/2024 , 22:00:00,2274,2274
3153,20/10/2024 , 23:00:00,2274,2274
3154,20/10/2024 , 23:59:59,2274,2274
3155,21/10/2024 , 01:00:00,2264,2264
3156,21/10/2024 , 02:00:00,2263,2263
3157,21/10/2024 , 03:00:00,2262,2262
3158,21/10/2024 , 04:00:00,2262,2262
3159,21/10/2024 , 05:00:00,2262,2262
3160,21/10/2024 , 06:00:00,2262,2262
3161,21/10/2024 , 07:00:00,2262,2262
3162,21/10/2024 , 08:00:00,2262,2262
3163,21/10/2024 , 09:00:00,2263,2263
3164,21/10/2024 , 10:00:00,2263,2263
3165,21/10/2024 , 11:00:00,2263,2263
3166,21/10/2024 , 12:00:00,2263,2263
3167,21/10/2024 , 13:00:00,2263,2263
3168,21/10/2024 , 14:00:00,2263,2263
3169,21/10/2024 , 15:00:00,2268,2268
3170,21/10/2024 , 16:00:00,2267,2267
3171,21/10/2024 , 17:00:00,2266,2266
3172,21/10/2024 , 18:00:00,2266,2266
3173,21/10/2024 , 19:00:00,2265,2265
3174,21/10/2024 , 20:00:00,2264,2264
3175,21/10/2024 , 21:00:00,2264,2264
3176,21/10/2024 , 22:00:00,2263,2263
3177,21/10/2024 , 23:00:00,2263,2263
3178,21/10/2024 , 23:59:59,2262,2262
3179,22/10/2024 , 01:00:00,2262,2262
3180,22/10/2024 , 02:00:00,2261,2261
3181,22/10/2024 , 03:00:00,2261,2261
3182,22/10/2024 , 04:00:00,2260,2260
3183,22/10/2024 , 05:00:00,2261,2261
3184,22/10/2024 , 06:00:00,2261,2261
3185,22/10/2024 , 07:00:00,2260,2260
3186,22/10/2024 , 08:00:00,2260,2260
3187,22/10/2024 , 09:00:00,2260,2260
3188,22/10/2024 , 10:00:00,2261,2261
3189,22/10/2024 , 11:00:00,2260,2260
3190,22/10/2024 , 12:00:00,2260,2260
3191,22/10/2024 , 13:00:00,2259,2259
3192,22/10/2024 , 14:00:00,2259,2259
3193,22/10/2024 , 15:00:00,2258,2258
3194,22/10/2024 , 16:00:00,2258,2258
3195,22/10/2024 , 17:00:00,2257,2257
3196,22/10/2024 , 18:00:00,2257,2257
3197,22/10/2024 , 19:00:00,2256,2256
3198,22/10/2024 , 20:00:00,2256,2256
3199,22/10/2024 , 21:00:00,2256,2256
3200,22/10/2024 , 22:00:00,2256,2256
3201,22/10/2024 , 23:00:00,2255,2255
3202,22/10/2024 , 23:59:59,2255,2255
3203,23/10/2024 , 01:00:00,2255,2255
3204,23/10/2024 , 02:00:00,2255,2255
3205,23/10/2024 , 03:00:00,2255,2255
3206,23/10/2024 , 04:00:00,2255,2255
3207,23/10/2024 , 05:00:00,2255,2255
3208,23/10/2024 , 06:00:00,2255,2255
3209,23/10/2024 , 07:00:00,2255,2255
3210,23/10/2024 , 08:00:00,2256,2256
3211,23/10/2024 , 09:00:00,2256,2256
3212,23/10/2024 , 10:00:00,2257,2257
3213,23/10/2024 , 11:00:00,2257,2257
3214,23/10/2024 , 12:00:00,2258,2258
3215,23/10/2024 , 13:00:00,2258,2258
3216,23/10/2024 , 14:00:00,2258,2258
3217,23/10/2024 , 15:00:00,2261,2261
3218,23/10/2024 , 16:00:00,2260,2260
3219,23/10/2024 , 17:00:00,2260,2260
3220,23/10/2024 , 18:00:00,2259,2259
3221,23/10/2024 , 19:00:00,2259,2259
3222,23/10/2024 , 20:00:00,2259,2259
3223,23/10/2024 , 21:00:00,2260,2260
3224,23/10/2024 , 22:00:00,2261,2261
3225,23/10/2024 , 23:00:00,2261,2261
3226,23/10/2024 , 23:59:59,2261,2261
3227,24/10/2024 , 01:00:00,2261,2261
3228,24/10/2024 , 02:00:00,2261,2261
3229,24/10/2024 , 03:00:00,2260,2260
3230,24/10/2024 , 04:00:00,2259,2259
3231,24/10/2024 , 05:00:00,2262,2262
3232,24/10/2024 , 06:00:00,2262,2262
3233,24/10/2024 , 07:00:00,2262,2262
3234,24/10/2024 , 08:00:00,2262,2262
3235,24/10/2024 , 09:00:00,2262,2262
3236,24/10/2024 , 10:00:00,2262,2262
3237,24/10/2024 , 11:00:00,2262,2262
3238,24/10/2024 , 12:00:00,2261,2261
3239,24/10/2024 , 13:00:00,2261,2261
3240,24/10/2024 , 14:00:00,2260,2260
3241,24/10/2024 , 15:00:00,2259,2259
3242,24/10/2024 , 16:00:00,2259,2259
3243,24/10/2024 , 17:00:00,2258,2258
3244,24/10/2024 , 18:00:00,2257,2257
3245,24/10/2024 , 19:00:00,2256,2256
3246,24/10/2024 , 20:00:00,2256,2256
3247,24/10/2024 , 21:00:00,2256,2256
3248,24/10/2024 , 22:00:00,2255,2255
3249,24/10/2024 , 23:00:00,2255,2255
3250,24/10/2024 , 23:59:59,2254,2254
3251,25/10/2024 , 01:00:00,2253,2253
3252,25/10/2024 , 02:00:00,2252,2252
3253,25/10/2024 , 03:00:00,2251,2251
3254,25/10/2024 , 04:00:00,2249,2249
3255,25/10/2024 , 05:00:00,2248,2248
3256,25/10/2024 , 06:00:00,2247,2247
3257,25/10/2024 , 07:00:00,2246,2246
3258,25/10/2024 , 08:00:00,2245,2245
3259,25/10/2024 , 09:00:00,2245,2245
3260,25/10/2024 , 10:00:00,2246,2246
3261,25/10/2024 , 11:00:00,2247,2247
3262,25/10/2024 , 12:00:00,2246,2246
3263,25/10/2024 , 13:00:00,2247,2247
3264,25/10/2024 , 14:00:00,2247,2247
3265,25/10/2024 , 15:00:00,2247,2247
3266,25/10/2024 , 16:00:00,2247,2247
3267,25/10/2024 , 17:00:00,2246,2246
3268,25/10/2024 , 18:00:00,2245,2245
3269,25/10/2024 , 19:00:00,2245,2245
3270,25/10/2024 , 20:00:00,2245,2245
3271,25/10/2024 , 21:00:00,2245,2245
3272,25/10/2024 , 22:00:00,2244,2244
3273,25/10/2024 , 23:00:00,2245,2245
3274,25/10/2024 , 23:59:59,2244,2244
3275,26/10/2024 , 01:00:00,2244,2244
3276,26/10/2024 , 02:00:00,2245,2245
3277,26/10/2024 , 03:00:00,2244,2244
3278,26/10/2024 , 04:00:00,2244,2244
3279,26/10/2024 , 05:00:00,2244,2244
3280,26/10/2024 , 06:00:00,2244,2244
3281,26/10/2024 , 07:00:00,2245,2245
3282,26/10/2024 , 08:00:00,2246,2246
3283,26/10/2024 , 09:00:00,2246,2246
3284,26/10/2024 , 10:00:00,2248,2248
3285,26/10/2024 , 11:00:00,2248,2248
3286,26/10/2024 , 12:00:00,2248,2248
3287,26/10/2024 , 13:00:00,2248,2248
3288,26/10/2024 , 14:00:00,2248,2248
3289,26/10/2024 , 15:00:00,2248,2248
3290,26/10/2024 , 16:00:00,2247,2247
3291,26/10/2024 , 17:00:00,2246,2246
3292,26/10/2024 , 18:00:00,2245,2245
3293,26/10/2024 , 19:00:00,2243,2243
3294,26/10/2024 , 20:00:00,2243,2243
3295,26/10/2024 , 21:00:00,2243,2243
3296,26/10/2024 , 22:00:00,2242,2242
3297,26/10/2024 , 23:00:00,2242,2242
3298,26/10/2024 , 23:59:59,2242,2242
3299,27/10/2024 , 01:00:00,2241,2241
3300,27/10/2024 , 02:00:00,2241,2241
3301,27/10/2024 , 03:00:00,2241,2241
3302,27/10/2024 , 04:00:00,2240,2240
3303,27/10/2024 , 05:00:00,2239,2239
3304,27/10/2024 , 06:00:00,2238,2238
3305,27/10/2024 , 07:00:00,2238,2238
3306,27/10/2024 , 08:00:00,2238,2238
3307,27/10/2024 , 09:00:00,2239,2239
3308,27/10/2024 , 10:00:00,2240,2240
3309,27/10/2024 , 11:00:00,2239,2239
3310,27/10/2024 , 12:00:00,2239,2239
3311,27/10/2024 , 13:00:00,2238,2238
3312,27/10/2024 , 14:00:00,2238,2238
3313,27/10/2024 , 15:00:00,2238,2238
3314,27/10/2024 , 16:00:00,2238,2238
3315,27/10/2024 , 17:00:00,2237,2237
3316,27/10/2024 , 18:00:00,2236,2236
3317,27/10/2024 , 19:00:00,2236,2236
3318,27/10/2024 , 20:00:00,2236,2236
3319,27/10/2024 , 21:00:00,2235,2235
3320,27/10/2024 , 22:00:00,2235,2235
3321,27/10/2024 , 23:00:00,2235,2235
3322,27/10/2024 , 23:59:59,2234,2234
3323,28/10/2024 , 01:00:00,2233,2233
3324,28/10/2024 , 02:00:00,2232,2232
3325,28/10/2024 , 03:00:00,2232,2232
3326,28/10/2024 , 04:00:00,2231,2231
3327,28/10/2024 , 05:00:00,2231,2231
3328,28/10/2024 , 06:00:00,2230,2230
3329,28/10/2024 , 07:00:00,2229,2229
3330,28/10/2024 , 08:00:00,2229,2229
3331,28/10/2024 , 09:00:00,2229,2229
3332,28/10/2024 , 10:00:00,2230,2230
3333,28/10/2024 , 11:00:00,2234,2234
3334,28/10/2024 , 12:00:00,2236,2236
3335,28/10/2024 , 13:00:00,2236,2236
3336,28/10/2024 , 14:00:00,2235,2235
3337,28/10/2024 , 15:00:00,2235,2235
3338,28/10/2024 , 16:00:00,2234,2234
3339,28/10/2024 , 17:00:00,2233,2233
3340,28/10/2024 , 18:00:00,2232,2232
3341,28/10/2024 , 19:00:00,2232,2232
3342,28/10/2024 , 20:00:00,2231,2231
3343,28/10/2024 , 21:00:00,2230,2230
3344,28/10/2024 , 22:00:00,2229,2229
3345,28/10/2024 , 23:00:00,2227,2227
3346,28/10/2024 , 23:59:59,2227,2227
3347,29/10/2024 , 01:00:00,2225,2225
3348,29/10/2024 , 02:00:00,2225,2225
3349,29/10/2024 , 03:00:00,2224,2224
3350,29/10/2024 , 04:00:00,2223,2223
3351,29/10/2024 , 05:00:00,2223,2223
3352,29/10/2024 , 06:00:00,2224,2224
3353,29/10/2024 , 07:00:00,2222,2222
3354,29/10/2024 , 08:00:00,2222,2222
3355,29/10/2024 , 09:00:00,2224,2224
3356,29/10/2024 , 10:00:00,2225,2225
3357,29/10/2024 , 11:00:00,2229,2229
3358,29/10/2024 , 12:00:00,2230,2230
3359,29/10/2024 , 13:00:00,2230,2230
3360,29/10/2024 , 14:00:00,2228,2228
3361,29/10/2024 , 15:00:00,2228,2228
3362,29/10/2024 , 16:00:00,2228,2228
3363,29/10/2024 , 17:00:00,2228,2228
3364,29/10/2024 , 18:00:00,2228,2228
3365,29/10/2024 , 19:00:00,2227,2227
3366,29/10/2024 , 20:00:00,2227,2227
3367,29/10/2024 , 21:00:00,2227,2227
3368,29/10/2024 , 22:00:00,2228,2228
3369,29/10/2024 , 23:00:00,2228,2228
3370,29/10/2024 , 23:59:59,2227,2227
3371,30/10/2024 , 01:00:00,2227,2227
3372,30/10/2024 , 02:00:00,2228,2228
3373,30/10/2024 , 03:00:00,2228,2228
3374,30/10/2024 , 04:00:00,2228,2228
3375,30/10/2024 , 05:00:00,2229,2229
3376,30/10/2024 , 06:00:00,2227,2227
3377,30/10/2024 , 07:00:00,2227,2227
3378,30/10/2024 , 08:00:00,2226,2226
3379,30/10/2024 , 09:00:00,2228,2228
3380,30/10/2024 , 10:00:00,2230,2230
3381,30/10/2024 , 11:00:00,2231,2231
3382,30/10/2024 , 12:00:00,2231,2231
3383,30/10/2024 , 13:00:00,2232,2232
3384,30/10/2024 , 14:00:00,2232,2232
3385,30/10/2024 , 15:00:00,2232,2232
3386,30/10/2024 , 16:00:00,2233,2233
3387,30/10/2024 , 17:00:00,2233,2233
3388,30/10/2024 , 18:00:00,2233,2233
3389,30/10/2024 , 19:00:00,2233,2233
3390,30/10/2024 , 20:00:00,2233,2233
3391,30/10/2024 , 21:00:00,2233,2233
3392,30/10/2024 , 22:00:00,2233,2233
3393,30/10/2024 , 23:00:00,2234,2234
3394,30/10/2024 , 23:59:59,2234,2234
3395,31/10/2024 , 01:00:00,2234,2234
3396,31/10/2024 , 02:00:00,2235,2235
3397,31/10/2024 , 03:00:00,2235,2235
3398,31/10/2024 , 04:00:00,2235,2235
3399,31/10/2024 , 05:00:00,2235,2235
3400,31/10/2024 , 06:00:00,2236,2236
3401,31/10/2024 , 07:00:00,2236,2236
3402,31/10/2024 , 08:00:00,2236,2236
3403,31/10/2024 , 09:00:00,2236,2236
3404,31/10/2024 , 10:00:00,2236,2236
3405,31/10/2024 , 11:00:00,2236,2236
3406,31/10/2024 , 12:00:00,2236,2236
3407,31/10/2024 , 13:00:00,2236,2236
3408,31/10/2024 , 14:00:00,2237,2237
3409,31/10/2024 , 15:00:00,2236,2236
3410,31/10/2024 , 16:00:00,2236,2236
3411,31/10/2024 , 17:00:00,2236,2236
3412,31/10/2024 , 18:00:00,2235,2235
3413,31/10/2024 , 19:00:00,2235,2235
3414,31/10/2024 , 20:00:00,2235,2235
3415,31/10/2024 , 21:00:00,2236,2236
3416,31/10/2024 , 22:00:00,2237,2237
3417,31/10/2024 , 23:00:00,2273,2273
3418,31/10/2024 , 23:59:59,2307,2307
3419,01/11/2024 , 01:00:00,2316,2316
3420,01/11/2024 , 02:00:00,2353,2353
3421,01/11/2024 , 03:00:00,2386,2386
3422,01/11/2024 , 04:00:00,2388,2388
3423,01/11/2024 , 05:00:00,2410,2410
3424,01/11/2024 , 06:00:00,2414,2414
3425,01/11/2024 , 07:00:00,2409,2409
3426,01/11/2024 , 08:00:00,2409,2409
3427,01/11/2024 , 09:00:00,2406,2406
3428,01/11/2024 , 10:00:00,2401,2401
3429,01/11/2024 , 11:00:00,2461,2461
3430,01/11/2024 , 12:00:00,2458,2458
3431,01/11/2024 , 13:00:00,2455,2455
3432,01/11/2024 , 14:00:00,2447,2447
3433,01/11/2024 , 15:00:00,2444,2444
3434,01/11/2024 , 16:00:00,2440,2440
3435,01/11/2024 , 17:00:00,2435,2435
3436,01/11/2024 , 18:00:00,2431,2431
3437,01/11/2024 , 19:00:00,2427,2427
3438,01/11/2024 , 20:00:00,2421,2421
3439,01/11/2024 , 21:00:00,2417,2417
3440,01/11/2024 , 22:00:00,2411,2411
3441,01/11/2024 , 23:00:00,2407,2407
3442,01/11/2024 , 23:59:59,2403,2403
3443,02/11/2024 , 01:00:00,2398,2398
3444,02/11/2024 , 02:00:00,2395,2395
3445,02/11/2024 , 03:00:00,2391,2391
3446,02/11/2024 , 04:00:00,2385,2385
3447,02/11/2024 , 05:00:00,2380,2380
3448,02/11/2024 , 06:00:00,2376,2376
3449,02/11/2024 , 07:00:00,2372,2372
3450,02/11/2024 , 08:00:00,2368,2368
3451,02/11/2024 , 09:00:00,2365,2365
3452,02/11/2024 , 10:00:00,2362,2362
3453,02/11/2024 , 11:00:00,2358,2358
3454,02/11/2024 , 12:00:00,2355,2355
3455,02/11/2024 , 13:00:00,2352,2352
3456,02/11/2024 , 14:00:00,2348,2348
3457,02/11/2024 , 15:00:00,2346,2346
3458,02/11/2024 , 16:00:00,2343,2343
3459,02/11/2024 , 17:00:00,2341,2341
3460,02/11/2024 , 18:00:00,2338,2338
3461,02/11/2024 , 19:00:00,2335,2335
3462,02/11/2024 , 20:00:00,2333,2333
3463,02/11/2024 , 21:00:00,2330,2330
3464,02/11/2024 , 22:00:00,2329,2329
3465,02/11/2024 , 23:00:00,2327,2327
3466,02/11/2024 , 23:59:59,2326,2326
3467,03/11/2024 , 01:00:00,2323,2323
3468,03/11/2024 , 02:00:00,2322,2322
3469,03/11/2024 , 03:00:00,2321,2321
3470,03/11/2024 , 04:00:00,2320,2320
3471,03/11/2024 , 05:00:00,2319,2319
3472,03/11/2024 , 06:00:00,2317,2317
3473,03/11/2024 , 07:00:00,2316,2316
3474,03/11/2024 , 08:00:00,2315,2315
3475,03/11/2024 , 09:00:00,2315,2315
3476,03/11/2024 , 10:00:00,2316,2316
3477,03/11/2024 , 11:00:00,2316,2316
3478,03/11/2024 , 12:00:00,2316,2316
3479,03/11/2024 , 13:00:00,2315,2315
3480,03/11/2024 , 14:00:00,2315,2315
3481,03/11/2024 , 15:00:00,2314,2314
3482,03/11/2024 , 16:00:00,2313,2313
3483,03/11/2024 , 17:00:00,2312,2312
3484,03/11/2024 , 18:00:00,2311,2311
3485,03/11/2024 , 19:00:00,2310,2310
3486,03/11/2024 , 20:00:00,2309,2309
3487,03/11/2024 , 21:00:00,2308,2308
3488,03/11/2024 , 22:00:00,2308,2308
3489,03/11/2024 , 23:00:00,2307,2307
3490,03/11/2024 , 23:59:59,2307,2307
3491,04/11/2024 , 01:00:00,2306,2306
3492,04/11/2024 , 02:00:00,2306,2306
3493,04/11/2024 , 03:00:00,2305,2305
3494,04/11/2024 , 04:00:00,2305,2305
3495,04/11/2024 , 05:00:00,2304,2304
3496,04/11/2024 , 06:00:00,2304,2304
3497,04/11/2024 , 07:00:00,2302,2302
3498,04/11/2024 , 08:00:00,2301,2301
3499,04/11/2024 , 09:00:00,2303,2303
3500,04/11/2024 , 10:00:00,2303,2303
3501,04/11/2024 , 11:00:00,2303,2303
3502,04/11/2024 , 12:00:00,2303,2303
3503,04/11/2024 , 13:00:00,2303,2303
3504,04/11/2024 , 14:00:00,2303,2303
3505,04/11/2024 , 15:00:00,2303,2303
3506,04/11/2024 , 16:00:00,2303,2303
3507,04/11/2024 , 17:00:00,2301,2301
3508,04/11/2024 , 18:00:00,2301,2301
3509,04/11/2024 , 19:00:00,2300,2300
3510,04/11/2024 , 20:00:00,2300,2300
3511,04/11/2024 , 21:00:00,2301,2301
3512,04/11/2024 , 22:00:00,2303,2303
3513,04/11/2024 , 23:00:00,2304,2304
3514,04/11/2024 , 23:59:59,2306,2306
3515,05/11/2024 , 01:00:00,2307,2307
3516,05/11/2024 , 02:00:00,2309,2309
3517,05/11/2024 , 03:00:00,2310,2310
3518,05/11/2024 , 04:00:00,2311,2311
3519,05/11/2024 , 05:00:00,2313,2313
3520,05/11/2024 , 06:00:00,2317,2317
3521,05/11/2024 , 07:00:00,2320,2320
3522,05/11/2024 , 08:00:00,2323,2323
3523,05/11/2024 , 09:00:00,2325,2325
3524,05/11/2024 , 10:00:00,2327,2327
3525,05/11/2024 , 11:00:00,2328,2328
3526,05/11/2024 , 12:00:00,2328,2328
3527,05/11/2024 , 13:00:00,2329,2329
3528,05/11/2024 , 14:00:00,2330,2330
3529,05/11/2024 , 15:00:00,2332,2332
3530,05/11/2024 , 16:00:00,2346,2346
3531,05/11/2024 , 17:00:00,2390,2390
3532,05/11/2024 , 18:00:00,2451,2451
3533,05/11/2024 , 19:00:00,2462,2462
3534,05/11/2024 , 20:00:00,2456,2456
3535,05/11/2024 , 21:00:00,2444,2444
3536,05/11/2024 , 22:00:00,2438,2438
3537,05/11/2024 , 23:00:00,2434,2434
3538,05/11/2024 , 23:59:59,2430,2430
3539,06/11/2024 , 01:00:00,2428,2428
3540,06/11/2024 , 02:00:00,2425,2425
3541,06/11/2024 , 03:00:00,2421,2421
3542,06/11/2024 , 04:00:00,2416,2416
3543,06/11/2024 , 05:00:00,2411,2411
3544,06/11/2024 , 06:00:00,2407,2407
3545,06/11/2024 , 07:00:00,2404,2404
3546,06/11/2024 , 08:00:00,2399,2399
3547,06/11/2024 , 09:00:00,2396,2396
3548,06/11/2024 , 10:00:00,2392,2392
3549,06/11/2024 , 11:00:00,2388,2388
3550,06/11/2024 , 12:00:00,2384,2384
3551,06/11/2024 , 13:00:00,2378,2378
3552,06/11/2024 , 14:00:00,2376,2376
3553,06/11/2024 , 15:00:00,2372,2372
3554,06/11/2024 , 16:00:00,2368,2368
3555,06/11/2024 , 17:00:00,2365,2365
3556,06/11/2024 , 18:00:00,2362,2362
3557,06/11/2024 , 19:00:00,2359,2359
3558,06/11/2024 , 20:00:00,2355,2355
3559,06/11/2024 , 21:00:00,2353,2353
3560,06/11/2024 , 22:00:00,2351,2351
3561,06/11/2024 , 23:00:00,2348,2348
3562,06/11/2024 , 23:59:59,2346,2346
3563,07/11/2024 , 01:00:00,2346,2346
3564,07/11/2024 , 02:00:00,2343,2343
3565,07/11/2024 , 03:00:00,2341,2341
3566,07/11/2024 , 04:00:00,2339,2339
3567,07/11/2024 , 05:00:00,2336,2336
3568,07/11/2024 , 06:00:00,2334,2334
3569,07/11/2024 , 07:00:00,2330,2330
3570,07/11/2024 , 08:00:00,2329,2329
3571,07/11/2024 , 09:00:00,2329,2329
3572,07/11/2024 , 10:00:00,2327,2327
3573,07/11/2024 , 11:00:00,2327,2327
3574,07/11/2024 , 12:00:00,2326,2326
3575,07/11/2024 , 13:00:00,2324,2324
3576,07/11/2024 , 14:00:00,2323,2323
3577,07/11/2024 , 15:00:00,2322,2322
3578,07/11/2024 , 16:00:00,2321,2321
3579,07/11/2024 , 17:00:00,2319,2319
3580,07/11/2024 , 18:00:00,2316,2316
3581,07/11/2024 , 19:00:00,2315,2315
3582,07/11/2024 , 20:00:00,2314,2314
3583,07/11/2024 , 21:00:00,2314,2314
3584,07/11/2024 , 22:00:00,2313,2313
3585,07/11/2024 , 23:00:00,2313,2313
3586,07/11/2024 , 23:59:59,2312,2312
3587,08/11/2024 , 01:00:00,2311,2311
3588,08/11/2024 , 02:00:00,2311,2311
3589,08/11/2024 , 03:00:00,2311,2311
3590,08/11/2024 , 04:00:00,2310,2310
3591,08/11/2024 , 05:00:00,2310,2310
3592,08/11/2024 , 06:00:00,2309,2309
3593,08/11/2024 , 07:00:00,2309,2309
3594,08/11/2024 , 08:00:00,2309,2309
3595,08/11/2024 , 09:00:00,2308,2308
3596,08/11/2024 , 10:00:00,2308,2308
3597,08/11/2024 , 11:00:00,2308,2308
3598,08/11/2024 , 12:00:00,2307,2307
3599,08/11/2024 , 13:00:00,2307,2307
3600,08/11/2024 , 14:00:00,2306,2306
3601,08/11/2024 , 15:00:00,2306,2306
3602,08/11/2024 , 16:00:00,2306,2306
3603,08/11/2024 , 17:00:00,2304,2304
3604,08/11/2024 , 18:00:00,2303,2303
3605,08/11/2024 , 19:00:00,2301,2301
3606,08/11/2024 , 20:00:00,2301,2301
3607,08/11/2024 , 21:00:00,2301,2301
3608,08/11/2024 , 22:00:00,2301,2301
3609,08/11/2024 , 23:00:00,2300,2300
3610,08/11/2024 , 23:59:59,2299,2299
3611,09/11/2024 , 01:00:00,2299,2299
3612,09/11/2024 , 02:00:00,2298,2298
3613,09/11/2024 , 03:00:00,2297,2297
3614,09/11/2024 , 04:00:00,2297,2297
3615,09/11/2024 , 05:00:00,2296,2296
3616,09/11/2024 , 06:00:00,2296,2296
3617,09/11/2024 , 07:00:00,2296,2296
3618,09/11/2024 , 08:00:00,2295,2295
3619,09/11/2024 , 09:00:00,2295,2295
3620,09/11/2024 , 10:00:00,2294,2294
3621,09/11/2024 , 11:00:00,2295,2295
3622,09/11/2024 , 12:00:00,2295,2295
3623,09/11/2024 , 13:00:00,2295,2295
3624,09/11/2024 , 14:00:00,2293,2293
3625,09/11/2024 , 15:00:00,2292,2292
3626,09/11/2024 , 16:00:00,2291,2291
3627,09/11/2024 , 17:00:00,2290,2290
3628,09/11/2024 , 18:00:00,2289,2289
3629,09/11/2024 , 19:00:00,2289,2289
3630,09/11/2024 , 20:00:00,2289,2289
3631,09/11/2024 , 21:00:00,2288,2288
3632,09/11/2024 , 22:00:00,2287,2287
3633,09/11/2024 , 23:00:00,2287,2287
3634,09/11/2024 , 23:59:59,2287,2287
3635,10/11/2024 , 01:00:00,2288,2288
3636,10/11/2024 , 02:00:00,2287,2287
3637,10/11/2024 , 03:00:00,2287,2287
3638,10/11/2024 , 04:00:00,2286,2286
3639,10/11/2024 , 05:00:00,2286,2286
3640,10/11/2024 , 06:00:00,2286,2286
3641,10/11/2024 , 07:00:00,2286,2286
3642,10/11/2024 , 08:00:00,2285,2285
3643,10/11/2024 , 09:00:00,2285,2285
3644,10/11/2024 , 10:00:00,2286,2286
3645,10/11/2024 , 11:00:00,2288,2288
3646,10/11/2024 , 12:00:00,2288,2288
3647,10/11/2024 , 13:00:00,2289,2289
3648,10/11/2024 , 14:00:00,2286,2286
3649,10/11/2024 , 15:00:00,2285,2285
3650,10/11/2024 , 16:00:00,2285,2285
3651,10/11/2024 , 17:00:00,2285,2285
3652,10/11/2024 , 18:00:00,2284,2284
3653,10/11/2024 , 19:00:00,2285,2285
3654,10/11/2024 , 20:00:00,2284,2284
3655,10/11/2024 , 21:00:00,2284,2284
3656,10/11/2024 , 22:00:00,2284,2284
3657,10/11/2024 , 23:00:00,2284,2284
3658,10/11/2024 , 23:59:59,2284,2284
3659,11/11/2024 , 01:00:00,2284,2284
3660,11/11/2024 , 02:00:00,2284,2284
3661,11/11/2024 , 03:00:00,2284,2284
3662,11/11/2024 , 04:00:00,2284,2284
3663,11/11/2024 , 05:00:00,2284,2284
3664,11/11/2024 , 06:00:00,2280,2280
3665,11/11/2024 , 07:00:00,2295,2295
3666,11/11/2024 , 08:00:00,2301,2301
3667,11/11/2024 , 09:00:00,2303,2303
3668,11/11/2024 , 10:00:00,2311,2311
3669,11/11/2024 , 11:00:00,2326,2326
3670,11/11/2024 , 12:00:00,2339,2339
3671,11/11/2024 , 13:00:00,2344,2344
3672,11/11/2024 , 14:00:00,2357,2357
3673,11/11/2024 , 15:00:00,2368,2368
3674,11/11/2024 , 16:00:00,2370,2370
3675,11/11/2024 , 17:00:00,2372,2372
3676,11/11/2024 , 18:00:00,2372,2372
3677,11/11/2024 , 19:00:00,2372,2372
3678,11/11/2024 , 20:00:00,2371,2371
3679,11/11/2024 , 21:00:00,2370,2370
3680,11/11/2024 , 22:00:00,2367,2367
3681,11/11/2024 , 23:00:00,2364,2364
3682,11/11/2024 , 23:59:59,2360,2360
3683,12/11/2024 , 01:00:00,2358,2358
3684,12/11/2024 , 02:00:00,2357,2357
3685,12/11/2024 , 03:00:00,2365,2365
3686,12/11/2024 , 04:00:00,2370,2370
3687,12/11/2024 , 05:00:00,2367,2367
3688,12/11/2024 , 06:00:00,2365,2365
3689,12/11/2024 , 07:00:00,2362,2362
3690,12/11/2024 , 08:00:00,2360,2360
3691,12/11/2024 , 09:00:00,2357,2357
3692,12/11/2024 , 10:00:00,2355,2355
3693,12/11/2024 , 11:00:00,2353,2353
3694,12/11/2024 , 12:00:00,2351,2351
3695,12/11/2024 , 13:00:00,2348,2348
3696,12/11/2024 , 14:00:00,2345,2345
3697,12/11/2024 , 15:00:00,2342,2342
3698,12/11/2024 , 16:00:00,2340,2340
3699,12/11/2024 , 17:00:00,2337,2337
3700,12/11/2024 , 18:00:00,2335,2335
3701,12/11/2024 , 19:00:00,2333,2333
3702,12/11/2024 , 20:00:00,2331,2331
3703,12/11/2024 , 21:00:00,2329,2329
3704,12/11/2024 , 22:00:00,2327,2327
3705,12/11/2024 , 23:00:00,2325,2325
3706,12/11/2024 , 23:59:59,2323,2323
3707,13/11/2024 , 01:00:00,2322,2322
3708,13/11/2024 , 02:00:00,2321,2321
3709,13/11/2024 , 03:00:00,2320,2320
3710,13/11/2024 , 04:00:00,2317,2317
3711,13/11/2024 , 05:00:00,2316,2316
3712,13/11/2024 , 06:00:00,2315,2315
3713,13/11/2024 , 07:00:00,2314,2314
3714,13/11/2024 , 08:00:00,2313,2313
3715,13/11/2024 , 09:00:00,2312,2312
3716,13/11/2024 , 10:00:00,2312,2312
3717,13/11/2024 , 11:00:00,2313,2313
3718,13/11/2024 , 12:00:00,2312,2312
3719,13/11/2024 , 13:00:00,2311,2311
3720,13/11/2024 , 14:00:00,2309,2309
3721,13/11/2024 , 15:00:00,2308,2308
3722,13/11/2024 , 16:00:00,2307,2307
3723,13/11/2024 , 17:00:00,2306,2306
3724,13/11/2024 , 18:00:00,2305,2305
3725,13/11/2024 , 19:00:00,2304,2304
3726,13/11/2024 , 20:00:00,2303,2303
3727,13/11/2024 , 21:00:00,2302,2302
3728,13/11/2024 , 22:00:00,2301,2301
3729,13/11/2024 , 23:00:00,2300,2300
3730,13/11/2024 , 23:59:59,2300,2300
3731,14/11/2024 , 01:00:00,2299,2299
3732,14/11/2024 , 02:00:00,2298,2298
3733,14/11/2024 , 03:00:00,2298,2298
3734,14/11/2024 , 04:00:00,2297,2297
3735,14/11/2024 , 05:00:00,2296,2296
3736,14/11/2024 , 06:00:00,2296,2296
3737,14/11/2024 , 07:00:00,2295,2295
3738,14/11/2024 , 08:00:00,2295,2295
3739,14/11/2024 , 09:00:00,2295,2295
3740,14/11/2024 , 10:00:00,2295,2295
3741,14/11/2024 , 11:00:00,2297,2297
3742,14/11/2024 , 12:00:00,2297,2297
3743,14/11/2024 , 13:00:00,2298,2298
3744,14/11/2024 , 14:00:00,1095,1095
3745,14/11/2024 , 15:00:00,1104,1104
3746,14/11/2024 , 16:00:00,1103,1103
3747,14/11/2024 , 17:00:00,1100,1100
3748,14/11/2024 , 18:00:00,1097,1097
3749,14/11/2024 , 19:00:00,1089,1089
3750,14/11/2024 , 20:00:00,1087,1087
3751,14/11/2024 , 21:00:00,1087,1087
3752,14/11/2024 , 22:00:00,1087,1087
3753,14/11/2024 , 23:00:00,1087,1087
3754,14/11/2024 , 23:59:59,1087,1087
3755,15/11/2024 , 01:00:00,1087,1087
3756,15/11/2024 , 02:00:00,1087,1087
3757,15/11/2024 , 03:00:00,1087,1087
3758,15/11/2024 , 04:00:00,1087,1087
3759,15/11/2024 , 05:00:00,1087,1087
3760,15/11/2024 , 06:00:00,1086,1086
3761,15/11/2024 , 07:00:00,1086,1086
3762,15/11/2024 , 08:00:00,1086,1086
3763,15/11/2024 , 09:00:00,1086,1086
3764,15/11/2024 , 10:00:00,1086,1086
3765,15/11/2024 , 11:00:00,1085,1085
3766,15/11/2024 , 12:00:00,1085,1085
3767,15/11/2024 , 13:00:00,1085,1085
3768,15/11/2024 , 14:00:00,1085,1085
3769,15/11/2024 , 15:00:00,1085,1085
3770,15/11/2024 , 16:00:00,1085,1085
3771,15/11/2024 , 17:00:00,1085,1085
3772,15/11/2024 , 18:00:00,1085,1085
3773,15/11/2024 , 19:00:00,1085,1085
3774,15/11/2024 , 20:00:00,1085,1085
3775,15/11/2024 , 21:00:00,1085,1085
3776,15/11/2024 , 22:00:00,1085,1085
3777,15/11/2024 , 23:00:00,1085,1085
3778,15/11/2024 , 23:59:59,1085,1085
3779,16/11/2024 , 01:00:00,1085,1085
3780,16/11/2024 , 02:00:00,1085,1085
3781,16/11/2024 , 03:00:00,1085,1085
3782,16/11/2024 , 04:00:00,1085,1085
3783,16/11/2024 , 05:00:00,1085,1085
3784,16/11/2024 , 06:00:00,1085,1085
3785,16/11/2024 , 07:00:00,1085,1085
3786,16/11/2024 , 08:00:00,1085,1085
3787,16/11/2024 , 09:00:00,1085,1085
3788,16/11/2024 , 10:00:00,1085,1085
3789,16/11/2024 , 11:00:00,1084,1084
3790,16/11/2024 , 12:00:00,1085,1085
3791,16/11/2024 , 13:00:00,1085,1085
3792,16/11/2024 , 14:00:00,1085,1085
3793,16/11/2024 , 15:00:00,1085,1085
3794,16/11/2024 , 16:00:00,1085,1085
3795,16/11/2024 , 17:00:00,1085,1085
3796,16/11/2024 , 18:00:00,1085,1085
3797,16/11/2024 , 19:00:00,1085,1085
3798,16/11/2024 , 20:00:00,1084,1084
3799,16/11/2024 , 21:00:00,1084,1084
3800,16/11/2024 , 22:00:00,1084,1084
3801,16/11/2024 , 23:00:00,1084,1084
3802,16/11/2024 , 23:59:59,1084,1084
3803,17/11/2024 , 01:00:00,1084,1084
3804,17/11/2024 , 02:00:00,1084,1084
3805,17/11/2024 , 03:00:00,1084,1084
3806,17/11/2024 , 04:00:00,1084,1084
3807,17/11/2024 , 05:00:00,1084,1084
3808,17/11/2024 , 06:00:00,1084,1084
3809,17/11/2024 , 07:00:00,1084,1084
3810,17/11/2024 , 08:00:00,1084,1084
3811,17/11/2024 , 09:00:00,1084,1084
3812,17/11/2024 , 10:00:00,1084,1084
3813,17/11/2024 , 11:00:00,1084,1084
3814,17/11/2024 , 12:00:00,1084,1084
3815,17/11/2024 , 13:00:00,1084,1084
3816,17/11/2024 , 14:00:00,1084,1084
3817,17/11/2024 , 15:00:00,1084,1084
3818,17/11/2024 , 16:00:00,1084,1084
3819,17/11/2024 , 17:00:00,1084,1084
3820,17/11/2024 , 18:00:00,1084,1084
3821,17/11/2024 , 19:00:00,1084,1084
3822,17/11/2024 , 20:00:00,1084,1084
3823,17/11/2024 , 21:00:00,1084,1084
3824,17/11/2024 , 22:00:00,1084,1084
3825,17/11/2024 , 23:00:00,1084,1084
3826,17/11/2024 , 23:59:59,1084,1084
3827,18/11/2024 , 01:00:00,1084,1084
3828,18/11/2024 , 02:00:00,1084,1084
3829,18/11/2024 , 03:00:00,1084,1084
3830,18/11/2024 , 04:00:00,1084,1084
3831,18/11/2024 , 05:00:00,1084,1084
3832,18/11/2024 , 06:00:00,1084,1084
3833,18/11/2024 , 07:00:00,1084,1084
3834,18/11/2024 , 08:00:00,1084,1084
3835,18/11/2024 , 09:00:00,1084,1084
3836,18/11/2024 , 10:00:00,1084,1084
3837,18/11/2024 , 11:00:00,1084,1084
3838,18/11/2024 , 12:00:00,1084,1084
3839,18/11/2024 , 13:00:00,1084,1084
3840,18/11/2024 , 14:00:00,1084,1084
3841,18/11/2024 , 15:00:00,1084,1084
3842,18/11/2024 , 16:00:00,1084,1084
3843,18/11/2024 , 17:00:00,1084,1084
3844,18/11/2024 , 18:00:00,1084,1084
3845,18/11/2024 , 19:00:00,1084,1084
3846,18/11/2024 , 20:00:00,1084,1084
3847,18/11/2024 , 21:00:00,1084,1084
3848,18/11/2024 , 22:00:00,1084,1084
3849,18/11/2024 , 23:00:00,1084,1084
3850,18/11/2024 , 23:59:59,1084,1084
3851,19/11/2024 , 01:00:00,1084,1084
3852,19/11/2024 , 02:00:00,1084,1084
3853,19/11/2024 , 03:00:00,1084,1084
3854,19/11/2024 , 04:00:00,1084,1084
3855,19/11/2024 , 05:00:00,1084,1084
3856,19/11/2024 , 06:00:00,1084,1084
3857,19/11/2024 , 07:00:00,1084,1084
3858,19/11/2024 , 08:00:00,1084,1084
3859,19/11/2024 , 09:00:00,1084,1084
3860,19/11/2024 , 10:00:00,1084,1084
3861,19/11/2024 , 11:00:00,1084,1084
3862,19/11/2024 , 12:00:00,1084,1084
3863,19/11/2024 , 13:00:00,1084,1084
3864,19/11/2024 , 14:00:00,1084,1084
3865,19/11/2024 , 15:00:00,1084,1084
3866,19/11/2024 , 16:00:00,1084,1084
3867,19/11/2024 , 17:00:00,1084,1084
3868,19/11/2024 , 18:00:00,1084,1084
3869,19/11/2024 , 19:00:00,1084,1084
3870,19/11/2024 , 20:00:00,1084,1084
3871,19/11/2024 , 21:00:00,1084,1084
3872,19/11/2024 , 22:00:00,1084,1084
3873,19/11/2024 , 23:00:00,1084,1084
3874,19/11/2024 , 23:59:59,1084,1084
3875,20/11/2024 , 01:00:00,1084,1084
3876,20/11/2024 , 02:00:00,1084,1084
3877,20/11/2024 , 03:00:00,1084,1084
3878,20/11/2024 , 04:00:00,1084,1084
3879,20/11/2024 , 05:00:00,1084,1084
3880,20/11/2024 , 06:00:00,1084,1084
3881,20/11/2024 , 07:00:00,1084,1084
3882,20/11/2024 , 08:00:00,1084,1084
3883,20/11/2024 , 09:00:00,1084,1084
3884,20/11/2024 , 10:00:00,1084,1084
3885,20/11/2024 , 11:00:00,1084,1084
3886,20/11/2024 , 12:00:00,1084,1084
3887,20/11/2024 , 13:00:00,1084,1084
3888,20/11/2024 , 14:00:00,1084,1084
3889,20/11/2024 , 15:00:00,1084,1084
3890,20/11/2024 , 16:00:00,1084,1084
3891,20/11/2024 , 17:00:00,1084,1084
3892,20/11/2024 , 18:00:00,1084,1084
3893,20/11/2024 , 19:00:00,1084,1084
3894,20/11/2024 , 20:00:00,1084,1084
3895,20/11/2024 , 21:00:00,1084,1084
3896,20/11/2024 , 22:00:00,1084,1084
3897,20/11/2024 , 23:00:00,1084,1084
3898,20/11/2024 , 23:59:59,1084,1084
3899,21/11/2024 , 01:00:00,1084,1084
3900,21/11/2024 , 02:00:00,1084,1084
3901,21/11/2024 , 03:00:00,1084,1084
3902,21/11/2024 , 04:00:00,1084,1084
3903,21/11/2024 , 05:00:00,1084,1084
3904,21/11/2024 , 06:00:00,1084,1084
3905,21/11/2024 , 07:00:00,1084,1084
3906,21/11/2024 , 08:00:00,1084,1084
3907,21/11/2024 , 09:00:00,1084,1084
3908,21/11/2024 , 10:00:00,1084,1084
3909,21/11/2024 , 11:00:00,1084,1084
3910,21/11/2024 , 12:00:00,1084,1084
3911,21/11/2024 , 13:00:00,1084,1084
3912,21/11/2024 , 14:00:00,1084,1084
3913,21/11/2024 , 15:00:00,1084,1084
3914,21/11/2024 , 16:00:00,1084,1084
3915,21/11/2024 , 17:00:00,1084,1084
3916,21/11/2024 , 18:00:00,1084,1084
3917,21/11/2024 , 19:00:00,1084,1084
3918,21/11/2024 , 20:00:00,1084,1084
3919,21/11/2024 , 21:00:00,1084,1084
3920,21/11/2024 , 22:00:00,1084,1084
3921,21/11/2024 , 23:00:00,1084,1084
3922,21/11/2024 , 23:59:59,1084,1084
3923,22/11/2024 , 01:00:00,1084,1084
3924,22/11/2024 , 02:00:00,1084,1084
3925,22/11/2024 , 03:00:00,1084,1084
3926,22/11/2024 , 04:00:00,1084,1084
3927,22/11/2024 , 05:00:00,1084,1084
3928,22/11/2024 , 06:00:00,1084,1084
3929,22/11/2024 , 07:00:00,1084,1084
3930,22/11/2024 , 08:00:00,1084,1084
3931,22/11/2024 , 09:00:00,1084,1084
3932,22/11/2024 , 10:00:00,1084,1084
3933,22/11/2024 , 11:00:00,1084,1084
3934,22/11/2024 , 12:00:00,1084,1084
3935,22/11/2024 , 13:00:00,1084,1084
3936,22/11/2024 , 14:00:00,1084,1084
3937,22/11/2024 , 15:00:00,1084,1084
3938,22/11/2024 , 16:00:00,1084,1084
3939,22/11/2024 , 17:00:00,1084,1084
3940,22/11/2024 , 18:00:00,1084,1084
3941,22/11/2024 , 19:00:00,1084,1084
3942,22/11/2024 , 20:00:00,1083,1083
3943,22/11/2024 , 21:00:00,1084,1084
3944,22/11/2024 , 22:00:00,1084,1084
3945,22/11/2024 , 23:00:00,1084,1084
3946,22/11/2024 , 23:59:59,1084,1084
3947,23/11/2024 , 01:00:00,1084,1084
3948,23/11/2024 , 02:00:00,1084,1084
3949,23/11/2024 , 03:00:00,1084,1084
3950,23/11/2024 , 04:00:00,1083,1083
3951,23/11/2024 , 05:00:00,1083,1083
3952,23/11/2024 , 06:00:00,1083,1083
3953,23/11/2024 , 07:00:00,1083,1083
3954,23/11/2024 , 08:00:00,1083,1083
3955,23/11/2024 , 09:00:00,1083,1083
3956,23/11/2024 , 10:00:00,1083,1083
3957,23/11/2024 , 11:00:00,1083,1083
3958,23/11/2024 , 12:00:00,1083,1083
3959,23/11/2024 , 13:00:00,1083,1083
3960,23/11/2024 , 14:00:00,1083,1083
3961,23/11/2024 , 15:00:00,1083,1083
3962,23/11/2024 , 16:00:00,1083,1083
3963,23/11/2024 , 17:00:00,1083,1083
3964,23/11/2024 , 18:00:00,1083,1083
3965,23/11/2024 , 19:00:00,1083,1083
3966,23/11/2024 , 20:00:00,1083,1083
3967,23/11/2024 , 21:00:00,1083,1083
3968,23/11/2024 , 22:00:00,1083,1083
3969,23/11/2024 , 23:00:00,1083,1083
3970,23/11/2024 , 23:59:59,1083,1083
3971,24/11/2024 , 01:00:00,1083,1083
3972,24/11/2024 , 02:00:00,1083,1083
3973,24/11/2024 , 03:00:00,1083,1083
3974,24/11/2024 , 04:00:00,1083,1083
3975,24/11/2024 , 05:00:00,1083,1083
3976,24/11/2024 , 06:00:00,1083,1083
3977,24/11/2024 , 07:00:00,1083,1083
3978,24/11/2024 , 08:00:00,1083,1083
3979,24/11/2024 , 09:00:00,1083,1083
3980,24/11/2024 , 10:00:00,1083,1083
3981,24/11/2024 , 11:00:00,1083,1083
3982,24/11/2024 , 12:00:00,1083,1083
3983,24/11/2024 , 13:00:00,1083,1083
3984,24/11/2024 , 14:00:00,1083,1083
3985,24/11/2024 , 15:00:00,1083,1083
3986,24/11/2024 , 16:00:00,1083,1083
3987,24/11/2024 , 17:00:00,1083,1083
3988,24/11/2024 , 18:00:00,1083,1083
3989,24/11/2024 , 19:00:00,1083,1083
3990,24/11/2024 , 20:00:00,1083,1083
3991,24/11/2024 , 21:00:00,1083,1083
3992,24/11/2024 , 22:00:00,1083,1083
3993,24/11/2024 , 23:00:00,1083,1083
3994,24/11/2024 , 23:59:59,1083,1083
3995,25/11/2024 , 01:00:00,1083,1083
3996,25/11/2024 , 02:00:00,1083,1083
3997,25/11/2024 , 03:00:00,1083,1083
3998,25/11/2024 , 04:00:00,1083,1083
3999,25/11/2024 , 05:00:00,1083,1083
4000,25/11/2024 , 06:00:00,1083,1083
4001,25/11/2024 , 07:00:00,1083,1083
4002,25/11/2024 , 08:00:00,1083,1083
4003,25/11/2024 , 09:00:00,1083,1083
4004,25/11/2024 , 10:00:00,1083,1083
4005,25/11/2024 , 11:00:00,1083,1083
4006,25/11/2024 , 12:00:00,1083,1083
4007,25/11/2024 , 13:00:00,1098,1098
4008,25/11/2024 , 14:00:00,1083,1083