Site Name ,ST-HENRI
Site Number ,8
Logger ,Capacitive Water Level
Logger Serial Number ,41384


Scan No ,Date and Time,       Capacitive Water Level,        ,
        ,        ,RAW VALUE ,CALIBRATED VALUE,

1,01/05/2025 , 11:19:24,1075,1075
2,01/05/2025 , 12:19:24,1036,1036
3,01/05/2025 , 13:19:24,1037,1037
4,01/05/2025 , 14:19:24,1042,1042
5,01/05/2025 , 15:19:24,1040,1040
6,01/05/2025 , 16:19:24,1037,1037
7,01/05/2025 , 17:19:24,1126,1126
8,01/05/2025 , 18:19:24,1126,1126
9,01/05/2025 , 19:19:24,1126,1126
10,01/05/2025 , 20:19:24,1126,1126
11,01/05/2025 , 21:19:24,1126,1126
12,01/05/2025 , 22:19:24,1139,1139
13,01/05/2025 , 23:19:24,1140,1140
14,02/05/2025 , 00:19:24,1140,1140
15,02/05/2025 , 01:19:24,1149,1149
16,02/05/2025 , 02:19:24,1195,1195
17,02/05/2025 , 03:19:24,1254,1254
18,02/05/2025 , 04:19:24,1304,1304
19,02/05/2025 , 05:19:24,1347,1347
20,02/05/2025 , 06:19:24,1400,1400
21,02/05/2025 , 07:19:24,1456,1456
22,02/05/2025 , 08:19:24,1512,1512
23,02/05/2025 , 09:19:24,1576,1576
24,02/05/2025 , 10:19:24,1784,1784
25,02/05/2025 , 11:19:24,2038,2038
26,02/05/2025 , 12:19:24,2059,2059
27,02/05/2025 , 13:19:24,2112,2112
28,02/05/2025 , 14:19:24,2078,2078
29,02/05/2025 , 15:19:24,2074,2074
30,02/05/2025 , 16:19:24,2070,2070
31,02/05/2025 , 17:19:24,2068,2068
32,02/05/2025 , 18:19:24,2066,2066
33,02/05/2025 , 19:19:24,2062,2062
34,02/05/2025 , 20:19:24,2061,2061
35,02/05/2025 , 21:19:24,2059,2059
36,02/05/2025 , 22:19:24,2059,2059
37,02/05/2025 , 23:19:24,2057,2057
38,03/05/2025 , 00:19:24,2056,2056
39,03/05/2025 , 01:19:24,2055,2055
40,03/05/2025 , 02:19:24,2055,2055
41,03/05/2025 , 03:19:24,2054,2054
42,03/05/2025 , 04:19:24,2054,2054
43,03/05/2025 , 05:19:24,2053,2053
44,03/05/2025 , 06:19:24,2051,2051
45,03/05/2025 , 07:19:24,2049,2049
46,03/05/2025 , 08:19:24,2048,2048
47,03/05/2025 , 09:19:24,2048,2048
48,03/05/2025 , 10:19:24,2046,2046
49,03/05/2025 , 11:19:24,2043,2043
50,03/05/2025 , 12:19:24,2040,2040
51,03/05/2025 , 13:19:24,2038,2038
52,03/05/2025 , 14:19:24,2036,2036
53,03/05/2025 , 15:19:24,2032,2032
54,03/05/2025 , 16:19:24,2031,2031
55,03/05/2025 , 17:19:24,2028,2028
56,03/05/2025 , 18:19:24,2026,2026
57,03/05/2025 , 19:19:24,2024,2024
58,03/05/2025 , 20:19:24,2019,2019
59,03/05/2025 , 21:19:24,2015,2015
60,03/05/2025 , 22:19:24,2015,2015
61,03/05/2025 , 23:19:24,2015,2015
62,04/05/2025 , 00:19:24,2015,2015
63,04/05/2025 , 01:19:24,2015,2015
64,04/05/2025 , 02:19:24,2015,2015
65,04/05/2025 , 03:19:24,2015,2015
66,04/05/2025 , 04:19:24,2014,2014
67,04/05/2025 , 05:19:24,2012,2012
68,04/05/2025 , 06:19:24,2010,2010
69,04/05/2025 , 07:19:24,2011,2011
70,04/05/2025 , 08:19:24,2006,2006
71,04/05/2025 , 09:19:24,1999,1999
72,04/05/2025 , 10:19:24,1990,1990
73,04/05/2025 , 11:19:24,1981,1981
74,04/05/2025 , 12:19:24,1973,1973
75,04/05/2025 , 13:19:24,1967,1967
76,04/05/2025 , 14:19:24,1963,1963
77,04/05/2025 , 15:19:24,1959,1959
78,04/05/2025 , 16:19:24,1956,1956
79,04/05/2025 , 17:19:24,1952,1952
80,04/05/2025 , 18:19:24,1950,1950
81,04/05/2025 , 19:19:24,1948,1948
82,04/05/2025 , 20:19:24,1946,1946
83,04/05/2025 , 21:19:24,1945,1945
84,04/05/2025 , 22:19:24,1944,1944
85,04/05/2025 , 23:19:24,1944,1944
86,05/05/2025 , 00:19:24,1943,1943
87,05/05/2025 , 01:19:24,1943,1943
88,05/05/2025 , 02:19:24,1942,1942
89,05/05/2025 , 03:19:24,1942,1942
90,05/05/2025 , 04:19:24,1942,1942
91,05/05/2025 , 05:19:24,1942,1942
92,05/05/2025 , 06:19:24,1942,1942
93,05/05/2025 , 07:19:24,1942,1942
94,05/05/2025 , 08:19:24,1941,1941
95,05/05/2025 , 09:19:24,1939,1939
96,05/05/2025 , 10:19:24,1936,1936
97,05/05/2025 , 11:19:24,1932,1932
98,05/05/2025 , 12:19:24,1928,1928
99,05/05/2025 , 13:19:24,1925,1925
100,05/05/2025 , 14:19:24,1918,1918
101,05/05/2025 , 15:19:24,1913,1913
102,05/05/2025 , 16:19:24,1910,1910
103,05/05/2025 , 17:19:24,1907,1907
104,05/05/2025 , 18:19:24,1906,1906
105,05/05/2025 , 19:19:24,1903,1903
106,05/05/2025 , 20:19:24,1902,1902
107,05/05/2025 , 21:19:24,1902,1902
108,05/05/2025 , 22:19:24,1902,1902
109,05/05/2025 , 23:19:24,1902,1902
110,06/05/2025 , 00:19:24,1902,1902
111,06/05/2025 , 01:19:24,1902,1902
112,06/05/2025 , 02:19:24,1902,1902
113,06/05/2025 , 03:19:24,1902,1902
114,06/05/2025 , 04:19:24,1902,1902
115,06/05/2025 , 05:19:24,1902,1902
116,06/05/2025 , 06:19:24,1903,1903
117,06/05/2025 , 07:19:24,1903,1903
118,06/05/2025 , 08:19:24,1903,1903
119,06/05/2025 , 09:19:24,1903,1903
120,06/05/2025 , 10:19:24,1904,1904
121,06/05/2025 , 11:19:24,1905,1905
122,06/05/2025 , 12:19:24,1905,1905
123,06/05/2025 , 13:19:24,1905,1905
124,06/05/2025 , 14:19:24,1905,1905
125,06/05/2025 , 15:19:24,1905,1905
126,06/05/2025 , 16:19:24,1905,1905
127,06/05/2025 , 17:19:24,1905,1905
128,06/05/2025 , 18:19:24,1904,1904
129,06/05/2025 , 19:19:24,1904,1904
130,06/05/2025 , 20:19:24,1903,1903
131,06/05/2025 , 21:19:24,1903,1903
132,06/05/2025 , 22:19:24,1903,1903
133,06/05/2025 , 23:19:24,1903,1903
134,07/05/2025 , 00:19:24,1903,1903
135,07/05/2025 , 01:19:24,1904,1904
136,07/05/2025 , 02:19:24,1906,1906
137,07/05/2025 , 03:19:24,1907,1907
138,07/05/2025 , 04:19:24,1910,1910
139,07/05/2025 , 05:19:24,1911,1911
140,07/05/2025 , 06:19:24,1913,1913
141,07/05/2025 , 07:19:24,1914,1914
142,07/05/2025 , 08:19:24,1915,1915
143,07/05/2025 , 09:19:24,1922,1922
144,07/05/2025 , 10:19:24,1923,1923
145,07/05/2025 , 11:19:24,1922,1922
146,07/05/2025 , 12:19:24,1922,1922
147,07/05/2025 , 13:19:24,1922,1922
148,07/05/2025 , 14:19:24,1922,1922
149,07/05/2025 , 15:19:24,1922,1922
150,07/05/2025 , 16:19:24,1978,1978
151,07/05/2025 , 17:19:24,1976,1976
152,07/05/2025 , 18:19:24,2015,2015
153,07/05/2025 , 19:19:24,2018,2018
154,07/05/2025 , 20:19:24,2056,2056
155,07/05/2025 , 21:19:24,2067,2067
156,07/05/2025 , 22:19:24,2058,2058
157,07/05/2025 , 23:19:24,2051,2051
158,08/05/2025 , 00:19:24,2055,2055
159,08/05/2025 , 01:19:24,2055,2055
160,08/05/2025 , 02:19:24,2051,2051
161,08/05/2025 , 03:19:24,2044,2044
162,08/05/2025 , 04:19:24,2043,2043
163,08/05/2025 , 05:19:24,2042,2042
164,08/05/2025 , 06:19:24,2040,2040
165,08/05/2025 , 07:19:24,2037,2037
166,08/05/2025 , 08:19:24,2036,2036
167,08/05/2025 , 09:19:24,2033,2033
168,08/05/2025 , 10:19:24,2032,2032
169,08/05/2025 , 11:19:24,2031,2031
170,08/05/2025 , 12:19:24,2032,2032
171,08/05/2025 , 13:19:24,2030,2030
172,08/05/2025 , 14:19:24,2030,2030
173,08/05/2025 , 15:19:24,2027,2027
174,08/05/2025 , 16:19:24,2027,2027
175,08/05/2025 , 17:19:24,2028,2028
176,08/05/2025 , 18:19:24,2023,2023
177,08/05/2025 , 19:19:24,2019,2019
178,08/05/2025 , 20:19:24,2018,2018
179,08/05/2025 , 21:19:24,2018,2018
180,08/05/2025 , 22:19:24,2017,2017
181,08/05/2025 , 23:19:24,2013,2013
182,09/05/2025 , 00:19:24,2011,2011
183,09/05/2025 , 01:19:24,2010,2010
184,09/05/2025 , 02:19:24,2009,2009
185,09/05/2025 , 03:19:24,2008,2008
186,09/05/2025 , 04:19:24,2015,2015
187,09/05/2025 , 05:19:24,2023,2023
188,09/05/2025 , 06:19:24,2031,2031
189,09/05/2025 , 07:19:24,2038,2038
190,09/05/2025 , 08:19:24,2051,2051
191,09/05/2025 , 09:19:24,2064,2064
192,09/05/2025 , 10:19:24,2071,2071
193,09/05/2025 , 11:19:24,2064,2064
194,09/05/2025 , 12:19:24,2059,2059
195,09/05/2025 , 13:19:24,2053,2053
196,09/05/2025 , 14:19:24,2046,2046
197,09/05/2025 , 15:19:24,2040,2040
198,09/05/2025 , 16:19:24,2044,2044
199,09/05/2025 , 17:19:24,2041,2041
200,09/05/2025 , 18:19:24,2038,2038
201,09/05/2025 , 19:19:24,2035,2035
202,09/05/2025 , 20:19:24,2031,2031
203,09/05/2025 , 21:19:24,2027,2027
204,09/05/2025 , 22:19:24,2023,2023
205,09/05/2025 , 23:19:24,2020,2020
206,10/05/2025 , 00:19:24,2021,2021
207,10/05/2025 , 01:19:24,2022,2022
208,10/05/2025 , 02:19:24,2022,2022
209,10/05/2025 , 03:19:24,2019,2019
210,10/05/2025 , 04:19:24,2017,2017
211,10/05/2025 , 05:19:24,2016,2016
212,10/05/2025 , 06:19:24,2014,2014
213,10/05/2025 , 07:19:24,2017,2017
214,10/05/2025 , 08:19:24,2018,2018
215,10/05/2025 , 09:19:24,2015,2015
216,10/05/2025 , 10:19:24,2014,2014
217,10/05/2025 , 11:19:24,2014,2014
218,10/05/2025 , 12:19:24,2014,2014
219,10/05/2025 , 13:19:24,2013,2013
220,10/05/2025 , 14:19:24,2011,2011
221,10/05/2025 , 15:19:24,2011,2011
222,10/05/2025 , 16:19:24,2011,2011
223,10/05/2025 , 17:19:24,2010,2010
224,10/05/2025 , 18:19:24,2007,2007
225,10/05/2025 , 19:19:24,2004,2004
226,10/05/2025 , 20:19:24,2002,2002
227,10/05/2025 , 21:19:24,1999,1999
228,10/05/2025 , 22:19:24,1999,1999
229,10/05/2025 , 23:19:24,1997,1997
230,11/05/2025 , 00:19:24,1996,1996
231,11/05/2025 , 01:19:24,1994,1994
232,11/05/2025 , 02:19:24,1992,1992
233,11/05/2025 , 03:19:24,1991,1991
234,11/05/2025 , 04:19:24,1990,1990
235,11/05/2025 , 05:19:24,1988,1988
236,11/05/2025 , 06:19:24,1989,1989
237,11/05/2025 , 07:19:24,1990,1990
238,11/05/2025 , 08:19:24,1987,1987
239,11/05/2025 , 09:19:24,1980,1980
240,11/05/2025 , 10:19:24,1972,1972
241,11/05/2025 , 11:19:24,1966,1966
242,11/05/2025 , 12:19:24,1964,1964
243,11/05/2025 , 13:19:24,1961,1961
244,11/05/2025 , 14:19:24,1958,1958
245,11/05/2025 , 15:19:24,1956,1956
246,11/05/2025 , 16:19:24,1954,1954
247,11/05/2025 , 17:19:24,1952,1952
248,11/05/2025 , 18:19:24,1950,1950
249,11/05/2025 , 19:19:24,1948,1948
250,11/05/2025 , 20:19:24,1947,1947
251,11/05/2025 , 21:19:24,1946,1946
252,11/05/2025 , 22:19:24,1946,1946
253,11/05/2025 , 23:19:24,1945,1945
254,12/05/2025 , 00:19:24,1945,1945
255,12/05/2025 , 01:19:24,1945,1945
256,12/05/2025 , 02:19:24,1945,1945
257,12/05/2025 , 03:19:24,1945,1945
258,12/05/2025 , 04:19:24,1944,1944
259,12/05/2025 , 05:19:24,1944,1944
260,12/05/2025 , 06:19:24,1944,1944
261,12/05/2025 , 07:19:24,1944,1944
262,12/05/2025 , 08:19:24,1944,1944
263,12/05/2025 , 09:19:24,1945,1945
264,12/05/2025 , 10:19:24,1945,1945
265,12/05/2025 , 11:19:24,1944,1944
266,12/05/2025 , 12:19:24,1943,1943
267,12/05/2025 , 13:19:24,1941,1941
268,12/05/2025 , 14:19:24,1940,1940
269,12/05/2025 , 15:19:24,1938,1938
270,12/05/2025 , 16:19:24,1936,1936
271,12/05/2025 , 17:19:24,1935,1935
272,12/05/2025 , 18:19:24,1934,1934
273,12/05/2025 , 19:19:24,1932,1932
274,12/05/2025 , 20:19:24,1932,1932
275,12/05/2025 , 21:19:24,1931,1931
276,12/05/2025 , 22:19:24,1930,1930
277,12/05/2025 , 23:19:24,1930,1930
278,13/05/2025 , 00:19:24,1929,1929
279,13/05/2025 , 01:19:24,1929,1929
280,13/05/2025 , 02:19:24,1929,1929
281,13/05/2025 , 03:19:24,1928,1928
282,13/05/2025 , 04:19:24,1928,1928
283,13/05/2025 , 05:19:24,1928,1928
284,13/05/2025 , 06:19:24,1929,1929
285,13/05/2025 , 07:19:24,1929,1929
286,13/05/2025 , 08:19:24,1929,1929
287,13/05/2025 , 09:19:24,1929,1929
288,13/05/2025 , 10:19:24,1928,1928
289,13/05/2025 , 11:19:24,1928,1928
290,13/05/2025 , 12:19:24,1928,1928
291,13/05/2025 , 13:19:24,1928,1928
292,13/05/2025 , 14:19:24,1926,1926
293,13/05/2025 , 15:19:24,1925,1925
294,13/05/2025 , 16:19:24,1915,1915
295,13/05/2025 , 17:19:24,1914,1914
296,13/05/2025 , 18:19:24,1912,1912
297,13/05/2025 , 19:19:24,1911,1911
298,13/05/2025 , 20:19:24,1911,1911
299,13/05/2025 , 21:19:24,1910,1910
300,13/05/2025 , 22:19:24,1910,1910
301,13/05/2025 , 23:19:24,1910,1910
302,14/05/2025 , 00:19:24,1909,1909
303,14/05/2025 , 01:19:24,1909,1909
304,14/05/2025 , 02:19:24,1909,1909
305,14/05/2025 , 03:19:24,1909,1909
306,14/05/2025 , 04:19:24,1909,1909
307,14/05/2025 , 05:19:24,1909,1909
308,14/05/2025 , 06:19:24,1910,1910
309,14/05/2025 , 07:19:24,1910,1910
310,14/05/2025 , 08:19:24,1911,1911
311,14/05/2025 , 09:19:24,1911,1911
312,14/05/2025 , 10:19:24,1911,1911
313,14/05/2025 , 11:19:24,1910,1910
314,14/05/2025 , 12:19:24,1910,1910
315,14/05/2025 , 13:19:24,1910,1910
316,14/05/2025 , 14:19:24,1909,1909
317,14/05/2025 , 15:19:24,1909,1909
318,14/05/2025 , 16:19:24,1907,1907
319,14/05/2025 , 17:19:24,1907,1907
320,14/05/2025 , 18:19:24,1905,1905
321,14/05/2025 , 19:19:24,1905,1905
322,14/05/2025 , 20:19:24,1904,1904
323,14/05/2025 , 21:19:24,1903,1903
324,14/05/2025 , 22:19:24,1903,1903
325,14/05/2025 , 23:19:24,1903,1903
326,15/05/2025 , 00:19:24,1903,1903
327,15/05/2025 , 01:19:24,1903,1903
328,15/05/2025 , 02:19:24,1903,1903
329,15/05/2025 , 03:19:24,1903,1903
330,15/05/2025 , 04:19:24,1903,1903
331,15/05/2025 , 05:19:24,1903,1903
332,15/05/2025 , 06:19:24,1905,1905
333,15/05/2025 , 07:19:24,1905,1905
334,15/05/2025 , 08:19:24,1906,1906
335,15/05/2025 , 09:19:24,1906,1906
336,15/05/2025 , 10:19:24,1906,1906
337,15/05/2025 , 11:19:24,1906,1906
338,15/05/2025 , 12:19:24,1907,1907
339,15/05/2025 , 13:19:24,1907,1907
340,15/05/2025 , 14:19:24,1906,1906
341,15/05/2025 , 15:19:24,1907,1907
342,15/05/2025 , 16:19:24,1906,1906
343,15/05/2025 , 17:19:24,1906,1906
344,15/05/2025 , 18:19:24,1905,1905
345,15/05/2025 , 19:19:24,1905,1905
346,15/05/2025 , 20:19:24,1905,1905
347,15/05/2025 , 21:19:24,1904,1904
348,15/05/2025 , 22:19:24,1904,1904
349,15/05/2025 , 23:19:24,1904,1904
350,16/05/2025 , 00:19:24,1904,1904
351,16/05/2025 , 01:19:24,1904,1904
352,16/05/2025 , 02:19:24,1904,1904
353,16/05/2025 , 03:19:24,1904,1904
354,16/05/2025 , 04:19:24,1904,1904
355,16/05/2025 , 05:19:24,1904,1904
356,16/05/2025 , 06:19:24,1905,1905
357,16/05/2025 , 07:19:24,1905,1905
358,16/05/2025 , 08:19:24,1905,1905
359,16/05/2025 , 09:19:24,1905,1905
360,16/05/2025 , 10:19:24,1905,1905
361,16/05/2025 , 11:19:24,1904,1904
362,16/05/2025 , 12:19:24,1903,1903
363,16/05/2025 , 13:19:24,1901,1901
364,16/05/2025 , 14:19:24,1900,1900
365,16/05/2025 , 15:19:24,1899,1899
366,16/05/2025 , 16:19:24,1897,1897
367,16/05/2025 , 17:19:24,1896,1896
368,16/05/2025 , 18:19:24,1895,1895
369,16/05/2025 , 19:19:24,1894,1894
370,16/05/2025 , 20:19:24,1894,1894
371,16/05/2025 , 21:19:24,1894,1894
372,16/05/2025 , 22:19:24,1895,1895
373,16/05/2025 , 23:19:24,1897,1897
374,17/05/2025 , 00:19:24,1904,1904
375,17/05/2025 , 01:19:24,1909,1909
376,17/05/2025 , 02:19:24,1911,1911
377,17/05/2025 , 03:19:24,1914,1914
378,17/05/2025 , 04:19:24,1922,1922
379,17/05/2025 , 05:19:24,1926,1926
380,17/05/2025 , 06:19:24,1929,1929
381,17/05/2025 , 07:19:24,1932,1932
382,17/05/2025 , 08:19:24,1934,1934
383,17/05/2025 , 09:19:24,1936,1936
384,17/05/2025 , 10:19:24,1936,1936
385,17/05/2025 , 11:19:24,1936,1936
386,17/05/2025 , 12:19:24,1938,1938
387,17/05/2025 , 13:19:24,1940,1940
388,17/05/2025 , 14:19:24,1941,1941
389,17/05/2025 , 15:19:24,2056,2056
390,17/05/2025 , 16:19:24,2049,2049
391,17/05/2025 , 17:19:24,2056,2056
392,17/05/2025 , 18:19:24,2052,2052
393,17/05/2025 , 19:19:24,2047,2047
394,17/05/2025 , 20:19:24,2047,2047
395,17/05/2025 , 21:19:24,2044,2044
396,17/05/2025 , 22:19:24,2040,2040
397,17/05/2025 , 23:19:24,2040,2040
398,18/05/2025 , 00:19:24,2034,2034
399,18/05/2025 , 01:19:24,2032,2032
400,18/05/2025 , 02:19:24,2030,2030
401,18/05/2025 , 03:19:24,2040,2040
402,18/05/2025 , 04:19:24,2043,2043
403,18/05/2025 , 05:19:24,2042,2042
404,18/05/2025 , 06:19:24,2045,2045
405,18/05/2025 , 07:19:24,2055,2055
406,18/05/2025 , 08:19:24,2064,2064
407,18/05/2025 , 09:19:24,2072,2072
408,18/05/2025 , 10:19:24,2059,2059
409,18/05/2025 , 11:19:24,2051,2051
410,18/05/2025 , 12:19:24,2047,2047
411,18/05/2025 , 13:19:24,2045,2045
412,18/05/2025 , 14:19:24,2042,2042
413,18/05/2025 , 15:19:24,2040,2040
414,18/05/2025 , 16:19:24,2040,2040
415,18/05/2025 , 17:19:24,2034,2034
416,18/05/2025 , 18:19:24,2039,2039
417,18/05/2025 , 19:19:24,2030,2030
418,18/05/2025 , 20:19:24,2028,2028
419,18/05/2025 , 21:19:24,2026,2026
420,18/05/2025 , 22:19:24,2027,2027
421,18/05/2025 , 23:19:24,2017,2017
422,19/05/2025 , 00:19:24,2014,2014
423,19/05/2025 , 01:19:24,2013,2013
424,19/05/2025 , 02:19:24,2005,2005
425,19/05/2025 , 03:19:24,2000,2000
426,19/05/2025 , 04:19:24,1995,1995
427,19/05/2025 , 05:19:24,2008,2008
428,19/05/2025 , 06:19:24,2028,2028
429,19/05/2025 , 07:19:24,2036,2036
430,19/05/2025 , 08:19:24,2037,2037
431,19/05/2025 , 09:19:24,2043,2043
432,19/05/2025 , 10:19:24,2042,2042
433,19/05/2025 , 11:19:24,2042,2042
434,19/05/2025 , 12:19:24,2043,2043
435,19/05/2025 , 13:19:24,2043,2043
436,19/05/2025 , 14:19:24,2042,2042
437,19/05/2025 , 15:19:24,2041,2041
438,19/05/2025 , 16:19:24,2041,2041
439,19/05/2025 , 17:19:24,2040,2040
440,19/05/2025 , 18:19:24,2040,2040
441,19/05/2025 , 19:19:24,2037,2037
442,19/05/2025 , 20:19:24,2037,2037
443,19/05/2025 , 21:19:24,2036,2036
444,19/05/2025 , 22:19:24,2033,2033
445,19/05/2025 , 23:19:24,2030,2030
446,20/05/2025 , 00:19:24,2029,2029
447,20/05/2025 , 01:19:24,2026,2026
448,20/05/2025 , 02:19:24,2024,2024
449,20/05/2025 , 03:19:24,2018,2018
450,20/05/2025 , 04:19:24,2015,2015
451,20/05/2025 , 05:19:24,2013,2013
452,20/05/2025 , 06:19:24,2002,2002
453,20/05/2025 , 07:19:24,1996,1996
454,20/05/2025 , 08:19:24,1991,1991
455,20/05/2025 , 09:19:24,1987,1987
456,20/05/2025 , 10:19:24,1984,1984
457,20/05/2025 , 11:19:24,1980,1980
458,20/05/2025 , 12:19:24,1977,1977
459,20/05/2025 , 13:19:24,1974,1974
460,20/05/2025 , 14:19:24,1971,1971
461,20/05/2025 , 15:19:24,1968,1968
462,20/05/2025 , 16:19:24,1966,1966
463,20/05/2025 , 17:19:24,1964,1964
464,20/05/2025 , 18:19:24,1963,1963
465,20/05/2025 , 19:19:24,1962,1962
466,20/05/2025 , 20:19:24,1962,1962
467,20/05/2025 , 21:19:24,1961,1961
468,20/05/2025 , 22:19:24,1961,1961
469,20/05/2025 , 23:19:24,1961,1961
470,21/05/2025 , 00:19:24,1960,1960
471,21/05/2025 , 01:19:24,1959,1959
472,21/05/2025 , 02:19:24,1959,1959
473,21/05/2025 , 03:19:24,1958,1958
474,21/05/2025 , 04:19:24,1958,1958
475,21/05/2025 , 05:19:24,1957,1957
476,21/05/2025 , 06:19:24,1956,1956
477,21/05/2025 , 07:19:24,1955,1955
478,21/05/2025 , 08:19:24,1955,1955
479,21/05/2025 , 09:19:24,1956,1956
480,21/05/2025 , 10:19:24,1954,1954
481,21/05/2025 , 11:19:24,1954,1954
482,21/05/2025 , 12:19:24,1954,1954
483,21/05/2025 , 13:19:24,1953,1953
484,21/05/2025 , 14:19:24,1953,1953
485,21/05/2025 , 15:19:24,1952,1952
486,21/05/2025 , 16:19:24,1951,1951
487,21/05/2025 , 17:19:24,1951,1951
488,21/05/2025 , 18:19:24,1950,1950
489,21/05/2025 , 19:19:24,1949,1949
490,21/05/2025 , 20:19:24,1949,1949
491,21/05/2025 , 21:19:24,1949,1949
492,21/05/2025 , 22:19:24,1948,1948
493,21/05/2025 , 23:19:24,1948,1948
494,22/05/2025 , 00:19:24,1948,1948
495,22/05/2025 , 01:19:24,1948,1948
496,22/05/2025 , 02:19:24,1948,1948
497,22/05/2025 , 03:19:24,1947,1947
498,22/05/2025 , 04:19:24,1947,1947
499,22/05/2025 , 05:19:24,1946,1946
500,22/05/2025 , 06:19:24,1946,1946
501,22/05/2025 , 07:19:24,1946,1946
502,22/05/2025 , 08:19:24,1946,1946
503,22/05/2025 , 09:19:24,1946,1946
504,22/05/2025 , 10:19:24,1945,1945
505,22/05/2025 , 11:19:24,1945,1945
506,22/05/2025 , 12:19:24,1944,1944
507,22/05/2025 , 13:19:24,1944,1944
508,22/05/2025 , 14:19:24,1943,1943
509,22/05/2025 , 15:19:24,1943,1943
510,22/05/2025 , 16:19:24,1942,1942
511,22/05/2025 , 17:19:24,1941,1941
512,22/05/2025 , 18:19:24,1940,1940
513,22/05/2025 , 19:19:24,1940,1940
514,22/05/2025 , 20:19:24,1939,1939
515,22/05/2025 , 21:19:24,1939,1939
516,22/05/2025 , 22:19:24,1939,1939
517,22/05/2025 , 23:19:24,1938,1938
518,23/05/2025 , 00:19:24,1938,1938
519,23/05/2025 , 01:19:24,1938,1938
520,23/05/2025 , 02:19:24,1938,1938
521,23/05/2025 , 03:19:24,1938,1938
522,23/05/2025 , 04:19:24,1940,1940
523,23/05/2025 , 05:19:24,1945,1945
524,23/05/2025 , 06:19:24,1947,1947
525,23/05/2025 , 07:19:24,1948,1948
526,23/05/2025 , 08:19:24,1952,1952
527,23/05/2025 , 09:19:24,1954,1954
528,23/05/2025 , 10:19:24,1955,1955
529,23/05/2025 , 11:19:24,1956,1956
530,23/05/2025 , 12:19:24,1956,1956
531,23/05/2025 , 13:19:24,1956,1956
532,23/05/2025 , 14:19:24,1956,1956
533,23/05/2025 , 15:19:24,1956,1956
534,23/05/2025 , 16:19:24,1957,1957
535,23/05/2025 , 17:19:24,1958,1958
536,23/05/2025 , 18:19:24,1958,1958
537,23/05/2025 , 19:19:24,1969,1969
538,23/05/2025 , 20:19:24,1967,1967
539,23/05/2025 , 21:19:24,1964,1964
540,23/05/2025 , 22:19:24,1963,1963
541,23/05/2025 , 23:19:24,1962,1962
542,24/05/2025 , 00:19:24,1962,1962
543,24/05/2025 , 01:19:24,1961,1961
544,24/05/2025 , 02:19:24,1964,1964
545,24/05/2025 , 03:19:24,1966,1966
546,24/05/2025 , 04:19:24,1967,1967
547,24/05/2025 , 05:19:24,1973,1973
548,24/05/2025 , 06:19:24,1982,1982
549,24/05/2025 , 07:19:24,1986,1986
550,24/05/2025 , 08:19:24,1997,1997
551,24/05/2025 , 09:19:24,1998,1998
552,24/05/2025 , 10:19:24,1995,1995
553,24/05/2025 , 11:19:24,1992,1992
554,24/05/2025 , 12:19:24,1987,1987
555,24/05/2025 , 13:19:24,1987,1987
556,24/05/2025 , 14:19:24,1985,1985
557,24/05/2025 , 15:19:24,1976,1976
558,24/05/2025 , 16:19:24,1973,1973
559,24/05/2025 , 17:19:24,1972,1972
560,24/05/2025 , 18:19:24,1972,1972
561,24/05/2025 , 19:19:24,1970,1970
562,24/05/2025 , 20:19:24,1967,1967
563,24/05/2025 , 21:19:24,1967,1967
564,24/05/2025 , 22:19:24,1967,1967
565,24/05/2025 , 23:19:24,1967,1967
566,25/05/2025 , 00:19:24,1967,1967
567,25/05/2025 , 01:19:24,1967,1967
568,25/05/2025 , 02:19:24,1966,1966
569,25/05/2025 , 03:19:24,1969,1969
570,25/05/2025 , 04:19:24,1968,1968
571,25/05/2025 , 05:19:24,1967,1967
572,25/05/2025 , 06:19:24,1966,1966
573,25/05/2025 , 07:19:24,1964,1964
574,25/05/2025 , 08:19:24,1964,1964
575,25/05/2025 , 09:19:24,1963,1963
576,25/05/2025 , 10:19:24,1963,1963
577,25/05/2025 , 11:19:24,1962,1962
578,25/05/2025 , 12:19:24,1960,1960
579,25/05/2025 , 13:19:24,1959,1959
580,25/05/2025 , 14:19:24,1957,1957
581,25/05/2025 , 15:19:24,1957,1957
582,25/05/2025 , 16:19:24,1957,1957
583,25/05/2025 , 17:19:24,1955,1955
584,25/05/2025 , 18:19:24,1956,1956
585,25/05/2025 , 19:19:24,1957,1957
586,25/05/2025 , 20:19:24,1958,1958
587,25/05/2025 , 21:19:24,1957,1957
588,25/05/2025 , 22:19:24,1957,1957
589,25/05/2025 , 23:19:24,1957,1957
590,26/05/2025 , 00:19:24,1957,1957
591,26/05/2025 , 01:19:24,1956,1956
592,26/05/2025 , 02:19:24,1956,1956
593,26/05/2025 , 03:19:24,1956,1956
594,26/05/2025 , 04:19:24,1955,1955
595,26/05/2025 , 05:19:24,1955,1955
596,26/05/2025 , 06:19:24,1956,1956
597,26/05/2025 , 07:19:24,1956,1956
598,26/05/2025 , 08:19:24,1956,1956
599,26/05/2025 , 09:19:24,1956,1956
600,26/05/2025 , 10:19:24,1955,1955
601,26/05/2025 , 11:19:24,1954,1954
602,26/05/2025 , 12:19:24,1952,1952
603,26/05/2025 , 13:19:24,1951,1951
604,26/05/2025 , 14:19:24,1949,1949
605,26/05/2025 , 15:19:24,1948,1948
606,26/05/2025 , 16:19:24,1947,1947
607,26/05/2025 , 17:19:24,1946,1946
608,26/05/2025 , 18:19:24,1945,1945
609,26/05/2025 , 19:19:24,1944,1944
610,26/05/2025 , 20:19:24,1943,1943
611,26/05/2025 , 21:19:24,1943,1943
612,26/05/2025 , 22:19:24,1943,1943
613,26/05/2025 , 23:19:24,1943,1943
614,27/05/2025 , 00:19:24,1943,1943
615,27/05/2025 , 01:19:24,1943,1943
616,27/05/2025 , 02:19:24,1943,1943
617,27/05/2025 , 03:19:24,1943,1943
618,27/05/2025 , 04:19:24,1943,1943
619,27/05/2025 , 05:19:24,1943,1943
620,27/05/2025 , 06:19:24,1944,1944
621,27/05/2025 , 07:19:24,1943,1943
622,27/05/2025 , 08:19:24,1943,1943
623,27/05/2025 , 09:19:24,1942,1942
624,27/05/2025 , 10:19:24,1941,1941
625,27/05/2025 , 11:19:24,1940,1940
626,27/05/2025 , 12:19:24,1938,1938
627,27/05/2025 , 13:19:24,1937,1937
628,27/05/2025 , 14:19:24,1935,1935
629,27/05/2025 , 15:19:24,1934,1934
630,27/05/2025 , 16:19:24,1932,1932
631,27/05/2025 , 17:19:24,1931,1931
632,27/05/2025 , 18:19:24,1917,1917
633,27/05/2025 , 19:19:24,1915,1915
634,27/05/2025 , 20:19:24,1913,1913
635,27/05/2025 , 21:19:24,1913,1913
636,27/05/2025 , 22:19:24,1913,1913
637,27/05/2025 , 23:19:24,1912,1912
638,28/05/2025 , 00:19:24,1912,1912
639,28/05/2025 , 01:19:24,1912,1912
640,28/05/2025 , 02:19:24,1912,1912
641,28/05/2025 , 03:19:24,1912,1912
642,28/05/2025 , 04:19:24,1912,1912
643,28/05/2025 , 05:19:24,1912,1912
644,28/05/2025 , 06:19:24,1913,1913
645,28/05/2025 , 07:19:24,1912,1912
646,28/05/2025 , 08:19:24,1896,1896
647,28/05/2025 , 09:19:24,1895,1895
648,28/05/2025 , 10:19:24,1894,1894
649,28/05/2025 , 11:19:24,1894,1894
650,28/05/2025 , 12:19:24,1893,1893
651,28/05/2025 , 13:19:24,1891,1891
652,28/05/2025 , 14:19:24,1890,1890
653,28/05/2025 , 15:19:24,1888,1888
654,28/05/2025 , 16:19:24,1886,1886
655,28/05/2025 , 17:19:24,1884,1884
656,28/05/2025 , 18:19:24,1883,1883
657,28/05/2025 , 19:19:24,1881,1881
658,28/05/2025 , 20:19:24,1881,1881
659,28/05/2025 , 21:19:24,1880,1880
660,28/05/2025 , 22:19:24,1879,1879
661,28/05/2025 , 23:19:24,1878,1878
662,29/05/2025 , 00:19:24,1878,1878
663,29/05/2025 , 01:19:24,1878,1878
664,29/05/2025 , 02:19:24,1878,1878
665,29/05/2025 , 03:19:24,1878,1878
666,29/05/2025 , 04:19:24,1878,1878
667,29/05/2025 , 05:19:24,1878,1878
668,29/05/2025 , 06:19:24,1878,1878
669,29/05/2025 , 07:19:24,1879,1879
670,29/05/2025 , 08:19:24,1878,1878
671,29/05/2025 , 09:19:24,1879,1879
672,29/05/2025 , 10:19:24,1878,1878
673,29/05/2025 , 11:19:24,1877,1877
674,29/05/2025 , 12:19:24,1877,1877
675,29/05/2025 , 13:19:24,1875,1875
676,29/05/2025 , 14:19:24,1875,1875
677,29/05/2025 , 15:19:24,1873,1873
678,29/05/2025 , 16:19:24,1872,1872
679,29/05/2025 , 17:19:24,1872,1872
680,29/05/2025 , 18:19:24,1871,1871
681,29/05/2025 , 19:19:24,1870,1870
682,29/05/2025 , 20:19:24,1870,1870
683,29/05/2025 , 21:19:24,1870,1870
684,29/05/2025 , 22:19:24,1870,1870
685,29/05/2025 , 23:19:24,1870,1870
686,30/05/2025 , 00:19:24,1870,1870
687,30/05/2025 , 01:19:24,1870,1870
688,30/05/2025 , 02:19:24,1871,1871
689,30/05/2025 , 03:19:24,1871,1871
690,30/05/2025 , 04:19:24,1871,1871
691,30/05/2025 , 05:19:24,1871,1871
692,30/05/2025 , 06:19:24,1871,1871
693,30/05/2025 , 07:19:24,1871,1871
694,30/05/2025 , 08:19:24,1872,1872
695,30/05/2025 , 09:19:24,1872,1872
696,30/05/2025 , 10:19:24,1873,1873
697,30/05/2025 , 11:19:24,1874,1874
698,30/05/2025 , 12:19:24,1874,1874
699,30/05/2025 , 13:19:24,1874,1874
700,30/05/2025 , 14:19:24,1874,1874
701,30/05/2025 , 15:19:24,1874,1874
702,30/05/2025 , 16:19:24,1874,1874
703,30/05/2025 , 17:19:24,1873,1873
704,30/05/2025 , 18:19:24,1873,1873
705,30/05/2025 , 19:19:24,1872,1872
706,30/05/2025 , 20:19:24,1873,1873
707,30/05/2025 , 21:19:24,1872,1872
708,30/05/2025 , 22:19:24,1872,1872
709,30/05/2025 , 23:19:24,1872,1872
710,31/05/2025 , 00:19:24,1872,1872
711,31/05/2025 , 01:19:24,1872,1872
712,31/05/2025 , 02:19:24,1872,1872
713,31/05/2025 , 03:19:24,1872,1872
714,31/05/2025 , 04:19:24,1872,1872
715,31/05/2025 , 05:19:24,1872,1872
716,31/05/2025 , 06:19:24,1872,1872
717,31/05/2025 , 07:19:24,1872,1872
718,31/05/2025 , 08:19:24,1872,1872
719,31/05/2025 , 09:19:24,1872,1872
720,31/05/2025 , 10:19:24,1872,1872
721,31/05/2025 , 11:19:24,1872,1872
722,31/05/2025 , 12:19:24,1872,1872
723,31/05/2025 , 13:19:24,1873,1873
724,31/05/2025 , 14:19:24,1875,1875
725,31/05/2025 , 15:19:24,1877,1877
726,31/05/2025 , 16:19:24,1878,1878
727,31/05/2025 , 17:19:24,1881,1881
728,31/05/2025 , 18:19:24,1886,1886
729,31/05/2025 , 19:19:24,1962,1962
730,31/05/2025 , 20:19:24,2042,2042
731,31/05/2025 , 21:19:24,2050,2050
732,31/05/2025 , 22:19:24,2059,2059
733,31/05/2025 , 23:19:24,2064,2064
734,01/06/2025 , 00:19:24,2057,2057
735,01/06/2025 , 01:19:24,2055,2055
736,01/06/2025 , 02:19:24,2053,2053
737,01/06/2025 , 03:19:24,2053,2053
738,01/06/2025 , 04:19:24,2051,2051
739,01/06/2025 , 05:19:24,2048,2048
740,01/06/2025 , 06:19:24,2044,2044
741,01/06/2025 , 07:19:24,2081,2081
742,01/06/2025 , 08:19:24,2075,2075
743,01/06/2025 , 09:19:24,2073,2073
744,01/06/2025 , 10:19:24,2066,2066
745,01/06/2025 , 11:19:24,2064,2064
746,01/06/2025 , 12:19:24,2063,2063
747,01/06/2025 , 13:19:24,2063,2063
748,01/06/2025 , 14:19:24,2062,2062
749,01/06/2025 , 15:19:24,2059,2059
750,01/06/2025 , 16:19:24,2058,2058
751,01/06/2025 , 17:19:24,2056,2056
752,01/06/2025 , 18:19:24,2057,2057
753,01/06/2025 , 19:19:24,2057,2057
754,01/06/2025 , 20:19:24,2053,2053
755,01/06/2025 , 21:19:24,2052,2052
756,01/06/2025 , 22:19:24,2051,2051
757,01/06/2025 , 23:19:24,2050,2050
758,02/06/2025 , 00:19:24,2049,2049
759,02/06/2025 , 01:19:24,2048,2048
760,02/06/2025 , 02:19:24,2047,2047
761,02/06/2025 , 03:19:24,2047,2047
762,02/06/2025 , 04:19:24,2047,2047
763,02/06/2025 , 05:19:24,2046,2046
764,02/06/2025 , 06:19:24,2045,2045
765,02/06/2025 , 07:19:24,2045,2045
766,02/06/2025 , 08:19:24,2043,2043
767,02/06/2025 , 09:19:24,2042,2042
768,02/06/2025 , 10:19:24,2039,2039
769,02/06/2025 , 11:19:24,2035,2035
770,02/06/2025 , 12:19:24,2031,2031
771,02/06/2025 , 13:19:24,2028,2028
772,02/06/2025 , 14:19:24,2021,2021
773,02/06/2025 , 15:19:24,2013,2013
774,02/06/2025 , 16:19:24,2003,2003
775,02/06/2025 , 17:19:24,1999,1999
776,02/06/2025 , 18:19:24,1992,1992
777,02/06/2025 , 19:19:24,1987,1987
778,02/06/2025 , 20:19:24,1983,1983
779,02/06/2025 , 21:19:24,1980,1980
780,02/06/2025 , 22:19:24,1978,1978
781,02/06/2025 , 23:19:24,1977,1977
782,03/06/2025 , 00:19:24,1976,1976
783,03/06/2025 , 01:19:24,1975,1975
784,03/06/2025 , 02:19:24,1974,1974
785,03/06/2025 , 03:19:24,1974,1974
786,03/06/2025 , 04:19:24,1973,1973
787,03/06/2025 , 05:19:24,1972,1972
788,03/06/2025 , 06:19:24,1973,1973
789,03/06/2025 , 07:19:24,1971,1971
790,03/06/2025 , 08:19:24,1967,1967
791,03/06/2025 , 09:19:24,1961,1961
792,03/06/2025 , 10:19:24,1952,1952
793,03/06/2025 , 11:19:24,1943,1943
794,03/06/2025 , 12:19:24,1934,1934
795,03/06/2025 , 13:19:24,1925,1925
796,03/06/2025 , 14:19:24,1920,1920
797,03/06/2025 , 15:19:24,1916,1916
798,03/06/2025 , 16:19:24,1912,1912
799,03/06/2025 , 17:19:24,1908,1908
800,03/06/2025 , 18:19:24,1905,1905
801,03/06/2025 , 19:19:24,1902,1902
802,03/06/2025 , 20:19:24,1900,1900
803,03/06/2025 , 21:19:24,1898,1898
804,03/06/2025 , 22:19:24,1897,1897
805,03/06/2025 , 23:19:24,1895,1895
806,04/06/2025 , 00:19:24,1894,1894
807,04/06/2025 , 01:19:24,1892,1892
808,04/06/2025 , 02:19:24,1892,1892
809,04/06/2025 , 03:19:24,1891,1891
810,04/06/2025 , 04:19:24,1891,1891
811,04/06/2025 , 05:19:24,1890,1890
812,04/06/2025 , 06:19:24,1890,1890
813,04/06/2025 , 07:19:24,1889,1889
814,04/06/2025 , 08:19:24,1889,1889
815,04/06/2025 , 09:19:24,1889,1889
816,04/06/2025 , 10:19:24,1888,1888
817,04/06/2025 , 11:19:24,1888,1888
818,04/06/2025 , 12:19:24,1887,1887
819,04/06/2025 , 13:19:24,1886,1886
820,04/06/2025 , 14:19:24,1884,1884
821,04/06/2025 , 15:19:24,1883,1883
822,04/06/2025 , 16:19:24,1881,1881
823,04/06/2025 , 17:19:24,1879,1879
824,04/06/2025 , 18:19:24,1878,1878
825,04/06/2025 , 19:19:24,1876,1876
826,04/06/2025 , 20:19:24,1875,1875
827,04/06/2025 , 21:19:24,1874,1874
828,04/06/2025 , 22:19:24,1873,1873
829,04/06/2025 , 23:19:24,1872,1872
830,05/06/2025 , 00:19:24,1872,1872
831,05/06/2025 , 01:19:24,1872,1872
832,05/06/2025 , 02:19:24,1871,1871
833,05/06/2025 , 03:19:24,1871,1871
834,05/06/2025 , 04:19:24,1871,1871
835,05/06/2025 , 05:19:24,1870,1870
836,05/06/2025 , 06:19:24,1870,1870
837,05/06/2025 , 07:19:24,1870,1870
838,05/06/2025 , 08:19:24,1870,1870
839,05/06/2025 , 09:19:24,1869,1869
840,05/06/2025 , 10:19:24,1869,1869
841,05/06/2025 , 11:19:24,1867,1867
842,05/06/2025 , 12:19:24,1866,1866
843,05/06/2025 , 13:19:24,1865,1865
844,05/06/2025 , 14:19:24,1864,1864
845,05/06/2025 , 15:19:24,1863,1863
846,05/06/2025 , 16:19:24,1862,1862
847,05/06/2025 , 17:19:24,1861,1861
848,05/06/2025 , 18:19:24,1859,1859
849,05/06/2025 , 19:19:24,1859,1859
850,05/06/2025 , 20:19:24,1858,1858
851,05/06/2025 , 21:19:24,1857,1857
852,05/06/2025 , 22:19:24,1857,1857
853,05/06/2025 , 23:19:24,1856,1856
854,06/06/2025 , 00:19:24,1855,1855
855,06/06/2025 , 01:19:24,1855,1855
856,06/06/2025 , 02:19:24,1854,1854
857,06/06/2025 , 03:19:24,1854,1854
858,06/06/2025 , 04:19:24,1853,1853
859,06/06/2025 , 05:19:24,1853,1853
860,06/06/2025 , 06:19:24,1853,1853
861,06/06/2025 , 07:19:24,1853,1853
862,06/06/2025 , 08:19:24,1852,1852
863,06/06/2025 , 09:19:24,1852,1852
864,06/06/2025 , 10:19:24,1852,1852
865,06/06/2025 , 11:19:24,1851,1851
866,06/06/2025 , 12:19:24,1850,1850
867,06/06/2025 , 13:19:24,1850,1850
868,06/06/2025 , 14:19:24,1848,1848
869,06/06/2025 , 15:19:24,1848,1848
870,06/06/2025 , 16:19:24,1846,1846
871,06/06/2025 , 17:19:24,1845,1845
872,06/06/2025 , 18:19:24,1844,1844
873,06/06/2025 , 19:19:24,1844,1844
874,06/06/2025 , 20:19:24,1843,1843
875,06/06/2025 , 21:19:24,1842,1842
876,06/06/2025 , 22:19:24,1842,1842
877,06/06/2025 , 23:19:24,1842,1842
878,07/06/2025 , 00:19:24,1842,1842
879,07/06/2025 , 01:19:24,1841,1841
880,07/06/2025 , 02:19:24,1841,1841
881,07/06/2025 , 03:19:24,1841,1841
882,07/06/2025 , 04:19:24,1840,1840
883,07/06/2025 , 05:19:24,1840,1840
884,07/06/2025 , 06:19:24,1840,1840
885,07/06/2025 , 07:19:24,1840,1840
886,07/06/2025 , 08:19:24,1840,1840
887,07/06/2025 , 09:19:24,1840,1840
888,07/06/2025 , 10:19:24,1839,1839
889,07/06/2025 , 11:19:24,1838,1838
890,07/06/2025 , 12:19:24,1837,1837
891,07/06/2025 , 13:19:24,1837,1837
892,07/06/2025 , 14:19:24,1835,1835
893,07/06/2025 , 15:19:24,1834,1834
894,07/06/2025 , 16:19:24,1832,1832
895,07/06/2025 , 17:19:24,1831,1831
896,07/06/2025 , 18:19:24,1830,1830
897,07/06/2025 , 19:19:24,1828,1828
898,07/06/2025 , 20:19:24,1827,1827
899,07/06/2025 , 21:19:24,1826,1826
900,07/06/2025 , 22:19:24,1825,1825
901,07/06/2025 , 23:19:24,1825,1825
902,08/06/2025 , 00:19:24,1824,1824
903,08/06/2025 , 01:19:24,1824,1824
904,08/06/2025 , 02:19:24,1823,1823
905,08/06/2025 , 03:19:24,1823,1823
906,08/06/2025 , 04:19:24,1823,1823
907,08/06/2025 , 05:19:24,1823,1823
908,08/06/2025 , 06:19:24,1823,1823
909,08/06/2025 , 07:19:24,1823,1823
910,08/06/2025 , 08:19:24,1823,1823
911,08/06/2025 , 09:19:24,1823,1823
912,08/06/2025 , 10:19:24,1823,1823
913,08/06/2025 , 11:19:24,1822,1822
914,08/06/2025 , 12:19:24,1821,1821
915,08/06/2025 , 13:19:24,1821,1821
916,08/06/2025 , 14:19:24,1820,1820
917,08/06/2025 , 15:19:24,1819,1819
918,08/06/2025 , 16:19:24,1818,1818
919,08/06/2025 , 17:19:24,1817,1817
920,08/06/2025 , 18:19:24,1816,1816
921,08/06/2025 , 19:19:24,1815,1815
922,08/06/2025 , 20:19:24,1814,1814
923,08/06/2025 , 21:19:24,1813,1813
924,08/06/2025 , 22:19:24,1813,1813
925,08/06/2025 , 23:19:24,1812,1812
926,09/06/2025 , 00:19:24,1812,1812
927,09/06/2025 , 01:19:24,1812,1812
928,09/06/2025 , 02:19:24,1812,1812
929,09/06/2025 , 03:19:24,1811,1811
930,09/06/2025 , 04:19:24,1811,1811
931,09/06/2025 , 05:19:24,1812,1812
932,09/06/2025 , 06:19:24,1812,1812
933,09/06/2025 , 07:19:24,1812,1812
934,09/06/2025 , 08:19:24,1812,1812
935,09/06/2025 , 09:19:24,1812,1812
936,09/06/2025 , 10:19:24,1812,1812
937,09/06/2025 , 11:19:24,1811,1811
938,09/06/2025 , 12:19:24,1810,1810
939,09/06/2025 , 13:19:24,1810,1810
940,09/06/2025 , 14:19:24,1809,1809
941,09/06/2025 , 15:19:24,1808,1808
942,09/06/2025 , 16:19:24,1807,1807
943,09/06/2025 , 17:19:24,1806,1806
944,09/06/2025 , 18:19:24,1805,1805
945,09/06/2025 , 19:19:24,1806,1806
946,09/06/2025 , 20:19:24,1809,1809
947,09/06/2025 , 21:19:24,1810,1810
948,09/06/2025 , 22:19:24,1811,1811
949,09/06/2025 , 23:19:24,1811,1811
950,10/06/2025 , 00:19:24,1811,1811
951,10/06/2025 , 01:19:24,1812,1812
952,10/06/2025 , 02:19:24,1813,1813
953,10/06/2025 , 03:19:24,1813,1813
954,10/06/2025 , 04:19:24,1813,1813
955,10/06/2025 , 05:19:24,1814,1814
956,10/06/2025 , 06:19:24,1815,1815
957,10/06/2025 , 07:19:24,1815,1815
958,10/06/2025 , 08:19:24,1815,1815
959,10/06/2025 , 09:19:24,1815,1815
960,10/06/2025 , 10:19:24,1815,1815
961,10/06/2025 , 11:19:24,1818,1818
962,10/06/2025 , 12:19:24,1820,1820
963,10/06/2025 , 13:19:24,1820,1820
964,10/06/2025 , 14:19:24,1822,1822
965,10/06/2025 , 15:19:24,1823,1823
966,10/06/2025 , 16:19:24,1824,1824
967,10/06/2025 , 17:19:24,1825,1825
968,10/06/2025 , 18:19:24,1825,1825
969,10/06/2025 , 19:19:24,1825,1825
970,10/06/2025 , 20:19:24,1826,1826
971,10/06/2025 , 21:19:24,1827,1827
972,10/06/2025 , 22:19:24,1827,1827
973,10/06/2025 , 23:19:24,1827,1827
974,11/06/2025 , 00:19:24,1828,1828
975,11/06/2025 , 01:19:24,1828,1828
976,11/06/2025 , 02:19:24,1828,1828
977,11/06/2025 , 03:19:24,1828,1828
978,11/06/2025 , 04:19:24,1828,1828
979,11/06/2025 , 05:19:24,1828,1828
980,11/06/2025 , 06:19:24,1829,1829
981,11/06/2025 , 07:19:24,1829,1829
982,11/06/2025 , 08:19:24,1829,1829
983,11/06/2025 , 09:19:24,1828,1828
984,11/06/2025 , 10:19:24,1828,1828
985,11/06/2025 , 11:19:24,1828,1828
986,11/06/2025 , 12:19:24,1827,1827
987,11/06/2025 , 13:19:24,1827,1827
988,11/06/2025 , 14:19:24,1827,1827
989,11/06/2025 , 15:19:24,1826,1826
990,11/06/2025 , 16:19:24,1825,1825
991,11/06/2025 , 17:19:24,1824,1824
992,11/06/2025 , 18:19:24,1824,1824
993,11/06/2025 , 19:19:24,1823,1823
994,11/06/2025 , 20:19:24,1822,1822
995,11/06/2025 , 21:19:24,1822,1822
996,11/06/2025 , 22:19:24,1821,1821
997,11/06/2025 , 23:19:24,1821,1821
998,12/06/2025 , 00:19:24,1821,1821
999,12/06/2025 , 01:19:24,1821,1821
1000,12/06/2025 , 02:19:24,1821,1821
1001,12/06/2025 , 03:19:24,1821,1821
1002,12/06/2025 , 04:19:24,1821,1821
1003,12/06/2025 , 05:19:24,1821,1821
1004,12/06/2025 , 06:19:24,1821,1821
1005,12/06/2025 , 07:19:24,1820,1820
1006,12/06/2025 , 08:19:24,1820,1820
1007,12/06/2025 , 09:19:24,1819,1819
1008,12/06/2025 , 10:19:24,1819,1819
1009,12/06/2025 , 11:19:24,1819,1819
1010,12/06/2025 , 12:19:24,1818,1818
1011,12/06/2025 , 13:19:24,1818,1818
1012,12/06/2025 , 14:19:24,1817,1817
1013,12/06/2025 , 15:19:24,1817,1817
1014,12/06/2025 , 16:19:24,1816,1816
1015,12/06/2025 , 17:19:24,1816,1816
1016,12/06/2025 , 18:19:24,1815,1815
1017,12/06/2025 , 19:19:24,1815,1815
1018,12/06/2025 , 20:19:24,1814,1814
1019,12/06/2025 , 21:19:24,1814,1814
1020,12/06/2025 , 22:19:24,1813,1813
1021,12/06/2025 , 23:19:24,1812,1812
1022,13/06/2025 , 00:19:24,1811,1811
1023,13/06/2025 , 01:19:24,1811,1811
1024,13/06/2025 , 02:19:24,1810,1810
1025,13/06/2025 , 03:19:24,1810,1810
1026,13/06/2025 , 04:19:24,1809,1809
1027,13/06/2025 , 05:19:24,1809,1809
1028,13/06/2025 , 06:19:24,1810,1810
1029,13/06/2025 , 07:19:24,1810,1810
1030,13/06/2025 , 08:19:24,1810,1810
1031,13/06/2025 , 09:19:24,1809,1809
1032,13/06/2025 , 10:19:24,1809,1809
1033,13/06/2025 , 11:19:24,1808,1808
1034,13/06/2025 , 12:19:24,1808,1808
1035,13/06/2025 , 13:19:24,1808,1808
1036,13/06/2025 , 14:19:24,1807,1807
1037,13/06/2025 , 15:19:24,1807,1807
1038,13/06/2025 , 16:19:24,1806,1806
1039,13/06/2025 , 17:19:24,1806,1806
1040,13/06/2025 , 18:19:24,1805,1805
1041,13/06/2025 , 19:19:24,1804,1804
1042,13/06/2025 , 20:19:24,1803,1803
1043,13/06/2025 , 21:19:24,1802,1802
1044,13/06/2025 , 22:19:24,1802,1802
1045,13/06/2025 , 23:19:24,1801,1801
1046,14/06/2025 , 00:19:24,1801,1801
1047,14/06/2025 , 01:19:24,1800,1800
1048,14/06/2025 , 02:19:24,1800,1800
1049,14/06/2025 , 03:19:24,1799,1799
1050,14/06/2025 , 04:19:24,1799,1799
1051,14/06/2025 , 05:19:24,1799,1799
1052,14/06/2025 , 06:19:24,1799,1799
1053,14/06/2025 , 07:19:24,1799,1799
1054,14/06/2025 , 08:19:24,1799,1799
1055,14/06/2025 , 09:19:24,1799,1799
1056,14/06/2025 , 10:19:24,1799,1799
1057,14/06/2025 , 11:19:24,1798,1798
1058,14/06/2025 , 12:19:24,1798,1798
1059,14/06/2025 , 13:19:24,1797,1797
1060,14/06/2025 , 14:19:24,1797,1797
1061,14/06/2025 , 15:19:24,1796,1796
1062,14/06/2025 , 16:19:24,1796,1796
1063,14/06/2025 , 17:19:24,1795,1795
1064,14/06/2025 , 18:19:24,1794,1794
1065,14/06/2025 , 19:19:24,1793,1793
1066,14/06/2025 , 20:19:24,1792,1792
1067,14/06/2025 , 21:19:24,1791,1791
1068,14/06/2025 , 22:19:24,1791,1791
1069,14/06/2025 , 23:19:24,1790,1790
1070,15/06/2025 , 00:19:24,1790,1790
1071,15/06/2025 , 01:19:24,1789,1789
1072,15/06/2025 , 02:19:24,1789,1789
1073,15/06/2025 , 03:19:24,1788,1788
1074,15/06/2025 , 04:19:24,1788,1788
1075,15/06/2025 , 05:19:24,1788,1788
1076,15/06/2025 , 06:19:24,1787,1787
1077,15/06/2025 , 07:19:24,1788,1788
1078,15/06/2025 , 08:19:24,1788,1788
1079,15/06/2025 , 09:19:24,1788,1788
1080,15/06/2025 , 10:19:24,1788,1788
1081,15/06/2025 , 11:19:24,1788,1788
1082,15/06/2025 , 12:19:24,1787,1787
1083,15/06/2025 , 13:19:24,1787,1787
1084,15/06/2025 , 14:19:24,1786,1786
1085,15/06/2025 , 15:19:24,1785,1785
1086,15/06/2025 , 16:19:24,1784,1784
1087,15/06/2025 , 17:19:24,1783,1783
1088,15/06/2025 , 18:19:24,1782,1782
1089,15/06/2025 , 19:19:24,1780,1780
1090,15/06/2025 , 20:19:24,1780,1780
1091,15/06/2025 , 21:19:24,1779,1779
1092,15/06/2025 , 22:19:24,1779,1779
1093,15/06/2025 , 23:19:24,1778,1778
1094,16/06/2025 , 00:19:24,1777,1777
1095,16/06/2025 , 01:19:24,1777,1777
1096,16/06/2025 , 02:19:24,1776,1776
1097,16/06/2025 , 03:19:24,1776,1776
1098,16/06/2025 , 04:19:24,1776,1776
1099,16/06/2025 , 05:19:24,1776,1776
1100,16/06/2025 , 06:19:24,1776,1776
1101,16/06/2025 , 07:19:24,1776,1776
1102,16/06/2025 , 08:19:24,1776,1776
1103,16/06/2025 , 09:19:24,1775,1775
1104,16/06/2025 , 10:19:24,1775,1775
1105,16/06/2025 , 11:19:24,1775,1775
1106,16/06/2025 , 12:19:24,1774,1774
1107,16/06/2025 , 13:19:24,1773,1773
1108,16/06/2025 , 14:19:24,1773,1773
1109,16/06/2025 , 15:19:24,1771,1771
1110,16/06/2025 , 16:19:24,1770,1770
1111,16/06/2025 , 17:19:24,1769,1769
1112,16/06/2025 , 18:19:24,1768,1768
1113,16/06/2025 , 19:19:24,1767,1767
1114,16/06/2025 , 20:19:24,1766,1766
1115,16/06/2025 , 21:19:24,1765,1765
1116,16/06/2025 , 22:19:24,1765,1765
1117,16/06/2025 , 23:19:24,1765,1765
1118,17/06/2025 , 00:19:24,1764,1764
1119,17/06/2025 , 01:19:24,1764,1764
1120,17/06/2025 , 02:19:24,1764,1764
1121,17/06/2025 , 03:19:24,1763,1763
1122,17/06/2025 , 04:19:24,1763,1763
1123,17/06/2025 , 05:19:24,1762,1762
1124,17/06/2025 , 06:19:24,1762,1762
1125,17/06/2025 , 07:19:24,1762,1762
1126,17/06/2025 , 08:19:24,1762,1762
1127,17/06/2025 , 09:19:24,1762,1762
1128,17/06/2025 , 10:19:24,1761,1761
1129,17/06/2025 , 11:19:24,1761,1761
1130,17/06/2025 , 12:19:24,1760,1760
1131,17/06/2025 , 13:19:24,1760,1760
1132,17/06/2025 , 14:19:24,1758,1758
1133,17/06/2025 , 15:19:24,1757,1757
1134,17/06/2025 , 16:19:24,1757,1757
1135,17/06/2025 , 17:19:24,1756,1756
1136,17/06/2025 , 18:19:24,1756,1756
1137,17/06/2025 , 19:19:24,1755,1755
1138,17/06/2025 , 20:19:24,1754,1754
1139,17/06/2025 , 21:19:24,1753,1753
1140,17/06/2025 , 22:19:24,1753,1753
1141,17/06/2025 , 23:19:24,1753,1753
1142,18/06/2025 , 00:19:24,1752,1752
1143,18/06/2025 , 01:19:24,1752,1752
1144,18/06/2025 , 02:19:24,1751,1751
1145,18/06/2025 , 03:19:24,1751,1751
1146,18/06/2025 , 04:19:24,1750,1750
1147,18/06/2025 , 05:19:24,1750,1750
1148,18/06/2025 , 06:19:24,1749,1749
1149,18/06/2025 , 07:19:24,1749,1749
1150,18/06/2025 , 08:19:24,1749,1749
1151,18/06/2025 , 09:19:24,1749,1749
1152,18/06/2025 , 10:19:24,1751,1751
1153,18/06/2025 , 11:19:24,1750,1750
1154,18/06/2025 , 12:19:24,1751,1751
1155,18/06/2025 , 13:19:24,1752,1752
1156,18/06/2025 , 14:19:24,1756,1756
1157,18/06/2025 , 15:19:24,1757,1757
1158,18/06/2025 , 16:19:24,1759,1759
1159,18/06/2025 , 17:19:24,1759,1759
1160,18/06/2025 , 18:19:24,1760,1760
1161,18/06/2025 , 19:19:24,1761,1761
1162,18/06/2025 , 20:19:24,1762,1762
1163,18/06/2025 , 21:19:24,1762,1762
1164,18/06/2025 , 22:19:24,1763,1763
1165,18/06/2025 , 23:19:24,1764,1764
1166,19/06/2025 , 00:19:24,1765,1765
1167,19/06/2025 , 01:19:24,1765,1765
1168,19/06/2025 , 02:19:24,1766,1766
1169,19/06/2025 , 03:19:24,1767,1767
1170,19/06/2025 , 04:19:24,1768,1768
1171,19/06/2025 , 05:19:24,1769,1769
1172,19/06/2025 , 06:19:24,1769,1769
1173,19/06/2025 , 07:19:24,1770,1770
1174,19/06/2025 , 08:19:24,1770,1770
1175,19/06/2025 , 09:19:24,1771,1771
1176,19/06/2025 , 10:19:24,1772,1772
1177,19/06/2025 , 11:19:24,1780,1780
1178,19/06/2025 , 12:19:24,1786,1786
1179,19/06/2025 , 13:19:24,1921,1921
1180,19/06/2025 , 14:19:24,1952,1952
1181,19/06/2025 , 15:19:24,1928,1928
1182,19/06/2025 , 16:19:24,1915,1915
1183,19/06/2025 , 17:19:24,1930,1930
1184,19/06/2025 , 18:19:24,2054,2054
1185,19/06/2025 , 19:19:24,2050,2050
1186,19/06/2025 , 20:19:24,2047,2047
1187,19/06/2025 , 21:19:24,2044,2044
1188,19/06/2025 , 22:19:24,2040,2040
1189,19/06/2025 , 23:19:24,2042,2042
1190,20/06/2025 , 00:19:24,2042,2042
1191,20/06/2025 , 01:19:24,2040,2040
1192,20/06/2025 , 02:19:24,2042,2042
1193,20/06/2025 , 03:19:24,2033,2033
1194,20/06/2025 , 04:19:24,2078,2078
1195,20/06/2025 , 05:19:24,2095,2095
1196,20/06/2025 , 06:19:24,2086,2086
1197,20/06/2025 , 07:19:24,2083,2083
1198,20/06/2025 , 08:19:24,2076,2076
1199,20/06/2025 , 09:19:24,2074,2074
1200,20/06/2025 , 10:19:24,2070,2070
1201,20/06/2025 , 11:19:24,2067,2067
1202,20/06/2025 , 12:19:24,2065,2065
1203,20/06/2025 , 13:19:24,2065,2065
1204,20/06/2025 , 14:19:24,2064,2064
1205,20/06/2025 , 15:19:24,2060,2060
1206,20/06/2025 , 16:19:24,2059,2059
1207,20/06/2025 , 17:19:24,2058,2058
1208,20/06/2025 , 18:19:24,2056,2056
1209,20/06/2025 , 19:19:24,2054,2054
1210,20/06/2025 , 20:19:24,2053,2053
1211,20/06/2025 , 21:19:24,2052,2052
1212,20/06/2025 , 22:19:24,2051,2051
1213,20/06/2025 , 23:19:24,2051,2051
1214,21/06/2025 , 00:19:24,2051,2051
1215,21/06/2025 , 01:19:24,2051,2051
1216,21/06/2025 , 02:19:24,2051,2051
1217,21/06/2025 , 03:19:24,2051,2051
1218,21/06/2025 , 04:19:24,2051,2051
1219,21/06/2025 , 05:19:24,2052,2052
1220,21/06/2025 , 06:19:24,2053,2053
1221,21/06/2025 , 07:19:24,2051,2051
1222,21/06/2025 , 08:19:24,2049,2049
1223,21/06/2025 , 09:19:24,2045,2045
1224,21/06/2025 , 10:19:24,2042,2042
1225,21/06/2025 , 11:19:24,2036,2036
1226,21/06/2025 , 12:19:24,2035,2035
1227,21/06/2025 , 13:19:24,2030,2030
1228,21/06/2025 , 14:19:24,2023,2023
1229,21/06/2025 , 15:19:24,2017,2017
1230,21/06/2025 , 16:19:24,2009,2009
1231,21/06/2025 , 17:19:24,2003,2003
1232,21/06/2025 , 18:19:24,1995,1995
1233,21/06/2025 , 19:19:24,1988,1988
1234,21/06/2025 , 20:19:24,1985,1985
1235,21/06/2025 , 21:19:24,1981,1981
1236,21/06/2025 , 22:19:24,1979,1979
1237,21/06/2025 , 23:19:24,1976,1976
1238,22/06/2025 , 00:19:24,1972,1972
1239,22/06/2025 , 01:19:24,1970,1970
1240,22/06/2025 , 02:19:24,1970,1970
1241,22/06/2025 , 03:19:24,2001,2001
1242,22/06/2025 , 04:19:24,2042,2042
1243,22/06/2025 , 05:19:24,2046,2046
1244,22/06/2025 , 06:19:24,2046,2046
1245,22/06/2025 , 07:19:24,2047,2047
1246,22/06/2025 , 08:19:24,2047,2047
1247,22/06/2025 , 09:19:24,2047,2047
1248,22/06/2025 , 10:19:24,2047,2047
1249,22/06/2025 , 11:19:24,2047,2047
1250,22/06/2025 , 12:19:24,2047,2047
1251,22/06/2025 , 13:19:24,2047,2047
1252,22/06/2025 , 14:19:24,2047,2047
1253,22/06/2025 , 15:19:24,2046,2046
1254,22/06/2025 , 16:19:24,2046,2046
1255,22/06/2025 , 17:19:24,2045,2045
1256,22/06/2025 , 18:19:24,2040,2040
1257,22/06/2025 , 19:19:24,2037,2037
1258,22/06/2025 , 20:19:24,2033,2033
1259,22/06/2025 , 21:19:24,2031,2031
1260,22/06/2025 , 22:19:24,2031,2031
1261,22/06/2025 , 23:19:24,2030,2030
1262,23/06/2025 , 00:19:24,2029,2029
1263,23/06/2025 , 01:19:24,2028,2028
1264,23/06/2025 , 02:19:24,2026,2026
1265,23/06/2025 , 03:19:24,2025,2025
1266,23/06/2025 , 04:19:24,2026,2026
1267,23/06/2025 , 05:19:24,2025,2025
1268,23/06/2025 , 06:19:24,2024,2024
1269,23/06/2025 , 07:19:24,2022,2022
1270,23/06/2025 , 08:19:24,2019,2019
1271,23/06/2025 , 09:19:24,2018,2018
1272,23/06/2025 , 10:19:24,2015,2015
1273,23/06/2025 , 11:19:24,2011,2011
1274,23/06/2025 , 12:19:24,2003,2003
1275,23/06/2025 , 13:19:24,1983,1983
1276,23/06/2025 , 14:19:24,1967,1967
1277,23/06/2025 , 15:19:24,1961,1961
1278,23/06/2025 , 16:19:24,1949,1949
1279,23/06/2025 , 17:19:24,1942,1942
1280,23/06/2025 , 18:19:24,1935,1935
1281,23/06/2025 , 19:19:24,1932,1932
1282,23/06/2025 , 20:19:24,1928,1928
1283,23/06/2025 , 21:19:24,1927,1927
1284,23/06/2025 , 22:19:24,2073,2073
1285,23/06/2025 , 23:19:24,2074,2074
1286,24/06/2025 , 00:19:24,2074,2074
1287,24/06/2025 , 01:19:24,2092,2092
1288,24/06/2025 , 02:19:24,2089,2089
1289,24/06/2025 , 03:19:24,2086,2086
1290,24/06/2025 , 04:19:24,2083,2083
1291,24/06/2025 , 05:19:24,2083,2083
1292,24/06/2025 , 06:19:24,2082,2082
1293,24/06/2025 , 07:19:24,2079,2079
1294,24/06/2025 , 08:19:24,2075,2075
1295,24/06/2025 , 09:19:24,2071,2071
1296,24/06/2025 , 10:19:24,2066,2066
1297,24/06/2025 , 11:19:24,2061,2061
1298,24/06/2025 , 12:19:24,2058,2058
1299,24/06/2025 , 13:19:24,2056,2056
1300,24/06/2025 , 14:19:24,2055,2055
1301,24/06/2025 , 15:19:24,2052,2052
1302,24/06/2025 , 16:19:24,2049,2049
1303,24/06/2025 , 17:19:24,2047,2047
1304,24/06/2025 , 18:19:24,2045,2045
1305,24/06/2025 , 19:19:24,2043,2043
1306,24/06/2025 , 20:19:24,2041,2041
1307,24/06/2025 , 21:19:24,2039,2039
1308,24/06/2025 , 22:19:24,2040,2040
1309,24/06/2025 , 23:19:24,2039,2039
1310,25/06/2025 , 00:19:24,2033,2033
1311,25/06/2025 , 01:19:24,2030,2030
1312,25/06/2025 , 02:19:24,2025,2025
1313,25/06/2025 , 03:19:24,2023,2023
1314,25/06/2025 , 04:19:24,2022,2022
1315,25/06/2025 , 05:19:24,2020,2020
1316,25/06/2025 , 06:19:24,2013,2013
1317,25/06/2025 , 07:19:24,2011,2011
1318,25/06/2025 , 08:19:24,2003,2003
1319,25/06/2025 , 09:19:24,1992,1992
1320,25/06/2025 , 10:19:24,1977,1977
1321,25/06/2025 , 11:19:24,1965,1965
1322,25/06/2025 , 12:19:24,1956,1956
1323,25/06/2025 , 13:19:24,1943,1943
1324,25/06/2025 , 14:19:24,1934,1934
1325,25/06/2025 , 15:19:24,1927,1927
1326,25/06/2025 , 16:19:24,1923,1923
1327,25/06/2025 , 17:19:24,1920,1920
1328,25/06/2025 , 18:19:24,1914,1914
1329,25/06/2025 , 19:19:24,1910,1910
1330,25/06/2025 , 20:19:24,1906,1906
1331,25/06/2025 , 21:19:24,1905,1905
1332,25/06/2025 , 22:19:24,1901,1901
1333,25/06/2025 , 23:19:24,1895,1895
1334,26/06/2025 , 00:19:24,1891,1891
1335,26/06/2025 , 01:19:24,1889,1889
1336,26/06/2025 , 02:19:24,1886,1886
1337,26/06/2025 , 03:19:24,1884,1884
1338,26/06/2025 , 04:19:24,1883,1883
1339,26/06/2025 , 05:19:24,1882,1882
1340,26/06/2025 , 06:19:24,1882,1882
1341,26/06/2025 , 07:19:24,1881,1881
1342,26/06/2025 , 08:19:24,1881,1881
1343,26/06/2025 , 09:19:24,1880,1880
1344,26/06/2025 , 10:19:24,1879,1879
1345,26/06/2025 , 11:19:24,1879,1879
1346,26/06/2025 , 12:19:24,1878,1878
1347,26/06/2025 , 13:19:24,1876,1876
1348,26/06/2025 , 14:19:24,1874,1874
1349,26/06/2025 , 15:19:24,1872,1872
1350,26/06/2025 , 16:19:24,1870,1870
1351,26/06/2025 , 17:19:24,1869,1869
1352,26/06/2025 , 18:19:24,1867,1867
1353,26/06/2025 , 19:19:24,1865,1865
1354,26/06/2025 , 20:19:24,1864,1864
1355,26/06/2025 , 21:19:24,1862,1862
1356,26/06/2025 , 22:19:24,1860,1860
1357,26/06/2025 , 23:19:24,1858,1858
1358,27/06/2025 , 00:19:24,1857,1857
1359,27/06/2025 , 01:19:24,1855,1855
1360,27/06/2025 , 02:19:24,1854,1854
1361,27/06/2025 , 03:19:24,1853,1853
1362,27/06/2025 , 04:19:24,1852,1852
1363,27/06/2025 , 05:19:24,1852,1852
1364,27/06/2025 , 06:19:24,1852,1852
1365,27/06/2025 , 07:19:24,1852,1852
1366,27/06/2025 , 08:19:24,1852,1852
1367,27/06/2025 , 09:19:24,1851,1851
1368,27/06/2025 , 10:19:24,1850,1850
1369,27/06/2025 , 11:19:24,1848,1848
1370,27/06/2025 , 12:19:24,1846,1846
1371,27/06/2025 , 13:19:24,1844,1844
1372,27/06/2025 , 14:19:24,1842,1842
1373,27/06/2025 , 15:19:24,1840,1840
1374,27/06/2025 , 16:19:24,1838,1838
1375,27/06/2025 , 17:19:24,1836,1836
1376,27/06/2025 , 18:19:24,1835,1835
1377,27/06/2025 , 19:19:24,1833,1833
1378,27/06/2025 , 20:19:24,1833,1833
1379,27/06/2025 , 21:19:24,1832,1832
1380,27/06/2025 , 22:19:24,1831,1831
1381,27/06/2025 , 23:19:24,1832,1832
1382,28/06/2025 , 00:19:24,1833,1833
1383,28/06/2025 , 01:19:24,1836,1836
1384,28/06/2025 , 02:19:24,1841,1841
1385,28/06/2025 , 03:19:24,1845,1845
1386,28/06/2025 , 04:19:24,1860,1860
1387,28/06/2025 , 05:19:24,1907,1907
1388,28/06/2025 , 06:19:24,2047,2047
1389,28/06/2025 , 07:19:24,2053,2053
1390,28/06/2025 , 08:19:24,2056,2056
1391,28/06/2025 , 09:19:24,2055,2055
1392,28/06/2025 , 10:19:24,2054,2054
1393,28/06/2025 , 11:19:24,2051,2051
1394,28/06/2025 , 12:19:24,2049,2049
1395,28/06/2025 , 13:19:24,2046,2046
1396,28/06/2025 , 14:19:24,2046,2046
1397,28/06/2025 , 15:19:24,2053,2053
1398,28/06/2025 , 16:19:24,2059,2059
1399,28/06/2025 , 17:19:24,2056,2056
1400,28/06/2025 , 18:19:24,2058,2058
1401,28/06/2025 , 19:19:24,2059,2059
1402,28/06/2025 , 20:19:24,2059,2059
1403,28/06/2025 , 21:19:24,2059,2059
1404,28/06/2025 , 22:19:24,2065,2065
1405,28/06/2025 , 23:19:24,2072,2072
1406,29/06/2025 , 00:19:24,2072,2072
1407,29/06/2025 , 01:19:24,2072,2072
1408,29/06/2025 , 02:19:24,2072,2072
1409,29/06/2025 , 03:19:24,2072,2072
1410,29/06/2025 , 04:19:24,2072,2072
1411,29/06/2025 , 05:19:24,2072,2072
1412,29/06/2025 , 06:19:24,2071,2071
1413,29/06/2025 , 07:19:24,2071,2071
1414,29/06/2025 , 08:19:24,2070,2070
1415,29/06/2025 , 09:19:24,2069,2069
1416,29/06/2025 , 10:19:24,2067,2067
1417,29/06/2025 , 11:19:24,2066,2066
1418,29/06/2025 , 12:19:24,2064,2064
1419,29/06/2025 , 13:19:24,2064,2064
1420,29/06/2025 , 14:19:24,2064,2064
1421,29/06/2025 , 15:19:24,2062,2062
1422,29/06/2025 , 16:19:24,2061,2061
1423,29/06/2025 , 17:19:24,2059,2059
1424,29/06/2025 , 18:19:24,2057,2057
1425,29/06/2025 , 19:19:24,2056,2056
1426,29/06/2025 , 20:19:24,2055,2055
1427,29/06/2025 , 21:19:24,2054,2054
1428,29/06/2025 , 22:19:24,2055,2055
1429,29/06/2025 , 23:19:24,2054,2054
1430,30/06/2025 , 00:19:24,2053,2053
1431,30/06/2025 , 01:19:24,2052,2052
1432,30/06/2025 , 02:19:24,2051,2051
1433,30/06/2025 , 03:19:24,2050,2050
1434,30/06/2025 , 04:19:24,2048,2048
1435,30/06/2025 , 05:19:24,2045,2045
1436,30/06/2025 , 06:19:24,2044,2044
1437,30/06/2025 , 07:19:24,2041,2041
1438,30/06/2025 , 08:19:24,2039,2039
1439,30/06/2025 , 09:19:24,2035,2035
1440,30/06/2025 , 10:19:24,2027,2027
1441,30/06/2025 , 11:19:24,2021,2021
1442,30/06/2025 , 12:19:24,2011,2011
1443,30/06/2025 , 13:19:24,1997,1997
1444,30/06/2025 , 14:19:24,1982,1982
1445,30/06/2025 , 15:19:24,1966,1966
1446,30/06/2025 , 16:19:24,1955,1955
1447,30/06/2025 , 17:19:24,1944,1944
1448,30/06/2025 , 18:19:24,1934,1934
1449,30/06/2025 , 19:19:24,1929,1929
1450,30/06/2025 , 20:19:24,1921,1921
1451,30/06/2025 , 21:19:24,1919,1919
1452,30/06/2025 , 22:19:24,1916,1916
1453,30/06/2025 , 23:19:24,1914,1914
1454,01/07/2025 , 00:19:24,1913,1913
1455,01/07/2025 , 01:19:24,1912,1912
1456,01/07/2025 , 02:19:24,1911,1911
1457,01/07/2025 , 03:19:24,1910,1910
1458,01/07/2025 , 04:19:24,1910,1910
1459,01/07/2025 , 05:19:24,1909,1909
1460,01/07/2025 , 06:19:24,1908,1908
1461,01/07/2025 , 07:19:24,1907,1907
1462,01/07/2025 , 08:19:24,1914,1914
1463,01/07/2025 , 09:19:24,1965,1965
1464,01/07/2025 , 10:19:24,2021,2021
1465,01/07/2025 , 11:19:24,2028,2028
1466,01/07/2025 , 12:19:24,2036,2036
1467,01/07/2025 , 13:19:24,2038,2038
1468,01/07/2025 , 14:19:24,2043,2043
1469,01/07/2025 , 15:19:24,2043,2043
1470,01/07/2025 , 16:19:24,2044,2044
1471,01/07/2025 , 17:19:24,2043,2043
1472,01/07/2025 , 18:19:24,2043,2043
1473,01/07/2025 , 19:19:24,2053,2053
1474,01/07/2025 , 20:19:24,2055,2055
1475,01/07/2025 , 21:19:24,2055,2055
1476,01/07/2025 , 22:19:24,2055,2055
1477,01/07/2025 , 23:19:24,2056,2056
1478,02/07/2025 , 00:19:24,2056,2056
1479,02/07/2025 , 01:19:24,2057,2057
1480,02/07/2025 , 02:19:24,2059,2059
1481,02/07/2025 , 03:19:24,2061,2061
1482,02/07/2025 , 04:19:24,2063,2063
1483,02/07/2025 , 05:19:24,2064,2064
1484,02/07/2025 , 06:19:24,2064,2064
1485,02/07/2025 , 07:19:24,2056,2056
1486,02/07/2025 , 08:19:24,2053,2053
1487,02/07/2025 , 09:19:24,2050,2050
1488,02/07/2025 , 10:19:24,2048,2048
1489,02/07/2025 , 11:19:24,2043,2043
1490,02/07/2025 , 12:19:24,2030,2030
1491,02/07/2025 , 13:19:24,2018,2018
1492,02/07/2025 , 14:19:24,2013,2013
1493,02/07/2025 , 15:19:24,1999,1999
1494,02/07/2025 , 16:19:24,1993,1993
1495,02/07/2025 , 17:19:24,1987,1987
1496,02/07/2025 , 18:19:24,1980,1980
1497,02/07/2025 , 19:19:24,1974,1974
1498,02/07/2025 , 20:19:24,1968,1968
1499,02/07/2025 , 21:19:24,1961,1961
1500,02/07/2025 , 22:19:24,1958,1958
1501,02/07/2025 , 23:19:24,1955,1955
1502,03/07/2025 , 00:19:24,1952,1952
1503,03/07/2025 , 01:19:24,1948,1948
1504,03/07/2025 , 02:19:24,1946,1946
1505,03/07/2025 , 03:19:24,1945,1945
1506,03/07/2025 , 04:19:24,1943,1943
1507,03/07/2025 , 05:19:24,1940,1940
1508,03/07/2025 , 06:19:24,1938,1938
1509,03/07/2025 , 07:19:24,1931,1931
1510,03/07/2025 , 08:19:24,1961,1961
1511,03/07/2025 , 09:19:24,1948,1948
1512,03/07/2025 , 10:19:24,1940,1940
1513,03/07/2025 , 11:19:24,1935,1935
1514,03/07/2025 , 12:19:24,1931,1931
1515,03/07/2025 , 13:19:24,1928,1928
1516,03/07/2025 , 14:19:24,1931,1931
1517,03/07/2025 , 15:19:24,1939,1939
1518,03/07/2025 , 16:19:24,1934,1934
1519,03/07/2025 , 17:19:24,1933,1933
1520,03/07/2025 , 18:19:24,1934,1934
1521,03/07/2025 , 19:19:24,1933,1933
1522,03/07/2025 , 20:19:24,1930,1930
1523,03/07/2025 , 21:19:24,1928,1928
1524,03/07/2025 , 22:19:24,1927,1927
1525,03/07/2025 , 23:19:24,1925,1925
1526,04/07/2025 , 00:19:24,1925,1925
1527,04/07/2025 , 01:19:24,1925,1925
1528,04/07/2025 , 02:19:24,1925,1925
1529,04/07/2025 , 03:19:24,1924,1924
1530,04/07/2025 , 04:19:24,1923,1923
1531,04/07/2025 , 05:19:24,1922,1922
1532,04/07/2025 , 06:19:24,1922,1922
1533,04/07/2025 , 07:19:24,1922,1922
1534,04/07/2025 , 08:19:24,1921,1921
1535,04/07/2025 , 09:19:24,1920,1920
1536,04/07/2025 , 10:19:24,1917,1917
1537,04/07/2025 , 11:19:24,1918,1918
1538,04/07/2025 , 12:19:24,1926,1926
1539,04/07/2025 , 13:19:24,1929,1929
1540,04/07/2025 , 14:19:24,1926,1926
1541,04/07/2025 , 15:19:24,1921,1921
1542,04/07/2025 , 16:19:24,1918,1918
1543,04/07/2025 , 17:19:24,1917,1917
1544,04/07/2025 , 18:19:24,1914,1914
1545,04/07/2025 , 19:19:24,1912,1912
1546,04/07/2025 , 20:19:24,1910,1910
1547,04/07/2025 , 21:19:24,1909,1909
1548,04/07/2025 , 22:19:24,1908,1908
1549,04/07/2025 , 23:19:24,1906,1906
1550,05/07/2025 , 00:19:24,1905,1905
1551,05/07/2025 , 01:19:24,1904,1904
1552,05/07/2025 , 02:19:24,1903,1903
1553,05/07/2025 , 03:19:24,1902,1902
1554,05/07/2025 , 04:19:24,1902,1902
1555,05/07/2025 , 05:19:24,1902,1902
1556,05/07/2025 , 06:19:24,1902,1902
1557,05/07/2025 , 07:19:24,1902,1902
1558,05/07/2025 , 08:19:24,1901,1901
1559,05/07/2025 , 09:19:24,1901,1901
1560,05/07/2025 , 10:19:24,1899,1899
1561,05/07/2025 , 11:19:24,1897,1897
1562,05/07/2025 , 12:19:24,1896,1896
1563,05/07/2025 , 13:19:24,1893,1893
1564,05/07/2025 , 14:19:24,1890,1890
1565,05/07/2025 , 15:19:24,1888,1888
1566,05/07/2025 , 16:19:24,1886,1886
1567,05/07/2025 , 17:19:24,1884,1884
1568,05/07/2025 , 18:19:24,1884,1884
1569,05/07/2025 , 19:19:24,1885,1885
1570,05/07/2025 , 20:19:24,1894,1894
1571,05/07/2025 , 21:19:24,1905,1905
1572,05/07/2025 , 22:19:24,1905,1905
1573,05/07/2025 , 23:19:24,1905,1905
1574,06/07/2025 , 00:19:24,1905,1905
1575,06/07/2025 , 01:19:24,1905,1905
1576,06/07/2025 , 02:19:24,1906,1906
1577,06/07/2025 , 03:19:24,1907,1907
1578,06/07/2025 , 04:19:24,1906,1906
1579,06/07/2025 , 05:19:24,1906,1906
1580,06/07/2025 , 06:19:24,1907,1907
1581,06/07/2025 , 07:19:24,1907,1907
1582,06/07/2025 , 08:19:24,1907,1907
1583,06/07/2025 , 09:19:24,1910,1910
1584,06/07/2025 , 10:19:24,1924,1924
1585,06/07/2025 , 11:19:24,1925,1925
1586,06/07/2025 , 12:19:24,1924,1924
1587,06/07/2025 , 13:19:24,1924,1924
1588,06/07/2025 , 14:19:24,1924,1924
1589,06/07/2025 , 15:19:24,1924,1924
1590,06/07/2025 , 16:19:24,1920,1920
1591,06/07/2025 , 17:19:24,2036,2036
1592,06/07/2025 , 18:19:24,2051,2051
1593,06/07/2025 , 19:19:24,2051,2051
1594,06/07/2025 , 20:19:24,2050,2050
1595,06/07/2025 , 21:19:24,2050,2050
1596,06/07/2025 , 22:19:24,2049,2049
1597,06/07/2025 , 23:19:24,2053,2053
1598,07/07/2025 , 00:19:24,2053,2053
1599,07/07/2025 , 01:19:24,2059,2059
1600,07/07/2025 , 02:19:24,2067,2067
1601,07/07/2025 , 03:19:24,2075,2075
1602,07/07/2025 , 04:19:24,2088,2088
1603,07/07/2025 , 05:19:24,2085,2085
1604,07/07/2025 , 06:19:24,2083,2083
1605,07/07/2025 , 07:19:24,2083,2083
1606,07/07/2025 , 08:19:24,2081,2081
1607,07/07/2025 , 09:19:24,2080,2080
1608,07/07/2025 , 10:19:24,2077,2077
1609,07/07/2025 , 11:19:24,2074,2074
1610,07/07/2025 , 12:19:24,2073,2073
1611,07/07/2025 , 13:19:24,2070,2070
1612,07/07/2025 , 14:19:24,2067,2067
1613,07/07/2025 , 15:19:24,2066,2066
1614,07/07/2025 , 16:19:24,2065,2065
1615,07/07/2025 , 17:19:24,2064,2064
1616,07/07/2025 , 18:19:24,2062,2062
1617,07/07/2025 , 19:19:24,2061,2061
1618,07/07/2025 , 20:19:24,2062,2062
1619,07/07/2025 , 21:19:24,2070,2070
1620,07/07/2025 , 22:19:24,2069,2069
1621,07/07/2025 , 23:19:24,2070,2070
1622,08/07/2025 , 00:19:24,2070,2070
1623,08/07/2025 , 01:19:24,2070,2070
1624,08/07/2025 , 02:19:24,2070,2070
1625,08/07/2025 , 03:19:24,2070,2070
1626,08/07/2025 , 04:19:24,2071,2071
1627,08/07/2025 , 05:19:24,2071,2071
1628,08/07/2025 , 06:19:24,2072,2072
1629,08/07/2025 , 07:19:24,2071,2071
1630,08/07/2025 , 08:19:24,2071,2071
1631,08/07/2025 , 09:19:24,2070,2070
1632,08/07/2025 , 10:19:24,2070,2070
1633,08/07/2025 , 11:19:24,2068,2068
1634,08/07/2025 , 12:19:24,2065,2065
1635,08/07/2025 , 13:19:24,2061,2061
1636,08/07/2025 , 14:19:24,2059,2059
1637,08/07/2025 , 15:19:24,2056,2056
1638,08/07/2025 , 16:19:24,2051,2051
1639,08/07/2025 , 17:19:24,2050,2050
1640,08/07/2025 , 18:19:24,2048,2048
1641,08/07/2025 , 19:19:24,2045,2045
1642,08/07/2025 , 20:19:24,2042,2042
1643,08/07/2025 , 21:19:24,2039,2039
1644,08/07/2025 , 22:19:24,2038,2038
1645,08/07/2025 , 23:19:24,2036,2036
1646,09/07/2025 , 00:19:24,2032,2032
1647,09/07/2025 , 01:19:24,2030,2030
1648,09/07/2025 , 02:19:24,2028,2028
1649,09/07/2025 , 03:19:24,2027,2027
1650,09/07/2025 , 04:19:24,2025,2025
1651,09/07/2025 , 05:19:24,2026,2026
1652,09/07/2025 , 06:19:24,2026,2026
1653,09/07/2025 , 07:19:24,2025,2025
1654,09/07/2025 , 08:19:24,2019,2019
1655,09/07/2025 , 09:19:24,2012,2012
1656,09/07/2025 , 10:19:24,2008,2008
1657,09/07/2025 , 11:19:24,1996,1996
1658,09/07/2025 , 12:19:24,1982,1982
1659,09/07/2025 , 13:19:24,1964,1964
1660,09/07/2025 , 14:19:24,1943,1943
1661,09/07/2025 , 15:19:24,1932,1932
1662,09/07/2025 , 16:19:24,1925,1925
1663,09/07/2025 , 17:19:24,1922,1922
1664,09/07/2025 , 18:19:24,1918,1918
1665,09/07/2025 , 19:19:24,1915,1915
1666,09/07/2025 , 20:19:24,1912,1912
1667,09/07/2025 , 21:19:24,1909,1909
1668,09/07/2025 , 22:19:24,1908,1908
1669,09/07/2025 , 23:19:24,1907,1907
1670,10/07/2025 , 00:19:24,1907,1907
1671,10/07/2025 , 01:19:24,1906,1906
1672,10/07/2025 , 02:19:24,1905,1905
1673,10/07/2025 , 03:19:24,1905,1905
1674,10/07/2025 , 04:19:24,1905,1905
1675,10/07/2025 , 05:19:24,1905,1905
1676,10/07/2025 , 06:19:24,1905,1905
1677,10/07/2025 , 07:19:24,1905,1905
1678,10/07/2025 , 08:19:24,1903,1903
1679,10/07/2025 , 09:19:24,1902,1902
1680,10/07/2025 , 10:19:24,1902,1902
1681,10/07/2025 , 11:19:24,1905,1905
1682,10/07/2025 , 12:19:24,1905,1905
1683,10/07/2025 , 13:19:24,1907,1907
1684,10/07/2025 , 14:19:24,1919,1919
1685,10/07/2025 , 15:19:24,1921,1921
1686,10/07/2025 , 16:19:24,1920,1920
1687,10/07/2025 , 17:19:24,1918,1918
1688,10/07/2025 , 18:19:24,1915,1915
1689,10/07/2025 , 19:19:24,1913,1913
1690,10/07/2025 , 20:19:24,1911,1911
1691,10/07/2025 , 21:19:24,1912,1912
1692,10/07/2025 , 22:19:24,1913,1913
1693,10/07/2025 , 23:19:24,1912,1912
1694,11/07/2025 , 00:19:24,2006,2006
1695,11/07/2025 , 01:19:24,2136,2136
1696,11/07/2025 , 02:19:24,2145,2145
1697,11/07/2025 , 03:19:24,2138,2138
1698,11/07/2025 , 04:19:24,2135,2135
1699,11/07/2025 , 05:19:24,2131,2131
1700,11/07/2025 , 06:19:24,2126,2126
1701,11/07/2025 , 07:19:24,2120,2120
1702,11/07/2025 , 08:19:24,2109,2109
1703,11/07/2025 , 09:19:24,2103,2103
1704,11/07/2025 , 10:19:24,2098,2098
1705,11/07/2025 , 11:19:24,2091,2091
1706,11/07/2025 , 12:19:24,2085,2085
1707,11/07/2025 , 13:19:24,2081,2081
1708,11/07/2025 , 14:19:24,2080,2080
1709,11/07/2025 , 15:19:24,2077,2077
1710,11/07/2025 , 16:19:24,2068,2068
1711,11/07/2025 , 17:19:24,2066,2066
1712,11/07/2025 , 18:19:24,2058,2058
1713,11/07/2025 , 19:19:24,2052,2052
1714,11/07/2025 , 20:19:24,2048,2048
1715,11/07/2025 , 21:19:24,2045,2045
1716,11/07/2025 , 22:19:24,2043,2043
1717,11/07/2025 , 23:19:24,2040,2040
1718,12/07/2025 , 00:19:24,2038,2038
1719,12/07/2025 , 01:19:24,2034,2034
1720,12/07/2025 , 02:19:24,2031,2031
1721,12/07/2025 , 03:19:24,2028,2028
1722,12/07/2025 , 04:19:24,2024,2024
1723,12/07/2025 , 05:19:24,2022,2022
1724,12/07/2025 , 06:19:24,2022,2022
1725,12/07/2025 , 07:19:24,2019,2019
1726,12/07/2025 , 08:19:24,2016,2016
1727,12/07/2025 , 09:19:24,2010,2010
1728,12/07/2025 , 10:19:24,2003,2003
1729,12/07/2025 , 11:19:24,1992,1992
1730,12/07/2025 , 12:19:24,1988,1988
1731,12/07/2025 , 13:19:24,1976,1976
1732,12/07/2025 , 14:19:24,1965,1965
1733,12/07/2025 , 15:19:24,1955,1955
1734,12/07/2025 , 16:19:24,1945,1945
1735,12/07/2025 , 17:19:24,1940,1940
1736,12/07/2025 , 18:19:24,1935,1935
1737,12/07/2025 , 19:19:24,1930,1930
1738,12/07/2025 , 20:19:24,1927,1927
1739,12/07/2025 , 21:19:24,1926,1926
1740,12/07/2025 , 22:19:24,1925,1925
1741,12/07/2025 , 23:19:24,1924,1924
1742,13/07/2025 , 00:19:24,1924,1924
1743,13/07/2025 , 01:19:24,1923,1923
1744,13/07/2025 , 02:19:24,1923,1923
1745,13/07/2025 , 03:19:24,1923,1923
1746,13/07/2025 , 04:19:24,1922,1922
1747,13/07/2025 , 05:19:24,1922,1922
1748,13/07/2025 , 06:19:24,1922,1922
1749,13/07/2025 , 07:19:24,1921,1921
1750,13/07/2025 , 08:19:24,1921,1921
1751,13/07/2025 , 09:19:24,1921,1921
1752,13/07/2025 , 10:19:24,1919,1919
1753,13/07/2025 , 11:19:24,1918,1918
1754,13/07/2025 , 12:19:24,1917,1917
1755,13/07/2025 , 13:19:24,1913,1913
1756,13/07/2025 , 14:19:24,1911,1911
1757,13/07/2025 , 15:19:24,1919,1919
1758,13/07/2025 , 16:19:24,1924,1924
1759,13/07/2025 , 17:19:24,1924,1924
1760,13/07/2025 , 18:19:24,1922,1922
1761,13/07/2025 , 19:19:24,1920,1920
1762,13/07/2025 , 20:19:24,2046,2046
1763,13/07/2025 , 21:19:24,2062,2062
1764,13/07/2025 , 22:19:24,2064,2064
1765,13/07/2025 , 23:19:24,2065,2065
1766,14/07/2025 , 00:19:24,2066,2066
1767,14/07/2025 , 01:19:24,2070,2070
1768,14/07/2025 , 02:19:24,2125,2125
1769,14/07/2025 , 03:19:24,2168,2168
1770,14/07/2025 , 04:19:24,2186,2186
1771,14/07/2025 , 05:19:24,2177,2177
1772,14/07/2025 , 06:19:24,2158,2158
1773,14/07/2025 , 07:19:24,2145,2145
1774,14/07/2025 , 08:19:24,2138,2138
1775,14/07/2025 , 09:19:24,2132,2132
1776,14/07/2025 , 10:19:24,2125,2125
1777,14/07/2025 , 11:19:24,2119,2119
1778,14/07/2025 , 12:19:24,2114,2114
1779,14/07/2025 , 13:19:24,2107,2107
1780,14/07/2025 , 14:19:24,2105,2105
1781,14/07/2025 , 15:19:24,2101,2101
1782,14/07/2025 , 16:19:24,2096,2096
1783,14/07/2025 , 17:19:24,2093,2093
1784,14/07/2025 , 18:19:24,2092,2092
1785,14/07/2025 , 19:19:24,2086,2086
1786,14/07/2025 , 20:19:24,2085,2085
1787,14/07/2025 , 21:19:24,2084,2084
1788,14/07/2025 , 22:19:24,2083,2083
1789,14/07/2025 , 23:19:24,2082,2082
1790,15/07/2025 , 00:19:24,2080,2080
1791,15/07/2025 , 01:19:24,2077,2077
1792,15/07/2025 , 02:19:24,2070,2070
1793,15/07/2025 , 03:19:24,2069,2069
1794,15/07/2025 , 04:19:24,2067,2067
1795,15/07/2025 , 05:19:24,2061,2061
1796,15/07/2025 , 06:19:24,2060,2060
1797,15/07/2025 , 07:19:24,2058,2058
1798,15/07/2025 , 08:19:24,2053,2053
1799,15/07/2025 , 09:19:24,2045,2045
1800,15/07/2025 , 10:19:24,2038,2038
1801,15/07/2025 , 11:19:24,2027,2027
1802,15/07/2025 , 12:19:24,2016,2016
1803,15/07/2025 , 13:19:24,2003,2003
1804,15/07/2025 , 14:19:24,1993,1993
1805,15/07/2025 , 15:19:24,1982,1982
1806,15/07/2025 , 16:19:24,1972,1972
1807,15/07/2025 , 17:19:24,1965,1965
1808,15/07/2025 , 18:19:24,1960,1960
1809,15/07/2025 , 19:19:24,1955,1955
1810,15/07/2025 , 20:19:24,1951,1951
1811,15/07/2025 , 21:19:24,1948,1948
1812,15/07/2025 , 22:19:24,1946,1946
1813,15/07/2025 , 23:19:24,1945,1945
1814,16/07/2025 , 00:19:24,1943,1943
1815,16/07/2025 , 01:19:24,1942,1942
1816,16/07/2025 , 02:19:24,1941,1941
1817,16/07/2025 , 03:19:24,1941,1941
1818,16/07/2025 , 04:19:24,1940,1940
1819,16/07/2025 , 05:19:24,1940,1940
1820,16/07/2025 , 06:19:24,1941,1941
1821,16/07/2025 , 07:19:24,1941,1941
1822,16/07/2025 , 08:19:24,1941,1941
1823,16/07/2025 , 09:19:24,1939,1939
1824,16/07/2025 , 10:19:24,1937,1937
1825,16/07/2025 , 11:19:24,1931,1931
1826,16/07/2025 , 12:19:24,1926,1926
1827,16/07/2025 , 13:19:24,1921,1921
1828,16/07/2025 , 14:19:24,1918,1918
1829,16/07/2025 , 15:19:24,1914,1914
1830,16/07/2025 , 16:19:24,1911,1911
1831,16/07/2025 , 17:19:24,1910,1910
1832,16/07/2025 , 18:19:24,1908,1908
1833,16/07/2025 , 19:19:24,1906,1906
1834,16/07/2025 , 20:19:24,1905,1905
1835,16/07/2025 , 21:19:24,1904,1904
1836,16/07/2025 , 22:19:24,1903,1903
1837,16/07/2025 , 23:19:24,1902,1902
1838,17/07/2025 , 00:19:24,1902,1902
1839,17/07/2025 , 01:19:24,1900,1900
1840,17/07/2025 , 02:19:24,1899,1899
1841,17/07/2025 , 03:19:24,1899,1899
1842,17/07/2025 , 04:19:24,1897,1897
1843,17/07/2025 , 05:19:24,1898,1898
1844,17/07/2025 , 06:19:24,1899,1899
1845,17/07/2025 , 07:19:24,1898,1898
1846,17/07/2025 , 08:19:24,1897,1897
1847,17/07/2025 , 09:19:24,1896,1896
1848,17/07/2025 , 10:19:24,1894,1894
1849,17/07/2025 , 11:19:24,1893,1893
1850,17/07/2025 , 12:19:24,1942,1942
1851,17/07/2025 , 13:19:24,2058,2058
1852,17/07/2025 , 14:19:24,2062,2062
1853,17/07/2025 , 15:19:24,2064,2064
1854,17/07/2025 , 16:19:24,2059,2059
1855,17/07/2025 , 17:19:24,2058,2058
1856,17/07/2025 , 18:19:24,2056,2056
1857,17/07/2025 , 19:19:24,2065,2065
1858,17/07/2025 , 20:19:24,2072,2072
1859,17/07/2025 , 21:19:24,2076,2076
1860,17/07/2025 , 22:19:24,2077,2077
1861,17/07/2025 , 23:19:24,2077,2077
1862,18/07/2025 , 00:19:24,2079,2079
1863,18/07/2025 , 01:19:24,2081,2081
1864,18/07/2025 , 02:19:24,2082,2082
1865,18/07/2025 , 03:19:24,2083,2083
1866,18/07/2025 , 04:19:24,2084,2084
1867,18/07/2025 , 05:19:24,2084,2084
1868,18/07/2025 , 06:19:24,2083,2083
1869,18/07/2025 , 07:19:24,2084,2084
1870,18/07/2025 , 08:19:24,2083,2083
1871,18/07/2025 , 09:19:24,2080,2080
1872,18/07/2025 , 10:19:24,2076,2076
1873,18/07/2025 , 11:19:24,2069,2069
1874,18/07/2025 , 12:19:24,2064,2064
1875,18/07/2025 , 13:19:24,2056,2056
1876,18/07/2025 , 14:19:24,2049,2049
1877,18/07/2025 , 15:19:24,2039,2039
1878,18/07/2025 , 16:19:24,2026,2026
1879,18/07/2025 , 17:19:24,2012,2012
1880,18/07/2025 , 18:19:24,2005,2005
1881,18/07/2025 , 19:19:24,1995,1995
1882,18/07/2025 , 20:19:24,1990,1990
1883,18/07/2025 , 21:19:24,1985,1985
1884,18/07/2025 , 22:19:24,1982,1982
1885,18/07/2025 , 23:19:24,1980,1980
1886,19/07/2025 , 00:19:24,1978,1978
1887,19/07/2025 , 01:19:24,1976,1976
1888,19/07/2025 , 02:19:24,1974,1974
1889,19/07/2025 , 03:19:24,1973,1973
1890,19/07/2025 , 04:19:24,1971,1971
1891,19/07/2025 , 05:19:24,1970,1970
1892,19/07/2025 , 06:19:24,1968,1968
1893,19/07/2025 , 07:19:24,1967,1967
1894,19/07/2025 , 08:19:24,1966,1966
1895,19/07/2025 , 09:19:24,1966,1966
1896,19/07/2025 , 10:19:24,1963,1963
1897,19/07/2025 , 11:19:24,1959,1959
1898,19/07/2025 , 12:19:24,1953,1953
1899,19/07/2025 , 13:19:24,1946,1946
1900,19/07/2025 , 14:19:24,1940,1940
1901,19/07/2025 , 15:19:24,1937,1937
1902,19/07/2025 , 16:19:24,1933,1933
1903,19/07/2025 , 17:19:24,1929,1929
1904,19/07/2025 , 18:19:24,1927,1927
1905,19/07/2025 , 19:19:24,1924,1924
1906,19/07/2025 , 20:19:24,1922,1922
1907,19/07/2025 , 21:19:24,1920,1920
1908,19/07/2025 , 22:19:24,1919,1919
1909,19/07/2025 , 23:19:24,1918,1918
1910,20/07/2025 , 00:19:24,1917,1917
1911,20/07/2025 , 01:19:24,1917,1917
1912,20/07/2025 , 02:19:24,1916,1916
1913,20/07/2025 , 03:19:24,1916,1916
1914,20/07/2025 , 04:19:24,1916,1916
1915,20/07/2025 , 05:19:24,1916,1916
1916,20/07/2025 , 06:19:24,1916,1916
1917,20/07/2025 , 07:19:24,1916,1916
1918,20/07/2025 , 08:19:24,1915,1915
1919,20/07/2025 , 09:19:24,1915,1915
1920,20/07/2025 , 10:19:24,1914,1914
1921,20/07/2025 , 11:19:24,1912,1912
1922,20/07/2025 , 12:19:24,1911,1911
1923,20/07/2025 , 13:19:24,1910,1910
1924,20/07/2025 , 14:19:24,1908,1908
1925,20/07/2025 , 15:19:24,1905,1905
1926,20/07/2025 , 16:19:24,1902,1902
1927,20/07/2025 , 17:19:24,1901,1901
1928,20/07/2025 , 18:19:24,1898,1898
1929,20/07/2025 , 19:19:24,1897,1897
1930,20/07/2025 , 20:19:24,1894,1894
1931,20/07/2025 , 21:19:24,1893,1893
1932,20/07/2025 , 22:19:24,1891,1891
1933,20/07/2025 , 23:19:24,1890,1890
1934,21/07/2025 , 00:19:24,1889,1889
1935,21/07/2025 , 01:19:24,1888,1888
1936,21/07/2025 , 02:19:24,1887,1887
1937,21/07/2025 , 03:19:24,1886,1886
1938,21/07/2025 , 04:19:24,1885,1885
1939,21/07/2025 , 05:19:24,1884,1884
1940,21/07/2025 , 06:19:24,1884,1884
1941,21/07/2025 , 07:19:24,1883,1883
1942,21/07/2025 , 08:19:24,1882,1882
1943,21/07/2025 , 09:19:24,1881,1881
1944,21/07/2025 , 10:19:24,1879,1879
1945,21/07/2025 , 11:19:24,1876,1876
1946,21/07/2025 , 12:19:24,1874,1874
1947,21/07/2025 , 13:19:24,1871,1871
1948,21/07/2025 , 14:19:24,1868,1868
1949,21/07/2025 , 15:19:24,1866,1866
1950,21/07/2025 , 16:19:24,1862,1862
1951,21/07/2025 , 17:19:24,1861,1861
1952,21/07/2025 , 18:19:24,1859,1859
1953,21/07/2025 , 19:19:24,1857,1857
1954,21/07/2025 , 20:19:24,1856,1856
1955,21/07/2025 , 21:19:24,1855,1855
1956,21/07/2025 , 22:19:24,1854,1854
1957,21/07/2025 , 23:19:24,1854,1854
1958,22/07/2025 , 00:19:24,1853,1853
1959,22/07/2025 , 01:19:24,1853,1853
1960,22/07/2025 , 02:19:24,1852,1852
1961,22/07/2025 , 03:19:24,1852,1852
1962,22/07/2025 , 04:19:24,1852,1852
1963,22/07/2025 , 05:19:24,1852,1852
1964,22/07/2025 , 06:19:24,1852,1852
1965,22/07/2025 , 07:19:24,1852,1852
1966,22/07/2025 , 08:19:24,1852,1852
1967,22/07/2025 , 09:19:24,1852,1852
1968,22/07/2025 , 10:19:24,1851,1851
1969,22/07/2025 , 11:19:24,1850,1850
1970,22/07/2025 , 12:19:24,1849,1849
1971,22/07/2025 , 13:19:24,1847,1847
1972,22/07/2025 , 14:19:24,1845,1845
1973,22/07/2025 , 15:19:24,1844,1844
1974,22/07/2025 , 16:19:24,1841,1841
1975,22/07/2025 , 17:19:24,1840,1840
1976,22/07/2025 , 18:19:24,1838,1838
1977,22/07/2025 , 19:19:24,1837,1837
1978,22/07/2025 , 20:19:24,1836,1836
1979,22/07/2025 , 21:19:24,1835,1835
1980,22/07/2025 , 22:19:24,1834,1834
1981,22/07/2025 , 23:19:24,1834,1834
1982,23/07/2025 , 00:19:24,1834,1834
1983,23/07/2025 , 01:19:24,1833,1833
1984,23/07/2025 , 02:19:24,1833,1833
1985,23/07/2025 , 03:19:24,1833,1833
1986,23/07/2025 , 04:19:24,1833,1833
1987,23/07/2025 , 05:19:24,1832,1832
1988,23/07/2025 , 06:19:24,1833,1833
1989,23/07/2025 , 07:19:24,1833,1833
1990,23/07/2025 , 08:19:24,1832,1832
1991,23/07/2025 , 09:19:24,1832,1832
1992,23/07/2025 , 10:19:24,1832,1832
1993,23/07/2025 , 11:19:24,1831,1831
1994,23/07/2025 , 12:19:24,1830,1830
1995,23/07/2025 , 13:19:24,1829,1829
1996,23/07/2025 , 14:19:24,1827,1827
1997,23/07/2025 , 15:19:24,1826,1826
1998,23/07/2025 , 16:19:24,1824,1824
1999,23/07/2025 , 17:19:24,1823,1823
2000,23/07/2025 , 18:19:24,1823,1823
2001,23/07/2025 , 19:19:24,1822,1822
2002,23/07/2025 , 20:19:24,1821,1821
2003,23/07/2025 , 21:19:24,1821,1821
2004,23/07/2025 , 22:19:24,1820,1820
2005,23/07/2025 , 23:19:24,1820,1820
2006,24/07/2025 , 00:19:24,1820,1820
2007,24/07/2025 , 01:19:24,1820,1820
2008,24/07/2025 , 02:19:24,1820,1820
2009,24/07/2025 , 03:19:24,1820,1820
2010,24/07/2025 , 04:19:24,1820,1820
2011,24/07/2025 , 05:19:24,1820,1820
2012,24/07/2025 , 06:19:24,1821,1821
2013,24/07/2025 , 07:19:24,1821,1821
2014,24/07/2025 , 08:19:24,1821,1821
2015,24/07/2025 , 09:19:24,1821,1821
2016,24/07/2025 , 10:19:24,1821,1821
2017,24/07/2025 , 11:19:24,1821,1821
2018,24/07/2025 , 12:19:24,1820,1820
2019,24/07/2025 , 13:19:24,1818,1818
2020,24/07/2025 , 14:19:24,1818,1818
2021,24/07/2025 , 15:19:24,1817,1817
2022,24/07/2025 , 16:19:24,1815,1815
2023,24/07/2025 , 17:19:24,1814,1814
2024,24/07/2025 , 18:19:24,1812,1812
2025,24/07/2025 , 19:19:24,1812,1812
2026,24/07/2025 , 20:19:24,1810,1810
2027,24/07/2025 , 21:19:24,1811,1811
2028,24/07/2025 , 22:19:24,1811,1811
2029,24/07/2025 , 23:19:24,1811,1811
2030,25/07/2025 , 00:19:24,1811,1811
2031,25/07/2025 , 01:19:24,1810,1810
2032,25/07/2025 , 02:19:24,1810,1810
2033,25/07/2025 , 03:19:24,1811,1811
2034,25/07/2025 , 04:19:24,1812,1812
2035,25/07/2025 , 05:19:24,1817,1817
2036,25/07/2025 , 06:19:24,1847,1847
2037,25/07/2025 , 07:19:24,1872,1872
2038,25/07/2025 , 08:19:24,1994,1994
2039,25/07/2025 , 09:19:24,2022,2022
2040,25/07/2025 , 10:19:24,2024,2024
2041,25/07/2025 , 11:19:24,2006,2006
2042,25/07/2025 , 12:19:24,1983,1983
2043,25/07/2025 , 13:19:24,1971,1971
2044,25/07/2025 , 14:19:24,1961,1961
2045,25/07/2025 , 15:19:24,1954,1954
2046,25/07/2025 , 16:19:24,1940,1940
2047,25/07/2025 , 17:19:24,1928,1928
2048,25/07/2025 , 18:19:24,1922,1922
2049,25/07/2025 , 19:19:24,1916,1916
2050,25/07/2025 , 20:19:24,1912,1912
2051,25/07/2025 , 21:19:24,1909,1909
2052,25/07/2025 , 22:19:24,1908,1908
2053,25/07/2025 , 23:19:24,1905,1905
2054,26/07/2025 , 00:19:24,1902,1902
2055,26/07/2025 , 01:19:24,1901,1901
2056,26/07/2025 , 02:19:24,1899,1899
2057,26/07/2025 , 03:19:24,1897,1897
2058,26/07/2025 , 04:19:24,1896,1896
2059,26/07/2025 , 05:19:24,1895,1895
2060,26/07/2025 , 06:19:24,1894,1894
2061,26/07/2025 , 07:19:24,1894,1894
2062,26/07/2025 , 08:19:24,1894,1894
2063,26/07/2025 , 09:19:24,1893,1893
2064,26/07/2025 , 10:19:24,1892,1892
2065,26/07/2025 , 11:19:24,1890,1890
2066,26/07/2025 , 12:19:24,1887,1887
2067,26/07/2025 , 13:19:24,1885,1885
2068,26/07/2025 , 14:19:24,1882,1882
2069,26/07/2025 , 15:19:24,1879,1879
2070,26/07/2025 , 16:19:24,1876,1876
2071,26/07/2025 , 17:19:24,1874,1874
2072,26/07/2025 , 18:19:24,1873,1873
2073,26/07/2025 , 19:19:24,1871,1871
2074,26/07/2025 , 20:19:24,1870,1870
2075,26/07/2025 , 21:19:24,1869,1869
2076,26/07/2025 , 22:19:24,1869,1869
2077,26/07/2025 , 23:19:24,1868,1868
2078,27/07/2025 , 00:19:24,1867,1867
2079,27/07/2025 , 01:19:24,1866,1866
2080,27/07/2025 , 02:19:24,1865,1865
2081,27/07/2025 , 03:19:24,1865,1865
2082,27/07/2025 , 04:19:24,1864,1864
2083,27/07/2025 , 05:19:24,1863,1863
2084,27/07/2025 , 06:19:24,1863,1863
2085,27/07/2025 , 07:19:24,1863,1863
2086,27/07/2025 , 08:19:24,1863,1863
2087,27/07/2025 , 09:19:24,1862,1862
2088,27/07/2025 , 10:19:24,1861,1861
2089,27/07/2025 , 11:19:24,1860,1860
2090,27/07/2025 , 12:19:24,1858,1858
2091,27/07/2025 , 13:19:24,1856,1856
2092,27/07/2025 , 14:19:24,1854,1854
2093,27/07/2025 , 15:19:24,1852,1852
2094,27/07/2025 , 16:19:24,1850,1850
2095,27/07/2025 , 17:19:24,1849,1849
2096,27/07/2025 , 18:19:24,1847,1847
2097,27/07/2025 , 19:19:24,1846,1846
2098,27/07/2025 , 20:19:24,1844,1844
2099,27/07/2025 , 21:19:24,1844,1844
2100,27/07/2025 , 22:19:24,1843,1843
2101,27/07/2025 , 23:19:24,1852,1852
2102,28/07/2025 , 00:19:24,1877,1877
2103,28/07/2025 , 01:19:24,1887,1887
2104,28/07/2025 , 02:19:24,1891,1891
2105,28/07/2025 , 03:19:24,1891,1891
2106,28/07/2025 , 04:19:24,1891,1891
2107,28/07/2025 , 05:19:24,1892,1892
2108,28/07/2025 , 06:19:24,1891,1891
2109,28/07/2025 , 07:19:24,1892,1892
2110,28/07/2025 , 08:19:24,1892,1892
2111,28/07/2025 , 09:19:24,1892,1892
2112,28/07/2025 , 10:19:24,1891,1891
2113,28/07/2025 , 11:19:24,1890,1890
2114,28/07/2025 , 12:19:24,1889,1889
2115,28/07/2025 , 13:19:24,1885,1885
2116,28/07/2025 , 14:19:24,1882,1882
2117,28/07/2025 , 15:19:24,1880,1880
2118,28/07/2025 , 16:19:24,1877,1877
2119,28/07/2025 , 17:19:24,1875,1875
2120,28/07/2025 , 18:19:24,1873,1873
2121,28/07/2025 , 19:19:24,1872,1872
2122,28/07/2025 , 20:19:24,1871,1871
2123,28/07/2025 , 21:19:24,1870,1870
2124,28/07/2025 , 22:19:24,1873,1873
2125,28/07/2025 , 23:19:24,1874,1874
2126,29/07/2025 , 00:19:24,1875,1875
2127,29/07/2025 , 01:19:24,1875,1875
2128,29/07/2025 , 02:19:24,1874,1874
2129,29/07/2025 , 03:19:24,1874,1874
2130,29/07/2025 , 04:19:24,1873,1873
2131,29/07/2025 , 05:19:24,1872,1872
2132,29/07/2025 , 06:19:24,1871,1871
2133,29/07/2025 , 07:19:24,1871,1871
2134,29/07/2025 , 08:19:24,1870,1870
2135,29/07/2025 , 09:19:24,1869,1869
2136,29/07/2025 , 10:19:24,1868,1868
2137,29/07/2025 , 11:19:24,1866,1866
2138,29/07/2025 , 12:19:24,1863,1863
2139,29/07/2025 , 13:19:24,1862,1862
2140,29/07/2025 , 14:19:24,1860,1860
2141,29/07/2025 , 15:19:24,1858,1858
2142,29/07/2025 , 16:19:24,1855,1855
2143,29/07/2025 , 17:19:24,1853,1853
2144,29/07/2025 , 18:19:24,1851,1851
2145,29/07/2025 , 19:19:24,1850,1850
2146,29/07/2025 , 20:19:24,1849,1849
2147,29/07/2025 , 21:19:24,1848,1848
2148,29/07/2025 , 22:19:24,1847,1847
2149,29/07/2025 , 23:19:24,1847,1847
2150,30/07/2025 , 00:19:24,1846,1846
2151,30/07/2025 , 01:19:24,1846,1846
2152,30/07/2025 , 02:19:24,1846,1846
2153,30/07/2025 , 03:19:24,1846,1846
2154,30/07/2025 , 04:19:24,1846,1846
2155,30/07/2025 , 05:19:24,1846,1846
2156,30/07/2025 , 06:19:24,1847,1847
2157,30/07/2025 , 07:19:24,1847,1847
2158,30/07/2025 , 08:19:24,1847,1847
2159,30/07/2025 , 09:19:24,1847,1847
2160,30/07/2025 , 10:19:24,1848,1848
2161,30/07/2025 , 11:19:24,1847,1847
2162,30/07/2025 , 12:19:24,1846,1846
2163,30/07/2025 , 13:19:24,1845,1845
2164,30/07/2025 , 14:19:24,1842,1842
2165,30/07/2025 , 15:19:24,1842,1842
2166,30/07/2025 , 16:19:24,1840,1840
2167,30/07/2025 , 17:19:24,1839,1839
2168,30/07/2025 , 18:19:24,1838,1838
2169,30/07/2025 , 19:19:24,1836,1836
2170,30/07/2025 , 20:19:24,1834,1834
2171,30/07/2025 , 21:19:24,1833,1833
2172,30/07/2025 , 22:19:24,1832,1832
2173,30/07/2025 , 23:19:24,1832,1832
2174,31/07/2025 , 00:19:24,1831,1831
2175,31/07/2025 , 01:19:24,1831,1831
2176,31/07/2025 , 02:19:24,1830,1830
2177,31/07/2025 , 03:19:24,1830,1830
2178,31/07/2025 , 04:19:24,1829,1829
2179,31/07/2025 , 05:19:24,1829,1829
2180,31/07/2025 , 06:19:24,1829,1829
2181,31/07/2025 , 07:19:24,1829,1829
2182,31/07/2025 , 08:19:24,1828,1828
2183,31/07/2025 , 09:19:24,1828,1828
2184,31/07/2025 , 10:19:24,1828,1828
2185,31/07/2025 , 11:19:24,1828,1828
2186,31/07/2025 , 12:19:24,1828,1828
2187,31/07/2025 , 13:19:24,1826,1826
2188,31/07/2025 , 14:19:24,1825,1825
2189,31/07/2025 , 15:19:24,1823,1823
2190,31/07/2025 , 16:19:24,1822,1822
2191,31/07/2025 , 17:19:24,1820,1820
2192,31/07/2025 , 18:19:24,1819,1819
2193,31/07/2025 , 19:19:24,1817,1817
2194,31/07/2025 , 20:19:24,1816,1816
2195,31/07/2025 , 21:19:24,1815,1815
2196,31/07/2025 , 22:19:24,1813,1813
2197,31/07/2025 , 23:19:24,1812,1812
2198,01/08/2025 , 00:19:24,1811,1811
2199,01/08/2025 , 01:19:24,1810,1810
2200,01/08/2025 , 02:19:24,1810,1810
2201,01/08/2025 , 03:19:24,1809,1809
2202,01/08/2025 , 04:19:24,1809,1809
2203,01/08/2025 , 05:19:24,1809,1809
2204,01/08/2025 , 06:19:24,1809,1809
2205,01/08/2025 , 07:19:24,1809,1809
2206,01/08/2025 , 08:19:24,1809,1809
2207,01/08/2025 , 09:19:24,1809,1809
2208,01/08/2025 , 10:19:24,1808,1808
2209,01/08/2025 , 11:19:24,1808,1808
2210,01/08/2025 , 12:19:24,1807,1807
2211,01/08/2025 , 13:19:24,1806,1806
2212,01/08/2025 , 14:19:24,1805,1805
2213,01/08/2025 , 15:19:24,1804,1804
2214,01/08/2025 , 16:19:24,1802,1802
2215,01/08/2025 , 17:19:24,1801,1801
2216,01/08/2025 , 18:19:24,1800,1800
2217,01/08/2025 , 19:19:24,1799,1799
2218,01/08/2025 , 20:19:24,1798,1798
2219,01/08/2025 , 21:19:24,1797,1797
2220,01/08/2025 , 22:19:24,1797,1797
2221,01/08/2025 , 23:19:24,1796,1796
2222,02/08/2025 , 00:19:24,1796,1796
2223,02/08/2025 , 01:19:24,1795,1795
2224,02/08/2025 , 02:19:24,1795,1795
2225,02/08/2025 , 03:19:24,1795,1795
2226,02/08/2025 , 04:19:24,1794,1794
2227,02/08/2025 , 05:19:24,1794,1794
2228,02/08/2025 , 06:19:24,1795,1795
2229,02/08/2025 , 07:19:24,1795,1795
2230,02/08/2025 , 08:19:24,1796,1796
2231,02/08/2025 , 09:19:24,1796,1796
2232,02/08/2025 , 10:19:24,1796,1796
2233,02/08/2025 , 11:19:24,1795,1795
2234,02/08/2025 , 12:19:24,1795,1795
2235,02/08/2025 , 13:19:24,1794,1794
2236,02/08/2025 , 14:19:24,1793,1793
2237,02/08/2025 , 15:19:24,1792,1792
2238,02/08/2025 , 16:19:24,1791,1791
2239,02/08/2025 , 17:19:24,1789,1789
2240,02/08/2025 , 18:19:24,1797,1797
2241,02/08/2025 , 19:19:24,1809,1809
2242,02/08/2025 , 20:19:24,2005,2005
2243,02/08/2025 , 21:19:24,1995,1995
2244,02/08/2025 , 22:19:24,1983,1983
2245,02/08/2025 , 23:19:24,1976,1976
2246,03/08/2025 , 00:19:24,1979,1979
2247,03/08/2025 , 01:19:24,1968,1968
2248,03/08/2025 , 02:19:24,1964,1964
2249,03/08/2025 , 03:19:24,1960,1960
2250,03/08/2025 , 04:19:24,1957,1957
2251,03/08/2025 , 05:19:24,1953,1953
2252,03/08/2025 , 06:19:24,1951,1951
2253,03/08/2025 , 07:19:24,1946,1946
2254,03/08/2025 , 08:19:24,1943,1943
2255,03/08/2025 , 09:19:24,1940,1940
2256,03/08/2025 , 10:19:24,1937,1937
2257,03/08/2025 , 11:19:24,1934,1934
2258,03/08/2025 , 12:19:24,1927,1927
2259,03/08/2025 , 13:19:24,1921,1921
2260,03/08/2025 , 14:19:24,1918,1918
2261,03/08/2025 , 15:19:24,1914,1914
2262,03/08/2025 , 16:19:24,1910,1910
2263,03/08/2025 , 17:19:24,1907,1907
2264,03/08/2025 , 18:19:24,1904,1904
2265,03/08/2025 , 19:19:24,1901,1901
2266,03/08/2025 , 20:19:24,1898,1898
2267,03/08/2025 , 21:19:24,1899,1899
2268,03/08/2025 , 22:19:24,1901,1901
2269,03/08/2025 , 23:19:24,1898,1898
2270,04/08/2025 , 00:19:24,1900,1900
2271,04/08/2025 , 01:19:24,1906,1906
2272,04/08/2025 , 02:19:24,1906,1906
2273,04/08/2025 , 03:19:24,1904,1904
2274,04/08/2025 , 04:19:24,1903,1903
2275,04/08/2025 , 05:19:24,1902,1902
2276,04/08/2025 , 06:19:24,1901,1901
2277,04/08/2025 , 07:19:24,1900,1900
2278,04/08/2025 , 08:19:24,1898,1898
2279,04/08/2025 , 09:19:24,1897,1897
2280,04/08/2025 , 10:19:24,1896,1896
2281,04/08/2025 , 11:19:24,1895,1895
2282,04/08/2025 , 12:19:24,1892,1892
2283,04/08/2025 , 13:19:24,1888,1888
2284,04/08/2025 , 14:19:24,1885,1885
2285,04/08/2025 , 15:19:24,1882,1882
2286,04/08/2025 , 16:19:24,1879,1879
2287,04/08/2025 , 17:19:24,1877,1877
2288,04/08/2025 , 18:19:24,1874,1874
2289,04/08/2025 , 19:19:24,1872,1872
2290,04/08/2025 , 20:19:24,1870,1870
2291,04/08/2025 , 21:19:24,1868,1868
2292,04/08/2025 , 22:19:24,1866,1866
2293,04/08/2025 , 23:19:24,1865,1865
2294,05/08/2025 , 00:19:24,1864,1864
2295,05/08/2025 , 01:19:24,1863,1863
2296,05/08/2025 , 02:19:24,1862,1862
2297,05/08/2025 , 03:19:24,1860,1860
2298,05/08/2025 , 04:19:24,1860,1860
2299,05/08/2025 , 05:19:24,1858,1858
2300,05/08/2025 , 06:19:24,1858,1858
2301,05/08/2025 , 07:19:24,1858,1858
2302,05/08/2025 , 08:19:24,1858,1858
2303,05/08/2025 , 09:19:24,1857,1857
2304,05/08/2025 , 10:19:24,1856,1856
2305,05/08/2025 , 11:19:24,1854,1854
2306,05/08/2025 , 12:19:24,1853,1853
2307,05/08/2025 , 13:19:24,1851,1851
2308,05/08/2025 , 14:19:24,1849,1849
2309,05/08/2025 , 15:19:24,1848,1848
2310,05/08/2025 , 16:19:24,1846,1846
2311,05/08/2025 , 17:19:24,1844,1844
2312,05/08/2025 , 18:19:24,1843,1843
2313,05/08/2025 , 19:19:24,1842,1842
2314,05/08/2025 , 20:19:24,1841,1841
2315,05/08/2025 , 21:19:24,1840,1840
2316,05/08/2025 , 22:19:24,1839,1839
2317,05/08/2025 , 23:19:24,1838,1838
2318,06/08/2025 , 00:19:24,1838,1838
2319,06/08/2025 , 01:19:24,1837,1837
2320,06/08/2025 , 02:19:24,1836,1836
2321,06/08/2025 , 03:19:24,1836,1836
2322,06/08/2025 , 04:19:24,1836,1836
2323,06/08/2025 , 05:19:24,1835,1835
2324,06/08/2025 , 06:19:24,1835,1835
2325,06/08/2025 , 07:19:24,1836,1836
2326,06/08/2025 , 08:19:24,1836,1836
2327,06/08/2025 , 09:19:24,1835,1835
2328,06/08/2025 , 10:19:24,1835,1835
2329,06/08/2025 , 11:19:24,1834,1834
2330,06/08/2025 , 12:19:24,1833,1833
2331,06/08/2025 , 13:19:24,1832,1832
2332,06/08/2025 , 14:19:24,1831,1831
2333,06/08/2025 , 15:19:24,1831,1831
2334,06/08/2025 , 16:19:24,1830,1830
2335,06/08/2025 , 17:19:24,1829,1829
2336,06/08/2025 , 18:19:24,1829,1829
2337,06/08/2025 , 19:19:24,1828,1828
2338,06/08/2025 , 20:19:24,1828,1828
2339,06/08/2025 , 21:19:24,1828,1828
2340,06/08/2025 , 22:19:24,1827,1827
2341,06/08/2025 , 23:19:24,1827,1827
2342,07/08/2025 , 00:19:24,1827,1827
2343,07/08/2025 , 01:19:24,1827,1827
2344,07/08/2025 , 02:19:24,1826,1826
2345,07/08/2025 , 03:19:24,1826,1826
2346,07/08/2025 , 04:19:24,1826,1826
2347,07/08/2025 , 05:19:24,1825,1825
2348,07/08/2025 , 06:19:24,1825,1825
2349,07/08/2025 , 07:19:24,1825,1825
2350,07/08/2025 , 08:19:24,1826,1826
2351,07/08/2025 , 09:19:24,1826,1826
2352,07/08/2025 , 10:19:24,1826,1826
2353,07/08/2025 , 11:19:24,1826,1826
2354,07/08/2025 , 12:19:24,1825,1825
2355,07/08/2025 , 13:19:24,1825,1825
2356,07/08/2025 , 14:19:24,1823,1823
2357,07/08/2025 , 15:19:24,1823,1823
2358,07/08/2025 , 16:19:24,1821,1821
2359,07/08/2025 , 17:19:24,1820,1820
2360,07/08/2025 , 18:19:24,1819,1819
2361,07/08/2025 , 19:19:24,1818,1818
2362,07/08/2025 , 20:19:24,1817,1817
2363,07/08/2025 , 21:19:24,1817,1817
2364,07/08/2025 , 22:19:24,1816,1816
2365,07/08/2025 , 23:19:24,1816,1816
2366,08/08/2025 , 00:19:24,1815,1815
2367,08/08/2025 , 01:19:24,1815,1815
2368,08/08/2025 , 02:19:24,1815,1815
2369,08/08/2025 , 03:19:24,1815,1815
2370,08/08/2025 , 04:19:24,1815,1815
2371,08/08/2025 , 05:19:24,1815,1815
2372,08/08/2025 , 06:19:24,1815,1815
2373,08/08/2025 , 07:19:24,1815,1815
2374,08/08/2025 , 08:19:24,1815,1815
2375,08/08/2025 , 09:19:24,1815,1815
2376,08/08/2025 , 10:19:24,1815,1815
2377,08/08/2025 , 11:19:24,1815,1815
2378,08/08/2025 , 12:19:24,1814,1814
2379,08/08/2025 , 13:19:24,1813,1813
2380,08/08/2025 , 14:19:24,1812,1812
2381,08/08/2025 , 15:19:24,1811,1811
2382,08/08/2025 , 16:19:24,1810,1810
2383,08/08/2025 , 17:19:24,1809,1809
2384,08/08/2025 , 18:19:24,1808,1808
2385,08/08/2025 , 19:19:24,1807,1807
2386,08/08/2025 , 20:19:24,1806,1806
2387,08/08/2025 , 21:19:24,1805,1805
2388,08/08/2025 , 22:19:24,1805,1805
2389,08/08/2025 , 23:19:24,1804,1804
2390,09/08/2025 , 00:19:24,1803,1803
2391,09/08/2025 , 01:19:24,1803,1803
2392,09/08/2025 , 02:19:24,1803,1803
2393,09/08/2025 , 03:19:24,1802,1802
2394,09/08/2025 , 04:19:24,1802,1802
2395,09/08/2025 , 05:19:24,1802,1802
2396,09/08/2025 , 06:19:24,1802,1802
2397,09/08/2025 , 07:19:24,1802,1802
2398,09/08/2025 , 08:19:24,1803,1803
2399,09/08/2025 , 09:19:24,1803,1803
2400,09/08/2025 , 10:19:24,1802,1802
2401,09/08/2025 , 11:19:24,1802,1802
2402,09/08/2025 , 12:19:24,1801,1801
2403,09/08/2025 , 13:19:24,1801,1801
2404,09/08/2025 , 14:19:24,1799,1799
2405,09/08/2025 , 15:19:24,1798,1798
2406,09/08/2025 , 16:19:24,1797,1797
2407,09/08/2025 , 17:19:24,1796,1796
2408,09/08/2025 , 18:19:24,1795,1795
2409,09/08/2025 , 19:19:24,1794,1794
2410,09/08/2025 , 20:19:24,1793,1793
2411,09/08/2025 , 21:19:24,1792,1792
2412,09/08/2025 , 22:19:24,1792,1792
2413,09/08/2025 , 23:19:24,1791,1791
2414,10/08/2025 , 00:19:24,1791,1791
2415,10/08/2025 , 01:19:24,1790,1790
2416,10/08/2025 , 02:19:24,1790,1790
2417,10/08/2025 , 03:19:24,1789,1789
2418,10/08/2025 , 04:19:24,1789,1789
2419,10/08/2025 , 05:19:24,1789,1789
2420,10/08/2025 , 06:19:24,1788,1788
2421,10/08/2025 , 07:19:24,1789,1789
2422,10/08/2025 , 08:19:24,1789,1789
2423,10/08/2025 , 09:19:24,1789,1789
2424,10/08/2025 , 10:19:24,1788,1788
2425,10/08/2025 , 11:19:24,1788,1788
2426,10/08/2025 , 12:19:24,1788,1788
2427,10/08/2025 , 13:19:24,1787,1787
2428,10/08/2025 , 14:19:24,1785,1785
2429,10/08/2025 , 15:19:24,1785,1785
2430,10/08/2025 , 16:19:24,1783,1783
2431,10/08/2025 , 17:19:24,1781,1781
2432,10/08/2025 , 18:19:24,1779,1779
2433,10/08/2025 , 19:19:24,1778,1778
2434,10/08/2025 , 20:19:24,1777,1777
2435,10/08/2025 , 21:19:24,1776,1776
2436,10/08/2025 , 22:19:24,1776,1776
2437,10/08/2025 , 23:19:24,1775,1775
2438,11/08/2025 , 00:19:24,1775,1775
2439,11/08/2025 , 01:19:24,1774,1774
2440,11/08/2025 , 02:19:24,1774,1774
2441,11/08/2025 , 03:19:24,1773,1773
2442,11/08/2025 , 04:19:24,1773,1773
2443,11/08/2025 , 05:19:24,1773,1773
2444,11/08/2025 , 06:19:24,1773,1773
2445,11/08/2025 , 07:19:24,1773,1773
2446,11/08/2025 , 08:19:24,1773,1773
2447,11/08/2025 , 09:19:24,1773,1773
2448,11/08/2025 , 10:19:24,1772,1772
2449,11/08/2025 , 11:19:24,1772,1772
2450,11/08/2025 , 12:19:24,1771,1771
2451,11/08/2025 , 13:19:24,1770,1770
2452,11/08/2025 , 14:19:24,1769,1769
2453,11/08/2025 , 15:19:24,1768,1768
2454,11/08/2025 , 16:19:24,1768,1768
2455,11/08/2025 , 17:19:24,1766,1766
2456,11/08/2025 , 18:19:24,1765,1765
2457,11/08/2025 , 19:19:24,1764,1764
2458,11/08/2025 , 20:19:24,1764,1764
2459,11/08/2025 , 21:19:24,1763,1763
2460,11/08/2025 , 22:19:24,1763,1763
2461,11/08/2025 , 23:19:24,1762,1762
2462,12/08/2025 , 00:19:24,1762,1762
2463,12/08/2025 , 01:19:24,1762,1762
2464,12/08/2025 , 02:19:24,1761,1761
2465,12/08/2025 , 03:19:24,1762,1762
2466,12/08/2025 , 04:19:24,1761,1761
2467,12/08/2025 , 05:19:24,1762,1762
2468,12/08/2025 , 06:19:24,1762,1762
2469,12/08/2025 , 07:19:24,1762,1762
2470,12/08/2025 , 08:19:24,1763,1763
2471,12/08/2025 , 09:19:24,1763,1763
2472,12/08/2025 , 10:19:24,1762,1762
2473,12/08/2025 , 11:19:24,1762,1762
2474,12/08/2025 , 12:19:24,1762,1762
2475,12/08/2025 , 13:19:24,1762,1762
2476,12/08/2025 , 14:19:24,1761,1761
2477,12/08/2025 , 15:19:24,1761,1761
2478,12/08/2025 , 16:19:24,1761,1761
2479,12/08/2025 , 17:19:24,1760,1760
2480,12/08/2025 , 18:19:24,1758,1758
2481,12/08/2025 , 19:19:24,1755,1755
2482,12/08/2025 , 20:19:24,1751,1751
2483,12/08/2025 , 21:19:24,1750,1750
2484,12/08/2025 , 22:19:24,1749,1749
2485,12/08/2025 , 23:19:24,1748,1748
2486,13/08/2025 , 00:19:24,1747,1747
2487,13/08/2025 , 01:19:24,1746,1746
2488,13/08/2025 , 02:19:24,1746,1746
2489,13/08/2025 , 03:19:24,1746,1746
2490,13/08/2025 , 04:19:24,1746,1746
2491,13/08/2025 , 05:19:24,1745,1745
2492,13/08/2025 , 06:19:24,1746,1746
2493,13/08/2025 , 07:19:24,1746,1746
2494,13/08/2025 , 08:19:24,1747,1747
2495,13/08/2025 , 09:19:24,1747,1747
2496,13/08/2025 , 10:19:24,1747,1747
2497,13/08/2025 , 11:19:24,1746,1746
2498,13/08/2025 , 12:19:24,1746,1746
2499,13/08/2025 , 13:19:24,1744,1744
2500,13/08/2025 , 14:19:24,1743,1743
2501,13/08/2025 , 15:19:24,1745,1745
2502,13/08/2025 , 16:19:24,1748,1748
2503,13/08/2025 , 17:19:24,1749,1749
2504,13/08/2025 , 18:19:24,1750,1750
2505,13/08/2025 , 19:19:24,1751,1751
2506,13/08/2025 , 20:19:24,1752,1752
2507,13/08/2025 , 21:19:24,1753,1753
2508,13/08/2025 , 22:19:24,1754,1754
2509,13/08/2025 , 23:19:24,1756,1756
2510,14/08/2025 , 00:19:24,1756,1756
2511,14/08/2025 , 01:19:24,1756,1756
2512,14/08/2025 , 02:19:24,1758,1758
2513,14/08/2025 , 03:19:24,1765,1765
2514,14/08/2025 , 04:19:24,1769,1769
2515,14/08/2025 , 05:19:24,1773,1773
2516,14/08/2025 , 06:19:24,1776,1776
2517,14/08/2025 , 07:19:24,1779,1779
2518,14/08/2025 , 08:19:24,1781,1781
2519,14/08/2025 , 09:19:24,1782,1782
2520,14/08/2025 , 10:19:24,1784,1784
2521,14/08/2025 , 11:19:24,1785,1785
2522,14/08/2025 , 12:19:24,1786,1786
2523,14/08/2025 , 13:19:24,1787,1787
2524,14/08/2025 , 14:19:24,1787,1787
2525,14/08/2025 , 15:19:24,1787,1787
2526,14/08/2025 , 16:19:24,1787,1787
2527,14/08/2025 , 17:19:24,1787,1787
2528,14/08/2025 , 18:19:24,1786,1786
2529,14/08/2025 , 19:19:24,1786,1786
2530,14/08/2025 , 20:19:24,1785,1785
2531,14/08/2025 , 21:19:24,1784,1784
2532,14/08/2025 , 22:19:24,1784,1784
2533,14/08/2025 , 23:19:24,1783,1783
2534,15/08/2025 , 00:19:24,1782,1782
2535,15/08/2025 , 01:19:24,1780,1780
2536,15/08/2025 , 02:19:24,1780,1780
2537,15/08/2025 , 03:19:24,1779,1779
2538,15/08/2025 , 04:19:24,1778,1778
2539,15/08/2025 , 05:19:24,1777,1777
2540,15/08/2025 , 06:19:24,1777,1777
2541,15/08/2025 , 07:19:24,1778,1778
2542,15/08/2025 , 08:19:24,1778,1778
2543,15/08/2025 , 09:19:24,1777,1777
2544,15/08/2025 , 10:19:24,1776,1776
2545,15/08/2025 , 11:19:24,1775,1775
2546,15/08/2025 , 12:19:24,1774,1774
2547,15/08/2025 , 13:19:24,1773,1773
2548,15/08/2025 , 14:19:24,1771,1771
2549,15/08/2025 , 15:19:24,1770,1770
2550,15/08/2025 , 16:19:24,1769,1769
2551,15/08/2025 , 17:19:24,1768,1768
2552,15/08/2025 , 18:19:24,1767,1767
2553,15/08/2025 , 19:19:24,1766,1766
2554,15/08/2025 , 20:19:24,1765,1765
2555,15/08/2025 , 21:19:24,1764,1764
2556,15/08/2025 , 22:19:24,1764,1764
2557,15/08/2025 , 23:19:24,1763,1763
2558,16/08/2025 , 00:19:24,1762,1762
2559,16/08/2025 , 01:19:24,1762,1762
2560,16/08/2025 , 02:19:24,1762,1762
2561,16/08/2025 , 03:19:24,1761,1761
2562,16/08/2025 , 04:19:24,1761,1761
2563,16/08/2025 , 05:19:24,1761,1761
2564,16/08/2025 , 06:19:24,1761,1761
2565,16/08/2025 , 07:19:24,1762,1762
2566,16/08/2025 , 08:19:24,1763,1763
2567,16/08/2025 , 09:19:24,1762,1762
2568,16/08/2025 , 10:19:24,1762,1762
2569,16/08/2025 , 11:19:24,1762,1762
2570,16/08/2025 , 12:19:24,1762,1762
2571,16/08/2025 , 13:19:24,1761,1761
2572,16/08/2025 , 14:19:24,1760,1760
2573,16/08/2025 , 15:19:24,1758,1758
2574,16/08/2025 , 16:19:24,1758,1758
2575,16/08/2025 , 17:19:24,1756,1756
2576,16/08/2025 , 18:19:24,1756,1756
2577,16/08/2025 , 19:19:24,1755,1755
2578,16/08/2025 , 20:19:24,1753,1753
2579,16/08/2025 , 21:19:24,1753,1753
2580,16/08/2025 , 22:19:24,1752,1752
2581,16/08/2025 , 23:19:24,1752,1752
2582,17/08/2025 , 00:19:24,1752,1752
2583,17/08/2025 , 01:19:24,1752,1752
2584,17/08/2025 , 02:19:24,1753,1753
2585,17/08/2025 , 03:19:24,1753,1753
2586,17/08/2025 , 04:19:24,1754,1754
2587,17/08/2025 , 05:19:24,1754,1754
2588,17/08/2025 , 06:19:24,1754,1754
2589,17/08/2025 , 07:19:24,1759,1759
2590,17/08/2025 , 08:19:24,1761,1761
2591,17/08/2025 , 09:19:24,1765,1765
2592,17/08/2025 , 10:19:24,1771,1771
2593,17/08/2025 , 11:19:24,1780,1780
2594,17/08/2025 , 12:19:24,1794,1794
2595,17/08/2025 , 13:19:24,1817,1817
2596,17/08/2025 , 14:19:24,1833,1833
2597,17/08/2025 , 15:19:24,1841,1841
2598,17/08/2025 , 16:19:24,1843,1843
2599,17/08/2025 , 17:19:24,1843,1843
2600,17/08/2025 , 18:19:24,1840,1840
2601,17/08/2025 , 19:19:24,1837,1837
2602,17/08/2025 , 20:19:24,1834,1834
2603,17/08/2025 , 21:19:24,1831,1831
2604,17/08/2025 , 22:19:24,1829,1829
2605,17/08/2025 , 23:19:24,1828,1828
2606,18/08/2025 , 00:19:24,1827,1827
2607,18/08/2025 , 01:19:24,1826,1826
2608,18/08/2025 , 02:19:24,1824,1824
2609,18/08/2025 , 03:19:24,1823,1823
2610,18/08/2025 , 04:19:24,1822,1822
2611,18/08/2025 , 05:19:24,1821,1821
2612,18/08/2025 , 06:19:24,1820,1820
2613,18/08/2025 , 07:19:24,1821,1821
2614,18/08/2025 , 08:19:24,1821,1821
2615,18/08/2025 , 09:19:24,1819,1819
2616,18/08/2025 , 10:19:24,1818,1818
2617,18/08/2025 , 11:19:24,1817,1817
2618,18/08/2025 , 12:19:24,1816,1816
2619,18/08/2025 , 13:19:24,1814,1814
2620,18/08/2025 , 14:19:24,1813,1813
2621,18/08/2025 , 15:19:24,1811,1811
2622,18/08/2025 , 16:19:24,1811,1811
2623,18/08/2025 , 17:19:24,1809,1809
2624,18/08/2025 , 18:19:24,1808,1808
2625,18/08/2025 , 19:19:24,1806,1806
2626,18/08/2025 , 20:19:24,1805,1805
2627,18/08/2025 , 21:19:24,1804,1804
2628,18/08/2025 , 22:19:24,1802,1802
2629,18/08/2025 , 23:19:24,1801,1801
2630,19/08/2025 , 00:19:24,1800,1800
2631,19/08/2025 , 01:19:24,1799,1799
2632,19/08/2025 , 02:19:24,1798,1798
2633,19/08/2025 , 03:19:24,1798,1798
2634,19/08/2025 , 04:19:24,1797,1797
2635,19/08/2025 , 05:19:24,1797,1797
2636,19/08/2025 , 06:19:24,1796,1796
2637,19/08/2025 , 07:19:24,1797,1797
2638,19/08/2025 , 08:19:24,1796,1796
2639,19/08/2025 , 09:19:24,1797,1797
2640,19/08/2025 , 10:19:24,1796,1796
2641,19/08/2025 , 11:19:24,1796,1796
2642,19/08/2025 , 12:19:24,1795,1795
2643,19/08/2025 , 13:19:24,1794,1794
2644,19/08/2025 , 14:19:24,1792,1792
2645,19/08/2025 , 15:19:24,1791,1791
2646,19/08/2025 , 16:19:24,1790,1790
2647,19/08/2025 , 17:19:24,1788,1788
2648,19/08/2025 , 18:19:24,1787,1787
2649,19/08/2025 , 19:19:24,1785,1785
2650,19/08/2025 , 20:19:24,1784,1784
2651,19/08/2025 , 21:19:24,1783,1783
2652,19/08/2025 , 22:19:24,1783,1783
2653,19/08/2025 , 23:19:24,1782,1782
2654,20/08/2025 , 00:19:24,1781,1781
2655,20/08/2025 , 01:19:24,1780,1780
2656,20/08/2025 , 02:19:24,1780,1780
2657,20/08/2025 , 03:19:24,1779,1779
2658,20/08/2025 , 04:19:24,1779,1779
2659,20/08/2025 , 05:19:24,1778,1778
2660,20/08/2025 , 06:19:24,1778,1778
2661,20/08/2025 , 07:19:24,1778,1778
2662,20/08/2025 , 08:19:24,1777,1777
2663,20/08/2025 , 09:19:24,1777,1777
2664,20/08/2025 , 10:19:24,1777,1777
2665,20/08/2025 , 11:19:24,1776,1776
2666,20/08/2025 , 12:19:24,1776,1776
2667,20/08/2025 , 13:19:24,1775,1775
2668,20/08/2025 , 14:19:24,1775,1775
2669,20/08/2025 , 15:19:24,1774,1774
2670,20/08/2025 , 16:19:24,1773,1773
2671,20/08/2025 , 17:19:24,1772,1772
2672,20/08/2025 , 18:19:24,1771,1771
2673,20/08/2025 , 19:19:24,1770,1770
2674,20/08/2025 , 20:19:24,1769,1769
2675,20/08/2025 , 21:19:24,1769,1769
2676,20/08/2025 , 22:19:24,1768,1768
2677,20/08/2025 , 23:19:24,1768,1768
2678,21/08/2025 , 00:19:24,1768,1768
2679,21/08/2025 , 01:19:24,1767,1767
2680,21/08/2025 , 02:19:24,1767,1767
2681,21/08/2025 , 03:19:24,1766,1766
2682,21/08/2025 , 04:19:24,1766,1766
2683,21/08/2025 , 05:19:24,1766,1766
2684,21/08/2025 , 06:19:24,1766,1766
2685,21/08/2025 , 07:19:24,1766,1766
2686,21/08/2025 , 08:19:24,1768,1768
2687,21/08/2025 , 09:19:24,1767,1767
2688,21/08/2025 , 10:19:24,1767,1767
2689,21/08/2025 , 11:19:24,1766,1766
2690,21/08/2025 , 12:19:24,1766,1766
2691,21/08/2025 , 13:19:24,1765,1765
2692,21/08/2025 , 14:19:24,1764,1764
2693,21/08/2025 , 15:19:24,1764,1764
2694,21/08/2025 , 16:19:24,1764,1764
2695,21/08/2025 , 17:19:24,1762,1762
2696,21/08/2025 , 18:19:24,1762,1762
2697,21/08/2025 , 19:19:24,1761,1761
2698,21/08/2025 , 20:19:24,1760,1760
2699,21/08/2025 , 21:19:24,1759,1759
2700,21/08/2025 , 22:19:24,1759,1759
2701,21/08/2025 , 23:19:24,1759,1759
2702,22/08/2025 , 00:19:24,1758,1758
2703,22/08/2025 , 01:19:24,1758,1758
2704,22/08/2025 , 02:19:24,1757,1757
2705,22/08/2025 , 03:19:24,1757,1757
2706,22/08/2025 , 04:19:24,1757,1757
2707,22/08/2025 , 05:19:24,1757,1757
2708,22/08/2025 , 06:19:24,1757,1757
2709,22/08/2025 , 07:19:24,1757,1757
2710,22/08/2025 , 08:19:24,1758,1758
2711,22/08/2025 , 09:19:24,1757,1757
2712,22/08/2025 , 10:19:24,1757,1757
2713,22/08/2025 , 11:19:24,1756,1756
2714,22/08/2025 , 12:19:24,1756,1756
2715,22/08/2025 , 13:19:24,1756,1756
2716,22/08/2025 , 14:19:24,1754,1754
2717,22/08/2025 , 15:19:24,1753,1753
2718,22/08/2025 , 16:19:24,1752,1752
2719,22/08/2025 , 17:19:24,1750,1750
2720,22/08/2025 , 18:19:24,1749,1749
2721,22/08/2025 , 19:19:24,1748,1748
2722,22/08/2025 , 20:19:24,1748,1748
2723,22/08/2025 , 21:19:24,1747,1747
2724,22/08/2025 , 22:19:24,1746,1746
2725,22/08/2025 , 23:19:24,1746,1746
2726,23/08/2025 , 00:19:24,1746,1746
2727,23/08/2025 , 01:19:24,1746,1746
2728,23/08/2025 , 02:19:24,1745,1745
2729,23/08/2025 , 03:19:24,1745,1745
2730,23/08/2025 , 04:19:24,1745,1745
2731,23/08/2025 , 05:19:24,1745,1745
2732,23/08/2025 , 06:19:24,1745,1745
2733,23/08/2025 , 07:19:24,1745,1745
2734,23/08/2025 , 08:19:24,1746,1746
2735,23/08/2025 , 09:19:24,1746,1746
2736,23/08/2025 , 10:19:24,1746,1746
2737,23/08/2025 , 11:19:24,1746,1746
2738,23/08/2025 , 12:19:24,1745,1745
2739,23/08/2025 , 13:19:24,1744,1744
2740,23/08/2025 , 14:19:24,1743,1743
2741,23/08/2025 , 15:19:24,1741,1741
2742,23/08/2025 , 16:19:24,1741,1741
2743,23/08/2025 , 17:19:24,1740,1740
2744,23/08/2025 , 18:19:24,1740,1740
2745,23/08/2025 , 19:19:24,1738,1738
2746,23/08/2025 , 20:19:24,1738,1738
2747,23/08/2025 , 21:19:24,1738,1738
2748,23/08/2025 , 22:19:24,1738,1738
2749,23/08/2025 , 23:19:24,1738,1738
2750,24/08/2025 , 00:19:24,1738,1738
2751,24/08/2025 , 01:19:24,1737,1737
2752,24/08/2025 , 02:19:24,1738,1738
2753,24/08/2025 , 03:19:24,1738,1738
2754,24/08/2025 , 04:19:24,1738,1738
2755,24/08/2025 , 05:19:24,1738,1738
2756,24/08/2025 , 06:19:24,1738,1738
2757,24/08/2025 , 07:19:24,1738,1738
2758,24/08/2025 , 08:19:24,1743,1743
2759,24/08/2025 , 09:19:24,1744,1744
2760,24/08/2025 , 10:19:24,1745,1745
2761,24/08/2025 , 11:19:24,1746,1746
2762,24/08/2025 , 12:19:24,1747,1747
2763,24/08/2025 , 13:19:24,1748,1748
2764,24/08/2025 , 14:19:24,1748,1748
2765,24/08/2025 , 15:19:24,1749,1749
2766,24/08/2025 , 16:19:24,1748,1748
2767,24/08/2025 , 17:19:24,1748,1748
2768,24/08/2025 , 18:19:24,1748,1748
2769,24/08/2025 , 19:19:24,1749,1749
2770,24/08/2025 , 20:19:24,1749,1749
2771,24/08/2025 , 21:19:24,1749,1749
2772,24/08/2025 , 22:19:24,1749,1749
2773,24/08/2025 , 23:19:24,1749,1749
2774,25/08/2025 , 00:19:24,1749,1749
2775,25/08/2025 , 01:19:24,1749,1749
2776,25/08/2025 , 02:19:24,1749,1749
2777,25/08/2025 , 03:19:24,1750,1750
2778,25/08/2025 , 04:19:24,1750,1750
2779,25/08/2025 , 05:19:24,1750,1750
2780,25/08/2025 , 06:19:24,1755,1755
2781,25/08/2025 , 07:19:24,1754,1754
2782,25/08/2025 , 08:19:24,1754,1754
2783,25/08/2025 , 09:19:24,1756,1756
2784,25/08/2025 , 10:19:24,1758,1758
2785,25/08/2025 , 11:19:24,1758,1758
2786,25/08/2025 , 12:19:24,1760,1760
2787,25/08/2025 , 13:19:24,1761,1761
2788,25/08/2025 , 14:19:24,1762,1762
2789,25/08/2025 , 15:19:24,1761,1761
2790,25/08/2025 , 16:19:24,1761,1761
2791,25/08/2025 , 17:19:24,1762,1762
2792,25/08/2025 , 18:19:24,1762,1762
2793,25/08/2025 , 19:19:24,1762,1762
2794,25/08/2025 , 20:19:24,1761,1761
2795,25/08/2025 , 21:19:24,1762,1762
2796,25/08/2025 , 22:19:24,1762,1762
2797,25/08/2025 , 23:19:24,1762,1762
2798,26/08/2025 , 00:19:24,1762,1762
2799,26/08/2025 , 01:19:24,1762,1762
2800,26/08/2025 , 02:19:24,1762,1762
2801,26/08/2025 , 03:19:24,1762,1762
2802,26/08/2025 , 04:19:24,1762,1762
2803,26/08/2025 , 05:19:24,1763,1763
2804,26/08/2025 , 06:19:24,1763,1763
2805,26/08/2025 , 07:19:24,1763,1763
2806,26/08/2025 , 08:19:24,1763,1763
2807,26/08/2025 , 09:19:24,1763,1763
2808,26/08/2025 , 10:19:24,1763,1763
2809,26/08/2025 , 11:19:24,1763,1763
2810,26/08/2025 , 12:19:24,1763,1763
2811,26/08/2025 , 13:19:24,1763,1763
2812,26/08/2025 , 14:19:24,1762,1762
2813,26/08/2025 , 15:19:24,1761,1761
2814,26/08/2025 , 16:19:24,1761,1761
2815,26/08/2025 , 17:19:24,1761,1761
2816,26/08/2025 , 18:19:24,1760,1760
2817,26/08/2025 , 19:19:24,1759,1759
2818,26/08/2025 , 20:19:24,1759,1759
2819,26/08/2025 , 21:19:24,1758,1758
2820,26/08/2025 , 22:19:24,1758,1758
2821,26/08/2025 , 23:19:24,1757,1757
2822,27/08/2025 , 00:19:24,1757,1757
2823,27/08/2025 , 01:19:24,1757,1757
2824,27/08/2025 , 02:19:24,1757,1757
2825,27/08/2025 , 03:19:24,1756,1756
2826,27/08/2025 , 04:19:24,1756,1756
2827,27/08/2025 , 05:19:24,1755,1755
2828,27/08/2025 , 06:19:24,1754,1754
2829,27/08/2025 , 07:19:24,1755,1755
2830,27/08/2025 , 08:19:24,1754,1754
2831,27/08/2025 , 09:19:24,1754,1754
2832,27/08/2025 , 10:19:24,1754,1754
2833,27/08/2025 , 11:19:24,1753,1753
2834,27/08/2025 , 12:19:24,1753,1753
2835,27/08/2025 , 13:19:24,1753,1753
2836,27/08/2025 , 14:19:24,1753,1753
2837,27/08/2025 , 15:19:24,1752,1752
2838,27/08/2025 , 16:19:24,1752,1752
2839,27/08/2025 , 17:19:24,1751,1751
2840,27/08/2025 , 18:19:24,1751,1751
2841,27/08/2025 , 19:19:24,1749,1749
2842,27/08/2025 , 20:19:24,1748,1748
2843,27/08/2025 , 21:19:24,1748,1748
2844,27/08/2025 , 22:19:24,1747,1747
2845,27/08/2025 , 23:19:24,1747,1747
2846,28/08/2025 , 00:19:24,1746,1746
2847,28/08/2025 , 01:19:24,1746,1746
2848,28/08/2025 , 02:19:24,1745,1745
2849,28/08/2025 , 03:19:24,1746,1746
2850,28/08/2025 , 04:19:24,1745,1745
2851,28/08/2025 , 05:19:24,1744,1744
2852,28/08/2025 , 06:19:24,1744,1744
2853,28/08/2025 , 07:19:24,1745,1745
2854,28/08/2025 , 08:19:24,1746,1746
2855,28/08/2025 , 09:19:24,1746,1746
2856,28/08/2025 , 10:19:24,1746,1746
2857,28/08/2025 , 11:19:24,1745,1745
2858,28/08/2025 , 12:19:24,1745,1745
2859,28/08/2025 , 13:19:24,1744,1744
2860,28/08/2025 , 14:19:24,1744,1744
2861,28/08/2025 , 15:19:24,1744,1744
2862,28/08/2025 , 16:19:24,1744,1744
2863,28/08/2025 , 17:19:24,1744,1744
2864,28/08/2025 , 18:19:24,1744,1744
2865,28/08/2025 , 19:19:24,1744,1744
2866,28/08/2025 , 20:19:24,1744,1744
2867,28/08/2025 , 21:19:24,1749,1749
2868,28/08/2025 , 22:19:24,1747,1747
2869,28/08/2025 , 23:19:24,1747,1747
2870,29/08/2025 , 00:19:24,1747,1747
2871,29/08/2025 , 01:19:24,1747,1747
2872,29/08/2025 , 02:19:24,1747,1747
2873,29/08/2025 , 03:19:24,1749,1749
2874,29/08/2025 , 04:19:24,1748,1748
2875,29/08/2025 , 05:19:24,1748,1748
2876,29/08/2025 , 06:19:24,1749,1749
2877,29/08/2025 , 07:19:24,1749,1749
2878,29/08/2025 , 08:19:24,1750,1750
2879,29/08/2025 , 09:19:24,1749,1749
2880,29/08/2025 , 10:19:24,1750,1750
2881,29/08/2025 , 11:19:24,1750,1750
2882,29/08/2025 , 12:19:24,1750,1750
2883,29/08/2025 , 13:19:24,1752,1752
2884,29/08/2025 , 14:19:24,1752,1752
2885,29/08/2025 , 15:19:24,1752,1752
2886,29/08/2025 , 16:19:24,1752,1752
2887,29/08/2025 , 17:19:24,1752,1752
2888,29/08/2025 , 18:19:24,1752,1752
2889,29/08/2025 , 19:19:24,1752,1752
2890,29/08/2025 , 20:19:24,1752,1752
2891,29/08/2025 , 21:19:24,1752,1752
2892,29/08/2025 , 22:19:24,1752,1752
2893,29/08/2025 , 23:19:24,1752,1752
2894,30/08/2025 , 00:19:24,1752,1752
2895,30/08/2025 , 01:19:24,1752,1752
2896,30/08/2025 , 02:19:24,1752,1752
2897,30/08/2025 , 03:19:24,1752,1752
2898,30/08/2025 , 04:19:24,1752,1752
2899,30/08/2025 , 05:19:24,1752,1752
2900,30/08/2025 , 06:19:24,1752,1752
2901,30/08/2025 , 07:19:24,1752,1752
2902,30/08/2025 , 08:19:24,1752,1752
2903,30/08/2025 , 09:19:24,1752,1752
2904,30/08/2025 , 10:19:24,1753,1753
2905,30/08/2025 , 11:19:24,1753,1753
2906,30/08/2025 , 12:19:24,1753,1753
2907,30/08/2025 , 13:19:24,1753,1753
2908,30/08/2025 , 14:19:24,1752,1752
2909,30/08/2025 , 15:19:24,1752,1752
2910,30/08/2025 , 16:19:24,1752,1752
2911,30/08/2025 , 17:19:24,1751,1751
2912,30/08/2025 , 18:19:24,1750,1750
2913,30/08/2025 , 19:19:24,1754,1754
2914,30/08/2025 , 20:19:24,1755,1755
2915,30/08/2025 , 21:19:24,1756,1756
2916,30/08/2025 , 22:19:24,1757,1757
2917,30/08/2025 , 23:19:24,1757,1757
2918,31/08/2025 , 00:19:24,1757,1757
2919,31/08/2025 , 01:19:24,1758,1758
2920,31/08/2025 , 02:19:24,1759,1759
2921,31/08/2025 , 03:19:24,1758,1758
2922,31/08/2025 , 04:19:24,1759,1759
2923,31/08/2025 , 05:19:24,1759,1759
2924,31/08/2025 , 06:19:24,1760,1760
2925,31/08/2025 , 07:19:24,1760,1760
2926,31/08/2025 , 08:19:24,1760,1760
2927,31/08/2025 , 09:19:24,1760,1760
2928,31/08/2025 , 10:19:24,1760,1760
2929,31/08/2025 , 11:19:24,1761,1761
2930,31/08/2025 , 12:19:24,1761,1761
2931,31/08/2025 , 13:19:24,1761,1761
2932,31/08/2025 , 14:19:24,1760,1760
2933,31/08/2025 , 15:19:24,1760,1760
2934,31/08/2025 , 16:19:24,1759,1759
2935,31/08/2025 , 17:19:24,1759,1759
2936,31/08/2025 , 18:19:24,1758,1758
2937,31/08/2025 , 19:19:24,1758,1758
2938,31/08/2025 , 20:19:24,1757,1757
2939,31/08/2025 , 21:19:24,1756,1756
2940,31/08/2025 , 22:19:24,1757,1757
2941,31/08/2025 , 23:19:24,1756,1756
2942,01/09/2025 , 00:19:24,1756,1756
2943,01/09/2025 , 01:19:24,1756,1756
2944,01/09/2025 , 02:19:24,1755,1755
2945,01/09/2025 , 03:19:24,1754,1754
2946,01/09/2025 , 04:19:24,1754,1754
2947,01/09/2025 , 05:19:24,1754,1754
2948,01/09/2025 , 06:19:24,1753,1753
2949,01/09/2025 , 07:19:24,1754,1754
2950,01/09/2025 , 08:19:24,1754,1754
2951,01/09/2025 , 09:19:24,1754,1754
2952,01/09/2025 , 10:19:24,1754,1754
2953,01/09/2025 , 11:19:24,1753,1753
2954,01/09/2025 , 12:19:24,1752,1752
2955,01/09/2025 , 13:19:24,1752,1752
2956,01/09/2025 , 14:19:24,1751,1751
2957,01/09/2025 , 15:19:24,1750,1750
2958,01/09/2025 , 16:19:24,1749,1749
2959,01/09/2025 , 17:19:24,1748,1748
2960,01/09/2025 , 18:19:24,1747,1747
2961,01/09/2025 , 19:19:24,1746,1746
2962,01/09/2025 , 20:19:24,1746,1746
2963,01/09/2025 , 21:19:24,1746,1746
2964,01/09/2025 , 22:19:24,1745,1745
2965,01/09/2025 , 23:19:24,1745,1745
2966,02/09/2025 , 00:19:24,1745,1745
2967,02/09/2025 , 01:19:24,1744,1744
2968,02/09/2025 , 02:19:24,1744,1744
2969,02/09/2025 , 03:19:24,1744,1744
2970,02/09/2025 , 04:19:24,1744,1744
2971,02/09/2025 , 05:19:24,1744,1744
2972,02/09/2025 , 06:19:24,1744,1744
2973,02/09/2025 , 07:19:24,1744,1744
2974,02/09/2025 , 08:19:24,1745,1745
2975,02/09/2025 , 09:19:24,1746,1746
2976,02/09/2025 , 10:19:24,1745,1745
2977,02/09/2025 , 11:19:24,1746,1746
2978,02/09/2025 , 12:19:24,1745,1745
2979,02/09/2025 , 13:19:24,1744,1744
2980,02/09/2025 , 14:19:24,1744,1744
2981,02/09/2025 , 15:19:24,1744,1744
2982,02/09/2025 , 16:19:24,1743,1743
2983,02/09/2025 , 17:19:24,1743,1743
2984,02/09/2025 , 18:19:24,1742,1742
2985,02/09/2025 , 19:19:24,1741,1741
2986,02/09/2025 , 20:19:24,1741,1741
2987,02/09/2025 , 21:19:24,1741,1741
2988,02/09/2025 , 22:19:24,1741,1741
2989,02/09/2025 , 23:19:24,1741,1741
2990,03/09/2025 , 00:19:24,1741,1741
2991,03/09/2025 , 01:19:24,1741,1741
2992,03/09/2025 , 02:19:24,1741,1741
2993,03/09/2025 , 03:19:24,1740,1740
2994,03/09/2025 , 04:19:24,1743,1743
2995,03/09/2025 , 05:19:24,1747,1747
2996,03/09/2025 , 06:19:24,1751,1751
2997,03/09/2025 , 07:19:24,1755,1755
2998,03/09/2025 , 08:19:24,1757,1757
2999,03/09/2025 , 09:19:24,1758,1758
3000,03/09/2025 , 10:19:24,1760,1760
3001,03/09/2025 , 11:19:24,1762,1762
3002,03/09/2025 , 12:19:24,1763,1763
3003,03/09/2025 , 13:19:24,1764,1764
3004,03/09/2025 , 14:19:24,1764,1764
3005,03/09/2025 , 15:19:24,1766,1766
3006,03/09/2025 , 16:19:24,1767,1767
3007,03/09/2025 , 17:19:24,1768,1768
3008,03/09/2025 , 18:19:24,1769,1769
3009,03/09/2025 , 19:19:24,1769,1769
3010,03/09/2025 , 20:19:24,1770,1770
3011,03/09/2025 , 21:19:24,1770,1770
3012,03/09/2025 , 22:19:24,1771,1771
3013,03/09/2025 , 23:19:24,1771,1771
3014,04/09/2025 , 00:19:24,1772,1772
3015,04/09/2025 , 01:19:24,1772,1772
3016,04/09/2025 , 02:19:24,1772,1772
3017,04/09/2025 , 03:19:24,1772,1772
3018,04/09/2025 , 04:19:24,1772,1772
3019,04/09/2025 , 05:19:24,1773,1773
3020,04/09/2025 , 06:19:24,1773,1773
3021,04/09/2025 , 07:19:24,1774,1774
3022,04/09/2025 , 08:19:24,1774,1774
3023,04/09/2025 , 09:19:24,1775,1775
3024,04/09/2025 , 10:19:24,1774,1774
3025,04/09/2025 , 11:19:24,1774,1774
3026,04/09/2025 , 12:19:24,1774,1774
3027,04/09/2025 , 13:19:24,1774,1774
3028,04/09/2025 , 14:19:24,1773,1773
3029,04/09/2025 , 15:19:24,1772,1772
3030,04/09/2025 , 16:19:24,1771,1771
3031,04/09/2025 , 17:19:24,1770,1770
3032,04/09/2025 , 18:19:24,1769,1769
3033,04/09/2025 , 19:19:24,1769,1769
3034,04/09/2025 , 20:19:24,1767,1767
3035,04/09/2025 , 21:19:24,1767,1767
3036,04/09/2025 , 22:19:24,1766,1766
3037,04/09/2025 , 23:19:24,1765,1765
3038,05/09/2025 , 00:19:24,1765,1765
3039,05/09/2025 , 01:19:24,1769,1769
3040,05/09/2025 , 02:19:24,1769,1769
3041,05/09/2025 , 03:19:24,1772,1772
3042,05/09/2025 , 04:19:24,1775,1775
3043,05/09/2025 , 05:19:24,1776,1776
3044,05/09/2025 , 06:19:24,1778,1778
3045,05/09/2025 , 07:19:24,1779,1779
3046,05/09/2025 , 08:19:24,1780,1780
3047,05/09/2025 , 09:19:24,1780,1780
3048,05/09/2025 , 10:19:24,1781,1781
3049,05/09/2025 , 11:19:24,1782,1782
3050,05/09/2025 , 12:19:24,1783,1783
3051,05/09/2025 , 13:19:24,1784,1784
3052,05/09/2025 , 14:19:24,1783,1783
3053,05/09/2025 , 15:19:24,1783,1783
3054,05/09/2025 , 16:19:24,1784,1784
3055,05/09/2025 , 17:19:24,1784,1784
3056,05/09/2025 , 18:19:24,1783,1783
3057,05/09/2025 , 19:19:24,1783,1783
3058,05/09/2025 , 20:19:24,1783,1783
3059,05/09/2025 , 21:19:24,1783,1783
3060,05/09/2025 , 22:19:24,1783,1783
3061,05/09/2025 , 23:19:24,1783,1783
3062,06/09/2025 , 00:19:24,1785,1785
3063,06/09/2025 , 01:19:24,1787,1787
3064,06/09/2025 , 02:19:24,1791,1791
3065,06/09/2025 , 03:19:24,1792,1792
3066,06/09/2025 , 04:19:24,1794,1794
3067,06/09/2025 , 05:19:24,1795,1795
3068,06/09/2025 , 06:19:24,1796,1796
3069,06/09/2025 , 07:19:24,1797,1797
3070,06/09/2025 , 08:19:24,1797,1797
3071,06/09/2025 , 09:19:24,1798,1798
3072,06/09/2025 , 10:19:24,1799,1799
3073,06/09/2025 , 11:19:24,1799,1799
3074,06/09/2025 , 12:19:24,1800,1800
3075,06/09/2025 , 13:19:24,1800,1800
3076,06/09/2025 , 14:19:24,1800,1800
3077,06/09/2025 , 15:19:24,1802,1802
3078,06/09/2025 , 16:19:24,1807,1807
3079,06/09/2025 , 17:19:24,1814,1814
3080,06/09/2025 , 18:19:24,1820,1820
3081,06/09/2025 , 19:19:24,1825,1825
3082,06/09/2025 , 20:19:24,1829,1829
3083,06/09/2025 , 21:19:24,1831,1831
3084,06/09/2025 , 22:19:24,1833,1833
3085,06/09/2025 , 23:19:24,1834,1834
3086,07/09/2025 , 00:19:24,1835,1835
3087,07/09/2025 , 01:19:24,1836,1836
3088,07/09/2025 , 02:19:24,1835,1835
3089,07/09/2025 , 03:19:24,1834,1834
3090,07/09/2025 , 04:19:24,1833,1833
3091,07/09/2025 , 05:19:24,1833,1833
3092,07/09/2025 , 06:19:24,1832,1832
3093,07/09/2025 , 07:19:24,1832,1832
3094,07/09/2025 , 08:19:24,1831,1831
3095,07/09/2025 , 09:19:24,1830,1830
3096,07/09/2025 , 10:19:24,1830,1830
3097,07/09/2025 , 11:19:24,1829,1829
3098,07/09/2025 , 12:19:24,1829,1829
3099,07/09/2025 , 13:19:24,1828,1828
3100,07/09/2025 , 14:19:24,1828,1828
3101,07/09/2025 , 15:19:24,1827,1827
3102,07/09/2025 , 16:19:24,1826,1826
3103,07/09/2025 , 17:19:24,1825,1825
3104,07/09/2025 , 18:19:24,1826,1826
3105,07/09/2025 , 19:19:24,1826,1826
3106,07/09/2025 , 20:19:24,1825,1825
3107,07/09/2025 , 21:19:24,1826,1826
3108,07/09/2025 , 22:19:24,1827,1827
3109,07/09/2025 , 23:19:24,1827,1827
3110,08/09/2025 , 00:19:24,1827,1827
3111,08/09/2025 , 01:19:24,1826,1826
3112,08/09/2025 , 02:19:24,1826,1826
3113,08/09/2025 , 03:19:24,1825,1825
3114,08/09/2025 , 04:19:24,1826,1826
3115,08/09/2025 , 05:19:24,1826,1826
3116,08/09/2025 , 06:19:24,1825,1825
3117,08/09/2025 , 07:19:24,1825,1825
3118,08/09/2025 , 08:19:24,1824,1824
3119,08/09/2025 , 09:19:24,1823,1823
3120,08/09/2025 , 10:19:24,1822,1822
3121,08/09/2025 , 11:19:24,1822,1822
3122,08/09/2025 , 12:19:24,1821,1821
3123,08/09/2025 , 13:19:24,1819,1819
3124,08/09/2025 , 14:19:24,1819,1819
3125,08/09/2025 , 15:19:24,1818,1818
3126,08/09/2025 , 16:19:24,1817,1817
3127,08/09/2025 , 17:19:24,1817,1817
3128,08/09/2025 , 18:19:24,1815,1815
3129,08/09/2025 , 19:19:24,1815,1815
3130,08/09/2025 , 20:19:24,1814,1814
3131,08/09/2025 , 21:19:24,1813,1813
3132,08/09/2025 , 22:19:24,1812,1812
3133,08/09/2025 , 23:19:24,1812,1812
3134,09/09/2025 , 00:19:24,1811,1811
3135,09/09/2025 , 01:19:24,1810,1810
3136,09/09/2025 , 02:19:24,1810,1810
3137,09/09/2025 , 03:19:24,1810,1810
3138,09/09/2025 , 04:19:24,1809,1809
3139,09/09/2025 , 05:19:24,1809,1809
3140,09/09/2025 , 06:19:24,1808,1808
3141,09/09/2025 , 07:19:24,1808,1808
3142,09/09/2025 , 08:19:24,1809,1809
3143,09/09/2025 , 09:19:24,1808,1808
3144,09/09/2025 , 10:19:24,1808,1808
3145,09/09/2025 , 11:19:24,1808,1808
3146,09/09/2025 , 12:19:24,1807,1807
3147,09/09/2025 , 13:19:24,1807,1807
3148,09/09/2025 , 14:19:24,1805,1805
3149,09/09/2025 , 15:19:24,1804,1804
3150,09/09/2025 , 16:19:24,1804,1804
3151,09/09/2025 , 17:19:24,1803,1803
3152,09/09/2025 , 18:19:24,1802,1802
3153,09/09/2025 , 19:19:24,1801,1801
3154,09/09/2025 , 20:19:24,1801,1801
3155,09/09/2025 , 21:19:24,1800,1800
3156,09/09/2025 , 22:19:24,1799,1799
3157,09/09/2025 , 23:19:24,1799,1799
3158,10/09/2025 , 00:19:24,1798,1798
3159,10/09/2025 , 01:19:24,1798,1798
3160,10/09/2025 , 02:19:24,1797,1797
3161,10/09/2025 , 03:19:24,1797,1797
3162,10/09/2025 , 04:19:24,1797,1797
3163,10/09/2025 , 05:19:24,1796,1796
3164,10/09/2025 , 06:19:24,1796,1796
3165,10/09/2025 , 07:19:24,1797,1797
3166,10/09/2025 , 08:19:24,1797,1797
3167,10/09/2025 , 09:19:24,1798,1798
3168,10/09/2025 , 10:19:24,1797,1797
3169,10/09/2025 , 11:19:24,1797,1797
3170,10/09/2025 , 12:19:24,1797,1797
3171,10/09/2025 , 13:19:24,1797,1797
3172,10/09/2025 , 14:19:24,1796,1796
3173,10/09/2025 , 15:19:24,1796,1796
3174,10/09/2025 , 16:19:24,1795,1795
3175,10/09/2025 , 17:19:24,1795,1795
3176,10/09/2025 , 18:19:24,1794,1794
3177,10/09/2025 , 19:19:24,1794,1794
3178,10/09/2025 , 20:19:24,1793,1793
3179,10/09/2025 , 21:19:24,1793,1793
3180,10/09/2025 , 22:19:24,1792,1792
3181,10/09/2025 , 23:19:24,1792,1792
3182,11/09/2025 , 00:19:24,1792,1792
3183,11/09/2025 , 01:19:24,1792,1792
3184,11/09/2025 , 02:19:24,1792,1792
3185,11/09/2025 , 03:19:24,1792,1792
3186,11/09/2025 , 04:19:24,1792,1792
3187,11/09/2025 , 05:19:24,1791,1791
3188,11/09/2025 , 06:19:24,1792,1792
3189,11/09/2025 , 07:19:24,1792,1792
3190,11/09/2025 , 08:19:24,1792,1792
3191,11/09/2025 , 09:19:24,1792,1792
3192,11/09/2025 , 10:19:24,1791,1791
3193,11/09/2025 , 11:19:24,1791,1791
3194,11/09/2025 , 12:19:24,1790,1790
3195,11/09/2025 , 13:19:24,1790,1790
3196,11/09/2025 , 14:19:24,1789,1789
3197,11/09/2025 , 15:19:24,1788,1788
3198,11/09/2025 , 16:19:24,1787,1787
3199,11/09/2025 , 17:19:24,1787,1787
3200,11/09/2025 , 18:19:24,1786,1786
3201,11/09/2025 , 19:19:24,1785,1785
3202,11/09/2025 , 20:19:24,1784,1784
3203,11/09/2025 , 21:19:24,1783,1783
3204,11/09/2025 , 22:19:24,1783,1783
3205,11/09/2025 , 23:19:24,1782,1782
3206,12/09/2025 , 00:19:24,1782,1782
3207,12/09/2025 , 01:19:24,1781,1781
3208,12/09/2025 , 02:19:24,1780,1780
3209,12/09/2025 , 03:19:24,1780,1780
3210,12/09/2025 , 04:19:24,1780,1780
3211,12/09/2025 , 05:19:24,1779,1779
3212,12/09/2025 , 06:19:24,1778,1778
3213,12/09/2025 , 07:19:24,1779,1779
3214,12/09/2025 , 08:19:24,1780,1780
3215,12/09/2025 , 09:19:24,1780,1780
3216,12/09/2025 , 10:19:24,1779,1779
3217,12/09/2025 , 11:19:24,1779,1779
3218,12/09/2025 , 12:19:24,1779,1779
3219,12/09/2025 , 13:19:24,1779,1779
3220,12/09/2025 , 14:19:24,1778,1778
3221,12/09/2025 , 15:19:24,1777,1777
3222,12/09/2025 , 16:19:24,1777,1777
3223,12/09/2025 , 17:19:24,1776,1776
3224,12/09/2025 , 18:19:24,1775,1775
3225,12/09/2025 , 19:19:24,1774,1774
3226,12/09/2025 , 20:19:24,1773,1773
3227,12/09/2025 , 21:19:24,1773,1773
3228,12/09/2025 , 22:19:24,1773,1773
3229,12/09/2025 , 23:19:24,1772,1772
3230,13/09/2025 , 00:19:24,1772,1772
3231,13/09/2025 , 01:19:24,1771,1771
3232,13/09/2025 , 02:19:24,1771,1771
3233,13/09/2025 , 03:19:24,1771,1771
3234,13/09/2025 , 04:19:24,1770,1770
3235,13/09/2025 , 05:19:24,1770,1770
3236,13/09/2025 , 06:19:24,1770,1770
3237,13/09/2025 , 07:19:24,1770,1770
3238,13/09/2025 , 08:19:24,1770,1770
3239,13/09/2025 , 09:19:24,1770,1770
3240,13/09/2025 , 10:19:24,1770,1770
3241,13/09/2025 , 11:19:24,1771,1771
3242,13/09/2025 , 12:19:24,1771,1771
3243,13/09/2025 , 13:19:24,1770,1770
3244,13/09/2025 , 14:19:24,1770,1770
3245,13/09/2025 , 15:19:24,1770,1770
3246,13/09/2025 , 16:19:24,1769,1769
3247,13/09/2025 , 17:19:24,1769,1769
3248,13/09/2025 , 18:19:24,1769,1769
3249,13/09/2025 , 19:19:24,1768,1768
3250,13/09/2025 , 20:19:24,1768,1768
3251,13/09/2025 , 21:19:24,1768,1768
3252,13/09/2025 , 22:19:24,1767,1767
3253,13/09/2025 , 23:19:24,1767,1767
3254,14/09/2025 , 00:19:24,1767,1767
3255,14/09/2025 , 01:19:24,1766,1766
3256,14/09/2025 , 02:19:24,1766,1766
3257,14/09/2025 , 03:19:24,1765,1765
3258,14/09/2025 , 04:19:24,1764,1764
3259,14/09/2025 , 05:19:24,1764,1764
3260,14/09/2025 , 06:19:24,1764,1764
3261,14/09/2025 , 07:19:24,1764,1764
3262,14/09/2025 , 08:19:24,1764,1764
3263,14/09/2025 , 09:19:24,1764,1764
3264,14/09/2025 , 10:19:24,1763,1763
3265,14/09/2025 , 11:19:24,1764,1764
3266,14/09/2025 , 12:19:24,1763,1763
3267,14/09/2025 , 13:19:24,1762,1762
3268,14/09/2025 , 14:19:24,1761,1761
3269,14/09/2025 , 15:19:24,1760,1760
3270,14/09/2025 , 16:19:24,1760,1760
3271,14/09/2025 , 17:19:24,1759,1759
3272,14/09/2025 , 18:19:24,1757,1757
3273,14/09/2025 , 19:19:24,1757,1757
3274,14/09/2025 , 20:19:24,1756,1756
3275,14/09/2025 , 21:19:24,1755,1755
3276,14/09/2025 , 22:19:24,1755,1755
3277,14/09/2025 , 23:19:24,1754,1754
3278,15/09/2025 , 00:19:24,1753,1753
3279,15/09/2025 , 01:19:24,1753,1753
3280,15/09/2025 , 02:19:24,1752,1752
3281,15/09/2025 , 03:19:24,1752,1752
3282,15/09/2025 , 04:19:24,1751,1751
3283,15/09/2025 , 05:19:24,1751,1751
3284,15/09/2025 , 06:19:24,1750,1750
3285,15/09/2025 , 07:19:24,1751,1751
3286,15/09/2025 , 08:19:24,1751,1751
3287,15/09/2025 , 09:19:24,1750,1750
3288,15/09/2025 , 10:19:24,1750,1750
3289,15/09/2025 , 11:19:24,1750,1750
3290,15/09/2025 , 12:19:24,1749,1749
3291,15/09/2025 , 13:19:24,1748,1748
3292,15/09/2025 , 14:19:24,1748,1748
3293,15/09/2025 , 15:19:24,1747,1747
3294,15/09/2025 , 16:19:24,1747,1747
3295,15/09/2025 , 17:19:24,1746,1746
3296,15/09/2025 , 18:19:24,1746,1746
3297,15/09/2025 , 19:19:24,1745,1745
3298,15/09/2025 , 20:19:24,1744,1744
3299,15/09/2025 , 21:19:24,1745,1745
3300,15/09/2025 , 22:19:24,1744,1744
3301,15/09/2025 , 23:19:24,1744,1744
3302,16/09/2025 , 00:19:24,1744,1744
3303,16/09/2025 , 01:19:24,1744,1744
3304,16/09/2025 , 02:19:24,1744,1744
3305,16/09/2025 , 03:19:24,1744,1744
3306,16/09/2025 , 04:19:24,1743,1743
3307,16/09/2025 , 05:19:24,1743,1743
3308,16/09/2025 , 06:19:24,1743,1743
3309,16/09/2025 , 07:19:24,1743,1743
3310,16/09/2025 , 08:19:24,1744,1744
3311,16/09/2025 , 09:19:24,1744,1744
3312,16/09/2025 , 10:19:24,1744,1744
3313,16/09/2025 , 11:19:24,1743,1743
3314,16/09/2025 , 12:19:24,1744,1744
3315,16/09/2025 , 13:19:24,1743,1743
3316,16/09/2025 , 14:19:24,1743,1743
3317,16/09/2025 , 15:19:24,1743,1743
3318,16/09/2025 , 16:19:24,1742,1742
3319,16/09/2025 , 17:19:24,1742,1742
3320,16/09/2025 , 18:19:24,1741,1741
3321,16/09/2025 , 19:19:24,1741,1741
3322,16/09/2025 , 20:19:24,1740,1740
3323,16/09/2025 , 21:19:24,1740,1740
3324,16/09/2025 , 22:19:24,1740,1740
3325,16/09/2025 , 23:19:24,1740,1740
3326,17/09/2025 , 00:19:24,1740,1740
3327,17/09/2025 , 01:19:24,1740,1740
3328,17/09/2025 , 02:19:24,1740,1740
3329,17/09/2025 , 03:19:24,1740,1740
3330,17/09/2025 , 04:19:24,1740,1740
3331,17/09/2025 , 05:19:24,1740,1740
3332,17/09/2025 , 06:19:24,1740,1740
3333,17/09/2025 , 07:19:24,1740,1740
3334,17/09/2025 , 08:19:24,1741,1741
3335,17/09/2025 , 09:19:24,1741,1741
3336,17/09/2025 , 10:19:24,1741,1741
3337,17/09/2025 , 11:19:24,1742,1742
3338,17/09/2025 , 12:19:24,1742,1742
3339,17/09/2025 , 13:19:24,1741,1741
3340,17/09/2025 , 14:19:24,1741,1741
3341,17/09/2025 , 15:19:24,1741,1741
3342,17/09/2025 , 16:19:24,1741,1741
3343,17/09/2025 , 17:19:24,1740,1740
3344,17/09/2025 , 18:19:24,1740,1740
3345,17/09/2025 , 19:19:24,1740,1740
3346,17/09/2025 , 20:19:24,1739,1739
3347,17/09/2025 , 21:19:24,1740,1740
3348,17/09/2025 , 22:19:24,1740,1740
3349,17/09/2025 , 23:19:24,1739,1739
3350,18/09/2025 , 00:19:24,1740,1740
3351,18/09/2025 , 01:19:24,1739,1739
3352,18/09/2025 , 02:19:24,1740,1740
3353,18/09/2025 , 03:19:24,1739,1739
3354,18/09/2025 , 04:19:24,1740,1740
3355,18/09/2025 , 05:19:24,1739,1739
3356,18/09/2025 , 06:19:24,1739,1739
3357,18/09/2025 , 07:19:24,1740,1740
3358,18/09/2025 , 08:19:24,1740,1740
3359,18/09/2025 , 09:19:24,1741,1741
3360,18/09/2025 , 10:19:24,1741,1741
3361,18/09/2025 , 11:19:24,1741,1741
3362,18/09/2025 , 12:19:24,1741,1741
3363,18/09/2025 , 13:19:24,1740,1740
3364,18/09/2025 , 14:19:24,1740,1740
3365,18/09/2025 , 15:19:24,1739,1739
3366,18/09/2025 , 16:19:24,1721,1721
3367,18/09/2025 , 17:19:24,1722,1722
3368,18/09/2025 , 18:19:24,1721,1721
3369,18/09/2025 , 19:19:24,1722,1722
3370,18/09/2025 , 20:19:24,1722,1722
3371,18/09/2025 , 21:19:24,1723,1723
3372,18/09/2025 , 22:19:24,1723,1723
3373,18/09/2025 , 23:19:24,1723,1723
3374,19/09/2025 , 00:19:24,1722,1722
3375,19/09/2025 , 01:19:24,1722,1722
3376,19/09/2025 , 02:19:24,1722,1722
3377,19/09/2025 , 03:19:24,1721,1721
3378,19/09/2025 , 04:19:24,1721,1721
3379,19/09/2025 , 05:19:24,1721,1721
3380,19/09/2025 , 06:19:24,1721,1721
3381,19/09/2025 , 07:19:24,1721,1721
3382,19/09/2025 , 08:19:24,1721,1721
3383,19/09/2025 , 09:19:24,1721,1721
3384,19/09/2025 , 10:19:24,1721,1721
3385,19/09/2025 , 11:19:24,1720,1720
3386,19/09/2025 , 12:19:24,1720,1720
3387,19/09/2025 , 13:19:24,1719,1719
3388,19/09/2025 , 14:19:24,1718,1718
3389,19/09/2025 , 15:19:24,1717,1717
3390,19/09/2025 , 16:19:24,1717,1717
3391,19/09/2025 , 17:19:24,1716,1716
3392,19/09/2025 , 18:19:24,1715,1715
3393,19/09/2025 , 19:19:24,1714,1714
3394,19/09/2025 , 20:19:24,1714,1714
3395,19/09/2025 , 21:19:24,1714,1714
3396,19/09/2025 , 22:19:24,1713,1713
3397,19/09/2025 , 23:19:24,1712,1712
3398,20/09/2025 , 00:19:24,1710,1710
3399,20/09/2025 , 01:19:24,1708,1708
3400,20/09/2025 , 02:19:24,1707,1707
3401,20/09/2025 , 03:19:24,1706,1706
3402,20/09/2025 , 04:19:24,1706,1706
3403,20/09/2025 , 05:19:24,1705,1705
3404,20/09/2025 , 06:19:24,1705,1705
3405,20/09/2025 , 07:19:24,1706,1706
3406,20/09/2025 , 08:19:24,1706,1706
3407,20/09/2025 , 09:19:24,1707,1707
3408,20/09/2025 , 10:19:24,1707,1707
3409,20/09/2025 , 11:19:24,1706,1706
3410,20/09/2025 , 12:19:24,1706,1706
3411,20/09/2025 , 13:19:24,1705,1705
3412,20/09/2025 , 14:19:24,1704,1704
3413,20/09/2025 , 15:19:24,1703,1703
3414,20/09/2025 , 16:19:24,1703,1703
3415,20/09/2025 , 17:19:24,1702,1702
3416,20/09/2025 , 18:19:24,1701,1701
3417,20/09/2025 , 19:19:24,1700,1700
3418,20/09/2025 , 20:19:24,1699,1699
3419,20/09/2025 , 21:19:24,1698,1698
3420,20/09/2025 , 22:19:24,1696,1696
3421,20/09/2025 , 23:19:24,1695,1695
3422,21/09/2025 , 00:19:24,1695,1695
3423,21/09/2025 , 01:19:24,1694,1694
3424,21/09/2025 , 02:19:24,1694,1694
3425,21/09/2025 , 03:19:24,1693,1693
3426,21/09/2025 , 04:19:24,1693,1693
3427,21/09/2025 , 05:19:24,1692,1692
3428,21/09/2025 , 06:19:24,1692,1692
3429,21/09/2025 , 07:19:24,1693,1693
3430,21/09/2025 , 08:19:24,1694,1694
3431,21/09/2025 , 09:19:24,1694,1694
3432,21/09/2025 , 10:19:24,1694,1694
3433,21/09/2025 , 11:19:24,1693,1693
3434,21/09/2025 , 12:19:24,1693,1693
3435,21/09/2025 , 13:19:24,1692,1692
3436,21/09/2025 , 14:19:24,1691,1691
3437,21/09/2025 , 15:19:24,1690,1690
3438,21/09/2025 , 16:19:24,1689,1689
3439,21/09/2025 , 17:19:24,1689,1689
3440,21/09/2025 , 18:19:24,1688,1688
3441,21/09/2025 , 19:19:24,1687,1687
3442,21/09/2025 , 20:19:24,1687,1687
3443,21/09/2025 , 21:19:24,1686,1686
3444,21/09/2025 , 22:19:24,1686,1686
3445,21/09/2025 , 23:19:24,1685,1685
3446,22/09/2025 , 00:19:24,1685,1685
3447,22/09/2025 , 01:19:24,1685,1685
3448,22/09/2025 , 02:19:24,1685,1685
3449,22/09/2025 , 03:19:24,1684,1684
3450,22/09/2025 , 04:19:24,1684,1684
3451,22/09/2025 , 05:19:24,1684,1684
3452,22/09/2025 , 06:19:24,1684,1684
3453,22/09/2025 , 07:19:24,1684,1684
3454,22/09/2025 , 08:19:24,1685,1685
3455,22/09/2025 , 09:19:24,1685,1685
3456,22/09/2025 , 10:19:24,1685,1685
3457,22/09/2025 , 11:19:24,1685,1685
3458,22/09/2025 , 12:19:24,1685,1685
3459,22/09/2025 , 13:19:24,1684,1684
3460,22/09/2025 , 14:19:24,1683,1683
3461,22/09/2025 , 15:19:24,1683,1683
3462,22/09/2025 , 16:19:24,1683,1683
3463,22/09/2025 , 17:19:24,1683,1683
3464,22/09/2025 , 18:19:24,1683,1683
3465,22/09/2025 , 19:19:24,1683,1683
3466,22/09/2025 , 20:19:24,1686,1686
3467,22/09/2025 , 21:19:24,1688,1688
3468,22/09/2025 , 22:19:24,1690,1690
3469,22/09/2025 , 23:19:24,1692,1692
3470,23/09/2025 , 00:19:24,1694,1694
3471,23/09/2025 , 01:19:24,1697,1697
3472,23/09/2025 , 02:19:24,1698,1698
3473,23/09/2025 , 03:19:24,1700,1700
3474,23/09/2025 , 04:19:24,1702,1702
3475,23/09/2025 , 05:19:24,1704,1704
3476,23/09/2025 , 06:19:24,1706,1706
3477,23/09/2025 , 07:19:24,1708,1708
3478,23/09/2025 , 08:19:24,1709,1709
3479,23/09/2025 , 09:19:24,1711,1711
3480,23/09/2025 , 10:19:24,1712,1712
3481,23/09/2025 , 11:19:24,1715,1715
3482,23/09/2025 , 12:19:24,1716,1716
3483,23/09/2025 , 13:19:24,1716,1716
3484,23/09/2025 , 14:19:24,1716,1716
3485,23/09/2025 , 15:19:24,1717,1717
3486,23/09/2025 , 16:19:24,1717,1717
3487,23/09/2025 , 17:19:24,1717,1717
3488,23/09/2025 , 18:19:24,1718,1718
3489,23/09/2025 , 19:19:24,1718,1718
3490,23/09/2025 , 20:19:24,1718,1718
3491,23/09/2025 , 21:19:24,1718,1718
3492,23/09/2025 , 22:19:24,1718,1718
3493,23/09/2025 , 23:19:24,1718,1718
3494,24/09/2025 , 00:19:24,1718,1718
3495,24/09/2025 , 01:19:24,1718,1718
3496,24/09/2025 , 02:19:24,1719,1719
3497,24/09/2025 , 03:19:24,1719,1719
3498,24/09/2025 , 04:19:24,1719,1719
3499,24/09/2025 , 05:19:24,1719,1719
3500,24/09/2025 , 06:19:24,1720,1720
3501,24/09/2025 , 07:19:24,1720,1720
3502,24/09/2025 , 08:19:24,1720,1720
3503,24/09/2025 , 09:19:24,1720,1720
3504,24/09/2025 , 10:19:24,1720,1720
3505,24/09/2025 , 11:19:24,1720,1720
3506,24/09/2025 , 12:19:24,1720,1720
3507,24/09/2025 , 13:19:24,1719,1719
3508,24/09/2025 , 14:19:24,1719,1719
3509,24/09/2025 , 15:19:24,1718,1718
3510,24/09/2025 , 16:19:24,1718,1718
3511,24/09/2025 , 17:19:24,1717,1717
3512,24/09/2025 , 18:19:24,1717,1717
3513,24/09/2025 , 19:19:24,1716,1716
3514,24/09/2025 , 20:19:24,1716,1716
3515,24/09/2025 , 21:19:24,1716,1716
3516,24/09/2025 , 22:19:24,1716,1716
3517,24/09/2025 , 23:19:24,1716,1716
3518,25/09/2025 , 00:19:24,1716,1716
3519,25/09/2025 , 01:19:24,1716,1716
3520,25/09/2025 , 02:19:24,1716,1716
3521,25/09/2025 , 03:19:24,1716,1716
3522,25/09/2025 , 04:19:24,1716,1716
3523,25/09/2025 , 05:19:24,1716,1716
3524,25/09/2025 , 06:19:24,1716,1716
3525,25/09/2025 , 07:19:24,1716,1716
3526,25/09/2025 , 08:19:24,1717,1717
3527,25/09/2025 , 09:19:24,1717,1717
3528,25/09/2025 , 10:19:24,1717,1717
3529,25/09/2025 , 11:19:24,1718,1718
3530,25/09/2025 , 12:19:24,1719,1719
3531,25/09/2025 , 13:19:24,1720,1720
3532,25/09/2025 , 14:19:24,1721,1721
3533,25/09/2025 , 15:19:24,1723,1723
3534,25/09/2025 , 16:19:24,1725,1725
3535,25/09/2025 , 17:19:24,1728,1728
3536,25/09/2025 , 18:19:24,1733,1733
3537,25/09/2025 , 19:19:24,1738,1738
3538,25/09/2025 , 20:19:24,1742,1742
3539,25/09/2025 , 21:19:24,1747,1747
3540,25/09/2025 , 22:19:24,1754,1754
3541,25/09/2025 , 23:19:24,1758,1758
3542,26/09/2025 , 00:19:24,1762,1762
3543,26/09/2025 , 01:19:24,1766,1766
3544,26/09/2025 , 02:19:24,1774,1774
3545,26/09/2025 , 03:19:24,1783,1783
3546,26/09/2025 , 04:19:24,1790,1790
3547,26/09/2025 , 05:19:24,1795,1795
3548,26/09/2025 , 06:19:24,1798,1798
3549,26/09/2025 , 07:19:24,1801,1801
3550,26/09/2025 , 08:19:24,1802,1802
3551,26/09/2025 , 09:19:24,1803,1803
3552,26/09/2025 , 10:19:24,1804,1804
3553,26/09/2025 , 11:19:24,1805,1805
3554,26/09/2025 , 12:19:24,1804,1804
3555,26/09/2025 , 13:19:24,1805,1805
3556,26/09/2025 , 14:19:24,1804,1804
3557,26/09/2025 , 15:19:24,1805,1805
3558,26/09/2025 , 16:19:24,1831,1831
3559,26/09/2025 , 17:19:24,1848,1848
3560,26/09/2025 , 18:19:24,1852,1852
3561,26/09/2025 , 19:19:24,1852,1852
3562,26/09/2025 , 20:19:24,1851,1851
3563,26/09/2025 , 21:19:24,1851,1851
3564,26/09/2025 , 22:19:24,1849,1849
3565,26/09/2025 , 23:19:24,1843,1843
3566,27/09/2025 , 00:19:24,1840,1840
3567,27/09/2025 , 01:19:24,1836,1836
3568,27/09/2025 , 02:19:24,1834,1834
3569,27/09/2025 , 03:19:24,1831,1831
3570,27/09/2025 , 04:19:24,1829,1829
3571,27/09/2025 , 05:19:24,1827,1827
3572,27/09/2025 , 06:19:24,1824,1824
3573,27/09/2025 , 07:19:24,1823,1823
3574,27/09/2025 , 08:19:24,1823,1823
3575,27/09/2025 , 09:19:24,1821,1821
3576,27/09/2025 , 10:19:24,1820,1820
3577,27/09/2025 , 11:19:24,1818,1818
3578,27/09/2025 , 12:19:24,1818,1818
3579,27/09/2025 , 13:19:24,1816,1816
3580,27/09/2025 , 14:19:24,1815,1815
3581,27/09/2025 , 15:19:24,1813,1813
3582,27/09/2025 , 16:19:24,1812,1812
3583,27/09/2025 , 17:19:24,1811,1811
3584,27/09/2025 , 18:19:24,1809,1809
3585,27/09/2025 , 19:19:24,1808,1808
3586,27/09/2025 , 20:19:24,1807,1807
3587,27/09/2025 , 21:19:24,1807,1807
3588,27/09/2025 , 22:19:24,1806,1806
3589,27/09/2025 , 23:19:24,1805,1805
3590,28/09/2025 , 00:19:24,1804,1804
3591,28/09/2025 , 01:19:24,1803,1803
3592,28/09/2025 , 02:19:24,1802,1802
3593,28/09/2025 , 03:19:24,1802,1802
3594,28/09/2025 , 04:19:24,1801,1801
3595,28/09/2025 , 05:19:24,1801,1801
3596,28/09/2025 , 06:19:24,1800,1800
3597,28/09/2025 , 07:19:24,1800,1800
3598,28/09/2025 , 08:19:24,1800,1800
3599,28/09/2025 , 09:19:24,1799,1799
3600,28/09/2025 , 10:19:24,1799,1799
3601,28/09/2025 , 11:19:24,1799,1799
3602,28/09/2025 , 12:19:24,1799,1799
3603,28/09/2025 , 13:19:24,1798,1798
3604,28/09/2025 , 14:19:24,1797,1797
3605,28/09/2025 , 15:19:24,1797,1797
3606,28/09/2025 , 16:19:24,1796,1796
3607,28/09/2025 , 17:19:24,1796,1796
3608,28/09/2025 , 18:19:24,1794,1794
3609,28/09/2025 , 19:19:24,1794,1794
3610,28/09/2025 , 20:19:24,1793,1793
3611,28/09/2025 , 21:19:24,1792,1792
3612,28/09/2025 , 22:19:24,1791,1791
3613,28/09/2025 , 23:19:24,1790,1790
3614,29/09/2025 , 00:19:24,1789,1789
3615,29/09/2025 , 01:19:24,1788,1788
3616,29/09/2025 , 02:19:24,1787,1787
3617,29/09/2025 , 03:19:24,1787,1787
3618,29/09/2025 , 04:19:24,1787,1787
3619,29/09/2025 , 05:19:24,1786,1786
3620,29/09/2025 , 06:19:24,1786,1786
3621,29/09/2025 , 07:19:24,1786,1786
3622,29/09/2025 , 08:19:24,1786,1786
3623,29/09/2025 , 09:19:24,1785,1785
3624,29/09/2025 , 10:19:24,1785,1785
3625,29/09/2025 , 11:19:24,1785,1785
3626,29/09/2025 , 12:19:24,1785,1785
3627,29/09/2025 , 13:19:24,1784,1784
3628,29/09/2025 , 14:19:24,1784,1784
3629,29/09/2025 , 15:19:24,1784,1784
3630,29/09/2025 , 16:19:24,1783,1783
3631,29/09/2025 , 17:19:24,1783,1783
3632,29/09/2025 , 18:19:24,1782,1782
3633,29/09/2025 , 19:19:24,1782,1782
3634,29/09/2025 , 20:19:24,1782,1782
3635,29/09/2025 , 21:19:24,1781,1781
3636,29/09/2025 , 22:19:24,1781,1781
3637,29/09/2025 , 23:19:24,1781,1781
3638,30/09/2025 , 00:19:24,1780,1780
3639,30/09/2025 , 01:19:24,1779,1779
3640,30/09/2025 , 02:19:24,1779,1779
3641,30/09/2025 , 03:19:24,1778,1778
3642,30/09/2025 , 04:19:24,1778,1778
3643,30/09/2025 , 05:19:24,1777,1777
3644,30/09/2025 , 06:19:24,1777,1777
3645,30/09/2025 , 07:19:24,1777,1777
3646,30/09/2025 , 08:19:24,1777,1777
3647,30/09/2025 , 09:19:24,1777,1777
3648,30/09/2025 , 10:19:24,1776,1776
3649,30/09/2025 , 11:19:24,1776,1776
3650,30/09/2025 , 12:19:24,1775,1775
3651,30/09/2025 , 13:19:24,1774,1774
3652,30/09/2025 , 14:19:24,1774,1774
3653,30/09/2025 , 15:19:24,1773,1773
3654,30/09/2025 , 16:19:24,1772,1772
3655,30/09/2025 , 17:19:24,1772,1772
3656,30/09/2025 , 18:19:24,1770,1770
3657,30/09/2025 , 19:19:24,1770,1770
3658,30/09/2025 , 20:19:24,1769,1769
3659,30/09/2025 , 21:19:24,1769,1769
3660,30/09/2025 , 22:19:24,1767,1767
3661,30/09/2025 , 23:19:24,1767,1767
3662,01/10/2025 , 00:19:24,1766,1766
3663,01/10/2025 , 01:19:24,1766,1766
3664,01/10/2025 , 02:19:24,1766,1766
3665,01/10/2025 , 03:19:24,1765,1765
3666,01/10/2025 , 04:19:24,1765,1765
3667,01/10/2025 , 05:19:24,1764,1764
3668,01/10/2025 , 06:19:24,1764,1764
3669,01/10/2025 , 07:19:24,1764,1764
3670,01/10/2025 , 08:19:24,1765,1765
3671,01/10/2025 , 09:19:24,1766,1766
3672,01/10/2025 , 10:19:24,1765,1765
3673,01/10/2025 , 11:19:24,1765,1765
3674,01/10/2025 , 12:19:24,1764,1764
3675,01/10/2025 , 13:19:24,1764,1764
3676,01/10/2025 , 14:19:24,1764,1764
3677,01/10/2025 , 15:19:24,1763,1763
3678,01/10/2025 , 16:19:24,1763,1763
3679,01/10/2025 , 17:19:24,1762,1762
3680,01/10/2025 , 18:19:24,1761,1761
3681,01/10/2025 , 19:19:24,1760,1760
3682,01/10/2025 , 20:19:24,1760,1760
3683,01/10/2025 , 21:19:24,1759,1759
3684,01/10/2025 , 22:19:24,1758,1758
3685,01/10/2025 , 23:19:24,1758,1758
3686,02/10/2025 , 00:19:24,1757,1757
3687,02/10/2025 , 01:19:24,1757,1757
3688,02/10/2025 , 02:19:24,1757,1757
3689,02/10/2025 , 03:19:24,1756,1756
3690,02/10/2025 , 04:19:24,1756,1756
3691,02/10/2025 , 05:19:24,1755,1755
3692,02/10/2025 , 06:19:24,1754,1754
3693,02/10/2025 , 07:19:24,1754,1754
3694,02/10/2025 , 08:19:24,1755,1755
3695,02/10/2025 , 09:19:24,1756,1756
3696,02/10/2025 , 10:19:24,1754,1754
3697,02/10/2025 , 11:19:24,1754,1754
3698,02/10/2025 , 12:19:24,1754,1754
3699,02/10/2025 , 13:19:24,1753,1753
3700,02/10/2025 , 14:19:24,1753,1753
3701,02/10/2025 , 15:19:24,1752,1752
3702,02/10/2025 , 16:19:24,1752,1752
3703,02/10/2025 , 17:19:24,1752,1752
3704,02/10/2025 , 18:19:24,1751,1751
3705,02/10/2025 , 19:19:24,1751,1751
3706,02/10/2025 , 20:19:24,1750,1750
3707,02/10/2025 , 21:19:24,1750,1750
3708,02/10/2025 , 22:19:24,1750,1750
3709,02/10/2025 , 23:19:24,1750,1750
3710,03/10/2025 , 00:19:24,1750,1750
3711,03/10/2025 , 01:19:24,1750,1750
3712,03/10/2025 , 02:19:24,1750,1750
3713,03/10/2025 , 03:19:24,1750,1750
3714,03/10/2025 , 04:19:24,1750,1750
3715,03/10/2025 , 05:19:24,1750,1750
3716,03/10/2025 , 06:19:24,1750,1750
3717,03/10/2025 , 07:19:24,1751,1751
3718,03/10/2025 , 08:19:24,1752,1752
3719,03/10/2025 , 09:19:24,1752,1752
3720,03/10/2025 , 10:19:24,1752,1752
3721,03/10/2025 , 11:19:24,1751,1751
3722,03/10/2025 , 12:19:24,1751,1751
3723,03/10/2025 , 13:19:24,1751,1751
3724,03/10/2025 , 14:19:24,1750,1750
3725,03/10/2025 , 15:19:24,1750,1750
3726,03/10/2025 , 16:19:24,1750,1750
3727,03/10/2025 , 17:19:24,1749,1749
3728,03/10/2025 , 18:19:24,1748,1748
3729,03/10/2025 , 19:19:24,1748,1748
3730,03/10/2025 , 20:19:24,1748,1748
3731,03/10/2025 , 21:19:24,1748,1748
3732,03/10/2025 , 22:19:24,1748,1748
3733,03/10/2025 , 23:19:24,1748,1748
3734,04/10/2025 , 00:19:24,1748,1748
3735,04/10/2025 , 01:19:24,1748,1748
3736,04/10/2025 , 02:19:24,1748,1748
3737,04/10/2025 , 03:19:24,1748,1748
3738,04/10/2025 , 04:19:24,1748,1748
3739,04/10/2025 , 05:19:24,1747,1747
3740,04/10/2025 , 06:19:24,1747,1747
3741,04/10/2025 , 07:19:24,1748,1748
3742,04/10/2025 , 08:19:24,1748,1748
3743,04/10/2025 , 09:19:24,1748,1748
3744,04/10/2025 , 10:19:24,1747,1747
3745,04/10/2025 , 11:19:24,1748,1748
3746,04/10/2025 , 12:19:24,1748,1748
3747,04/10/2025 , 13:19:24,1747,1747
3748,04/10/2025 , 14:19:24,1747,1747
3749,04/10/2025 , 15:19:24,1746,1746
3750,04/10/2025 , 16:19:24,1746,1746
3751,04/10/2025 , 17:19:24,1745,1745
3752,04/10/2025 , 18:19:24,1745,1745
3753,04/10/2025 , 19:19:24,1744,1744
3754,04/10/2025 , 20:19:24,1744,1744
3755,04/10/2025 , 21:19:24,1744,1744
3756,04/10/2025 , 22:19:24,1743,1743
3757,04/10/2025 , 23:19:24,1743,1743
3758,05/10/2025 , 00:19:24,1743,1743
3759,05/10/2025 , 01:19:24,1743,1743
3760,05/10/2025 , 02:19:24,1742,1742
3761,05/10/2025 , 03:19:24,1742,1742
3762,05/10/2025 , 04:19:24,1742,1742
3763,05/10/2025 , 05:19:24,1742,1742
3764,05/10/2025 , 06:19:24,1742,1742
3765,05/10/2025 , 07:19:24,1742,1742
3766,05/10/2025 , 08:19:24,1743,1743
3767,05/10/2025 , 09:19:24,1743,1743
3768,05/10/2025 , 10:19:24,1743,1743
3769,05/10/2025 , 11:19:24,1742,1742
3770,05/10/2025 , 12:19:24,1742,1742
3771,05/10/2025 , 13:19:24,1742,1742
3772,05/10/2025 , 14:19:24,1742,1742
3773,05/10/2025 , 15:19:24,1742,1742
3774,05/10/2025 , 16:19:24,1741,1741
3775,05/10/2025 , 17:19:24,1741,1741
3776,05/10/2025 , 18:19:24,1740,1740
3777,05/10/2025 , 19:19:24,1740,1740
3778,05/10/2025 , 20:19:24,1740,1740
3779,05/10/2025 , 21:19:24,1740,1740
3780,05/10/2025 , 22:19:24,1739,1739
3781,05/10/2025 , 23:19:24,1740,1740
3782,06/10/2025 , 00:19:24,1739,1739
3783,06/10/2025 , 01:19:24,1739,1739
3784,06/10/2025 , 02:19:24,1739,1739
3785,06/10/2025 , 03:19:24,1739,1739
3786,06/10/2025 , 04:19:24,1739,1739
3787,06/10/2025 , 05:19:24,1739,1739
3788,06/10/2025 , 06:19:24,1739,1739
3789,06/10/2025 , 07:19:24,1739,1739
3790,06/10/2025 , 08:19:24,1740,1740
3791,06/10/2025 , 09:19:24,1739,1739
3792,06/10/2025 , 10:19:24,1740,1740
3793,06/10/2025 , 11:19:24,1739,1739
3794,06/10/2025 , 12:19:24,1738,1738
3795,06/10/2025 , 13:19:24,1739,1739
3796,06/10/2025 , 14:19:24,1739,1739
3797,06/10/2025 , 15:19:24,1738,1738
3798,06/10/2025 , 16:19:24,1737,1737
3799,06/10/2025 , 17:19:24,1737,1737
3800,06/10/2025 , 18:19:24,1737,1737
3801,06/10/2025 , 19:19:24,1736,1736
3802,06/10/2025 , 20:19:24,1736,1736
3803,06/10/2025 , 21:19:24,1736,1736
3804,06/10/2025 , 22:19:24,1736,1736
3805,06/10/2025 , 23:19:24,1735,1735
3806,07/10/2025 , 00:19:24,1735,1735
3807,07/10/2025 , 01:19:24,1735,1735
3808,07/10/2025 , 02:19:24,1735,1735
3809,07/10/2025 , 03:19:24,1735,1735
3810,07/10/2025 , 04:19:24,1735,1735
3811,07/10/2025 , 05:19:24,1735,1735
3812,07/10/2025 , 06:19:24,1735,1735
3813,07/10/2025 , 07:19:24,1735,1735
3814,07/10/2025 , 08:19:24,1735,1735
3815,07/10/2025 , 09:19:24,1735,1735
3816,07/10/2025 , 10:19:24,1736,1736
3817,07/10/2025 , 11:19:24,1736,1736
3818,07/10/2025 , 12:19:24,1735,1735
3819,07/10/2025 , 13:19:24,1735,1735
3820,07/10/2025 , 14:19:24,1734,1734
3821,07/10/2025 , 15:19:24,1734,1734
3822,07/10/2025 , 16:19:24,1735,1735
3823,07/10/2025 , 17:19:24,1735,1735
3824,07/10/2025 , 18:19:24,1735,1735
3825,07/10/2025 , 19:19:24,1737,1737
3826,07/10/2025 , 20:19:24,1737,1737
3827,07/10/2025 , 21:19:24,1738,1738
3828,07/10/2025 , 22:19:24,1742,1742
3829,07/10/2025 , 23:19:24,1741,1741
3830,08/10/2025 , 00:19:24,1742,1742
3831,08/10/2025 , 01:19:24,1757,1757
3832,08/10/2025 , 02:19:24,1789,1789
3833,08/10/2025 , 03:19:24,1843,1843
3834,08/10/2025 , 04:19:24,1949,1949
3835,08/10/2025 , 05:19:24,1965,1965
3836,08/10/2025 , 06:19:24,1941,1941
3837,08/10/2025 , 07:19:24,1920,1920
3838,08/10/2025 , 08:19:24,1902,1902
3839,08/10/2025 , 09:19:24,1890,1890
3840,08/10/2025 , 10:19:24,1880,1880
3841,08/10/2025 , 11:19:24,1871,1871
3842,08/10/2025 , 12:19:24,1863,1863
3843,08/10/2025 , 13:19:24,1856,1856
3844,08/10/2025 , 14:19:24,1850,1850
3845,08/10/2025 , 15:19:24,1845,1845
3846,08/10/2025 , 16:19:24,1840,1840
3847,08/10/2025 , 17:19:24,1836,1836
3848,08/10/2025 , 18:19:24,1833,1833
3849,08/10/2025 , 19:19:24,1830,1830
3850,08/10/2025 , 20:19:24,1827,1827
3851,08/10/2025 , 21:19:24,1825,1825
3852,08/10/2025 , 22:19:24,1822,1822
3853,08/10/2025 , 23:19:24,1820,1820
3854,09/10/2025 , 00:19:24,1818,1818
3855,09/10/2025 , 01:19:24,1817,1817
3856,09/10/2025 , 02:19:24,1815,1815
3857,09/10/2025 , 03:19:24,1814,1814
3858,09/10/2025 , 04:19:24,1813,1813
3859,09/10/2025 , 05:19:24,1812,1812
3860,09/10/2025 , 06:19:24,1810,1810
3861,09/10/2025 , 07:19:24,1809,1809
3862,09/10/2025 , 08:19:24,1809,1809
3863,09/10/2025 , 09:19:24,1808,1808
3864,09/10/2025 , 10:19:24,1807,1807
3865,09/10/2025 , 11:19:24,1805,1805
3866,09/10/2025 , 12:19:24,1804,1804
3867,09/10/2025 , 13:19:24,1803,1803
3868,09/10/2025 , 14:19:24,1802,1802
3869,09/10/2025 , 15:19:24,1801,1801
3870,09/10/2025 , 16:19:24,1800,1800
3871,09/10/2025 , 17:19:24,1799,1799
3872,09/10/2025 , 18:19:24,1797,1797
3873,09/10/2025 , 19:19:24,1796,1796
3874,09/10/2025 , 20:19:24,1796,1796
3875,09/10/2025 , 21:19:24,1795,1795
3876,09/10/2025 , 22:19:24,1794,1794
3877,09/10/2025 , 23:19:24,1794,1794
3878,10/10/2025 , 00:19:24,1793,1793
3879,10/10/2025 , 01:19:24,1792,1792
3880,10/10/2025 , 02:19:24,1792,1792
3881,10/10/2025 , 03:19:24,1792,1792
3882,10/10/2025 , 04:19:24,1791,1791
3883,10/10/2025 , 05:19:24,1790,1790
3884,10/10/2025 , 06:19:24,1789,1789
3885,10/10/2025 , 07:19:24,1788,1788
3886,10/10/2025 , 08:19:24,1790,1790
3887,10/10/2025 , 09:19:24,1790,1790
3888,10/10/2025 , 10:19:24,1789,1789
3889,10/10/2025 , 11:19:24,1789,1789
3890,10/10/2025 , 12:19:24,1789,1789
3891,10/10/2025 , 13:19:24,1789,1789
3892,10/10/2025 , 14:19:24,1789,1789
3893,10/10/2025 , 15:19:24,1788,1788
3894,10/10/2025 , 16:19:24,1788,1788
3895,10/10/2025 , 17:19:24,1788,1788
3896,10/10/2025 , 18:19:24,1787,1787
3897,10/10/2025 , 19:19:24,1787,1787
3898,10/10/2025 , 20:19:24,1786,1786
3899,10/10/2025 , 21:19:24,1786,1786
3900,10/10/2025 , 22:19:24,1785,1785
3901,10/10/2025 , 23:19:24,1785,1785
3902,11/10/2025 , 00:19:24,1785,1785
3903,11/10/2025 , 01:19:24,1785,1785
3904,11/10/2025 , 02:19:24,1784,1784
3905,11/10/2025 , 03:19:24,1784,1784
3906,11/10/2025 , 04:19:24,1783,1783
3907,11/10/2025 , 05:19:24,1783,1783
3908,11/10/2025 , 06:19:24,1783,1783
3909,11/10/2025 , 07:19:24,1783,1783
3910,11/10/2025 , 08:19:24,1784,1784
3911,11/10/2025 , 09:19:24,1785,1785
3912,11/10/2025 , 10:19:24,1784,1784
3913,11/10/2025 , 11:19:24,1784,1784
3914,11/10/2025 , 12:19:24,1784,1784
3915,11/10/2025 , 13:19:24,1784,1784
3916,11/10/2025 , 14:19:24,1784,1784
3917,11/10/2025 , 15:19:24,1784,1784
3918,11/10/2025 , 16:19:24,1784,1784
3919,11/10/2025 , 17:19:24,1783,1783
3920,11/10/2025 , 18:19:24,1782,1782
3921,11/10/2025 , 19:19:24,1782,1782
3922,11/10/2025 , 20:19:24,1781,1781
3923,11/10/2025 , 21:19:24,1781,1781
3924,11/10/2025 , 22:19:24,1780,1780
3925,11/10/2025 , 23:19:24,1780,1780
3926,12/10/2025 , 00:19:24,1780,1780
3927,12/10/2025 , 01:19:24,1780,1780
3928,12/10/2025 , 02:19:24,1779,1779
3929,12/10/2025 , 03:19:24,1779,1779
3930,12/10/2025 , 04:19:24,1779,1779
3931,12/10/2025 , 05:19:24,1779,1779
3932,12/10/2025 , 06:19:24,1779,1779
3933,12/10/2025 , 07:19:24,1779,1779
3934,12/10/2025 , 08:19:24,1779,1779
3935,12/10/2025 , 09:19:24,1778,1778
3936,12/10/2025 , 10:19:24,1778,1778
3937,12/10/2025 , 11:19:24,1777,1777
3938,12/10/2025 , 12:19:24,1777,1777
3939,12/10/2025 , 13:19:24,1777,1777
3940,12/10/2025 , 14:19:24,1777,1777
3941,12/10/2025 , 15:19:24,1776,1776
3942,12/10/2025 , 16:19:24,1776,1776
3943,12/10/2025 , 17:19:24,1776,1776
3944,12/10/2025 , 18:19:24,1775,1775
3945,12/10/2025 , 19:19:24,1775,1775
3946,12/10/2025 , 20:19:24,1775,1775
3947,12/10/2025 , 21:19:24,1774,1774
3948,12/10/2025 , 22:19:24,1774,1774
3949,12/10/2025 , 23:19:24,1774,1774
3950,13/10/2025 , 00:19:24,1774,1774
3951,13/10/2025 , 01:19:24,1773,1773
3952,13/10/2025 , 02:19:24,1773,1773
3953,13/10/2025 , 03:19:24,1773,1773
3954,13/10/2025 , 04:19:24,1773,1773
3955,13/10/2025 , 05:19:24,1773,1773
3956,13/10/2025 , 06:19:24,1773,1773
3957,13/10/2025 , 07:19:24,1773,1773
3958,13/10/2025 , 08:19:24,1772,1772
3959,13/10/2025 , 09:19:24,1773,1773
3960,13/10/2025 , 10:19:24,1772,1772
3961,13/10/2025 , 11:19:24,1772,1772
3962,13/10/2025 , 12:19:24,1772,1772
3963,13/10/2025 , 13:19:24,1772,1772
3964,13/10/2025 , 14:19:24,1772,1772
3965,13/10/2025 , 15:19:24,1772,1772
3966,13/10/2025 , 16:19:24,1772,1772
3967,13/10/2025 , 17:19:24,1772,1772
3968,13/10/2025 , 18:19:24,1771,1771
3969,13/10/2025 , 19:19:24,1771,1771
3970,13/10/2025 , 20:19:24,1771,1771
3971,13/10/2025 , 21:19:24,1770,1770
3972,13/10/2025 , 22:19:24,1770,1770
3973,13/10/2025 , 23:19:24,1770,1770
3974,14/10/2025 , 00:19:24,1769,1769
3975,14/10/2025 , 01:19:24,1769,1769
3976,14/10/2025 , 02:19:24,1769,1769
3977,14/10/2025 , 03:19:24,1769,1769
3978,14/10/2025 , 04:19:24,1768,1768
3979,14/10/2025 , 05:19:24,1768,1768
3980,14/10/2025 , 06:19:24,1768,1768
3981,14/10/2025 , 07:19:24,1768,1768
3982,14/10/2025 , 08:19:24,1769,1769
3983,14/10/2025 , 09:19:24,1769,1769
3984,14/10/2025 , 10:19:24,1769,1769
3985,14/10/2025 , 11:19:24,1769,1769
3986,14/10/2025 , 12:19:24,1770,1770
3987,14/10/2025 , 13:19:24,1770,1770
3988,14/10/2025 , 14:19:24,1770,1770
3989,14/10/2025 , 15:19:24,1770,1770
3990,14/10/2025 , 16:19:24,1769,1769
3991,14/10/2025 , 17:19:24,1769,1769
3992,14/10/2025 , 18:19:24,1769,1769
3993,14/10/2025 , 19:19:24,1769,1769
3994,14/10/2025 , 20:19:24,1769,1769
3995,14/10/2025 , 21:19:24,1769,1769
3996,14/10/2025 , 22:19:24,1769,1769
3997,14/10/2025 , 23:19:24,1769,1769
3998,15/10/2025 , 00:19:24,1769,1769
3999,15/10/2025 , 01:19:24,1769,1769
4000,15/10/2025 , 02:19:24,1768,1768
4001,15/10/2025 , 03:19:24,1768,1768
4002,15/10/2025 , 04:19:24,1768,1768
4003,15/10/2025 , 05:19:24,1768,1768
4004,15/10/2025 , 06:19:24,1767,1767
4005,15/10/2025 , 07:19:24,1767,1767
4006,15/10/2025 , 08:19:24,1768,1768
4007,15/10/2025 , 09:19:24,1767,1767
4008,15/10/2025 , 10:19:24,1767,1767
4009,15/10/2025 , 11:19:24,1767,1767
4010,15/10/2025 , 12:19:24,1767,1767
4011,15/10/2025 , 13:19:24,1767,1767
4012,15/10/2025 , 14:19:24,1767,1767
4013,15/10/2025 , 15:19:24,1766,1766
4014,15/10/2025 , 16:19:24,1766,1766
4015,15/10/2025 , 17:19:24,1766,1766
4016,15/10/2025 , 18:19:24,1765,1765
4017,15/10/2025 , 19:19:24,1764,1764
4018,15/10/2025 , 20:19:24,1764,1764
4019,15/10/2025 , 21:19:24,1763,1763
4020,15/10/2025 , 22:19:24,1763,1763
4021,15/10/2025 , 23:19:24,1763,1763
4022,16/10/2025 , 00:19:24,1762,1762
4023,16/10/2025 , 01:19:24,1762,1762
4024,16/10/2025 , 02:19:24,1762,1762
4025,16/10/2025 , 03:19:24,1762,1762
4026,16/10/2025 , 04:19:24,1762,1762
4027,16/10/2025 , 05:19:24,1761,1761
4028,16/10/2025 , 06:19:24,1761,1761
4029,16/10/2025 , 07:19:24,1760,1760
4030,16/10/2025 , 08:19:24,1760,1760
4031,16/10/2025 , 09:19:24,1760,1760
4032,16/10/2025 , 10:19:24,1760,1760
4033,16/10/2025 , 11:19:24,1761,1761
4034,16/10/2025 , 12:19:24,1763,1763
4035,16/10/2025 , 13:19:24,1766,1766
4036,16/10/2025 , 14:19:24,1770,1770
4037,16/10/2025 , 15:19:24,1774,1774
4038,16/10/2025 , 16:19:24,1778,1778
4039,16/10/2025 , 17:19:24,1780,1780
4040,16/10/2025 , 18:19:24,1781,1781
4041,16/10/2025 , 19:19:24,1783,1783
4042,16/10/2025 , 20:19:24,1785,1785
4043,16/10/2025 , 21:19:24,1787,1787
4044,16/10/2025 , 22:19:24,1787,1787
4045,16/10/2025 , 23:19:24,1789,1789
4046,17/10/2025 , 00:19:24,1789,1789
4047,17/10/2025 , 01:19:24,1790,1790
4048,17/10/2025 , 02:19:24,1791,1791
4049,17/10/2025 , 03:19:24,1792,1792
4050,17/10/2025 , 04:19:24,1792,1792
4051,17/10/2025 , 05:19:24,1793,1793
4052,17/10/2025 , 06:19:24,1793,1793
4053,17/10/2025 , 07:19:24,1793,1793
4054,17/10/2025 , 08:19:24,1795,1795
4055,17/10/2025 , 09:19:24,1796,1796
4056,17/10/2025 , 10:19:24,1796,1796
4057,17/10/2025 , 11:19:24,1796,1796
4058,17/10/2025 , 12:19:24,1795,1795
4059,17/10/2025 , 13:19:24,1795,1795
4060,17/10/2025 , 14:19:24,1795,1795
4061,17/10/2025 , 15:19:24,1794,1794
4062,17/10/2025 , 16:19:24,1794,1794
4063,17/10/2025 , 17:19:24,1794,1794
4064,17/10/2025 , 18:19:24,1793,1793
4065,17/10/2025 , 19:19:24,1793,1793
4066,17/10/2025 , 20:19:24,1793,1793
4067,17/10/2025 , 21:19:24,1793,1793
4068,17/10/2025 , 22:19:24,1792,1792
4069,17/10/2025 , 23:19:24,1792,1792
4070,18/10/2025 , 00:19:24,1791,1791
4071,18/10/2025 , 01:19:24,1790,1790
4072,18/10/2025 , 02:19:24,1789,1789
4073,18/10/2025 , 03:19:24,1789,1789
4074,18/10/2025 , 04:19:24,1788,1788
4075,18/10/2025 , 05:19:24,1787,1787
4076,18/10/2025 , 06:19:24,1787,1787
4077,18/10/2025 , 07:19:24,1786,1786
4078,18/10/2025 , 08:19:24,1787,1787
4079,18/10/2025 , 09:19:24,1786,1786
4080,18/10/2025 , 10:19:24,1786,1786
4081,18/10/2025 , 11:19:24,1786,1786
4082,18/10/2025 , 12:19:24,1786,1786
4083,18/10/2025 , 13:19:24,1785,1785
4084,18/10/2025 , 14:19:24,1785,1785
4085,18/10/2025 , 15:19:24,1784,1784
4086,18/10/2025 , 16:19:24,1784,1784
4087,18/10/2025 , 17:19:24,1783,1783
4088,18/10/2025 , 18:19:24,1782,1782
4089,18/10/2025 , 19:19:24,1781,1781
4090,18/10/2025 , 20:19:24,1781,1781
4091,18/10/2025 , 21:19:24,1781,1781
4092,18/10/2025 , 22:19:24,1780,1780
4093,18/10/2025 , 23:19:24,1780,1780
4094,19/10/2025 , 00:19:24,1780,1780
4095,19/10/2025 , 01:19:24,1779,1779
4096,19/10/2025 , 02:19:24,1779,1779
4097,19/10/2025 , 03:19:24,1779,1779
4098,19/10/2025 , 04:19:24,1779,1779
4099,19/10/2025 , 05:19:24,1779,1779
4100,19/10/2025 , 06:19:24,1779,1779
4101,19/10/2025 , 07:19:24,1779,1779
4102,19/10/2025 , 08:19:24,1779,1779
4103,19/10/2025 , 09:19:24,1779,1779
4104,19/10/2025 , 10:19:24,1779,1779
4105,19/10/2025 , 11:19:24,1779,1779
4106,19/10/2025 , 12:19:24,1778,1778
4107,19/10/2025 , 13:19:24,1778,1778
4108,19/10/2025 , 14:19:24,1779,1779
4109,19/10/2025 , 15:19:24,1778,1778
4110,19/10/2025 , 16:19:24,1778,1778
4111,19/10/2025 , 17:19:24,1778,1778
4112,19/10/2025 , 18:19:24,1777,1777
4113,19/10/2025 , 19:19:24,1777,1777
4114,19/10/2025 , 20:19:24,1776,1776
4115,19/10/2025 , 21:19:24,1776,1776
4116,19/10/2025 , 22:19:24,1776,1776
4117,19/10/2025 , 23:19:24,1775,1775
4118,20/10/2025 , 00:19:24,1775,1775
4119,20/10/2025 , 01:19:24,1775,1775
4120,20/10/2025 , 02:19:24,1774,1774
4121,20/10/2025 , 03:19:24,1774,1774
4122,20/10/2025 , 04:19:24,1774,1774
4123,20/10/2025 , 05:19:24,1774,1774
4124,20/10/2025 , 06:19:24,1774,1774
4125,20/10/2025 , 07:19:24,1774,1774
4126,20/10/2025 , 08:19:24,1774,1774
4127,20/10/2025 , 09:19:24,1774,1774
4128,20/10/2025 , 10:19:24,1774,1774
4129,20/10/2025 , 11:19:24,1776,1776
4130,20/10/2025 , 12:19:24,1777,1777
4131,20/10/2025 , 13:19:24,1778,1778
4132,20/10/2025 , 14:19:24,1779,1779
4133,20/10/2025 , 15:19:24,1780,1780
4134,20/10/2025 , 16:19:24,1783,1783
4135,20/10/2025 , 17:19:24,1787,1787
4136,20/10/2025 , 18:19:24,1804,1804
4137,20/10/2025 , 19:19:24,1855,1855
4138,20/10/2025 , 20:19:24,1879,1879
4139,20/10/2025 , 21:19:24,1883,1883
4140,20/10/2025 , 22:19:24,1883,1883
4141,20/10/2025 , 23:19:24,1883,1883
4142,21/10/2025 , 00:19:24,1885,1885
4143,21/10/2025 , 01:19:24,1884,1884
4144,21/10/2025 , 02:19:24,1883,1883
4145,21/10/2025 , 03:19:24,1877,1877
4146,21/10/2025 , 04:19:24,1872,1872
4147,21/10/2025 , 05:19:24,1869,1869
4148,21/10/2025 , 06:19:24,1864,1864
4149,21/10/2025 , 07:19:24,1860,1860
4150,21/10/2025 , 08:19:24,1857,1857
4151,21/10/2025 , 09:19:24,1854,1854
4152,21/10/2025 , 10:19:24,1851,1851
4153,21/10/2025 , 11:19:24,1849,1849
4154,21/10/2025 , 12:19:24,1847,1847
4155,21/10/2025 , 13:19:24,1844,1844
4156,21/10/2025 , 14:19:24,1842,1842
4157,21/10/2025 , 15:19:24,1841,1841
4158,21/10/2025 , 16:19:24,1839,1839
4159,21/10/2025 , 17:19:24,1838,1838
4160,21/10/2025 , 18:19:24,1837,1837
4161,21/10/2025 , 19:19:24,1836,1836
4162,21/10/2025 , 20:19:24,1835,1835
4163,21/10/2025 , 21:19:24,1834,1834
4164,21/10/2025 , 22:19:24,1832,1832
4165,21/10/2025 , 23:19:24,1831,1831
4166,22/10/2025 , 00:19:24,1831,1831
4167,22/10/2025 , 01:19:24,1830,1830
4168,22/10/2025 , 02:19:24,1830,1830
4169,22/10/2025 , 03:19:24,1829,1829
4170,22/10/2025 , 04:19:24,1831,1831
4171,22/10/2025 , 05:19:24,1830,1830
4172,22/10/2025 , 06:19:24,1829,1829
4173,22/10/2025 , 07:19:24,1828,1828
4174,22/10/2025 , 08:19:24,1830,1830
4175,22/10/2025 , 09:19:24,1834,1834
4176,22/10/2025 , 10:19:24,1836,1836
4177,22/10/2025 , 11:19:24,1839,1839
4178,22/10/2025 , 12:19:24,1842,1842
4179,22/10/2025 , 13:19:24,1846,1846
4180,22/10/2025 , 14:19:24,1854,1854
4181,22/10/2025 , 15:19:24,1884,1884
4182,22/10/2025 , 16:19:24,1925,1925
4183,22/10/2025 , 17:19:24,1939,1939
4184,22/10/2025 , 18:19:24,1939,1939
4185,22/10/2025 , 19:19:24,1935,1935
4186,22/10/2025 , 20:19:24,1922,1922
4187,22/10/2025 , 21:19:24,1915,1915
4188,22/10/2025 , 22:19:24,1910,1910
4189,22/10/2025 , 23:19:24,1905,1905
4190,23/10/2025 , 00:19:24,1899,1899
4191,23/10/2025 , 01:19:24,1894,1894
4192,23/10/2025 , 02:19:24,1889,1889
4193,23/10/2025 , 03:19:24,1886,1886
4194,23/10/2025 , 04:19:24,1882,1882
4195,23/10/2025 , 05:19:24,1879,1879
4196,23/10/2025 , 06:19:24,1877,1877
4197,23/10/2025 , 07:19:24,1874,1874
4198,23/10/2025 , 08:19:24,1872,1872
4199,23/10/2025 , 09:19:24,1870,1870
4200,23/10/2025 , 10:19:24,1868,1868
4201,23/10/2025 , 11:19:24,1867,1867
4202,23/10/2025 , 12:19:24,1864,1864
4203,23/10/2025 , 13:19:24,1862,1862
4204,23/10/2025 , 14:19:24,1861,1861
4205,23/10/2025 , 15:19:24,1860,1860
4206,23/10/2025 , 16:19:24,1859,1859
4207,23/10/2025 , 17:19:24,1856,1856
4208,23/10/2025 , 18:19:24,1854,1854
4209,23/10/2025 , 19:19:24,1853,1853
4210,23/10/2025 , 20:19:24,1852,1852
4211,23/10/2025 , 21:19:24,1851,1851
4212,23/10/2025 , 22:19:24,1849,1849
4213,23/10/2025 , 23:19:24,1849,1849
4214,24/10/2025 , 00:19:24,1847,1847
4215,24/10/2025 , 01:19:24,1847,1847
4216,24/10/2025 , 02:19:24,1846,1846
4217,24/10/2025 , 03:19:24,1844,1844
4218,24/10/2025 , 04:19:24,1843,1843
4219,24/10/2025 , 05:19:24,1842,1842
4220,24/10/2025 , 06:19:24,1842,1842
4221,24/10/2025 , 07:19:24,1840,1840
4222,24/10/2025 , 08:19:24,1840,1840
4223,24/10/2025 , 09:19:24,1840,1840
4224,24/10/2025 , 10:19:24,1840,1840
4225,24/10/2025 , 11:19:24,1839,1839
4226,24/10/2025 , 12:19:24,1839,1839
4227,24/10/2025 , 13:19:24,1838,1838
4228,24/10/2025 , 14:19:24,1838,1838
4229,24/10/2025 , 15:19:24,1837,1837
4230,24/10/2025 , 16:19:24,1836,1836
4231,24/10/2025 , 17:19:24,1836,1836
4232,24/10/2025 , 18:19:24,1835,1835
4233,24/10/2025 , 19:19:24,1834,1834
4234,24/10/2025 , 20:19:24,1833,1833
4235,24/10/2025 , 21:19:24,1833,1833
4236,24/10/2025 , 22:19:24,1832,1832
4237,24/10/2025 , 23:19:24,1832,1832
4238,25/10/2025 , 00:19:24,1832,1832
4239,25/10/2025 , 01:19:24,1831,1831
4240,25/10/2025 , 02:19:24,1831,1831
4241,25/10/2025 , 03:19:24,1830,1830
4242,25/10/2025 , 04:19:24,1830,1830
4243,25/10/2025 , 05:19:24,1830,1830
4244,25/10/2025 , 06:19:24,1830,1830
4245,25/10/2025 , 07:19:24,1830,1830
4246,25/10/2025 , 08:19:24,1829,1829
4247,25/10/2025 , 09:19:24,1829,1829
4248,25/10/2025 , 10:19:24,1829,1829
4249,25/10/2025 , 11:19:24,1829,1829
4250,25/10/2025 , 12:19:24,1829,1829
4251,25/10/2025 , 13:19:24,1829,1829
4252,25/10/2025 , 14:19:24,1828,1828
4253,25/10/2025 , 15:19:24,1828,1828
4254,25/10/2025 , 16:19:24,1828,1828
4255,25/10/2025 , 17:19:24,1827,1827
4256,25/10/2025 , 18:19:24,1826,1826
4257,25/10/2025 , 19:19:24,1826,1826
4258,25/10/2025 , 20:19:24,1825,1825
4259,25/10/2025 , 21:19:24,1825,1825
4260,25/10/2025 , 22:19:24,1824,1824
4261,25/10/2025 , 23:19:24,1824,1824
4262,26/10/2025 , 00:19:24,1824,1824
4263,26/10/2025 , 01:19:24,1823,1823
4264,26/10/2025 , 02:19:24,1823,1823
4265,26/10/2025 , 03:19:24,1823,1823
4266,26/10/2025 , 04:19:24,1822,1822
4267,26/10/2025 , 05:19:24,1822,1822
4268,26/10/2025 , 06:19:24,1822,1822
4269,26/10/2025 , 07:19:24,1822,1822
4270,26/10/2025 , 08:19:24,1821,1821
4271,26/10/2025 , 09:19:24,1822,1822
4272,26/10/2025 , 10:19:24,1822,1822
4273,26/10/2025 , 11:19:24,1822,1822
4274,26/10/2025 , 12:19:24,1822,1822
4275,26/10/2025 , 13:19:24,1822,1822
4276,26/10/2025 , 14:19:24,1821,1821
4277,26/10/2025 , 15:19:24,1821,1821
4278,26/10/2025 , 16:19:24,1821,1821
4279,26/10/2025 , 17:19:24,1820,1820
4280,26/10/2025 , 18:19:24,1820,1820
4281,26/10/2025 , 19:19:24,1820,1820
4282,26/10/2025 , 20:19:24,1820,1820
4283,26/10/2025 , 21:19:24,1820,1820
4284,26/10/2025 , 22:19:24,1820,1820
4285,26/10/2025 , 23:19:24,1820,1820
4286,27/10/2025 , 00:19:24,1819,1819
4287,27/10/2025 , 01:19:24,1819,1819
4288,27/10/2025 , 02:19:24,1819,1819
4289,27/10/2025 , 03:19:24,1819,1819
4290,27/10/2025 , 04:19:24,1819,1819
4291,27/10/2025 , 05:19:24,1819,1819
4292,27/10/2025 , 06:19:24,1820,1820
4293,27/10/2025 , 07:19:24,1820,1820
4294,27/10/2025 , 08:19:24,1821,1821
4295,27/10/2025 , 09:19:24,1821,1821
4296,27/10/2025 , 10:19:24,1821,1821
4297,27/10/2025 , 11:19:24,1822,1822
4298,27/10/2025 , 12:19:24,1822,1822
4299,27/10/2025 , 13:19:24,1822,1822
4300,27/10/2025 , 14:19:24,1822,1822
4301,27/10/2025 , 15:19:24,1822,1822
4302,27/10/2025 , 16:19:24,1822,1822
4303,27/10/2025 , 17:19:24,1821,1821
4304,27/10/2025 , 18:19:24,1822,1822
4305,27/10/2025 , 19:19:24,1821,1821
4306,27/10/2025 , 20:19:24,1820,1820
4307,27/10/2025 , 21:19:24,1820,1820
4308,27/10/2025 , 22:19:24,1820,1820
4309,27/10/2025 , 23:19:24,1820,1820
4310,28/10/2025 , 00:19:24,1820,1820
4311,28/10/2025 , 01:19:24,1819,1819
4312,28/10/2025 , 02:19:24,1819,1819
4313,28/10/2025 , 03:19:24,1819,1819
4314,28/10/2025 , 04:19:24,1819,1819
4315,28/10/2025 , 05:19:24,1819,1819
4316,28/10/2025 , 06:19:24,1818,1818
4317,28/10/2025 , 07:19:24,1818,1818
4318,28/10/2025 , 08:19:24,1818,1818
4319,28/10/2025 , 09:19:24,1818,1818
4320,28/10/2025 , 10:19:24,1818,1818
4321,28/10/2025 , 11:19:24,1817,1817
4322,28/10/2025 , 12:19:24,1817,1817
4323,28/10/2025 , 13:19:24,1817,1817
4324,28/10/2025 , 14:19:24,1817,1817
4325,28/10/2025 , 15:19:24,1817,1817
4326,28/10/2025 , 16:19:24,1816,1816
4327,28/10/2025 , 17:19:24,1816,1816
4328,28/10/2025 , 18:19:24,1815,1815
4329,28/10/2025 , 19:19:24,1815,1815
4330,28/10/2025 , 20:19:24,1814,1814
4331,28/10/2025 , 21:19:24,1814,1814
4332,28/10/2025 , 22:19:24,1813,1813
4333,28/10/2025 , 23:19:24,1813,1813
4334,29/10/2025 , 00:19:24,1813,1813
4335,29/10/2025 , 01:19:24,1812,1812
4336,29/10/2025 , 02:19:24,1812,1812
4337,29/10/2025 , 03:19:24,1811,1811
4338,29/10/2025 , 04:19:24,1811,1811
4339,29/10/2025 , 05:19:24,1810,1810
4340,29/10/2025 , 06:19:24,1809,1809
4341,29/10/2025 , 07:19:24,1809,1809
4342,29/10/2025 , 08:19:24,1809,1809
4343,29/10/2025 , 09:19:24,1810,1810
4344,29/10/2025 , 10:19:24,1810,1810
4345,29/10/2025 , 11:19:24,1810,1810
4346,29/10/2025 , 12:19:24,1811,1811
4347,29/10/2025 , 13:19:24,1811,1811
4348,29/10/2025 , 14:19:24,1811,1811
4349,29/10/2025 , 15:19:24,1812,1812
4350,29/10/2025 , 16:19:24,1812,1812
4351,29/10/2025 , 17:19:24,1812,1812
4352,29/10/2025 , 18:19:24,1811,1811
4353,29/10/2025 , 19:19:24,1812,1812
4354,29/10/2025 , 20:19:24,1812,1812
4355,29/10/2025 , 21:19:24,1812,1812
4356,29/10/2025 , 22:19:24,1812,1812
4357,29/10/2025 , 23:19:24,1812,1812
4358,30/10/2025 , 00:19:24,1812,1812
4359,30/10/2025 , 01:19:24,1812,1812
4360,30/10/2025 , 02:19:24,1811,1811
4361,30/10/2025 , 03:19:24,1811,1811
4362,30/10/2025 , 04:19:24,1812,1812
4363,30/10/2025 , 05:19:24,1812,1812
4364,30/10/2025 , 06:19:24,1812,1812
4365,30/10/2025 , 07:19:24,1811,1811
4366,30/10/2025 , 08:19:24,1813,1813
4367,30/10/2025 , 09:19:24,1812,1812
4368,30/10/2025 , 10:19:24,1813,1813
4369,30/10/2025 , 11:19:24,1813,1813
4370,30/10/2025 , 12:19:24,1813,1813
4371,30/10/2025 , 13:19:24,1813,1813
4372,30/10/2025 , 14:19:24,1813,1813
4373,30/10/2025 , 15:19:24,1813,1813
4374,30/10/2025 , 16:19:24,1813,1813
4375,30/10/2025 , 17:19:24,1813,1813
4376,30/10/2025 , 18:19:24,1813,1813
4377,30/10/2025 , 19:19:24,1814,1814
4378,30/10/2025 , 20:19:24,1814,1814
4379,30/10/2025 , 21:19:24,1814,1814
4380,30/10/2025 , 22:19:24,1814,1814
4381,30/10/2025 , 23:19:24,1815,1815
4382,31/10/2025 , 00:19:24,1815,1815
4383,31/10/2025 , 01:19:24,1817,1817
4384,31/10/2025 , 02:19:24,1818,1818
4385,31/10/2025 , 03:19:24,1824,1824
4386,31/10/2025 , 04:19:24,1832,1832
4387,31/10/2025 , 05:19:24,1854,1854
4388,31/10/2025 , 06:19:24,1922,1922
4389,31/10/2025 , 07:19:24,1962,1962
4390,31/10/2025 , 08:19:24,2019,2019
4391,31/10/2025 , 09:19:24,2046,2046
4392,31/10/2025 , 10:19:24,2046,2046
4393,31/10/2025 , 11:19:24,2055,2055
4394,31/10/2025 , 12:19:24,2056,2056
4395,31/10/2025 , 13:19:24,2052,2052
4396,31/10/2025 , 14:19:24,2047,2047
4397,31/10/2025 , 15:19:24,2043,2043
4398,31/10/2025 , 16:19:24,2040,2040
4399,31/10/2025 , 17:19:24,2051,2051
4400,31/10/2025 , 18:19:24,2051,2051
4401,31/10/2025 , 19:19:24,2070,2070
4402,31/10/2025 , 20:19:24,2077,2077
4403,31/10/2025 , 21:19:24,2078,2078
4404,31/10/2025 , 22:19:24,2077,2077
4405,31/10/2025 , 23:19:24,2076,2076
4406,01/11/2025 , 00:19:24,2077,2077
4407,01/11/2025 , 01:19:24,2076,2076
4408,01/11/2025 , 02:19:24,2074,2074
4409,01/11/2025 , 03:19:24,2070,2070
4410,01/11/2025 , 04:19:24,2069,2069
4411,01/11/2025 , 05:19:24,2066,2066
4412,01/11/2025 , 06:19:24,2063,2063
4413,01/11/2025 , 07:19:24,2061,2061
4414,01/11/2025 , 08:19:24,2058,2058
4415,01/11/2025 , 09:19:24,2057,2057
4416,01/11/2025 , 10:19:24,2052,2052
4417,01/11/2025 , 11:19:24,2051,2051
4418,01/11/2025 , 12:19:24,2048,2048
4419,01/11/2025 , 13:19:24,2045,2045
4420,01/11/2025 , 14:19:24,2041,2041
4421,01/11/2025 , 15:19:24,2038,2038
4422,01/11/2025 , 16:19:24,2034,2034
4423,01/11/2025 , 17:19:24,2030,2030
4424,01/11/2025 , 18:19:24,2031,2031
4425,01/11/2025 , 19:19:24,2026,2026
4426,01/11/2025 , 20:19:24,2019,2019
4427,01/11/2025 , 21:19:24,2017,2017
4428,01/11/2025 , 22:19:24,2013,2013
4429,01/11/2025 , 23:19:24,2011,2011
4430,02/11/2025 , 00:19:24,2008,2008
4431,02/11/2025 , 01:19:24,2006,2006
4432,02/11/2025 , 02:19:24,2005,2005
4433,02/11/2025 , 03:19:24,2005,2005
4434,02/11/2025 , 04:19:24,2004,2004
4435,02/11/2025 , 05:19:24,2001,2001
4436,02/11/2025 , 06:19:24,2001,2001
4437,02/11/2025 , 07:19:24,1998,1998
4438,02/11/2025 , 08:19:24,1995,1995
4439,02/11/2025 , 09:19:24,1992,1992
4440,02/11/2025 , 10:19:24,1987,1987
4441,02/11/2025 , 11:19:24,1983,1983
4442,02/11/2025 , 12:19:24,1981,1981
4443,02/11/2025 , 13:19:24,1976,1976
4444,02/11/2025 , 14:19:24,1974,1974
4445,02/11/2025 , 15:19:24,1972,1972
4446,02/11/2025 , 16:19:24,1969,1969
4447,02/11/2025 , 17:19:24,1967,1967
4448,02/11/2025 , 18:19:24,1965,1965
4449,02/11/2025 , 19:19:24,1963,1963
4450,02/11/2025 , 20:19:24,1962,1962
4451,02/11/2025 , 21:19:24,1960,1960
4452,02/11/2025 , 22:19:24,1959,1959
4453,02/11/2025 , 23:19:24,1957,1957
4454,03/11/2025 , 00:19:24,1957,1957
4455,03/11/2025 , 01:19:24,1954,1954
4456,03/11/2025 , 02:19:24,1952,1952
4457,03/11/2025 , 03:19:24,1949,1949
4458,03/11/2025 , 04:19:24,1948,1948
4459,03/11/2025 , 05:19:24,1943,1943
4460,03/11/2025 , 06:19:24,1940,1940
4461,03/11/2025 , 07:19:24,1938,1938
4462,03/11/2025 , 08:19:24,1940,1940
4463,03/11/2025 , 09:19:24,1942,1942
4464,03/11/2025 , 10:19:24,1944,1944
4465,03/11/2025 , 11:19:24,1948,1948
4466,03/11/2025 , 12:19:24,1951,1951
4467,03/11/2025 , 13:19:24,1949,1949
4468,03/11/2025 , 14:19:24,1946,1946
4469,03/11/2025 , 15:19:24,1945,1945
4470,03/11/2025 , 16:19:24,1945,1945
4471,03/11/2025 , 17:19:24,1945,1945
4472,03/11/2025 , 18:19:24,1948,1948
4473,03/11/2025 , 19:19:24,1951,1951
4474,03/11/2025 , 20:19:24,1982,1982
4475,03/11/2025 , 21:19:24,1993,1993
4476,03/11/2025 , 22:19:24,1985,1985
4477,03/11/2025 , 23:19:24,2007,2007
4478,04/11/2025 , 00:19:24,2015,2015
4479,04/11/2025 , 01:19:24,2033,2033
4480,04/11/2025 , 02:19:24,2038,2038
4481,04/11/2025 , 03:19:24,2039,2039
4482,04/11/2025 , 04:19:24,2038,2038
4483,04/11/2025 , 05:19:24,2037,2037
4484,04/11/2025 , 06:19:24,2037,2037
4485,04/11/2025 , 07:19:24,2035,2035
4486,04/11/2025 , 08:19:24,2033,2033
4487,04/11/2025 , 09:19:24,2033,2033
4488,04/11/2025 , 10:19:24,2032,2032
4489,04/11/2025 , 11:19:24,2030,2030
4490,04/11/2025 , 12:19:24,2029,2029
4491,04/11/2025 , 13:19:24,2030,2030
4492,04/11/2025 , 14:19:24,2026,2026
4493,04/11/2025 , 15:19:24,2024,2024
4494,04/11/2025 , 16:19:24,2021,2021
4495,04/11/2025 , 17:19:24,2018,2018
4496,04/11/2025 , 18:19:24,2017,2017
4497,04/11/2025 , 19:19:24,2013,2013
4498,04/11/2025 , 20:19:24,2010,2010
4499,04/11/2025 , 21:19:24,2008,2008
4500,04/11/2025 , 22:19:24,2004,2004
4501,04/11/2025 , 23:19:24,2003,2003
4502,05/11/2025 , 00:19:24,2001,2001
4503,05/11/2025 , 01:19:24,1999,1999
4504,05/11/2025 , 02:19:24,1996,1996
4505,05/11/2025 , 03:19:24,1993,1993
4506,05/11/2025 , 04:19:24,1989,1989
4507,05/11/2025 , 05:19:24,1987,1987
4508,05/11/2025 , 06:19:24,1984,1984
4509,05/11/2025 , 07:19:24,1981,1981
4510,05/11/2025 , 08:19:24,1981,1981
4511,05/11/2025 , 09:19:24,1983,1983
4512,05/11/2025 , 10:19:24,1986,1986
4513,05/11/2025 , 11:19:24,1985,1985
4514,05/11/2025 , 12:19:24,1983,1983
4515,05/11/2025 , 13:19:24,1980,1980
4516,05/11/2025 , 14:19:24,1978,1978
4517,05/11/2025 , 15:19:24,1976,1976
4518,05/11/2025 , 16:19:24,1974,1974
4519,05/11/2025 , 17:19:24,1973,1973
4520,05/11/2025 , 18:19:24,1973,1973
4521,05/11/2025 , 19:19:24,1977,1977
4522,05/11/2025 , 20:19:24,1981,1981
4523,05/11/2025 , 21:19:24,1986,1986
4524,05/11/2025 , 22:19:24,1986,1986
4525,05/11/2025 , 23:19:24,1986,1986
4526,06/11/2025 , 00:19:24,1985,1985
4527,06/11/2025 , 01:19:24,1982,1982
4528,06/11/2025 , 02:19:24,1981,1981
4529,06/11/2025 , 03:19:24,1980,1980
4530,06/11/2025 , 04:19:24,1981,1981
4531,06/11/2025 , 05:19:24,1980,1980
4532,06/11/2025 , 06:19:24,1980,1980
4533,06/11/2025 , 07:19:24,1979,1979
4534,06/11/2025 , 08:19:24,1978,1978
4535,06/11/2025 , 09:19:24,1978,1978
4536,06/11/2025 , 10:19:24,1977,1977
4537,06/11/2025 , 11:19:24,1976,1976
4538,06/11/2025 , 12:19:24,1974,1974
4539,06/11/2025 , 13:19:24,1971,1971
4540,06/11/2025 , 14:19:24,1969,1969
4541,06/11/2025 , 15:19:24,1967,1967
4542,06/11/2025 , 16:19:24,1966,1966
4543,06/11/2025 , 17:19:24,1964,1964
4544,06/11/2025 , 18:19:24,1964,1964
4545,06/11/2025 , 19:19:24,1963,1963
4546,06/11/2025 , 20:19:24,1962,1962
4547,06/11/2025 , 21:19:24,1961,1961
4548,06/11/2025 , 22:19:24,1959,1959
4549,06/11/2025 , 23:19:24,1959,1959
4550,07/11/2025 , 00:19:24,1958,1958
4551,07/11/2025 , 01:19:24,1957,1957
4552,07/11/2025 , 02:19:24,1954,1954
4553,07/11/2025 , 03:19:24,1953,1953
4554,07/11/2025 , 04:19:24,1951,1951
4555,07/11/2025 , 05:19:24,1949,1949
4556,07/11/2025 , 06:19:24,1944,1944
4557,07/11/2025 , 07:19:24,1939,1939
4558,07/11/2025 , 08:19:24,1937,1937
4559,07/11/2025 , 09:19:24,1937,1937
4560,07/11/2025 , 10:19:24,1939,1939
4561,07/11/2025 , 11:19:24,1945,1945
4562,07/11/2025 , 12:19:24,1951,1951
4563,07/11/2025 , 13:19:24,1954,1954
4564,07/11/2025 , 14:19:24,1957,1957
4565,07/11/2025 , 15:19:24,1957,1957
4566,07/11/2025 , 16:19:24,1955,1955
4567,07/11/2025 , 17:19:24,1953,1953
4568,07/11/2025 , 18:19:24,1949,1949
4569,07/11/2025 , 19:19:24,1946,1946
4570,07/11/2025 , 20:19:24,1945,1945
4571,07/11/2025 , 21:19:24,1946,1946
4572,07/11/2025 , 22:19:24,1947,1947
4573,07/11/2025 , 23:19:24,1948,1948
4574,08/11/2025 , 00:19:24,1949,1949
4575,08/11/2025 , 01:19:24,1950,1950
4576,08/11/2025 , 02:19:24,1954,1954
4577,08/11/2025 , 03:19:24,1962,1962
4578,08/11/2025 , 04:19:24,1970,1970
4579,08/11/2025 , 05:19:24,1972,1972
4580,08/11/2025 , 06:19:24,1973,1973
4581,08/11/2025 , 07:19:24,1991,1991
4582,08/11/2025 , 08:19:24,1991,1991
4583,08/11/2025 , 09:19:24,1991,1991
4584,08/11/2025 , 10:19:24,1997,1997
4585,08/11/2025 , 11:19:24,1999,1999
4586,08/11/2025 , 12:19:24,2008,2008
4587,08/11/2025 , 13:19:24,2017,2017
4588,08/11/2025 , 14:19:24,2019,2019
4589,08/11/2025 , 15:19:24,2018,2018
4590,08/11/2025 , 16:19:24,2014,2014
4591,08/11/2025 , 17:19:24,2007,2007
4592,08/11/2025 , 18:19:24,1999,1999
4593,08/11/2025 , 19:19:24,1992,1992
4594,08/11/2025 , 20:19:24,1985,1985
4595,08/11/2025 , 21:19:24,1980,1980
4596,08/11/2025 , 22:19:24,1976,1976
4597,08/11/2025 , 23:19:24,1971,1971
4598,09/11/2025 , 00:19:24,1970,1970
4599,09/11/2025 , 01:19:24,1967,1967
4600,09/11/2025 , 02:19:24,1965,1965
4601,09/11/2025 , 03:19:24,1963,1963
4602,09/11/2025 , 04:19:24,1961,1961
4603,09/11/2025 , 05:19:24,1960,1960
4604,09/11/2025 , 06:19:24,1959,1959
4605,09/11/2025 , 07:19:24,1958,1958
4606,09/11/2025 , 08:19:24,1957,1957
4607,09/11/2025 , 09:19:24,1957,1957
4608,09/11/2025 , 10:19:24,1959,1959
4609,09/11/2025 , 11:19:24,1961,1961
4610,09/11/2025 , 12:19:24,1964,1964
4611,09/11/2025 , 13:19:24,1966,1966
4612,09/11/2025 , 14:19:24,1968,1968
4613,09/11/2025 , 15:19:24,1968,1968
4614,09/11/2025 , 16:19:24,1966,1966
4615,09/11/2025 , 17:19:24,1962,1962
4616,09/11/2025 , 18:19:24,1961,1961
4617,09/11/2025 , 19:19:24,1959,1959
4618,09/11/2025 , 20:19:24,1958,1958
4619,09/11/2025 , 21:19:24,1957,1957
4620,09/11/2025 , 22:19:24,1959,1959
4621,09/11/2025 , 23:19:24,1961,1961
4622,10/11/2025 , 00:19:24,1964,1964
4623,10/11/2025 , 01:19:24,1969,1969
4624,10/11/2025 , 02:19:24,1974,1974
4625,10/11/2025 , 03:19:24,1991,1991
4626,10/11/2025 , 04:19:24,2022,2022
4627,10/11/2025 , 05:19:24,2013,2013
4628,10/11/2025 , 06:19:24,2014,2014
4629,10/11/2025 , 07:19:24,2008,2008
4630,10/11/2025 , 08:19:24,2012,2012
4631,10/11/2025 , 09:19:24,2039,2039
4632,10/11/2025 , 10:19:24,2084,2084
4633,10/11/2025 , 11:19:24,2092,2092
4634,10/11/2025 , 12:19:24,2096,2096
4635,10/11/2025 , 13:19:24,2100,2100
4636,10/11/2025 , 14:19:24,2098,2098
4637,10/11/2025 , 15:19:24,2093,2093
4638,10/11/2025 , 16:19:24,2087,2087
4639,10/11/2025 , 17:19:24,2083,2083
4640,10/11/2025 , 18:19:24,2079,2079
4641,10/11/2025 , 19:19:24,2070,2070
4642,10/11/2025 , 20:19:24,2072,2072
4643,10/11/2025 , 21:19:24,2073,2073
4644,10/11/2025 , 22:19:24,2076,2076
4645,10/11/2025 , 23:19:24,2083,2083
4646,11/11/2025 , 00:19:24,2093,2093
4647,11/11/2025 , 01:19:24,2102,2102
4648,11/11/2025 , 02:19:24,2109,2109
4649,11/11/2025 , 03:19:24,2109,2109
4650,11/11/2025 , 04:19:24,2108,2108
4651,11/11/2025 , 05:19:24,2102,2102
4652,11/11/2025 , 06:19:24,2097,2097
4653,11/11/2025 , 07:19:24,2094,2094
4654,11/11/2025 , 08:19:24,2088,2088
4655,11/11/2025 , 09:19:24,2084,2084
4656,11/11/2025 , 10:19:24,2077,2077
4657,11/11/2025 , 11:19:24,2070,2070
4658,11/11/2025 , 12:19:24,2065,2065
4659,11/11/2025 , 13:19:24,2062,2062
4660,11/11/2025 , 14:19:24,2058,2058
4661,11/11/2025 , 15:19:24,2056,2056
4662,11/11/2025 , 16:19:24,2053,2053
4663,11/11/2025 , 17:19:24,2053,2053
4664,11/11/2025 , 18:19:24,2050,2050
4665,11/11/2025 , 19:19:24,2048,2048
4666,11/11/2025 , 20:19:24,2046,2046
4667,11/11/2025 , 21:19:24,2046,2046
4668,11/11/2025 , 22:19:24,2046,2046
4669,11/11/2025 , 23:19:24,2045,2045
4670,12/11/2025 , 00:19:24,2043,2043
4671,12/11/2025 , 01:19:24,2042,2042
4672,12/11/2025 , 02:19:24,2042,2042
4673,12/11/2025 , 03:19:24,2042,2042
4674,12/11/2025 , 04:19:24,2041,2041
4675,12/11/2025 , 05:19:24,2040,2040
4676,12/11/2025 , 06:19:24,2040,2040
4677,12/11/2025 , 07:19:24,2038,2038
4678,12/11/2025 , 08:19:24,2036,2036
4679,12/11/2025 , 09:19:24,2037,2037
4680,12/11/2025 , 10:19:24,2036,2036
4681,12/11/2025 , 11:19:24,2034,2034
4682,12/11/2025 , 12:19:24,2033,2033
4683,12/11/2025 , 13:19:24,2031,2031
4684,12/11/2025 , 14:19:24,2031,2031
4685,12/11/2025 , 15:19:24,2028,2028
4686,12/11/2025 , 16:19:24,2024,2024
4687,12/11/2025 , 17:19:24,2025,2025
4688,12/11/2025 , 18:19:24,2024,2024
4689,12/11/2025 , 19:19:24,2022,2022
4690,12/11/2025 , 20:19:24,2019,2019
4691,12/11/2025 , 21:19:24,2017,2017
4692,12/11/2025 , 22:19:24,2013,2013
4693,12/11/2025 , 23:19:24,2012,2012
4694,13/11/2025 , 00:19:24,2007,2007
4695,13/11/2025 , 01:19:24,2003,2003
4696,13/11/2025 , 02:19:24,1999,1999
4697,13/11/2025 , 03:19:24,1997,1997
4698,13/11/2025 , 04:19:24,1995,1995
4699,13/11/2025 , 05:19:24,1995,1995
4700,13/11/2025 , 06:19:24,1993,1993
4701,13/11/2025 , 07:19:24,1992,1992
4702,13/11/2025 , 08:19:24,1991,1991
4703,13/11/2025 , 09:19:24,1992,1992
4704,13/11/2025 , 10:19:24,1993,1993
4705,13/11/2025 , 11:19:24,1993,1993
4706,13/11/2025 , 12:19:24,1993,1993
4707,13/11/2025 , 13:19:24,1993,1993
4708,13/11/2025 , 14:19:24,1993,1993
4709,13/11/2025 , 15:19:24,1993,1993
4710,13/11/2025 , 16:19:24,1993,1993
4711,13/11/2025 , 17:19:24,1993,1993
4712,13/11/2025 , 18:19:24,1993,1993
4713,13/11/2025 , 19:19:24,1993,1993
4714,13/11/2025 , 20:19:24,1993,1993
4715,13/11/2025 , 21:19:24,1993,1993
4716,13/11/2025 , 22:19:24,1993,1993
4717,13/11/2025 , 23:19:24,1993,1993
4718,14/11/2025 , 00:19:24,1994,1994
4719,14/11/2025 , 01:19:24,1995,1995
4720,14/11/2025 , 02:19:24,1995,1995
4721,14/11/2025 , 03:19:24,1995,1995
4722,14/11/2025 , 04:19:24,1994,1994
4723,14/11/2025 , 05:19:24,1994,1994
4724,14/11/2025 , 06:19:24,1993,1993
4725,14/11/2025 , 07:19:24,1992,1992
4726,14/11/2025 , 08:19:24,1991,1991
4727,14/11/2025 , 09:19:24,1993,1993
4728,14/11/2025 , 10:19:24,1993,1993
4729,14/11/2025 , 11:19:24,1994,1994
4730,14/11/2025 , 12:19:24,1994,1994
4731,14/11/2025 , 13:19:24,1993,1993
4732,14/11/2025 , 14:19:24,1993,1993
4733,14/11/2025 , 15:19:24,1993,1993
4734,14/11/2025 , 16:19:24,1992,1992
4735,14/11/2025 , 17:19:24,1992,1992
4736,14/11/2025 , 18:19:24,1992,1992
4737,14/11/2025 , 19:19:24,1992,1992
4738,14/11/2025 , 20:19:24,1991,1991
4739,14/11/2025 , 21:19:24,1992,1992
4740,14/11/2025 , 22:19:24,1992,1992
4741,14/11/2025 , 23:19:24,1991,1991
4742,15/11/2025 , 00:19:24,1990,1990
4743,15/11/2025 , 01:19:24,1988,1988
4744,15/11/2025 , 02:19:24,1986,1986
4745,15/11/2025 , 03:19:24,1985,1985
4746,15/11/2025 , 04:19:24,1984,1984
4747,15/11/2025 , 05:19:24,1982,1982
4748,15/11/2025 , 06:19:24,1981,1981
4749,15/11/2025 , 07:19:24,1979,1979
4750,15/11/2025 , 08:19:24,1978,1978
4751,15/11/2025 , 09:19:24,1980,1980
4752,15/11/2025 , 10:19:24,1981,1981
4753,15/11/2025 , 11:19:24,1984,1984
4754,15/11/2025 , 12:19:24,1983,1983
4755,15/11/2025 , 13:19:24,1983,1983
4756,15/11/2025 , 14:19:24,1984,1984
4757,15/11/2025 , 15:19:24,1984,1984
4758,15/11/2025 , 16:19:24,1982,1982
4759,15/11/2025 , 17:19:24,1980,1980
4760,15/11/2025 , 18:19:24,1979,1979
4761,15/11/2025 , 19:19:24,1978,1978
4762,15/11/2025 , 20:19:24,1977,1977
4763,15/11/2025 , 21:19:24,1976,1976
4764,15/11/2025 , 22:19:24,1975,1975
4765,15/11/2025 , 23:19:24,1974,1974
4766,16/11/2025 , 00:19:24,1973,1973
4767,16/11/2025 , 01:19:24,1971,1971
4768,16/11/2025 , 02:19:24,1970,1970
4769,16/11/2025 , 03:19:24,1968,1968
4770,16/11/2025 , 04:19:24,1964,1964
4771,16/11/2025 , 05:19:24,1962,1962
4772,16/11/2025 , 06:19:24,1961,1961
4773,16/11/2025 , 07:19:24,1961,1961
4774,16/11/2025 , 08:19:24,1962,1962
4775,16/11/2025 , 09:19:24,1964,1964
4776,16/11/2025 , 10:19:24,1964,1964
4777,16/11/2025 , 11:19:24,1964,1964
4778,16/11/2025 , 12:19:24,1967,1967
4779,16/11/2025 , 13:19:24,1968,1968
4780,16/11/2025 , 14:19:24,1968,1968
4781,16/11/2025 , 15:19:24,1967,1967
4782,16/11/2025 , 16:19:24,1968,1968
4783,16/11/2025 , 17:19:24,1968,1968
4784,16/11/2025 , 18:19:24,1968,1968
4785,16/11/2025 , 19:19:24,1968,1968
4786,16/11/2025 , 20:19:24,1967,1967
4787,16/11/2025 , 21:19:24,1967,1967
4788,16/11/2025 , 22:19:24,1967,1967
4789,16/11/2025 , 23:19:24,1967,1967
4790,17/11/2025 , 00:19:24,1967,1967
4791,17/11/2025 , 01:19:24,1966,1966
4792,17/11/2025 , 02:19:24,1966,1966
4793,17/11/2025 , 03:19:24,1966,1966
4794,17/11/2025 , 04:19:24,1966,1966
4795,17/11/2025 , 05:19:24,1966,1966
4796,17/11/2025 , 06:19:24,1966,1966
4797,17/11/2025 , 07:19:24,1965,1965
4798,17/11/2025 , 08:19:24,1964,1964
4799,17/11/2025 , 09:19:24,1964,1964
4800,17/11/2025 , 10:19:24,1964,1964
4801,17/11/2025 , 11:19:24,1964,1964
4802,17/11/2025 , 12:19:24,1964,1964
4803,17/11/2025 , 13:19:24,1965,1965
4804,17/11/2025 , 14:19:24,1965,1965
4805,17/11/2025 , 15:19:24,1964,1964
4806,17/11/2025 , 16:19:24,1964,1964
4807,17/11/2025 , 17:19:24,1963,1963
4808,17/11/2025 , 18:19:24,1962,1962
4809,17/11/2025 , 19:19:24,1962,1962
4810,17/11/2025 , 20:19:24,1961,1961
4811,17/11/2025 , 21:19:24,1961,1961
4812,17/11/2025 , 22:19:24,1960,1960
4813,17/11/2025 , 23:19:24,1959,1959
4814,18/11/2025 , 00:19:24,1959,1959
4815,18/11/2025 , 01:19:24,1957,1957
4816,18/11/2025 , 02:19:24,1957,1957
4817,18/11/2025 , 03:19:24,1956,1956
4818,18/11/2025 , 04:19:24,1956,1956
4819,18/11/2025 , 05:19:24,1955,1955
4820,18/11/2025 , 06:19:24,1954,1954
4821,18/11/2025 , 07:19:24,1953,1953
4822,18/11/2025 , 08:19:24,1952,1952
4823,18/11/2025 , 09:19:24,1952,1952
4824,18/11/2025 , 10:19:24,1952,1952
4825,18/11/2025 , 11:19:24,1951,1951
4826,18/11/2025 , 12:19:24,1951,1951
4827,18/11/2025 , 13:19:24,1951,1951
4828,18/11/2025 , 14:19:24,1951,1951
4829,18/11/2025 , 15:19:24,1952,1952
4830,18/11/2025 , 16:19:24,1951,1951
4831,18/11/2025 , 17:19:24,1950,1950
4832,18/11/2025 , 18:19:24,1949,1949
4833,18/11/2025 , 19:19:24,1949,1949
4834,18/11/2025 , 20:19:24,1948,1948
4835,18/11/2025 , 21:19:24,1947,1947
4836,18/11/2025 , 22:19:24,1947,1947
4837,18/11/2025 , 23:19:24,1946,1946
4838,19/11/2025 , 00:19:24,1946,1946
4839,19/11/2025 , 01:19:24,1946,1946
4840,19/11/2025 , 02:19:24,1946,1946
4841,19/11/2025 , 03:19:24,1945,1945
4842,19/11/2025 , 04:19:24,1945,1945
4843,19/11/2025 , 05:19:24,1945,1945
4844,19/11/2025 , 06:19:24,1944,1944
4845,19/11/2025 , 07:19:24,1943,1943
4846,19/11/2025 , 08:19:24,1943,1943
4847,19/11/2025 , 09:19:24,1944,1944
4848,19/11/2025 , 10:19:24,1944,1944
4849,19/11/2025 , 11:19:24,1944,1944
4850,19/11/2025 , 12:19:24,1944,1944
4851,19/11/2025 , 13:19:24,1944,1944
4852,19/11/2025 , 14:19:24,1944,1944
4853,19/11/2025 , 15:19:24,1944,1944
4854,19/11/2025 , 16:19:24,1944,1944
4855,19/11/2025 , 17:19:24,1944,1944
4856,19/11/2025 , 18:19:24,1943,1943
4857,19/11/2025 , 19:19:24,1943,1943
4858,19/11/2025 , 20:19:24,1943,1943
4859,19/11/2025 , 21:19:24,1942,1942
4860,19/11/2025 , 22:19:24,1942,1942
4861,19/11/2025 , 23:19:24,1942,1942
4862,20/11/2025 , 00:19:24,1942,1942
4863,20/11/2025 , 01:19:24,1941,1941
4864,20/11/2025 , 02:19:24,1940,1940
4865,20/11/2025 , 03:19:24,1940,1940
4866,20/11/2025 , 04:19:24,1939,1939
4867,20/11/2025 , 05:19:24,1938,1938
4868,20/11/2025 , 06:19:24,1937,1937
4869,20/11/2025 , 07:19:24,1937,1937
4870,20/11/2025 , 08:19:24,1937,1937
4871,20/11/2025 , 09:19:24,1938,1938
4872,20/11/2025 , 10:19:24,1938,1938
4873,20/11/2025 , 11:19:24,1939,1939
4874,20/11/2025 , 12:19:24,1938,1938
4875,20/11/2025 , 13:19:24,1938,1938
4876,20/11/2025 , 14:19:24,1938,1938
4877,20/11/2025 , 15:19:24,1937,1937
4878,20/11/2025 , 16:19:24,1937,1937
4879,20/11/2025 , 17:19:24,1937,1937
4880,20/11/2025 , 18:19:24,1937,1937
4881,20/11/2025 , 19:19:24,1937,1937
4882,20/11/2025 , 20:19:24,1936,1936
4883,20/11/2025 , 21:19:24,1936,1936
4884,20/11/2025 , 22:19:24,1936,1936
4885,20/11/2025 , 23:19:24,1936,1936
4886,21/11/2025 , 00:19:24,1935,1935
4887,21/11/2025 , 01:19:24,1935,1935
4888,21/11/2025 , 02:19:24,1935,1935
4889,21/11/2025 , 03:19:24,1934,1934
4890,21/11/2025 , 04:19:24,1934,1934
4891,21/11/2025 , 05:19:24,1934,1934
4892,21/11/2025 , 06:19:24,1933,1933
4893,21/11/2025 , 07:19:24,1933,1933
4894,21/11/2025 , 08:19:24,1933,1933
4895,21/11/2025 , 09:19:24,1933,1933
4896,21/11/2025 , 10:19:24,1934,1934
4897,21/11/2025 , 11:19:24,1934,1934
4898,21/11/2025 , 12:19:24,1935,1935
4899,21/11/2025 , 13:19:24,1935,1935
4900,21/11/2025 , 14:19:24,1936,1936
4901,21/11/2025 , 15:19:24,1937,1937
4902,21/11/2025 , 16:19:24,1937,1937
4903,21/11/2025 , 17:19:24,1938,1938
4904,21/11/2025 , 18:19:24,1938,1938
4905,21/11/2025 , 19:19:24,1938,1938
4906,21/11/2025 , 20:19:24,1938,1938
4907,21/11/2025 , 21:19:24,1938,1938
4908,21/11/2025 , 22:19:24,1938,1938
4909,21/11/2025 , 23:19:24,1938,1938
4910,22/11/2025 , 00:19:24,1938,1938
4911,22/11/2025 , 01:19:24,1938,1938
4912,22/11/2025 , 02:19:24,1938,1938
4913,22/11/2025 , 03:19:24,1937,1937
4914,22/11/2025 , 04:19:24,1937,1937
4915,22/11/2025 , 05:19:24,1936,1936
4916,22/11/2025 , 06:19:24,1937,1937
4917,22/11/2025 , 07:19:24,1937,1937
4918,22/11/2025 , 08:19:24,1937,1937
4919,22/11/2025 , 09:19:24,1938,1938
4920,22/11/2025 , 10:19:24,1938,1938
4921,22/11/2025 , 11:19:24,1938,1938
4922,22/11/2025 , 12:19:24,1938,1938
4923,22/11/2025 , 13:19:24,1939,1939
4924,22/11/2025 , 14:19:24,1938,1938
4925,22/11/2025 , 15:19:24,1938,1938
4926,22/11/2025 , 16:19:24,1937,1937
4927,22/11/2025 , 17:19:24,1937,1937
4928,22/11/2025 , 18:19:24,1936,1936
4929,22/11/2025 , 19:19:24,1935,1935
4930,22/11/2025 , 20:19:24,1935,1935
4931,22/11/2025 , 21:19:24,1935,1935
4932,22/11/2025 , 22:19:24,1935,1935
4933,22/11/2025 , 23:19:24,1935,1935
4934,23/11/2025 , 00:19:24,1934,1934
4935,23/11/2025 , 01:19:24,1933,1933
4936,23/11/2025 , 02:19:24,1932,1932
4937,23/11/2025 , 03:19:24,1931,1931
4938,23/11/2025 , 04:19:24,1931,1931
4939,23/11/2025 , 05:19:24,1930,1930
4940,23/11/2025 , 06:19:24,1929,1929
4941,23/11/2025 , 07:19:24,1928,1928
4942,23/11/2025 , 08:19:24,1927,1927
4943,23/11/2025 , 09:19:24,1928,1928
4944,23/11/2025 , 10:19:24,1928,1928
4945,23/11/2025 , 11:19:24,1928,1928
4946,23/11/2025 , 12:19:24,1928,1928
4947,23/11/2025 , 13:19:24,1934,1934
4948,23/11/2025 , 14:19:24,1930,1930
4949,23/11/2025 , 15:19:24,1928,1928
4950,23/11/2025 , 16:19:24,1927,1927
4951,23/11/2025 , 17:19:24,1927,1927
4952,23/11/2025 , 18:19:24,1927,1927
4953,23/11/2025 , 19:19:24,1927,1927
4954,23/11/2025 , 20:19:24,1927,1927
4955,23/11/2025 , 21:19:24,1927,1927
4956,23/11/2025 , 22:19:24,1926,1926
4957,23/11/2025 , 23:19:24,1925,1925
4958,24/11/2025 , 00:19:24,1925,1925
4959,24/11/2025 , 01:19:24,1925,1925
4960,24/11/2025 , 02:19:24,1924,1924
4961,24/11/2025 , 03:19:24,1923,1923
4962,24/11/2025 , 04:19:24,1922,1922
4963,24/11/2025 , 05:19:24,1922,1922
4964,24/11/2025 , 06:19:24,1921,1921
4965,24/11/2025 , 07:19:24,1920,1920
4966,24/11/2025 , 08:19:24,1919,1919
4967,24/11/2025 , 09:19:24,1919,1919
4968,24/11/2025 , 10:19:24,1919,1919
4969,24/11/2025 , 11:19:24,1918,1918
4970,24/11/2025 , 12:19:24,1918,1918
4971,24/11/2025 , 13:19:24,1918,1918
4972,24/11/2025 , 14:19:24,1918,1918
4973,24/11/2025 , 15:19:24,1918,1918
4974,24/11/2025 , 16:19:24,1918,1918
4975,24/11/2025 , 17:19:24,1918,1918
4976,24/11/2025 , 18:19:24,1917,1917
4977,24/11/2025 , 19:19:24,1915,1915
4978,24/11/2025 , 20:19:24,1915,1915
4979,24/11/2025 , 21:19:24,1915,1915
4980,24/11/2025 , 22:19:24,1915,1915
4981,24/11/2025 , 23:19:24,1915,1915
4982,25/11/2025 , 00:19:24,1914,1914
4983,25/11/2025 , 01:19:24,1915,1915
4984,25/11/2025 , 02:19:24,1914,1914
4985,25/11/2025 , 03:19:24,1914,1914
4986,25/11/2025 , 04:19:24,1914,1914
4987,25/11/2025 , 05:19:24,1914,1914
4988,25/11/2025 , 06:19:24,1914,1914
4989,25/11/2025 , 07:19:24,1914,1914
4990,25/11/2025 , 08:19:24,1914,1914
4991,25/11/2025 , 09:19:24,1915,1915
4992,25/11/2025 , 10:19:24,1915,1915
4993,25/11/2025 , 11:19:24,1915,1915
4994,25/11/2025 , 12:19:24,1916,1916
4995,25/11/2025 , 13:19:24,1917,1917
4996,25/11/2025 , 14:19:24,1918,1918
4997,25/11/2025 , 15:19:24,1920,1920
4998,25/11/2025 , 16:19:24,1922,1922
4999,25/11/2025 , 17:19:24,1924,1924
5000,25/11/2025 , 18:19:24,1925,1925
5001,25/11/2025 , 19:19:24,1926,1926
5002,25/11/2025 , 20:19:24,1927,1927
5003,25/11/2025 , 21:19:24,1927,1927
5004,25/11/2025 , 22:19:24,1927,1927
5005,25/11/2025 , 23:19:24,1927,1927
5006,26/11/2025 , 00:19:24,1927,1927
5007,26/11/2025 , 01:19:24,1927,1927
5008,26/11/2025 , 02:19:24,1926,1926
5009,26/11/2025 , 03:19:24,1926,1926
5010,26/11/2025 , 04:19:24,1926,1926
5011,26/11/2025 , 05:19:24,1926,1926
5012,26/11/2025 , 06:19:24,1927,1927
5013,26/11/2025 , 07:19:24,1927,1927
5014,26/11/2025 , 08:19:24,1928,1928
5015,26/11/2025 , 09:19:24,1930,1930
5016,26/11/2025 , 10:19:24,1934,1934
5017,26/11/2025 , 11:19:24,1940,1940
5018,26/11/2025 , 12:19:24,1950,1950
5019,26/11/2025 , 13:19:24,1960,1960
5020,26/11/2025 , 14:19:24,1971,1971
5021,26/11/2025 , 15:19:24,1976,1976
5022,26/11/2025 , 16:19:24,1976,1976
5023,26/11/2025 , 17:19:24,1978,1978
5024,26/11/2025 , 18:19:24,1980,1980
5025,26/11/2025 , 19:19:24,1986,1986
5026,26/11/2025 , 20:19:24,1986,1986
5027,26/11/2025 , 21:19:24,1989,1989
5028,26/11/2025 , 22:19:24,1997,1997
5029,26/11/2025 , 23:19:24,2016,2016
5030,27/11/2025 , 00:19:24,2016,2016
5031,27/11/2025 , 01:19:24,2065,2065
5032,27/11/2025 , 02:19:24,2081,2081
5033,27/11/2025 , 03:19:24,2079,2079
5034,27/11/2025 , 04:19:24,2077,2077
5035,27/11/2025 , 05:19:24,2073,2073
5036,27/11/2025 , 06:19:24,2068,2068
5037,27/11/2025 , 07:19:24,2064,2064
5038,27/11/2025 , 08:19:24,2060,2060
5039,27/11/2025 , 09:19:24,2057,2057
5040,27/11/2025 , 10:19:24,2055,2055
5041,27/11/2025 , 11:19:24,1098,1098
5042,27/11/2025 , 12:19:24,1228,1228
5043,27/11/2025 , 13:19:24,1141,1141
5044,27/11/2025 , 14:19:24,1141,1141
5045,27/11/2025 , 15:19:24,1141,1141
5046,27/11/2025 , 16:19:24,1118,1118
5047,27/11/2025 , 17:19:24,1139,1139
5048,27/11/2025 , 18:19:24,1107,1107
5049,27/11/2025 , 19:19:24,1111,1111
5050,27/11/2025 , 20:19:24,1112,1112
5051,27/11/2025 , 21:19:24,1113,1113
5052,27/11/2025 , 22:19:24,1113,1113
5053,27/11/2025 , 23:19:24,1113,1113
5054,28/11/2025 , 00:19:24,1113,1113
5055,28/11/2025 , 01:19:24,1114,1114
5056,28/11/2025 , 02:19:24,1114,1114
5057,28/11/2025 , 03:19:24,1113,1113
5058,28/11/2025 , 04:19:24,1113,1113
5059,28/11/2025 , 05:19:24,1113,1113
5060,28/11/2025 , 06:19:24,1113,1113
5061,28/11/2025 , 07:19:24,1113,1113
5062,28/11/2025 , 08:19:24,1112,1112
5063,28/11/2025 , 09:19:24,1112,1112
5064,28/11/2025 , 10:19:24,1112,1112
5065,28/11/2025 , 11:19:24,1111,1111
5066,28/11/2025 , 12:19:24,1110,1110
5067,28/11/2025 , 13:19:24,1110,1110
5068,28/11/2025 , 14:19:24,1109,1109
5069,28/11/2025 , 15:19:24,1109,1109
5070,28/11/2025 , 16:19:24,1145,1145
5071,28/11/2025 , 17:19:24,1085,1085
5072,28/11/2025 , 18:19:24,1076,1076
5073,28/11/2025 , 19:19:24,1069,1069
5074,28/11/2025 , 20:19:24,1068,1068
5075,28/11/2025 , 21:19:24,1066,1066
5076,28/11/2025 , 22:19:24,1065,1065
5077,28/11/2025 , 23:19:24,1065,1065
5078,29/11/2025 , 00:19:24,1065,1065
5079,29/11/2025 , 01:19:24,1065,1065
5080,29/11/2025 , 02:19:24,1065,1065
5081,29/11/2025 , 03:19:24,1064,1064
5082,29/11/2025 , 04:19:24,1064,1064
5083,29/11/2025 , 05:19:24,1064,1064
5084,29/11/2025 , 06:19:24,1064,1064
5085,29/11/2025 , 07:19:24,1064,1064
5086,29/11/2025 , 08:19:24,1064,1064
5087,29/11/2025 , 09:19:24,1064,1064
5088,29/11/2025 , 10:19:24,1064,1064
5089,29/11/2025 , 11:19:24,1064,1064
5090,29/11/2025 , 12:19:24,1064,1064
5091,29/11/2025 , 13:19:24,1064,1064
5092,29/11/2025 , 14:19:24,1064,1064
5093,29/11/2025 , 15:19:24,1064,1064
5094,29/11/2025 , 16:19:24,1063,1063
5095,29/11/2025 , 17:19:24,1063,1063
5096,29/11/2025 , 18:19:24,1063,1063
5097,29/11/2025 , 19:19:24,1063,1063
5098,29/11/2025 , 20:19:24,1063,1063
5099,29/11/2025 , 21:19:24,1063,1063
5100,29/11/2025 , 22:19:24,1063,1063
5101,29/11/2025 , 23:19:24,1063,1063
5102,30/11/2025 , 00:19:24,1063,1063
5103,30/11/2025 , 01:19:24,1063,1063
5104,30/11/2025 , 02:19:24,1063,1063
5105,30/11/2025 , 03:19:24,1063,1063
5106,30/11/2025 , 04:19:24,1063,1063
5107,30/11/2025 , 05:19:24,1063,1063
5108,30/11/2025 , 06:19:24,1063,1063
5109,30/11/2025 , 07:19:24,1063,1063
5110,30/11/2025 , 08:19:24,1063,1063
5111,30/11/2025 , 09:19:24,1063,1063
5112,30/11/2025 , 10:19:24,1063,1063
5113,30/11/2025 , 11:19:24,1063,1063
5114,30/11/2025 , 12:19:24,1063,1063
5115,30/11/2025 , 13:19:24,1063,1063
5116,30/11/2025 , 14:19:24,1063,1063
5117,30/11/2025 , 15:19:24,1063,1063
5118,30/11/2025 , 16:19:24,1063,1063
5119,30/11/2025 , 17:19:24,1063,1063
5120,30/11/2025 , 18:19:24,1063,1063
5121,30/11/2025 , 19:19:24,1063,1063
5122,30/11/2025 , 20:19:24,1063,1063
5123,30/11/2025 , 21:19:24,1063,1063
5124,30/11/2025 , 22:19:24,1063,1063
5125,30/11/2025 , 23:19:24,1063,1063
5126,01/12/2025 , 00:19:24,1063,1063
5127,01/12/2025 , 01:19:24,1063,1063
5128,01/12/2025 , 02:19:24,1063,1063
5129,01/12/2025 , 03:19:24,1063,1063
5130,01/12/2025 , 04:19:24,1063,1063
5131,01/12/2025 , 05:19:24,1063,1063
5132,01/12/2025 , 06:19:24,1063,1063
5133,01/12/2025 , 07:19:24,1063,1063
5134,01/12/2025 , 08:19:24,1063,1063
5135,01/12/2025 , 09:19:24,1063,1063
5136,01/12/2025 , 10:19:24,1063,1063
5137,01/12/2025 , 11:19:24,1063,1063
5138,01/12/2025 , 12:19:24,1063,1063
5139,01/12/2025 , 13:19:24,1063,1063
5140,01/12/2025 , 14:19:24,1063,1063
5141,01/12/2025 , 15:19:24,1063,1063
5142,01/12/2025 , 16:19:24,1063,1063
5143,01/12/2025 , 17:19:24,1063,1063
5144,01/12/2025 , 18:19:24,1063,1063
5145,01/12/2025 , 19:19:24,1063,1063
5146,01/12/2025 , 20:19:24,1063,1063
5147,01/12/2025 , 21:19:24,1063,1063
5148,01/12/2025 , 22:19:24,1063,1063
5149,01/12/2025 , 23:19:24,1063,1063
5150,02/12/2025 , 00:19:24,1063,1063
5151,02/12/2025 , 01:19:24,1063,1063
5152,02/12/2025 , 02:19:24,1063,1063
5153,02/12/2025 , 03:19:24,1063,1063
5154,02/12/2025 , 04:19:24,1063,1063
5155,02/12/2025 , 05:19:24,1063,1063
5156,02/12/2025 , 06:19:24,1063,1063
5157,02/12/2025 , 07:19:24,1063,1063
5158,02/12/2025 , 08:19:24,1063,1063
5159,02/12/2025 , 09:19:24,1063,1063
5160,02/12/2025 , 10:19:24,1063,1063
5161,02/12/2025 , 11:19:24,1063,1063
5162,02/12/2025 , 12:19:24,1063,1063
5163,02/12/2025 , 13:19:24,1063,1063
5164,02/12/2025 , 14:19:24,1063,1063
5165,02/12/2025 , 15:19:24,1063,1063
5166,02/12/2025 , 16:19:24,1063,1063
5167,02/12/2025 , 17:19:24,1063,1063
5168,02/12/2025 , 18:19:24,1063,1063
5169,02/12/2025 , 19:19:24,1063,1063
5170,02/12/2025 , 20:19:24,1063,1063
5171,02/12/2025 , 21:19:24,1063,1063
5172,02/12/2025 , 22:19:24,1063,1063
5173,02/12/2025 , 23:19:24,1063,1063
5174,03/12/2025 , 00:19:24,1063,1063
5175,03/12/2025 , 01:19:24,1063,1063
5176,03/12/2025 , 02:19:24,1063,1063
5177,03/12/2025 , 03:19:24,1063,1063
5178,03/12/2025 , 04:19:24,1063,1063
5179,03/12/2025 , 05:19:24,1063,1063
5180,03/12/2025 , 06:19:24,1063,1063
5181,03/12/2025 , 07:19:24,1063,1063
5182,03/12/2025 , 08:19:24,1063,1063
5183,03/12/2025 , 09:19:24,1063,1063
5184,03/12/2025 , 10:19:24,1063,1063