Site Name ,ST-HENRI
Site Number ,100
Logger ,Capacitive Water Level
Logger Serial Number ,41387


Scan No ,Date and Time,       Capacitive Water Level,        ,
        ,        ,RAW VALUE ,CALIBRATED VALUE,

1,11/06/2024 , 15:00:00,1072,1072
2,11/06/2024 , 16:00:00,1394,1394
3,11/06/2024 , 17:00:00,2476,2476
4,11/06/2024 , 18:00:00,2689,2689
5,11/06/2024 , 19:00:00,2692,2692
6,11/06/2024 , 20:00:00,2693,2693
7,11/06/2024 , 21:00:00,2694,2694
8,11/06/2024 , 22:00:00,2694,2694
9,11/06/2024 , 23:00:00,2694,2694
10,11/06/2024 , 23:59:59,2695,2695
11,12/06/2024 , 01:00:00,2695,2695
12,12/06/2024 , 02:00:00,2695,2695
13,12/06/2024 , 03:00:00,2694,2694
14,12/06/2024 , 04:00:00,2694,2694
15,12/06/2024 , 05:00:00,2694,2694
16,12/06/2024 , 06:00:00,2695,2695
17,12/06/2024 , 07:00:00,2696,2696
18,12/06/2024 , 08:00:00,2694,2694
19,12/06/2024 , 09:00:00,2694,2694
20,12/06/2024 , 10:00:00,2694,2694
21,12/06/2024 , 11:00:00,2692,2692
22,12/06/2024 , 12:00:00,2692,2692
23,12/06/2024 , 13:00:00,2691,2691
24,12/06/2024 , 14:00:00,2690,2690
25,12/06/2024 , 15:00:00,2688,2688
26,12/06/2024 , 16:00:00,2687,2687
27,12/06/2024 , 17:00:00,2687,2687
28,12/06/2024 , 18:00:00,2686,2686
29,12/06/2024 , 19:00:00,2686,2686
30,12/06/2024 , 20:00:00,2686,2686
31,12/06/2024 , 21:00:00,2686,2686
32,12/06/2024 , 22:00:00,2687,2687
33,12/06/2024 , 23:00:00,2688,2688
34,12/06/2024 , 23:59:59,2688,2688
35,13/06/2024 , 01:00:00,2689,2689
36,13/06/2024 , 02:00:00,2689,2689
37,13/06/2024 , 03:00:00,2689,2689
38,13/06/2024 , 04:00:00,2690,2690
39,13/06/2024 , 05:00:00,2691,2691
40,13/06/2024 , 06:00:00,2692,2692
41,13/06/2024 , 07:00:00,2690,2690
42,13/06/2024 , 08:00:00,2690,2690
43,13/06/2024 , 09:00:00,2689,2689
44,13/06/2024 , 10:00:00,2688,2688
45,13/06/2024 , 11:00:00,2686,2686
46,13/06/2024 , 12:00:00,2684,2684
47,13/06/2024 , 13:00:00,2681,2681
48,13/06/2024 , 14:00:00,2676,2676
49,13/06/2024 , 15:00:00,2676,2676
50,13/06/2024 , 16:00:00,2675,2675
51,13/06/2024 , 17:00:00,2676,2676
52,13/06/2024 , 18:00:00,2678,2678
53,13/06/2024 , 19:00:00,2684,2684
54,13/06/2024 , 20:00:00,2684,2684
55,13/06/2024 , 21:00:00,2684,2684
56,13/06/2024 , 22:00:00,2684,2684
57,13/06/2024 , 23:00:00,2691,2691
58,13/06/2024 , 23:59:59,2692,2692
59,14/06/2024 , 01:00:00,2694,2694
60,14/06/2024 , 02:00:00,2700,2700
61,14/06/2024 , 03:00:00,2697,2697
62,14/06/2024 , 04:00:00,2696,2696
63,14/06/2024 , 05:00:00,2694,2694
64,14/06/2024 , 06:00:00,2694,2694
65,14/06/2024 , 07:00:00,2694,2694
66,14/06/2024 , 08:00:00,2693,2693
67,14/06/2024 , 09:00:00,2692,2692
68,14/06/2024 , 10:00:00,2692,2692
69,14/06/2024 , 11:00:00,2689,2689
70,14/06/2024 , 12:00:00,2688,2688
71,14/06/2024 , 13:00:00,2686,2686
72,14/06/2024 , 14:00:00,2681,2681
73,14/06/2024 , 15:00:00,2674,2674
74,14/06/2024 , 16:00:00,2671,2671
75,14/06/2024 , 17:00:00,2670,2670
76,14/06/2024 , 18:00:00,2670,2670
77,14/06/2024 , 19:00:00,2670,2670
78,14/06/2024 , 20:00:00,2672,2672
79,14/06/2024 , 21:00:00,2671,2671
80,14/06/2024 , 22:00:00,2673,2673
81,14/06/2024 , 23:00:00,2674,2674
82,14/06/2024 , 23:59:59,2675,2675
83,15/06/2024 , 01:00:00,2676,2676
84,15/06/2024 , 02:00:00,2676,2676
85,15/06/2024 , 03:00:00,2676,2676
86,15/06/2024 , 04:00:00,2676,2676
87,15/06/2024 , 05:00:00,2676,2676
88,15/06/2024 , 06:00:00,2676,2676
89,15/06/2024 , 07:00:00,2676,2676
90,15/06/2024 , 08:00:00,2676,2676
91,15/06/2024 , 09:00:00,2676,2676
92,15/06/2024 , 10:00:00,2674,2674
93,15/06/2024 , 11:00:00,2672,2672
94,15/06/2024 , 12:00:00,2670,2670
95,15/06/2024 , 13:00:00,2666,2666
96,15/06/2024 , 14:00:00,2658,2658
97,15/06/2024 , 15:00:00,2651,2651
98,15/06/2024 , 16:00:00,2649,2649
99,15/06/2024 , 17:00:00,2649,2649
100,15/06/2024 , 18:00:00,2647,2647
101,15/06/2024 , 19:00:00,2647,2647
102,15/06/2024 , 20:00:00,2649,2649
103,15/06/2024 , 21:00:00,2651,2651
104,15/06/2024 , 22:00:00,2652,2652
105,15/06/2024 , 23:00:00,2655,2655
106,15/06/2024 , 23:59:59,2657,2657
107,16/06/2024 , 01:00:00,2659,2659
108,16/06/2024 , 02:00:00,2660,2660
109,16/06/2024 , 03:00:00,2661,2661
110,16/06/2024 , 04:00:00,2661,2661
111,16/06/2024 , 05:00:00,2663,2663
112,16/06/2024 , 06:00:00,2664,2664
113,16/06/2024 , 07:00:00,2664,2664
114,16/06/2024 , 08:00:00,2664,2664
115,16/06/2024 , 09:00:00,2664,2664
116,16/06/2024 , 10:00:00,2662,2662
117,16/06/2024 , 11:00:00,2655,2655
118,16/06/2024 , 12:00:00,2647,2647
119,16/06/2024 , 13:00:00,2641,2641
120,16/06/2024 , 14:00:00,2637,2637
121,16/06/2024 , 15:00:00,2633,2633
122,16/06/2024 , 16:00:00,2627,2627
123,16/06/2024 , 17:00:00,2624,2624
124,16/06/2024 , 18:00:00,2622,2622
125,16/06/2024 , 19:00:00,2620,2620
126,16/06/2024 , 20:00:00,2620,2620
127,16/06/2024 , 21:00:00,2620,2620
128,16/06/2024 , 22:00:00,2620,2620
129,16/06/2024 , 23:00:00,2623,2623
130,16/06/2024 , 23:59:59,2624,2624
131,17/06/2024 , 01:00:00,2627,2627
132,17/06/2024 , 02:00:00,2627,2627
133,17/06/2024 , 03:00:00,2630,2630
134,17/06/2024 , 04:00:00,2633,2633
135,17/06/2024 , 05:00:00,2635,2635
136,17/06/2024 , 06:00:00,2641,2641
137,17/06/2024 , 07:00:00,2644,2644
138,17/06/2024 , 08:00:00,2643,2643
139,17/06/2024 , 09:00:00,2644,2644
140,17/06/2024 , 10:00:00,2644,2644
141,17/06/2024 , 11:00:00,2645,2645
142,17/06/2024 , 12:00:00,2645,2645
143,17/06/2024 , 13:00:00,2644,2644
144,17/06/2024 , 14:00:00,2644,2644
145,17/06/2024 , 15:00:00,2644,2644
146,17/06/2024 , 16:00:00,2642,2642
147,17/06/2024 , 17:00:00,2642,2642
148,17/06/2024 , 18:00:00,2640,2640
149,17/06/2024 , 19:00:00,2640,2640
150,17/06/2024 , 20:00:00,2640,2640
151,17/06/2024 , 21:00:00,2641,2641
152,17/06/2024 , 22:00:00,2642,2642
153,17/06/2024 , 23:00:00,2643,2643
154,17/06/2024 , 23:59:59,2645,2645
155,18/06/2024 , 01:00:00,2645,2645
156,18/06/2024 , 02:00:00,2646,2646
157,18/06/2024 , 03:00:00,2646,2646
158,18/06/2024 , 04:00:00,2647,2647
159,18/06/2024 , 05:00:00,2647,2647
160,18/06/2024 , 06:00:00,2647,2647
161,18/06/2024 , 07:00:00,2646,2646
162,18/06/2024 , 08:00:00,2646,2646
163,18/06/2024 , 09:00:00,2647,2647
164,18/06/2024 , 10:00:00,2641,2641
165,18/06/2024 , 11:00:00,2634,2634
166,18/06/2024 , 12:00:00,2626,2626
167,18/06/2024 , 13:00:00,2617,2617
168,18/06/2024 , 14:00:00,2607,2607
169,18/06/2024 , 15:00:00,2600,2600
170,18/06/2024 , 16:00:00,2596,2596
171,18/06/2024 , 17:00:00,2590,2590
172,18/06/2024 , 18:00:00,2587,2587
173,18/06/2024 , 19:00:00,2586,2586
174,18/06/2024 , 20:00:00,2590,2590
175,18/06/2024 , 21:00:00,2592,2592
176,18/06/2024 , 22:00:00,2593,2593
177,18/06/2024 , 23:00:00,2595,2595
178,18/06/2024 , 23:59:59,2598,2598
179,19/06/2024 , 01:00:00,2599,2599
180,19/06/2024 , 02:00:00,2601,2601
181,19/06/2024 , 03:00:00,2601,2601
182,19/06/2024 , 04:00:00,2603,2603
183,19/06/2024 , 05:00:00,2605,2605
184,19/06/2024 , 06:00:00,2607,2607
185,19/06/2024 , 07:00:00,2607,2607
186,19/06/2024 , 08:00:00,2605,2605
187,19/06/2024 , 09:00:00,2597,2597
188,19/06/2024 , 10:00:00,2586,2586
189,19/06/2024 , 11:00:00,2578,2578
190,19/06/2024 , 12:00:00,2570,2570
191,19/06/2024 , 13:00:00,2561,2561
192,19/06/2024 , 14:00:00,2547,2547
193,19/06/2024 , 15:00:00,2539,2539
194,19/06/2024 , 16:00:00,2530,2530
195,19/06/2024 , 17:00:00,2525,2525
196,19/06/2024 , 18:00:00,2521,2521
197,19/06/2024 , 19:00:00,2521,2521
198,19/06/2024 , 20:00:00,2523,2523
199,19/06/2024 , 21:00:00,2525,2525
200,19/06/2024 , 22:00:00,2532,2532
201,19/06/2024 , 23:00:00,2537,2537
202,19/06/2024 , 23:59:59,2541,2541
203,20/06/2024 , 01:00:00,2544,2544
204,20/06/2024 , 02:00:00,2548,2548
205,20/06/2024 , 03:00:00,2551,2551
206,20/06/2024 , 04:00:00,2553,2553
207,20/06/2024 , 05:00:00,2555,2555
208,20/06/2024 , 06:00:00,2559,2559
209,20/06/2024 , 07:00:00,2557,2557
210,20/06/2024 , 08:00:00,2553,2553
211,20/06/2024 , 09:00:00,2540,2540
212,20/06/2024 , 10:00:00,2522,2522
213,20/06/2024 , 11:00:00,2512,2512
214,20/06/2024 , 12:00:00,2502,2502
215,20/06/2024 , 13:00:00,2491,2491
216,20/06/2024 , 14:00:00,2484,2484
217,20/06/2024 , 15:00:00,2474,2474
218,20/06/2024 , 16:00:00,2462,2462
219,20/06/2024 , 17:00:00,2455,2455
220,20/06/2024 , 18:00:00,2451,2451
221,20/06/2024 , 19:00:00,2450,2450
222,20/06/2024 , 20:00:00,2451,2451
223,20/06/2024 , 21:00:00,2453,2453
224,20/06/2024 , 22:00:00,2458,2458
225,20/06/2024 , 23:00:00,2462,2462
226,20/06/2024 , 23:59:59,2464,2464
227,21/06/2024 , 01:00:00,2465,2465
228,21/06/2024 , 02:00:00,2468,2468
229,21/06/2024 , 03:00:00,2474,2474
230,21/06/2024 , 04:00:00,2478,2478
231,21/06/2024 , 05:00:00,2481,2481
232,21/06/2024 , 06:00:00,2485,2485
233,21/06/2024 , 07:00:00,2489,2489
234,21/06/2024 , 08:00:00,2493,2493
235,21/06/2024 , 09:00:00,2496,2496
236,21/06/2024 , 10:00:00,2496,2496
237,21/06/2024 , 11:00:00,2497,2497
238,21/06/2024 , 12:00:00,2494,2494
239,21/06/2024 , 13:00:00,2487,2487
240,21/06/2024 , 14:00:00,2479,2479
241,21/06/2024 , 15:00:00,2470,2470
242,21/06/2024 , 16:00:00,2460,2460
243,21/06/2024 , 17:00:00,2452,2452
244,21/06/2024 , 18:00:00,2449,2449
245,21/06/2024 , 19:00:00,2445,2445
246,21/06/2024 , 20:00:00,2447,2447
247,21/06/2024 , 21:00:00,2450,2450
248,21/06/2024 , 22:00:00,2454,2454
249,21/06/2024 , 23:00:00,2456,2456
250,21/06/2024 , 23:59:59,2458,2458
251,22/06/2024 , 01:00:00,2462,2462
252,22/06/2024 , 02:00:00,2465,2465
253,22/06/2024 , 03:00:00,2470,2470
254,22/06/2024 , 04:00:00,2474,2474
255,22/06/2024 , 05:00:00,2479,2479
256,22/06/2024 , 06:00:00,2483,2483
257,22/06/2024 , 07:00:00,2487,2487
258,22/06/2024 , 08:00:00,2491,2491
259,22/06/2024 , 09:00:00,2492,2492
260,22/06/2024 , 10:00:00,2486,2486
261,22/06/2024 , 11:00:00,2468,2468
262,22/06/2024 , 12:00:00,2448,2448
263,22/06/2024 , 13:00:00,2434,2434
264,22/06/2024 , 14:00:00,2427,2427
265,22/06/2024 , 15:00:00,2418,2418
266,22/06/2024 , 16:00:00,2408,2408
267,22/06/2024 , 17:00:00,2401,2401
268,22/06/2024 , 18:00:00,2398,2398
269,22/06/2024 , 19:00:00,2397,2397
270,22/06/2024 , 20:00:00,2402,2402
271,22/06/2024 , 21:00:00,2406,2406
272,22/06/2024 , 22:00:00,2411,2411
273,22/06/2024 , 23:00:00,2416,2416
274,22/06/2024 , 23:59:59,2419,2419
275,23/06/2024 , 01:00:00,2425,2425
276,23/06/2024 , 02:00:00,2435,2435
277,23/06/2024 , 03:00:00,2443,2443
278,23/06/2024 , 04:00:00,2448,2448
279,23/06/2024 , 05:00:00,2453,2453
280,23/06/2024 , 06:00:00,2458,2458
281,23/06/2024 , 07:00:00,2467,2467
282,23/06/2024 , 08:00:00,2548,2548
283,23/06/2024 , 09:00:00,2640,2640
284,23/06/2024 , 10:00:00,2666,2666
285,23/06/2024 , 11:00:00,2696,2696
286,23/06/2024 , 12:00:00,2713,2713
287,23/06/2024 , 13:00:00,2716,2716
288,23/06/2024 , 14:00:00,2708,2708
289,23/06/2024 , 15:00:00,2720,2720
290,23/06/2024 , 16:00:00,2723,2723
291,23/06/2024 , 17:00:00,2714,2714
292,23/06/2024 , 18:00:00,2711,2711
293,23/06/2024 , 19:00:00,2708,2708
294,23/06/2024 , 20:00:00,2713,2713
295,23/06/2024 , 21:00:00,2724,2724
296,23/06/2024 , 22:00:00,2717,2717
297,23/06/2024 , 23:00:00,2714,2714
298,23/06/2024 , 23:59:59,2713,2713
299,24/06/2024 , 01:00:00,2712,2712
300,24/06/2024 , 02:00:00,2711,2711
301,24/06/2024 , 03:00:00,2708,2708
302,24/06/2024 , 04:00:00,2706,2706
303,24/06/2024 , 05:00:00,2705,2705
304,24/06/2024 , 06:00:00,2705,2705
305,24/06/2024 , 07:00:00,2705,2705
306,24/06/2024 , 08:00:00,2703,2703
307,24/06/2024 , 09:00:00,2702,2702
308,24/06/2024 , 10:00:00,2703,2703
309,24/06/2024 , 11:00:00,2699,2699
310,24/06/2024 , 12:00:00,2696,2696
311,24/06/2024 , 13:00:00,2694,2694
312,24/06/2024 , 14:00:00,2693,2693
313,24/06/2024 , 15:00:00,2692,2692
314,24/06/2024 , 16:00:00,2686,2686
315,24/06/2024 , 17:00:00,2684,2684
316,24/06/2024 , 18:00:00,2682,2682
317,24/06/2024 , 19:00:00,2684,2684
318,24/06/2024 , 20:00:00,2684,2684
319,24/06/2024 , 21:00:00,2684,2684
320,24/06/2024 , 22:00:00,2685,2685
321,24/06/2024 , 23:00:00,2684,2684
322,24/06/2024 , 23:59:59,2685,2685
323,25/06/2024 , 01:00:00,2684,2684
324,25/06/2024 , 02:00:00,2684,2684
325,25/06/2024 , 03:00:00,2684,2684
326,25/06/2024 , 04:00:00,2683,2683
327,25/06/2024 , 05:00:00,2683,2683
328,25/06/2024 , 06:00:00,2684,2684
329,25/06/2024 , 07:00:00,2684,2684
330,25/06/2024 , 08:00:00,2684,2684
331,25/06/2024 , 09:00:00,2688,2688
332,25/06/2024 , 10:00:00,2675,2675
333,25/06/2024 , 11:00:00,2671,2671
334,25/06/2024 , 12:00:00,2670,2670
335,25/06/2024 , 13:00:00,2657,2657
336,25/06/2024 , 14:00:00,2650,2650
337,25/06/2024 , 15:00:00,2646,2646
338,25/06/2024 , 16:00:00,2643,2643
339,25/06/2024 , 17:00:00,2641,2641
340,25/06/2024 , 18:00:00,2641,2641
341,25/06/2024 , 19:00:00,2640,2640
342,25/06/2024 , 20:00:00,2640,2640
343,25/06/2024 , 21:00:00,2640,2640
344,25/06/2024 , 22:00:00,2640,2640
345,25/06/2024 , 23:00:00,2641,2641
346,25/06/2024 , 23:59:59,2645,2645
347,26/06/2024 , 01:00:00,2647,2647
348,26/06/2024 , 02:00:00,2650,2650
349,26/06/2024 , 03:00:00,2651,2651
350,26/06/2024 , 04:00:00,2653,2653
351,26/06/2024 , 05:00:00,2666,2666
352,26/06/2024 , 06:00:00,2669,2669
353,26/06/2024 , 07:00:00,2679,2679
354,26/06/2024 , 08:00:00,2676,2676
355,26/06/2024 , 09:00:00,2675,2675
356,26/06/2024 , 10:00:00,2674,2674
357,26/06/2024 , 11:00:00,2671,2671
358,26/06/2024 , 12:00:00,2661,2661
359,26/06/2024 , 13:00:00,2654,2654
360,26/06/2024 , 14:00:00,2696,2696
361,26/06/2024 , 15:00:00,2689,2689
362,26/06/2024 , 16:00:00,2699,2699
363,26/06/2024 , 17:00:00,2689,2689
364,26/06/2024 , 18:00:00,2681,2681
365,26/06/2024 , 19:00:00,2677,2677
366,26/06/2024 , 20:00:00,2676,2676
367,26/06/2024 , 21:00:00,2675,2675
368,26/06/2024 , 22:00:00,2674,2674
369,26/06/2024 , 23:00:00,2674,2674
370,26/06/2024 , 23:59:59,2673,2673
371,27/06/2024 , 01:00:00,2673,2673
372,27/06/2024 , 02:00:00,2672,2672
373,27/06/2024 , 03:00:00,2674,2674
374,27/06/2024 , 04:00:00,2702,2702
375,27/06/2024 , 05:00:00,2713,2713
376,27/06/2024 , 06:00:00,2711,2711
377,27/06/2024 , 07:00:00,2706,2706
378,27/06/2024 , 08:00:00,2704,2704
379,27/06/2024 , 09:00:00,2697,2697
380,27/06/2024 , 10:00:00,2692,2692
381,27/06/2024 , 11:00:00,2689,2689
382,27/06/2024 , 12:00:00,2687,2687
383,27/06/2024 , 13:00:00,2684,2684
384,27/06/2024 , 14:00:00,2675,2675
385,27/06/2024 , 15:00:00,2670,2670
386,27/06/2024 , 16:00:00,2700,2700
387,27/06/2024 , 17:00:00,2708,2708
388,27/06/2024 , 18:00:00,2706,2706
389,27/06/2024 , 19:00:00,2708,2708
390,27/06/2024 , 20:00:00,2708,2708
391,27/06/2024 , 21:00:00,2702,2702
392,27/06/2024 , 22:00:00,2697,2697
393,27/06/2024 , 23:00:00,2692,2692
394,27/06/2024 , 23:59:59,2689,2689
395,28/06/2024 , 01:00:00,2687,2687
396,28/06/2024 , 02:00:00,2685,2685
397,28/06/2024 , 03:00:00,2684,2684
398,28/06/2024 , 04:00:00,2684,2684
399,28/06/2024 , 05:00:00,2681,2681
400,28/06/2024 , 06:00:00,2680,2680
401,28/06/2024 , 07:00:00,2681,2681
402,28/06/2024 , 08:00:00,2679,2679
403,28/06/2024 , 09:00:00,2675,2675
404,28/06/2024 , 10:00:00,2672,2672
405,28/06/2024 , 11:00:00,2670,2670
406,28/06/2024 , 12:00:00,2661,2661
407,28/06/2024 , 13:00:00,2650,2650
408,28/06/2024 , 14:00:00,2641,2641
409,28/06/2024 , 15:00:00,2638,2638
410,28/06/2024 , 16:00:00,2635,2635
411,28/06/2024 , 17:00:00,2633,2633
412,28/06/2024 , 18:00:00,2631,2631
413,28/06/2024 , 19:00:00,2631,2631
414,28/06/2024 , 20:00:00,2630,2630
415,28/06/2024 , 21:00:00,2631,2631
416,28/06/2024 , 22:00:00,2631,2631
417,28/06/2024 , 23:00:00,2632,2632
418,28/06/2024 , 23:59:59,2633,2633
419,29/06/2024 , 01:00:00,2635,2635
420,29/06/2024 , 02:00:00,2635,2635
421,29/06/2024 , 03:00:00,2636,2636
422,29/06/2024 , 04:00:00,2637,2637
423,29/06/2024 , 05:00:00,2637,2637
424,29/06/2024 , 06:00:00,2638,2638
425,29/06/2024 , 07:00:00,2640,2640
426,29/06/2024 , 08:00:00,2639,2639
427,29/06/2024 , 09:00:00,2638,2638
428,29/06/2024 , 10:00:00,2631,2631
429,29/06/2024 , 11:00:00,2627,2627
430,29/06/2024 , 12:00:00,2624,2624
431,29/06/2024 , 13:00:00,2635,2635
432,29/06/2024 , 14:00:00,2652,2652
433,29/06/2024 , 15:00:00,2661,2661
434,29/06/2024 , 16:00:00,2652,2652
435,29/06/2024 , 17:00:00,2657,2657
436,29/06/2024 , 18:00:00,2691,2691
437,29/06/2024 , 19:00:00,2696,2696
438,29/06/2024 , 20:00:00,2703,2703
439,29/06/2024 , 21:00:00,2710,2710
440,29/06/2024 , 22:00:00,2706,2706
441,29/06/2024 , 23:00:00,2708,2708
442,29/06/2024 , 23:59:59,2709,2709
443,30/06/2024 , 01:00:00,2706,2706
444,30/06/2024 , 02:00:00,2701,2701
445,30/06/2024 , 03:00:00,2696,2696
446,30/06/2024 , 04:00:00,2694,2694
447,30/06/2024 , 05:00:00,2691,2691
448,30/06/2024 , 06:00:00,2707,2707
449,30/06/2024 , 07:00:00,2722,2722
450,30/06/2024 , 08:00:00,2716,2716
451,30/06/2024 , 09:00:00,2727,2727
452,30/06/2024 , 10:00:00,2729,2729
453,30/06/2024 , 11:00:00,2725,2725
454,30/06/2024 , 12:00:00,2717,2717
455,30/06/2024 , 13:00:00,2711,2711
456,30/06/2024 , 14:00:00,2708,2708
457,30/06/2024 , 15:00:00,2719,2719
458,30/06/2024 , 16:00:00,2714,2714
459,30/06/2024 , 17:00:00,2709,2709
460,30/06/2024 , 18:00:00,2706,2706
461,30/06/2024 , 19:00:00,2705,2705
462,30/06/2024 , 20:00:00,2704,2704
463,30/06/2024 , 21:00:00,2703,2703
464,30/06/2024 , 22:00:00,2703,2703
465,30/06/2024 , 23:00:00,2702,2702
466,30/06/2024 , 23:59:59,2702,2702
467,01/07/2024 , 01:00:00,2702,2702
468,01/07/2024 , 02:00:00,2702,2702
469,01/07/2024 , 03:00:00,2700,2700
470,01/07/2024 , 04:00:00,2700,2700
471,01/07/2024 , 05:00:00,2699,2699
472,01/07/2024 , 06:00:00,2700,2700
473,01/07/2024 , 07:00:00,2700,2700
474,01/07/2024 , 08:00:00,2695,2695
475,01/07/2024 , 09:00:00,2692,2692
476,01/07/2024 , 10:00:00,2689,2689
477,01/07/2024 , 11:00:00,2682,2682
478,01/07/2024 , 12:00:00,2676,2676
479,01/07/2024 , 13:00:00,2673,2673
480,01/07/2024 , 14:00:00,2669,2669
481,01/07/2024 , 15:00:00,2666,2666
482,01/07/2024 , 16:00:00,2664,2664
483,01/07/2024 , 17:00:00,2665,2665
484,01/07/2024 , 18:00:00,2666,2666
485,01/07/2024 , 19:00:00,2666,2666
486,01/07/2024 , 20:00:00,2666,2666
487,01/07/2024 , 21:00:00,2667,2667
488,01/07/2024 , 22:00:00,2669,2669
489,01/07/2024 , 23:00:00,2669,2669
490,01/07/2024 , 23:59:59,2669,2669
491,02/07/2024 , 01:00:00,2670,2670
492,02/07/2024 , 02:00:00,2671,2671
493,02/07/2024 , 03:00:00,2671,2671
494,02/07/2024 , 04:00:00,2672,2672
495,02/07/2024 , 05:00:00,2673,2673
496,02/07/2024 , 06:00:00,2674,2674
497,02/07/2024 , 07:00:00,2674,2674
498,02/07/2024 , 08:00:00,2674,2674
499,02/07/2024 , 09:00:00,2674,2674
500,02/07/2024 , 10:00:00,2673,2673
501,02/07/2024 , 11:00:00,2669,2669
502,02/07/2024 , 12:00:00,2661,2661
503,02/07/2024 , 13:00:00,2653,2653
504,02/07/2024 , 14:00:00,2647,2647
505,02/07/2024 , 15:00:00,2642,2642
506,02/07/2024 , 16:00:00,2636,2636
507,02/07/2024 , 17:00:00,2634,2634
508,02/07/2024 , 18:00:00,2632,2632
509,02/07/2024 , 19:00:00,2633,2633
510,02/07/2024 , 20:00:00,2633,2633
511,02/07/2024 , 21:00:00,2634,2634
512,02/07/2024 , 22:00:00,2634,2634
513,02/07/2024 , 23:00:00,2635,2635
514,02/07/2024 , 23:59:59,2636,2636
515,03/07/2024 , 01:00:00,2638,2638
516,03/07/2024 , 02:00:00,2638,2638
517,03/07/2024 , 03:00:00,2640,2640
518,03/07/2024 , 04:00:00,2642,2642
519,03/07/2024 , 05:00:00,2643,2643
520,03/07/2024 , 06:00:00,2647,2647
521,03/07/2024 , 07:00:00,2646,2646
522,03/07/2024 , 08:00:00,2647,2647
523,03/07/2024 , 09:00:00,2646,2646
524,03/07/2024 , 10:00:00,2638,2638
525,03/07/2024 , 11:00:00,2633,2633
526,03/07/2024 , 12:00:00,2624,2624
527,03/07/2024 , 13:00:00,2611,2611
528,03/07/2024 , 14:00:00,2605,2605
529,03/07/2024 , 15:00:00,2605,2605
530,03/07/2024 , 16:00:00,2606,2606
531,03/07/2024 , 17:00:00,2601,2601
532,03/07/2024 , 18:00:00,2601,2601
533,03/07/2024 , 19:00:00,2603,2603
534,03/07/2024 , 20:00:00,2606,2606
535,03/07/2024 , 21:00:00,2609,2609
536,03/07/2024 , 22:00:00,2612,2612
537,03/07/2024 , 23:00:00,2621,2621
538,03/07/2024 , 23:59:59,2625,2625
539,04/07/2024 , 01:00:00,2629,2629
540,04/07/2024 , 02:00:00,2674,2674
541,04/07/2024 , 03:00:00,2671,2671
542,04/07/2024 , 04:00:00,2674,2674
543,04/07/2024 , 05:00:00,2675,2675
544,04/07/2024 , 06:00:00,2674,2674
545,04/07/2024 , 07:00:00,2676,2676
546,04/07/2024 , 08:00:00,2675,2675
547,04/07/2024 , 09:00:00,2674,2674
548,04/07/2024 , 10:00:00,2671,2671
549,04/07/2024 , 11:00:00,2666,2666
550,04/07/2024 , 12:00:00,2652,2652
551,04/07/2024 , 13:00:00,2641,2641
552,04/07/2024 , 14:00:00,2631,2631
553,04/07/2024 , 15:00:00,2620,2620
554,04/07/2024 , 16:00:00,2611,2611
555,04/07/2024 , 17:00:00,2605,2605
556,04/07/2024 , 18:00:00,2601,2601
557,04/07/2024 , 19:00:00,2599,2599
558,04/07/2024 , 20:00:00,2600,2600
559,04/07/2024 , 21:00:00,2605,2605
560,04/07/2024 , 22:00:00,2607,2607
561,04/07/2024 , 23:00:00,2624,2624
562,04/07/2024 , 23:59:59,2634,2634
563,05/07/2024 , 01:00:00,2631,2631
564,05/07/2024 , 02:00:00,2631,2631
565,05/07/2024 , 03:00:00,2630,2630
566,05/07/2024 , 04:00:00,2631,2631
567,05/07/2024 , 05:00:00,2666,2666
568,05/07/2024 , 06:00:00,2688,2688
569,05/07/2024 , 07:00:00,2678,2678
570,05/07/2024 , 08:00:00,2672,2672
571,05/07/2024 , 09:00:00,2670,2670
572,05/07/2024 , 10:00:00,2667,2667
573,05/07/2024 , 11:00:00,2662,2662
574,05/07/2024 , 12:00:00,2653,2653
575,05/07/2024 , 13:00:00,2643,2643
576,05/07/2024 , 14:00:00,2633,2633
577,05/07/2024 , 15:00:00,2622,2622
578,05/07/2024 , 16:00:00,2610,2610
579,05/07/2024 , 17:00:00,2605,2605
580,05/07/2024 , 18:00:00,2597,2597
581,05/07/2024 , 19:00:00,2596,2596
582,05/07/2024 , 20:00:00,2597,2597
583,05/07/2024 , 21:00:00,2598,2598
584,05/07/2024 , 22:00:00,2599,2599
585,05/07/2024 , 23:00:00,2601,2601
586,05/07/2024 , 23:59:59,2601,2601
587,06/07/2024 , 01:00:00,2601,2601
588,06/07/2024 , 02:00:00,2601,2601
589,06/07/2024 , 03:00:00,2601,2601
590,06/07/2024 , 04:00:00,2601,2601
591,06/07/2024 , 05:00:00,2601,2601
592,06/07/2024 , 06:00:00,2705,2705
593,06/07/2024 , 07:00:00,2721,2721
594,06/07/2024 , 08:00:00,2722,2722
595,06/07/2024 , 09:00:00,2720,2720
596,06/07/2024 , 10:00:00,2720,2720
597,06/07/2024 , 11:00:00,2720,2720
598,06/07/2024 , 12:00:00,2720,2720
599,06/07/2024 , 13:00:00,2713,2713
600,06/07/2024 , 14:00:00,2709,2709
601,06/07/2024 , 15:00:00,2710,2710
602,06/07/2024 , 16:00:00,2705,2705
603,06/07/2024 , 17:00:00,2705,2705
604,06/07/2024 , 18:00:00,2698,2698
605,06/07/2024 , 19:00:00,2695,2695
606,06/07/2024 , 20:00:00,2692,2692
607,06/07/2024 , 21:00:00,2691,2691
608,06/07/2024 , 22:00:00,2690,2690
609,06/07/2024 , 23:00:00,2689,2689
610,06/07/2024 , 23:59:59,2689,2689
611,07/07/2024 , 01:00:00,2689,2689
612,07/07/2024 , 02:00:00,2688,2688
613,07/07/2024 , 03:00:00,2687,2687
614,07/07/2024 , 04:00:00,2687,2687
615,07/07/2024 , 05:00:00,2686,2686
616,07/07/2024 , 06:00:00,2686,2686
617,07/07/2024 , 07:00:00,2686,2686
618,07/07/2024 , 08:00:00,2684,2684
619,07/07/2024 , 09:00:00,2685,2685
620,07/07/2024 , 10:00:00,2687,2687
621,07/07/2024 , 11:00:00,2681,2681
622,07/07/2024 , 12:00:00,2674,2674
623,07/07/2024 , 13:00:00,2667,2667
624,07/07/2024 , 14:00:00,2661,2661
625,07/07/2024 , 15:00:00,2652,2652
626,07/07/2024 , 16:00:00,2648,2648
627,07/07/2024 , 17:00:00,2648,2648
628,07/07/2024 , 18:00:00,2647,2647
629,07/07/2024 , 19:00:00,2652,2652
630,07/07/2024 , 20:00:00,2656,2656
631,07/07/2024 , 21:00:00,2658,2658
632,07/07/2024 , 22:00:00,2659,2659
633,07/07/2024 , 23:00:00,2660,2660
634,07/07/2024 , 23:59:59,2661,2661
635,08/07/2024 , 01:00:00,2661,2661
636,08/07/2024 , 02:00:00,2661,2661
637,08/07/2024 , 03:00:00,2662,2662
638,08/07/2024 , 04:00:00,2663,2663
639,08/07/2024 , 05:00:00,2663,2663
640,08/07/2024 , 06:00:00,2666,2666
641,08/07/2024 , 07:00:00,2666,2666
642,08/07/2024 , 08:00:00,2666,2666
643,08/07/2024 , 09:00:00,2666,2666
644,08/07/2024 , 10:00:00,2661,2661
645,08/07/2024 , 11:00:00,2661,2661
646,08/07/2024 , 12:00:00,2645,2645
647,08/07/2024 , 13:00:00,2638,2638
648,08/07/2024 , 14:00:00,2631,2631
649,08/07/2024 , 15:00:00,2623,2623
650,08/07/2024 , 16:00:00,2618,2618
651,08/07/2024 , 17:00:00,2617,2617
652,08/07/2024 , 18:00:00,2618,2618
653,08/07/2024 , 19:00:00,2618,2618
654,08/07/2024 , 20:00:00,2622,2622
655,08/07/2024 , 21:00:00,2624,2624
656,08/07/2024 , 22:00:00,2624,2624
657,08/07/2024 , 23:00:00,2626,2626
658,08/07/2024 , 23:59:59,2627,2627
659,09/07/2024 , 01:00:00,2627,2627
660,09/07/2024 , 02:00:00,2627,2627
661,09/07/2024 , 03:00:00,2629,2629
662,09/07/2024 , 04:00:00,2631,2631
663,09/07/2024 , 05:00:00,2632,2632
664,09/07/2024 , 06:00:00,2634,2634
665,09/07/2024 , 07:00:00,2636,2636
666,09/07/2024 , 08:00:00,2635,2635
667,09/07/2024 , 09:00:00,2634,2634
668,09/07/2024 , 10:00:00,2631,2631
669,09/07/2024 , 11:00:00,2626,2626
670,09/07/2024 , 12:00:00,2671,2671
671,09/07/2024 , 13:00:00,2660,2660
672,09/07/2024 , 14:00:00,2648,2648
673,09/07/2024 , 15:00:00,2642,2642
674,09/07/2024 , 16:00:00,2640,2640
675,09/07/2024 , 17:00:00,2639,2639
676,09/07/2024 , 18:00:00,2634,2634
677,09/07/2024 , 19:00:00,2634,2634
678,09/07/2024 , 20:00:00,2636,2636
679,09/07/2024 , 21:00:00,2641,2641
680,09/07/2024 , 22:00:00,2673,2673
681,09/07/2024 , 23:00:00,2670,2670
682,09/07/2024 , 23:59:59,2668,2668
683,10/07/2024 , 01:00:00,2667,2667
684,10/07/2024 , 02:00:00,2667,2667
685,10/07/2024 , 03:00:00,2668,2668
686,10/07/2024 , 04:00:00,2667,2667
687,10/07/2024 , 05:00:00,2668,2668
688,10/07/2024 , 06:00:00,2670,2670
689,10/07/2024 , 07:00:00,2670,2670
690,10/07/2024 , 08:00:00,2670,2670
691,10/07/2024 , 09:00:00,2669,2669
692,10/07/2024 , 10:00:00,2664,2664
693,10/07/2024 , 11:00:00,2663,2663
694,10/07/2024 , 12:00:00,2654,2654
695,10/07/2024 , 13:00:00,2647,2647
696,10/07/2024 , 14:00:00,2645,2645
697,10/07/2024 , 15:00:00,2646,2646
698,10/07/2024 , 16:00:00,2687,2687
699,10/07/2024 , 17:00:00,2693,2693
700,10/07/2024 , 18:00:00,2703,2703
701,10/07/2024 , 19:00:00,2705,2705
702,10/07/2024 , 20:00:00,2717,2717
703,10/07/2024 , 21:00:00,2723,2723
704,10/07/2024 , 22:00:00,2722,2722
705,10/07/2024 , 23:00:00,2722,2722
706,10/07/2024 , 23:59:59,2717,2717
707,11/07/2024 , 01:00:00,2714,2714
708,11/07/2024 , 02:00:00,2708,2708
709,11/07/2024 , 03:00:00,2705,2705
710,11/07/2024 , 04:00:00,2702,2702
711,11/07/2024 , 05:00:00,2700,2700
712,11/07/2024 , 06:00:00,2709,2709
713,11/07/2024 , 07:00:00,2706,2706
714,11/07/2024 , 08:00:00,2704,2704
715,11/07/2024 , 09:00:00,2697,2697
716,11/07/2024 , 10:00:00,2693,2693
717,11/07/2024 , 11:00:00,2689,2689
718,11/07/2024 , 12:00:00,2702,2702
719,11/07/2024 , 13:00:00,2733,2733
720,11/07/2024 , 14:00:00,2729,2729
721,11/07/2024 , 15:00:00,2722,2722
722,11/07/2024 , 16:00:00,2719,2719
723,11/07/2024 , 17:00:00,2716,2716
724,11/07/2024 , 18:00:00,2714,2714
725,11/07/2024 , 19:00:00,2712,2712
726,11/07/2024 , 20:00:00,2711,2711
727,11/07/2024 , 21:00:00,2710,2710
728,11/07/2024 , 22:00:00,2709,2709
729,11/07/2024 , 23:00:00,2710,2710
730,11/07/2024 , 23:59:59,2708,2708
731,12/07/2024 , 01:00:00,2708,2708
732,12/07/2024 , 02:00:00,2707,2707
733,12/07/2024 , 03:00:00,2707,2707
734,12/07/2024 , 04:00:00,2705,2705
735,12/07/2024 , 05:00:00,2705,2705
736,12/07/2024 , 06:00:00,2705,2705
737,12/07/2024 , 07:00:00,2705,2705
738,12/07/2024 , 08:00:00,2704,2704
739,12/07/2024 , 09:00:00,2704,2704
740,12/07/2024 , 10:00:00,2707,2707
741,12/07/2024 , 11:00:00,2705,2705
742,12/07/2024 , 12:00:00,2702,2702
743,12/07/2024 , 13:00:00,2698,2698
744,12/07/2024 , 14:00:00,2696,2696
745,12/07/2024 , 15:00:00,2693,2693
746,12/07/2024 , 16:00:00,2688,2688
747,12/07/2024 , 17:00:00,2687,2687
748,12/07/2024 , 18:00:00,2687,2687
749,12/07/2024 , 19:00:00,2688,2688
750,12/07/2024 , 20:00:00,2691,2691
751,12/07/2024 , 21:00:00,2691,2691
752,12/07/2024 , 22:00:00,2690,2690
753,12/07/2024 , 23:00:00,2691,2691
754,12/07/2024 , 23:59:59,2691,2691
755,13/07/2024 , 01:00:00,2692,2692
756,13/07/2024 , 02:00:00,2692,2692
757,13/07/2024 , 03:00:00,2692,2692
758,13/07/2024 , 04:00:00,2692,2692
759,13/07/2024 , 05:00:00,2692,2692
760,13/07/2024 , 06:00:00,2693,2693
761,13/07/2024 , 07:00:00,2693,2693
762,13/07/2024 , 08:00:00,2694,2694
763,13/07/2024 , 09:00:00,2694,2694
764,13/07/2024 , 10:00:00,2692,2692
765,13/07/2024 , 11:00:00,2681,2681
766,13/07/2024 , 12:00:00,2681,2681
767,13/07/2024 , 13:00:00,2684,2684
768,13/07/2024 , 14:00:00,2686,2686
769,13/07/2024 , 15:00:00,2680,2680
770,13/07/2024 , 16:00:00,2678,2678
771,13/07/2024 , 17:00:00,2679,2679
772,13/07/2024 , 18:00:00,2681,2681
773,13/07/2024 , 19:00:00,2681,2681
774,13/07/2024 , 20:00:00,2682,2682
775,13/07/2024 , 21:00:00,2683,2683
776,13/07/2024 , 22:00:00,2683,2683
777,13/07/2024 , 23:00:00,2684,2684
778,13/07/2024 , 23:59:59,2684,2684
779,14/07/2024 , 01:00:00,2684,2684
780,14/07/2024 , 02:00:00,2684,2684
781,14/07/2024 , 03:00:00,2684,2684
782,14/07/2024 , 04:00:00,2684,2684
783,14/07/2024 , 05:00:00,2684,2684
784,14/07/2024 , 06:00:00,2685,2685
785,14/07/2024 , 07:00:00,2686,2686
786,14/07/2024 , 08:00:00,2686,2686
787,14/07/2024 , 09:00:00,2685,2685
788,14/07/2024 , 10:00:00,2683,2683
789,14/07/2024 , 11:00:00,2677,2677
790,14/07/2024 , 12:00:00,2669,2669
791,14/07/2024 , 13:00:00,2662,2662
792,14/07/2024 , 14:00:00,2654,2654
793,14/07/2024 , 15:00:00,2648,2648
794,14/07/2024 , 16:00:00,2645,2645
795,14/07/2024 , 17:00:00,2643,2643
796,14/07/2024 , 18:00:00,2641,2641
797,14/07/2024 , 19:00:00,2640,2640
798,14/07/2024 , 20:00:00,2640,2640
799,14/07/2024 , 21:00:00,2640,2640
800,14/07/2024 , 22:00:00,2641,2641
801,14/07/2024 , 23:00:00,2643,2643
802,14/07/2024 , 23:59:59,2646,2646
803,15/07/2024 , 01:00:00,2648,2648
804,15/07/2024 , 02:00:00,2651,2651
805,15/07/2024 , 03:00:00,2652,2652
806,15/07/2024 , 04:00:00,2656,2656
807,15/07/2024 , 05:00:00,2658,2658
808,15/07/2024 , 06:00:00,2661,2661
809,15/07/2024 , 07:00:00,2662,2662
810,15/07/2024 , 08:00:00,2664,2664
811,15/07/2024 , 09:00:00,2664,2664
812,15/07/2024 , 10:00:00,2659,2659
813,15/07/2024 , 11:00:00,2657,2657
814,15/07/2024 , 12:00:00,2653,2653
815,15/07/2024 , 13:00:00,2645,2645
816,15/07/2024 , 14:00:00,2635,2635
817,15/07/2024 , 15:00:00,2627,2627
818,15/07/2024 , 16:00:00,2620,2620
819,15/07/2024 , 17:00:00,2616,2616
820,15/07/2024 , 18:00:00,2615,2615
821,15/07/2024 , 19:00:00,2694,2694
822,15/07/2024 , 20:00:00,2684,2684
823,15/07/2024 , 21:00:00,2677,2677
824,15/07/2024 , 22:00:00,2675,2675
825,15/07/2024 , 23:00:00,2675,2675
826,15/07/2024 , 23:59:59,2675,2675
827,16/07/2024 , 01:00:00,2676,2676
828,16/07/2024 , 02:00:00,2676,2676
829,16/07/2024 , 03:00:00,2678,2678
830,16/07/2024 , 04:00:00,2711,2711
831,16/07/2024 , 05:00:00,2711,2711
832,16/07/2024 , 06:00:00,2700,2700
833,16/07/2024 , 07:00:00,2700,2700
834,16/07/2024 , 08:00:00,2699,2699
835,16/07/2024 , 09:00:00,2695,2695
836,16/07/2024 , 10:00:00,2685,2685
837,16/07/2024 , 11:00:00,2680,2680
838,16/07/2024 , 12:00:00,2674,2674
839,16/07/2024 , 13:00:00,2671,2671
840,16/07/2024 , 14:00:00,2667,2667
841,16/07/2024 , 15:00:00,2663,2663
842,16/07/2024 , 16:00:00,2661,2661
843,16/07/2024 , 17:00:00,2662,2662
844,16/07/2024 , 18:00:00,2666,2666
845,16/07/2024 , 19:00:00,2669,2669
846,16/07/2024 , 20:00:00,2671,2671
847,16/07/2024 , 21:00:00,2671,2671
848,16/07/2024 , 22:00:00,2672,2672
849,16/07/2024 , 23:00:00,2672,2672
850,16/07/2024 , 23:59:59,2672,2672
851,17/07/2024 , 01:00:00,2673,2673
852,17/07/2024 , 02:00:00,2673,2673
853,17/07/2024 , 03:00:00,2673,2673
854,17/07/2024 , 04:00:00,2673,2673
855,17/07/2024 , 05:00:00,2674,2674
856,17/07/2024 , 06:00:00,2674,2674
857,17/07/2024 , 07:00:00,2674,2674
858,17/07/2024 , 08:00:00,2674,2674
859,17/07/2024 , 09:00:00,2674,2674
860,17/07/2024 , 10:00:00,2673,2673
861,17/07/2024 , 11:00:00,2670,2670
862,17/07/2024 , 12:00:00,2661,2661
863,17/07/2024 , 13:00:00,2649,2649
864,17/07/2024 , 14:00:00,2643,2643
865,17/07/2024 , 15:00:00,2638,2638
866,17/07/2024 , 16:00:00,2630,2630
867,17/07/2024 , 17:00:00,2629,2629
868,17/07/2024 , 18:00:00,2627,2627
869,17/07/2024 , 19:00:00,2627,2627
870,17/07/2024 , 20:00:00,2629,2629
871,17/07/2024 , 21:00:00,2628,2628
872,17/07/2024 , 22:00:00,2629,2629
873,17/07/2024 , 23:00:00,2629,2629
874,17/07/2024 , 23:59:59,2630,2630
875,18/07/2024 , 01:00:00,2630,2630
876,18/07/2024 , 02:00:00,2632,2632
877,18/07/2024 , 03:00:00,2633,2633
878,18/07/2024 , 04:00:00,2633,2633
879,18/07/2024 , 05:00:00,2633,2633
880,18/07/2024 , 06:00:00,2636,2636
881,18/07/2024 , 07:00:00,2636,2636
882,18/07/2024 , 08:00:00,2636,2636
883,18/07/2024 , 09:00:00,2633,2633
884,18/07/2024 , 10:00:00,2623,2623
885,18/07/2024 , 11:00:00,2614,2614
886,18/07/2024 , 12:00:00,2611,2611
887,18/07/2024 , 13:00:00,2598,2598
888,18/07/2024 , 14:00:00,2591,2591
889,18/07/2024 , 15:00:00,2647,2647
890,18/07/2024 , 16:00:00,2632,2632
891,18/07/2024 , 17:00:00,2619,2619
892,18/07/2024 , 18:00:00,2710,2710
893,18/07/2024 , 19:00:00,2705,2705
894,18/07/2024 , 20:00:00,2693,2693
895,18/07/2024 , 21:00:00,2689,2689
896,18/07/2024 , 22:00:00,2686,2686
897,18/07/2024 , 23:00:00,2683,2683
898,18/07/2024 , 23:59:59,2682,2682
899,19/07/2024 , 01:00:00,2681,2681
900,19/07/2024 , 02:00:00,2681,2681
901,19/07/2024 , 03:00:00,2679,2679
902,19/07/2024 , 04:00:00,2679,2679
903,19/07/2024 , 05:00:00,2678,2678
904,19/07/2024 , 06:00:00,2679,2679
905,19/07/2024 , 07:00:00,2679,2679
906,19/07/2024 , 08:00:00,2676,2676
907,19/07/2024 , 09:00:00,2674,2674
908,19/07/2024 , 10:00:00,2671,2671
909,19/07/2024 , 11:00:00,2664,2664
910,19/07/2024 , 12:00:00,2653,2653
911,19/07/2024 , 13:00:00,2640,2640
912,19/07/2024 , 14:00:00,2629,2629
913,19/07/2024 , 15:00:00,2620,2620
914,19/07/2024 , 16:00:00,2612,2612
915,19/07/2024 , 17:00:00,2608,2608
916,19/07/2024 , 18:00:00,2606,2606
917,19/07/2024 , 19:00:00,2602,2602
918,19/07/2024 , 20:00:00,2602,2602
919,19/07/2024 , 21:00:00,2601,2601
920,19/07/2024 , 22:00:00,2601,2601
921,19/07/2024 , 23:00:00,2601,2601
922,19/07/2024 , 23:59:59,2602,2602
923,20/07/2024 , 01:00:00,2603,2603
924,20/07/2024 , 02:00:00,2603,2603
925,20/07/2024 , 03:00:00,2605,2605
926,20/07/2024 , 04:00:00,2605,2605
927,20/07/2024 , 05:00:00,2607,2607
928,20/07/2024 , 06:00:00,2609,2609
929,20/07/2024 , 07:00:00,2610,2610
930,20/07/2024 , 08:00:00,2609,2609
931,20/07/2024 , 09:00:00,2603,2603
932,20/07/2024 , 10:00:00,2596,2596
933,20/07/2024 , 11:00:00,2586,2586
934,20/07/2024 , 12:00:00,2575,2575
935,20/07/2024 , 13:00:00,2562,2562
936,20/07/2024 , 14:00:00,2550,2550
937,20/07/2024 , 15:00:00,2542,2542
938,20/07/2024 , 16:00:00,2536,2536
939,20/07/2024 , 17:00:00,2539,2539
940,20/07/2024 , 18:00:00,2679,2679
941,20/07/2024 , 19:00:00,2687,2687
942,20/07/2024 , 20:00:00,2711,2711
943,20/07/2024 , 21:00:00,2711,2711
944,20/07/2024 , 22:00:00,2701,2701
945,20/07/2024 , 23:00:00,2693,2693
946,20/07/2024 , 23:59:59,2689,2689
947,21/07/2024 , 01:00:00,2685,2685
948,21/07/2024 , 02:00:00,2681,2681
949,21/07/2024 , 03:00:00,2678,2678
950,21/07/2024 , 04:00:00,2677,2677
951,21/07/2024 , 05:00:00,2676,2676
952,21/07/2024 , 06:00:00,2676,2676
953,21/07/2024 , 07:00:00,2676,2676
954,21/07/2024 , 08:00:00,2675,2675
955,21/07/2024 , 09:00:00,2674,2674
956,21/07/2024 , 10:00:00,2670,2670
957,21/07/2024 , 11:00:00,2659,2659
958,21/07/2024 , 12:00:00,2647,2647
959,21/07/2024 , 13:00:00,2638,2638
960,21/07/2024 , 14:00:00,2628,2628
961,21/07/2024 , 15:00:00,2618,2618
962,21/07/2024 , 16:00:00,2608,2608
963,21/07/2024 , 17:00:00,2602,2602
964,21/07/2024 , 18:00:00,2598,2598
965,21/07/2024 , 19:00:00,2595,2595
966,21/07/2024 , 20:00:00,2596,2596
967,21/07/2024 , 21:00:00,2597,2597
968,21/07/2024 , 22:00:00,2595,2595
969,21/07/2024 , 23:00:00,2597,2597
970,21/07/2024 , 23:59:59,2597,2597
971,22/07/2024 , 01:00:00,2597,2597
972,22/07/2024 , 02:00:00,2598,2598
973,22/07/2024 , 03:00:00,2598,2598
974,22/07/2024 , 04:00:00,2598,2598
975,22/07/2024 , 05:00:00,2599,2599
976,22/07/2024 , 06:00:00,2600,2600
977,22/07/2024 , 07:00:00,2601,2601
978,22/07/2024 , 08:00:00,2600,2600
979,22/07/2024 , 09:00:00,2598,2598
980,22/07/2024 , 10:00:00,2593,2593
981,22/07/2024 , 11:00:00,2584,2584
982,22/07/2024 , 12:00:00,2573,2573
983,22/07/2024 , 13:00:00,2561,2561
984,22/07/2024 , 14:00:00,2549,2549
985,22/07/2024 , 15:00:00,2537,2537
986,22/07/2024 , 16:00:00,2528,2528
987,22/07/2024 , 17:00:00,2524,2524
988,22/07/2024 , 18:00:00,2524,2524
989,22/07/2024 , 19:00:00,2528,2528
990,22/07/2024 , 20:00:00,2532,2532
991,22/07/2024 , 21:00:00,2535,2535
992,22/07/2024 , 22:00:00,2538,2538
993,22/07/2024 , 23:00:00,2537,2537
994,22/07/2024 , 23:59:59,2542,2542
995,23/07/2024 , 01:00:00,2543,2543
996,23/07/2024 , 02:00:00,2544,2544
997,23/07/2024 , 03:00:00,2546,2546
998,23/07/2024 , 04:00:00,2550,2550
999,23/07/2024 , 05:00:00,2552,2552
1000,23/07/2024 , 06:00:00,2555,2555
1001,23/07/2024 , 07:00:00,2558,2558
1002,23/07/2024 , 08:00:00,2560,2560
1003,23/07/2024 , 09:00:00,2557,2557
1004,23/07/2024 , 10:00:00,2546,2546
1005,23/07/2024 , 11:00:00,2535,2535
1006,23/07/2024 , 12:00:00,2521,2521
1007,23/07/2024 , 13:00:00,2509,2509
1008,23/07/2024 , 14:00:00,2498,2498
1009,23/07/2024 , 15:00:00,2489,2489
1010,23/07/2024 , 16:00:00,2481,2481
1011,23/07/2024 , 17:00:00,2476,2476
1012,23/07/2024 , 18:00:00,2475,2475
1013,23/07/2024 , 19:00:00,2477,2477
1014,23/07/2024 , 20:00:00,2481,2481
1015,23/07/2024 , 21:00:00,2486,2486
1016,23/07/2024 , 22:00:00,2486,2486
1017,23/07/2024 , 23:00:00,2490,2490
1018,23/07/2024 , 23:59:59,2496,2496
1019,24/07/2024 , 01:00:00,2500,2500
1020,24/07/2024 , 02:00:00,2505,2505
1021,24/07/2024 , 03:00:00,2509,2509
1022,24/07/2024 , 04:00:00,2512,2512
1023,24/07/2024 , 05:00:00,2517,2517
1024,24/07/2024 , 06:00:00,2521,2521
1025,24/07/2024 , 07:00:00,2522,2522
1026,24/07/2024 , 08:00:00,2519,2519
1027,24/07/2024 , 09:00:00,2505,2505
1028,24/07/2024 , 10:00:00,2489,2489
1029,24/07/2024 , 11:00:00,2474,2474
1030,24/07/2024 , 12:00:00,2459,2459
1031,24/07/2024 , 13:00:00,2447,2447
1032,24/07/2024 , 14:00:00,2439,2439
1033,24/07/2024 , 15:00:00,2431,2431
1034,24/07/2024 , 16:00:00,2422,2422
1035,24/07/2024 , 17:00:00,2419,2419
1036,24/07/2024 , 18:00:00,2425,2425
1037,24/07/2024 , 19:00:00,2430,2430
1038,24/07/2024 , 20:00:00,2432,2432
1039,24/07/2024 , 21:00:00,2436,2436
1040,24/07/2024 , 22:00:00,2453,2453
1041,24/07/2024 , 23:00:00,2468,2468
1042,24/07/2024 , 23:59:59,2658,2658
1043,25/07/2024 , 01:00:00,2694,2694
1044,25/07/2024 , 02:00:00,2683,2683
1045,25/07/2024 , 03:00:00,2673,2673
1046,25/07/2024 , 04:00:00,2674,2674
1047,25/07/2024 , 05:00:00,2666,2666
1048,25/07/2024 , 06:00:00,2666,2666
1049,25/07/2024 , 07:00:00,2725,2725
1050,25/07/2024 , 08:00:00,2729,2729
1051,25/07/2024 , 09:00:00,2730,2730
1052,25/07/2024 , 10:00:00,2725,2725
1053,25/07/2024 , 11:00:00,2712,2712
1054,25/07/2024 , 12:00:00,2703,2703
1055,25/07/2024 , 13:00:00,2693,2693
1056,25/07/2024 , 14:00:00,2683,2683
1057,25/07/2024 , 15:00:00,2678,2678
1058,25/07/2024 , 16:00:00,2676,2676
1059,25/07/2024 , 17:00:00,2674,2674
1060,25/07/2024 , 18:00:00,2673,2673
1061,25/07/2024 , 19:00:00,2693,2693
1062,25/07/2024 , 20:00:00,2689,2689
1063,25/07/2024 , 21:00:00,2692,2692
1064,25/07/2024 , 22:00:00,2688,2688
1065,25/07/2024 , 23:00:00,2685,2685
1066,25/07/2024 , 23:59:59,2684,2684
1067,26/07/2024 , 01:00:00,2684,2684
1068,26/07/2024 , 02:00:00,2684,2684
1069,26/07/2024 , 03:00:00,2683,2683
1070,26/07/2024 , 04:00:00,2681,2681
1071,26/07/2024 , 05:00:00,2679,2679
1072,26/07/2024 , 06:00:00,2680,2680
1073,26/07/2024 , 07:00:00,2680,2680
1074,26/07/2024 , 08:00:00,2680,2680
1075,26/07/2024 , 09:00:00,2678,2678
1076,26/07/2024 , 10:00:00,2676,2676
1077,26/07/2024 , 11:00:00,2671,2671
1078,26/07/2024 , 12:00:00,2665,2665
1079,26/07/2024 , 13:00:00,2651,2651
1080,26/07/2024 , 14:00:00,2643,2643
1081,26/07/2024 , 15:00:00,2637,2637
1082,26/07/2024 , 16:00:00,2632,2632
1083,26/07/2024 , 17:00:00,2633,2633
1084,26/07/2024 , 18:00:00,2631,2631
1085,26/07/2024 , 19:00:00,2630,2630
1086,26/07/2024 , 20:00:00,2630,2630
1087,26/07/2024 , 21:00:00,2630,2630
1088,26/07/2024 , 22:00:00,2630,2630
1089,26/07/2024 , 23:00:00,2631,2631
1090,26/07/2024 , 23:59:59,2631,2631
1091,27/07/2024 , 01:00:00,2630,2630
1092,27/07/2024 , 02:00:00,2631,2631
1093,27/07/2024 , 03:00:00,2632,2632
1094,27/07/2024 , 04:00:00,2632,2632
1095,27/07/2024 , 05:00:00,2633,2633
1096,27/07/2024 , 06:00:00,2635,2635
1097,27/07/2024 , 07:00:00,2637,2637
1098,27/07/2024 , 08:00:00,2636,2636
1099,27/07/2024 , 09:00:00,2636,2636
1100,27/07/2024 , 10:00:00,2631,2631
1101,27/07/2024 , 11:00:00,2624,2624
1102,27/07/2024 , 12:00:00,2616,2616
1103,27/07/2024 , 13:00:00,2604,2604
1104,27/07/2024 , 14:00:00,2595,2595
1105,27/07/2024 , 15:00:00,2585,2585
1106,27/07/2024 , 16:00:00,2576,2576
1107,27/07/2024 , 17:00:00,2573,2573
1108,27/07/2024 , 18:00:00,2575,2575
1109,27/07/2024 , 19:00:00,2577,2577
1110,27/07/2024 , 20:00:00,2582,2582
1111,27/07/2024 , 21:00:00,2586,2586
1112,27/07/2024 , 22:00:00,2588,2588
1113,27/07/2024 , 23:00:00,2591,2591
1114,27/07/2024 , 23:59:59,2592,2592
1115,28/07/2024 , 01:00:00,2591,2591
1116,28/07/2024 , 02:00:00,2593,2593
1117,28/07/2024 , 03:00:00,2595,2595
1118,28/07/2024 , 04:00:00,2597,2597
1119,28/07/2024 , 05:00:00,2598,2598
1120,28/07/2024 , 06:00:00,2601,2601
1121,28/07/2024 , 07:00:00,2603,2603
1122,28/07/2024 , 08:00:00,2603,2603
1123,28/07/2024 , 09:00:00,2602,2602
1124,28/07/2024 , 10:00:00,2597,2597
1125,28/07/2024 , 11:00:00,2581,2581
1126,28/07/2024 , 12:00:00,2567,2567
1127,28/07/2024 , 13:00:00,2554,2554
1128,28/07/2024 , 14:00:00,2540,2540
1129,28/07/2024 , 15:00:00,2529,2529
1130,28/07/2024 , 16:00:00,2521,2521
1131,28/07/2024 , 17:00:00,2516,2516
1132,28/07/2024 , 18:00:00,2517,2517
1133,28/07/2024 , 19:00:00,2526,2526
1134,28/07/2024 , 20:00:00,2533,2533
1135,28/07/2024 , 21:00:00,2541,2541
1136,28/07/2024 , 22:00:00,2546,2546
1137,28/07/2024 , 23:00:00,2549,2549
1138,28/07/2024 , 23:59:59,2550,2550
1139,29/07/2024 , 01:00:00,2552,2552
1140,29/07/2024 , 02:00:00,2554,2554
1141,29/07/2024 , 03:00:00,2556,2556
1142,29/07/2024 , 04:00:00,2559,2559
1143,29/07/2024 , 05:00:00,2562,2562
1144,29/07/2024 , 06:00:00,2566,2566
1145,29/07/2024 , 07:00:00,2569,2569
1146,29/07/2024 , 08:00:00,2570,2570
1147,29/07/2024 , 09:00:00,2569,2569
1148,29/07/2024 , 10:00:00,2559,2559
1149,29/07/2024 , 11:00:00,2536,2536
1150,29/07/2024 , 12:00:00,2517,2517
1151,29/07/2024 , 13:00:00,2504,2504
1152,29/07/2024 , 14:00:00,2494,2494
1153,29/07/2024 , 15:00:00,2485,2485
1154,29/07/2024 , 16:00:00,2474,2474
1155,29/07/2024 , 17:00:00,2471,2471
1156,29/07/2024 , 18:00:00,2473,2473
1157,29/07/2024 , 19:00:00,2475,2475
1158,29/07/2024 , 20:00:00,2482,2482
1159,29/07/2024 , 21:00:00,2489,2489
1160,29/07/2024 , 22:00:00,2497,2497
1161,29/07/2024 , 23:00:00,2499,2499
1162,29/07/2024 , 23:59:59,2499,2499
1163,30/07/2024 , 01:00:00,2502,2502
1164,30/07/2024 , 02:00:00,2506,2506
1165,30/07/2024 , 03:00:00,2511,2511
1166,30/07/2024 , 04:00:00,2514,2514
1167,30/07/2024 , 05:00:00,2519,2519
1168,30/07/2024 , 06:00:00,2523,2523
1169,30/07/2024 , 07:00:00,2526,2526
1170,30/07/2024 , 08:00:00,2527,2527
1171,30/07/2024 , 09:00:00,2525,2525
1172,30/07/2024 , 10:00:00,2519,2519
1173,30/07/2024 , 11:00:00,2507,2507
1174,30/07/2024 , 12:00:00,2505,2505
1175,30/07/2024 , 13:00:00,2498,2498
1176,30/07/2024 , 14:00:00,2483,2483
1177,30/07/2024 , 15:00:00,2471,2471
1178,30/07/2024 , 16:00:00,2730,2730
1179,30/07/2024 , 17:00:00,2726,2726
1180,30/07/2024 , 18:00:00,2715,2715
1181,30/07/2024 , 19:00:00,2707,2707
1182,30/07/2024 , 20:00:00,2700,2700
1183,30/07/2024 , 21:00:00,2697,2697
1184,30/07/2024 , 22:00:00,2694,2694
1185,30/07/2024 , 23:00:00,2690,2690
1186,30/07/2024 , 23:59:59,2688,2688
1187,31/07/2024 , 01:00:00,2686,2686
1188,31/07/2024 , 02:00:00,2684,2684
1189,31/07/2024 , 03:00:00,2684,2684
1190,31/07/2024 , 04:00:00,2682,2682
1191,31/07/2024 , 05:00:00,2681,2681
1192,31/07/2024 , 06:00:00,2681,2681
1193,31/07/2024 , 07:00:00,2682,2682
1194,31/07/2024 , 08:00:00,2682,2682
1195,31/07/2024 , 09:00:00,2683,2683
1196,31/07/2024 , 10:00:00,2687,2687
1197,31/07/2024 , 11:00:00,2679,2679
1198,31/07/2024 , 12:00:00,2674,2674
1199,31/07/2024 , 13:00:00,2669,2669
1200,31/07/2024 , 14:00:00,2742,2742
1201,31/07/2024 , 15:00:00,2731,2731
1202,31/07/2024 , 16:00:00,2722,2722
1203,31/07/2024 , 17:00:00,2714,2714
1204,31/07/2024 , 18:00:00,2722,2722
1205,31/07/2024 , 19:00:00,2718,2718
1206,31/07/2024 , 20:00:00,2720,2720
1207,31/07/2024 , 21:00:00,2724,2724
1208,31/07/2024 , 22:00:00,2739,2739
1209,31/07/2024 , 23:00:00,2732,2732
1210,31/07/2024 , 23:59:59,2727,2727
1211,01/08/2024 , 01:00:00,2724,2724
1212,01/08/2024 , 02:00:00,2722,2722
1213,01/08/2024 , 03:00:00,2720,2720
1214,01/08/2024 , 04:00:00,2719,2719
1215,01/08/2024 , 05:00:00,2718,2718
1216,01/08/2024 , 06:00:00,2717,2717
1217,01/08/2024 , 07:00:00,2717,2717
1218,01/08/2024 , 08:00:00,2717,2717
1219,01/08/2024 , 09:00:00,2714,2714
1220,01/08/2024 , 10:00:00,2708,2708
1221,01/08/2024 , 11:00:00,2702,2702
1222,01/08/2024 , 12:00:00,2696,2696
1223,01/08/2024 , 13:00:00,2691,2691
1224,01/08/2024 , 14:00:00,2687,2687
1225,01/08/2024 , 15:00:00,2684,2684
1226,01/08/2024 , 16:00:00,2683,2683
1227,01/08/2024 , 17:00:00,2683,2683
1228,01/08/2024 , 18:00:00,2684,2684
1229,01/08/2024 , 19:00:00,2685,2685
1230,01/08/2024 , 20:00:00,2689,2689
1231,01/08/2024 , 21:00:00,2690,2690
1232,01/08/2024 , 22:00:00,2692,2692
1233,01/08/2024 , 23:00:00,2692,2692
1234,01/08/2024 , 23:59:59,2693,2693
1235,02/08/2024 , 01:00:00,2694,2694
1236,02/08/2024 , 02:00:00,2694,2694
1237,02/08/2024 , 03:00:00,2695,2695
1238,02/08/2024 , 04:00:00,2695,2695
1239,02/08/2024 , 05:00:00,2696,2696
1240,02/08/2024 , 06:00:00,2697,2697
1241,02/08/2024 , 07:00:00,2697,2697
1242,02/08/2024 , 08:00:00,2696,2696
1243,02/08/2024 , 09:00:00,2697,2697
1244,02/08/2024 , 10:00:00,2696,2696
1245,02/08/2024 , 11:00:00,2690,2690
1246,02/08/2024 , 12:00:00,2682,2682
1247,02/08/2024 , 13:00:00,2677,2677
1248,02/08/2024 , 14:00:00,2675,2675
1249,02/08/2024 , 15:00:00,2676,2676
1250,02/08/2024 , 16:00:00,2676,2676
1251,02/08/2024 , 17:00:00,2729,2729
1252,02/08/2024 , 18:00:00,2722,2722
1253,02/08/2024 , 19:00:00,2715,2715
1254,02/08/2024 , 20:00:00,2711,2711
1255,02/08/2024 , 21:00:00,2710,2710
1256,02/08/2024 , 22:00:00,2709,2709
1257,02/08/2024 , 23:00:00,2708,2708
1258,02/08/2024 , 23:59:59,2708,2708
1259,03/08/2024 , 01:00:00,2707,2707
1260,03/08/2024 , 02:00:00,2707,2707
1261,03/08/2024 , 03:00:00,2707,2707
1262,03/08/2024 , 04:00:00,2706,2706
1263,03/08/2024 , 05:00:00,2705,2705
1264,03/08/2024 , 06:00:00,2705,2705
1265,03/08/2024 , 07:00:00,2705,2705
1266,03/08/2024 , 08:00:00,2707,2707
1267,03/08/2024 , 09:00:00,2710,2710
1268,03/08/2024 , 10:00:00,2705,2705
1269,03/08/2024 , 11:00:00,2692,2692
1270,03/08/2024 , 12:00:00,2684,2684
1271,03/08/2024 , 13:00:00,2679,2679
1272,03/08/2024 , 14:00:00,2675,2675
1273,03/08/2024 , 15:00:00,2673,2673
1274,03/08/2024 , 16:00:00,2671,2671
1275,03/08/2024 , 17:00:00,2675,2675
1276,03/08/2024 , 18:00:00,2677,2677
1277,03/08/2024 , 19:00:00,2677,2677
1278,03/08/2024 , 20:00:00,2676,2676
1279,03/08/2024 , 21:00:00,2676,2676
1280,03/08/2024 , 22:00:00,2676,2676
1281,03/08/2024 , 23:00:00,2677,2677
1282,03/08/2024 , 23:59:59,2679,2679
1283,04/08/2024 , 01:00:00,2679,2679
1284,04/08/2024 , 02:00:00,2680,2680
1285,04/08/2024 , 03:00:00,2681,2681
1286,04/08/2024 , 04:00:00,2681,2681
1287,04/08/2024 , 05:00:00,2681,2681
1288,04/08/2024 , 06:00:00,2682,2682
1289,04/08/2024 , 07:00:00,2683,2683
1290,04/08/2024 , 08:00:00,2683,2683
1291,04/08/2024 , 09:00:00,2683,2683
1292,04/08/2024 , 10:00:00,2683,2683
1293,04/08/2024 , 11:00:00,2680,2680
1294,04/08/2024 , 12:00:00,2673,2673
1295,04/08/2024 , 13:00:00,2668,2668
1296,04/08/2024 , 14:00:00,2663,2663
1297,04/08/2024 , 15:00:00,2658,2658
1298,04/08/2024 , 16:00:00,2654,2654
1299,04/08/2024 , 17:00:00,2652,2652
1300,04/08/2024 , 18:00:00,2666,2666
1301,04/08/2024 , 19:00:00,2664,2664
1302,04/08/2024 , 20:00:00,2664,2664
1303,04/08/2024 , 21:00:00,2664,2664
1304,04/08/2024 , 22:00:00,2665,2665
1305,04/08/2024 , 23:00:00,2666,2666
1306,04/08/2024 , 23:59:59,2671,2671
1307,05/08/2024 , 01:00:00,2673,2673
1308,05/08/2024 , 02:00:00,2673,2673
1309,05/08/2024 , 03:00:00,2672,2672
1310,05/08/2024 , 04:00:00,2672,2672
1311,05/08/2024 , 05:00:00,2672,2672
1312,05/08/2024 , 06:00:00,2673,2673
1313,05/08/2024 , 07:00:00,2671,2671
1314,05/08/2024 , 08:00:00,2671,2671
1315,05/08/2024 , 09:00:00,2671,2671
1316,05/08/2024 , 10:00:00,2670,2670
1317,05/08/2024 , 11:00:00,2655,2655
1318,05/08/2024 , 12:00:00,2646,2646
1319,05/08/2024 , 13:00:00,2641,2641
1320,05/08/2024 , 14:00:00,2633,2633
1321,05/08/2024 , 15:00:00,2628,2628
1322,05/08/2024 , 16:00:00,2622,2622
1323,05/08/2024 , 17:00:00,2617,2617
1324,05/08/2024 , 18:00:00,2676,2676
1325,05/08/2024 , 19:00:00,2719,2719
1326,05/08/2024 , 20:00:00,2728,2728
1327,05/08/2024 , 21:00:00,2728,2728
1328,05/08/2024 , 22:00:00,2726,2726
1329,05/08/2024 , 23:00:00,2719,2719
1330,05/08/2024 , 23:59:59,2711,2711
1331,06/08/2024 , 01:00:00,2708,2708
1332,06/08/2024 , 02:00:00,2706,2706
1333,06/08/2024 , 03:00:00,2703,2703
1334,06/08/2024 , 04:00:00,2702,2702
1335,06/08/2024 , 05:00:00,2700,2700
1336,06/08/2024 , 06:00:00,2700,2700
1337,06/08/2024 , 07:00:00,2699,2699
1338,06/08/2024 , 08:00:00,2698,2698
1339,06/08/2024 , 09:00:00,2697,2697
1340,06/08/2024 , 10:00:00,2694,2694
1341,06/08/2024 , 11:00:00,2692,2692
1342,06/08/2024 , 12:00:00,2684,2684
1343,06/08/2024 , 13:00:00,2677,2677
1344,06/08/2024 , 14:00:00,2673,2673
1345,06/08/2024 , 15:00:00,2666,2666
1346,06/08/2024 , 16:00:00,2664,2664
1347,06/08/2024 , 17:00:00,2666,2666
1348,06/08/2024 , 18:00:00,2666,2666
1349,06/08/2024 , 19:00:00,2668,2668
1350,06/08/2024 , 20:00:00,2669,2669
1351,06/08/2024 , 21:00:00,2669,2669
1352,06/08/2024 , 22:00:00,2670,2670
1353,06/08/2024 , 23:00:00,2670,2670
1354,06/08/2024 , 23:59:59,2671,2671
1355,07/08/2024 , 01:00:00,2672,2672
1356,07/08/2024 , 02:00:00,2672,2672
1357,07/08/2024 , 03:00:00,2673,2673
1358,07/08/2024 , 04:00:00,2673,2673
1359,07/08/2024 , 05:00:00,2673,2673
1360,07/08/2024 , 06:00:00,2674,2674
1361,07/08/2024 , 07:00:00,2674,2674
1362,07/08/2024 , 08:00:00,2674,2674
1363,07/08/2024 , 09:00:00,2674,2674
1364,07/08/2024 , 10:00:00,2671,2671
1365,07/08/2024 , 11:00:00,2661,2661
1366,07/08/2024 , 12:00:00,2653,2653
1367,07/08/2024 , 13:00:00,2644,2644
1368,07/08/2024 , 14:00:00,2639,2639
1369,07/08/2024 , 15:00:00,2630,2630
1370,07/08/2024 , 16:00:00,2626,2626
1371,07/08/2024 , 17:00:00,2619,2619
1372,07/08/2024 , 18:00:00,2613,2613
1373,07/08/2024 , 19:00:00,2612,2612
1374,07/08/2024 , 20:00:00,2615,2615
1375,07/08/2024 , 21:00:00,2618,2618
1376,07/08/2024 , 22:00:00,2620,2620
1377,07/08/2024 , 23:00:00,2622,2622
1378,07/08/2024 , 23:59:59,2623,2623
1379,08/08/2024 , 01:00:00,2624,2624
1380,08/08/2024 , 02:00:00,2627,2627
1381,08/08/2024 , 03:00:00,2629,2629
1382,08/08/2024 , 04:00:00,2629,2629
1383,08/08/2024 , 05:00:00,2631,2631
1384,08/08/2024 , 06:00:00,2631,2631
1385,08/08/2024 , 07:00:00,2634,2634
1386,08/08/2024 , 08:00:00,2634,2634
1387,08/08/2024 , 09:00:00,2633,2633
1388,08/08/2024 , 10:00:00,2626,2626
1389,08/08/2024 , 11:00:00,2614,2614
1390,08/08/2024 , 12:00:00,2606,2606
1391,08/08/2024 , 13:00:00,2601,2601
1392,08/08/2024 , 14:00:00,2595,2595
1393,08/08/2024 , 15:00:00,2590,2590
1394,08/08/2024 , 16:00:00,2588,2588
1395,08/08/2024 , 17:00:00,2588,2588
1396,08/08/2024 , 18:00:00,2593,2593
1397,08/08/2024 , 19:00:00,2595,2595
1398,08/08/2024 , 20:00:00,2598,2598
1399,08/08/2024 , 21:00:00,2597,2597
1400,08/08/2024 , 22:00:00,2596,2596
1401,08/08/2024 , 23:00:00,2595,2595
1402,08/08/2024 , 23:59:59,2595,2595
1403,09/08/2024 , 01:00:00,2601,2601
1404,09/08/2024 , 02:00:00,2605,2605
1405,09/08/2024 , 03:00:00,2607,2607
1406,09/08/2024 , 04:00:00,2611,2611
1407,09/08/2024 , 05:00:00,2634,2634
1408,09/08/2024 , 06:00:00,2637,2637
1409,09/08/2024 , 07:00:00,2634,2634
1410,09/08/2024 , 08:00:00,2632,2632
1411,09/08/2024 , 09:00:00,2659,2659
1412,09/08/2024 , 10:00:00,2719,2719
1413,09/08/2024 , 11:00:00,2729,2729
1414,09/08/2024 , 12:00:00,2729,2729
1415,09/08/2024 , 13:00:00,2729,2729
1416,09/08/2024 , 14:00:00,2728,2728
1417,09/08/2024 , 15:00:00,2731,2731
1418,09/08/2024 , 16:00:00,2733,2733
1419,09/08/2024 , 17:00:00,2739,2739
1420,09/08/2024 , 18:00:00,2741,2741
1421,09/08/2024 , 19:00:00,2740,2740
1422,09/08/2024 , 20:00:00,2739,2739
1423,09/08/2024 , 21:00:00,2741,2741
1424,09/08/2024 , 22:00:00,2739,2739
1425,09/08/2024 , 23:00:00,2739,2739
1426,09/08/2024 , 23:59:59,2739,2739
1427,10/08/2024 , 01:00:00,2736,2736
1428,10/08/2024 , 02:00:00,2736,2736
1429,10/08/2024 , 03:00:00,2733,2733
1430,10/08/2024 , 04:00:00,2731,2731
1431,10/08/2024 , 05:00:00,2730,2730
1432,10/08/2024 , 06:00:00,2731,2731
1433,10/08/2024 , 07:00:00,2729,2729
1434,10/08/2024 , 08:00:00,2728,2728
1435,10/08/2024 , 09:00:00,2727,2727
1436,10/08/2024 , 10:00:00,2724,2724
1437,10/08/2024 , 11:00:00,2722,2722
1438,10/08/2024 , 12:00:00,2720,2720
1439,10/08/2024 , 13:00:00,2717,2717
1440,10/08/2024 , 14:00:00,2711,2711
1441,10/08/2024 , 15:00:00,2706,2706
1442,10/08/2024 , 16:00:00,2705,2705
1443,10/08/2024 , 17:00:00,2703,2703
1444,10/08/2024 , 18:00:00,2702,2702
1445,10/08/2024 , 19:00:00,2702,2702
1446,10/08/2024 , 20:00:00,2703,2703
1447,10/08/2024 , 21:00:00,2703,2703
1448,10/08/2024 , 22:00:00,2703,2703
1449,10/08/2024 , 23:00:00,2703,2703
1450,10/08/2024 , 23:59:59,2704,2704
1451,11/08/2024 , 01:00:00,2704,2704
1452,11/08/2024 , 02:00:00,2704,2704
1453,11/08/2024 , 03:00:00,2704,2704
1454,11/08/2024 , 04:00:00,2705,2705
1455,11/08/2024 , 05:00:00,2704,2704
1456,11/08/2024 , 06:00:00,2703,2703
1457,11/08/2024 , 07:00:00,2705,2705
1458,11/08/2024 , 08:00:00,2705,2705
1459,11/08/2024 , 09:00:00,2705,2705
1460,11/08/2024 , 10:00:00,2703,2703
1461,11/08/2024 , 11:00:00,2701,2701
1462,11/08/2024 , 12:00:00,2697,2697
1463,11/08/2024 , 13:00:00,2690,2690
1464,11/08/2024 , 14:00:00,2688,2688
1465,11/08/2024 , 15:00:00,2687,2687
1466,11/08/2024 , 16:00:00,2686,2686
1467,11/08/2024 , 17:00:00,2686,2686
1468,11/08/2024 , 18:00:00,2686,2686
1469,11/08/2024 , 19:00:00,2686,2686
1470,11/08/2024 , 20:00:00,2687,2687
1471,11/08/2024 , 21:00:00,2687,2687
1472,11/08/2024 , 22:00:00,2687,2687
1473,11/08/2024 , 23:00:00,2689,2689
1474,11/08/2024 , 23:59:59,2690,2690
1475,12/08/2024 , 01:00:00,2691,2691
1476,12/08/2024 , 02:00:00,2691,2691
1477,12/08/2024 , 03:00:00,2692,2692
1478,12/08/2024 , 04:00:00,2692,2692
1479,12/08/2024 , 05:00:00,2692,2692
1480,12/08/2024 , 06:00:00,2692,2692
1481,12/08/2024 , 07:00:00,2694,2694
1482,12/08/2024 , 08:00:00,2694,2694
1483,12/08/2024 , 09:00:00,2693,2693
1484,12/08/2024 , 10:00:00,2694,2694
1485,12/08/2024 , 11:00:00,2692,2692
1486,12/08/2024 , 12:00:00,2686,2686
1487,12/08/2024 , 13:00:00,2683,2683
1488,12/08/2024 , 14:00:00,2680,2680
1489,12/08/2024 , 15:00:00,2677,2677
1490,12/08/2024 , 16:00:00,2677,2677
1491,12/08/2024 , 17:00:00,2687,2687
1492,12/08/2024 , 18:00:00,2686,2686
1493,12/08/2024 , 19:00:00,2685,2685
1494,12/08/2024 , 20:00:00,2685,2685
1495,12/08/2024 , 21:00:00,2685,2685
1496,12/08/2024 , 22:00:00,2685,2685
1497,12/08/2024 , 23:00:00,2685,2685
1498,12/08/2024 , 23:59:59,2686,2686
1499,13/08/2024 , 01:00:00,2686,2686
1500,13/08/2024 , 02:00:00,2687,2687
1501,13/08/2024 , 03:00:00,2687,2687
1502,13/08/2024 , 04:00:00,2686,2686
1503,13/08/2024 , 05:00:00,2687,2687
1504,13/08/2024 , 06:00:00,2687,2687
1505,13/08/2024 , 07:00:00,2688,2688
1506,13/08/2024 , 08:00:00,2688,2688
1507,13/08/2024 , 09:00:00,2688,2688
1508,13/08/2024 , 10:00:00,2687,2687
1509,13/08/2024 , 11:00:00,2684,2684
1510,13/08/2024 , 12:00:00,2681,2681
1511,13/08/2024 , 13:00:00,2676,2676
1512,13/08/2024 , 14:00:00,2675,2675
1513,13/08/2024 , 15:00:00,2671,2671
1514,13/08/2024 , 16:00:00,2669,2669
1515,13/08/2024 , 17:00:00,2668,2668
1516,13/08/2024 , 18:00:00,2666,2666
1517,13/08/2024 , 19:00:00,2668,2668
1518,13/08/2024 , 20:00:00,2668,2668
1519,13/08/2024 , 21:00:00,2668,2668
1520,13/08/2024 , 22:00:00,2669,2669
1521,13/08/2024 , 23:00:00,2669,2669
1522,13/08/2024 , 23:59:59,2669,2669
1523,14/08/2024 , 01:00:00,2669,2669
1524,14/08/2024 , 02:00:00,2670,2670
1525,14/08/2024 , 03:00:00,2670,2670
1526,14/08/2024 , 04:00:00,2671,2671
1527,14/08/2024 , 05:00:00,2672,2672
1528,14/08/2024 , 06:00:00,2673,2673
1529,14/08/2024 , 07:00:00,2674,2674
1530,14/08/2024 , 08:00:00,2674,2674
1531,14/08/2024 , 09:00:00,2674,2674
1532,14/08/2024 , 10:00:00,2674,2674
1533,14/08/2024 , 11:00:00,2674,2674
1534,14/08/2024 , 12:00:00,2670,2670
1535,14/08/2024 , 13:00:00,2665,2665
1536,14/08/2024 , 14:00:00,2659,2659
1537,14/08/2024 , 15:00:00,2655,2655
1538,14/08/2024 , 16:00:00,2653,2653
1539,14/08/2024 , 17:00:00,2652,2652
1540,14/08/2024 , 18:00:00,2650,2650
1541,14/08/2024 , 19:00:00,2652,2652
1542,14/08/2024 , 20:00:00,2650,2650
1543,14/08/2024 , 21:00:00,2649,2649
1544,14/08/2024 , 22:00:00,2650,2650
1545,14/08/2024 , 23:00:00,2652,2652
1546,14/08/2024 , 23:59:59,2653,2653
1547,15/08/2024 , 01:00:00,2657,2657
1548,15/08/2024 , 02:00:00,2658,2658
1549,15/08/2024 , 03:00:00,2659,2659
1550,15/08/2024 , 04:00:00,2661,2661
1551,15/08/2024 , 05:00:00,2664,2664
1552,15/08/2024 , 06:00:00,2666,2666
1553,15/08/2024 , 07:00:00,2668,2668
1554,15/08/2024 , 08:00:00,2669,2669
1555,15/08/2024 , 09:00:00,2667,2667
1556,15/08/2024 , 10:00:00,2667,2667
1557,15/08/2024 , 11:00:00,2659,2659
1558,15/08/2024 , 12:00:00,2656,2656
1559,15/08/2024 , 13:00:00,2652,2652
1560,15/08/2024 , 14:00:00,2645,2645
1561,15/08/2024 , 15:00:00,2644,2644
1562,15/08/2024 , 16:00:00,2643,2643
1563,15/08/2024 , 17:00:00,2648,2648
1564,15/08/2024 , 18:00:00,2648,2648
1565,15/08/2024 , 19:00:00,2647,2647
1566,15/08/2024 , 20:00:00,2645,2645
1567,15/08/2024 , 21:00:00,2645,2645
1568,15/08/2024 , 22:00:00,2647,2647
1569,15/08/2024 , 23:00:00,2647,2647
1570,15/08/2024 , 23:59:59,2648,2648
1571,16/08/2024 , 01:00:00,2649,2649
1572,16/08/2024 , 02:00:00,2651,2651
1573,16/08/2024 , 03:00:00,2652,2652
1574,16/08/2024 , 04:00:00,2654,2654
1575,16/08/2024 , 05:00:00,2654,2654
1576,16/08/2024 , 06:00:00,2655,2655
1577,16/08/2024 , 07:00:00,2658,2658
1578,16/08/2024 , 08:00:00,2659,2659
1579,16/08/2024 , 09:00:00,2659,2659
1580,16/08/2024 , 10:00:00,2658,2658
1581,16/08/2024 , 11:00:00,2653,2653
1582,16/08/2024 , 12:00:00,2645,2645
1583,16/08/2024 , 13:00:00,2643,2643
1584,16/08/2024 , 14:00:00,2638,2638
1585,16/08/2024 , 15:00:00,2635,2635
1586,16/08/2024 , 16:00:00,2630,2630
1587,16/08/2024 , 17:00:00,2629,2629
1588,16/08/2024 , 18:00:00,2629,2629
1589,16/08/2024 , 19:00:00,2632,2632
1590,16/08/2024 , 20:00:00,2636,2636
1591,16/08/2024 , 21:00:00,2636,2636
1592,16/08/2024 , 22:00:00,2633,2633
1593,16/08/2024 , 23:00:00,2632,2632
1594,16/08/2024 , 23:59:59,2633,2633
1595,17/08/2024 , 01:00:00,2635,2635
1596,17/08/2024 , 02:00:00,2635,2635
1597,17/08/2024 , 03:00:00,2636,2636
1598,17/08/2024 , 04:00:00,2637,2637
1599,17/08/2024 , 05:00:00,2638,2638
1600,17/08/2024 , 06:00:00,2638,2638
1601,17/08/2024 , 07:00:00,2641,2641
1602,17/08/2024 , 08:00:00,2643,2643
1603,17/08/2024 , 09:00:00,2643,2643
1604,17/08/2024 , 10:00:00,2641,2641
1605,17/08/2024 , 11:00:00,2636,2636
1606,17/08/2024 , 12:00:00,2624,2624
1607,17/08/2024 , 13:00:00,2623,2623
1608,17/08/2024 , 14:00:00,2618,2618
1609,17/08/2024 , 15:00:00,2614,2614
1610,17/08/2024 , 16:00:00,2612,2612
1611,17/08/2024 , 17:00:00,2611,2611
1612,17/08/2024 , 18:00:00,2611,2611
1613,17/08/2024 , 19:00:00,2616,2616
1614,17/08/2024 , 20:00:00,2618,2618
1615,17/08/2024 , 21:00:00,2620,2620
1616,17/08/2024 , 22:00:00,2622,2622
1617,17/08/2024 , 23:00:00,2623,2623
1618,17/08/2024 , 23:59:59,2624,2624
1619,18/08/2024 , 01:00:00,2624,2624
1620,18/08/2024 , 02:00:00,2624,2624
1621,18/08/2024 , 03:00:00,2623,2623
1622,18/08/2024 , 04:00:00,2624,2624
1623,18/08/2024 , 05:00:00,2627,2627
1624,18/08/2024 , 06:00:00,2664,2664
1625,18/08/2024 , 07:00:00,2660,2660
1626,18/08/2024 , 08:00:00,2691,2691
1627,18/08/2024 , 09:00:00,2681,2681
1628,18/08/2024 , 10:00:00,2689,2689
1629,18/08/2024 , 11:00:00,2692,2692
1630,18/08/2024 , 12:00:00,2682,2682
1631,18/08/2024 , 13:00:00,2676,2676
1632,18/08/2024 , 14:00:00,2672,2672
1633,18/08/2024 , 15:00:00,2672,2672
1634,18/08/2024 , 16:00:00,2670,2670
1635,18/08/2024 , 17:00:00,2670,2670
1636,18/08/2024 , 18:00:00,2671,2671
1637,18/08/2024 , 19:00:00,2670,2670
1638,18/08/2024 , 20:00:00,2671,2671
1639,18/08/2024 , 21:00:00,2670,2670
1640,18/08/2024 , 22:00:00,2670,2670
1641,18/08/2024 , 23:00:00,2669,2669
1642,18/08/2024 , 23:59:59,2669,2669
1643,19/08/2024 , 01:00:00,2669,2669
1644,19/08/2024 , 02:00:00,2669,2669
1645,19/08/2024 , 03:00:00,2668,2668
1646,19/08/2024 , 04:00:00,2666,2666
1647,19/08/2024 , 05:00:00,2665,2665
1648,19/08/2024 , 06:00:00,2664,2664
1649,19/08/2024 , 07:00:00,2734,2734
1650,19/08/2024 , 08:00:00,2736,2736
1651,19/08/2024 , 09:00:00,2731,2731
1652,19/08/2024 , 10:00:00,2724,2724
1653,19/08/2024 , 11:00:00,2736,2736
1654,19/08/2024 , 12:00:00,2737,2737
1655,19/08/2024 , 13:00:00,2738,2738
1656,19/08/2024 , 14:00:00,2737,2737
1657,19/08/2024 , 15:00:00,2739,2739
1658,19/08/2024 , 16:00:00,2739,2739
1659,19/08/2024 , 17:00:00,2739,2739
1660,19/08/2024 , 18:00:00,2738,2738
1661,19/08/2024 , 19:00:00,2736,2736
1662,19/08/2024 , 20:00:00,2736,2736
1663,19/08/2024 , 21:00:00,2733,2733
1664,19/08/2024 , 22:00:00,2736,2736
1665,19/08/2024 , 23:00:00,2735,2735
1666,19/08/2024 , 23:59:59,2735,2735
1667,20/08/2024 , 01:00:00,2732,2732
1668,20/08/2024 , 02:00:00,2728,2728
1669,20/08/2024 , 03:00:00,2727,2727
1670,20/08/2024 , 04:00:00,2725,2725
1671,20/08/2024 , 05:00:00,2722,2722
1672,20/08/2024 , 06:00:00,2731,2731
1673,20/08/2024 , 07:00:00,2733,2733
1674,20/08/2024 , 08:00:00,2734,2734
1675,20/08/2024 , 09:00:00,2735,2735
1676,20/08/2024 , 10:00:00,2734,2734
1677,20/08/2024 , 11:00:00,2731,2731
1678,20/08/2024 , 12:00:00,2730,2730
1679,20/08/2024 , 13:00:00,2730,2730
1680,20/08/2024 , 14:00:00,2727,2727
1681,20/08/2024 , 15:00:00,2728,2728
1682,20/08/2024 , 16:00:00,2728,2728
1683,20/08/2024 , 17:00:00,2728,2728
1684,20/08/2024 , 18:00:00,2728,2728
1685,20/08/2024 , 19:00:00,2728,2728
1686,20/08/2024 , 20:00:00,2722,2722
1687,20/08/2024 , 21:00:00,2720,2720
1688,20/08/2024 , 22:00:00,2719,2719
1689,20/08/2024 , 23:00:00,2716,2716
1690,20/08/2024 , 23:59:59,2715,2715
1691,21/08/2024 , 01:00:00,2713,2713
1692,21/08/2024 , 02:00:00,2712,2712
1693,21/08/2024 , 03:00:00,2712,2712
1694,21/08/2024 , 04:00:00,2711,2711
1695,21/08/2024 , 05:00:00,2711,2711
1696,21/08/2024 , 06:00:00,2713,2713
1697,21/08/2024 , 07:00:00,2714,2714
1698,21/08/2024 , 08:00:00,2716,2716
1699,21/08/2024 , 09:00:00,2715,2715
1700,21/08/2024 , 10:00:00,2714,2714
1701,21/08/2024 , 11:00:00,2712,2712
1702,21/08/2024 , 12:00:00,2709,2709
1703,21/08/2024 , 13:00:00,2711,2711
1704,21/08/2024 , 14:00:00,2713,2713
1705,21/08/2024 , 15:00:00,2709,2709
1706,21/08/2024 , 16:00:00,2702,2702
1707,21/08/2024 , 17:00:00,2700,2700
1708,21/08/2024 , 18:00:00,2697,2697
1709,21/08/2024 , 19:00:00,2697,2697
1710,21/08/2024 , 20:00:00,2697,2697
1711,21/08/2024 , 21:00:00,2705,2705
1712,21/08/2024 , 22:00:00,2727,2727
1713,21/08/2024 , 23:00:00,2729,2729
1714,21/08/2024 , 23:59:59,2728,2728
1715,22/08/2024 , 01:00:00,2725,2725
1716,22/08/2024 , 02:00:00,2732,2732
1717,22/08/2024 , 03:00:00,2736,2736
1718,22/08/2024 , 04:00:00,2735,2735
1719,22/08/2024 , 05:00:00,2732,2732
1720,22/08/2024 , 06:00:00,2729,2729
1721,22/08/2024 , 07:00:00,2725,2725
1722,22/08/2024 , 08:00:00,2721,2721
1723,22/08/2024 , 09:00:00,2718,2718
1724,22/08/2024 , 10:00:00,2716,2716
1725,22/08/2024 , 11:00:00,2712,2712
1726,22/08/2024 , 12:00:00,2708,2708
1727,22/08/2024 , 13:00:00,2705,2705
1728,22/08/2024 , 14:00:00,2703,2703
1729,22/08/2024 , 15:00:00,2699,2699
1730,22/08/2024 , 16:00:00,2697,2697
1731,22/08/2024 , 17:00:00,2698,2698
1732,22/08/2024 , 18:00:00,2697,2697
1733,22/08/2024 , 19:00:00,2698,2698
1734,22/08/2024 , 20:00:00,2697,2697
1735,22/08/2024 , 21:00:00,2700,2700
1736,22/08/2024 , 22:00:00,2700,2700
1737,22/08/2024 , 23:00:00,2701,2701
1738,22/08/2024 , 23:59:59,2701,2701
1739,23/08/2024 , 01:00:00,2701,2701
1740,23/08/2024 , 02:00:00,2700,2700
1741,23/08/2024 , 03:00:00,2700,2700
1742,23/08/2024 , 04:00:00,2700,2700
1743,23/08/2024 , 05:00:00,2700,2700
1744,23/08/2024 , 06:00:00,2700,2700
1745,23/08/2024 , 07:00:00,2701,2701
1746,23/08/2024 , 08:00:00,2701,2701
1747,23/08/2024 , 09:00:00,2701,2701
1748,23/08/2024 , 10:00:00,2700,2700
1749,23/08/2024 , 11:00:00,2697,2697
1750,23/08/2024 , 12:00:00,2692,2692
1751,23/08/2024 , 13:00:00,2684,2684
1752,23/08/2024 , 14:00:00,2678,2678
1753,23/08/2024 , 15:00:00,2675,2675
1754,23/08/2024 , 16:00:00,2674,2674
1755,23/08/2024 , 17:00:00,2676,2676
1756,23/08/2024 , 18:00:00,2676,2676
1757,23/08/2024 , 19:00:00,2677,2677
1758,23/08/2024 , 20:00:00,2677,2677
1759,23/08/2024 , 21:00:00,2677,2677
1760,23/08/2024 , 22:00:00,2678,2678
1761,23/08/2024 , 23:00:00,2679,2679
1762,23/08/2024 , 23:59:59,2679,2679
1763,24/08/2024 , 01:00:00,2680,2680
1764,24/08/2024 , 02:00:00,2681,2681
1765,24/08/2024 , 03:00:00,2681,2681
1766,24/08/2024 , 04:00:00,2681,2681
1767,24/08/2024 , 05:00:00,2681,2681
1768,24/08/2024 , 06:00:00,2682,2682
1769,24/08/2024 , 07:00:00,2684,2684
1770,24/08/2024 , 08:00:00,2683,2683
1771,24/08/2024 , 09:00:00,2683,2683
1772,24/08/2024 , 10:00:00,2683,2683
1773,24/08/2024 , 11:00:00,2680,2680
1774,24/08/2024 , 12:00:00,2675,2675
1775,24/08/2024 , 13:00:00,2669,2669
1776,24/08/2024 , 14:00:00,2665,2665
1777,24/08/2024 , 15:00:00,2661,2661
1778,24/08/2024 , 16:00:00,2660,2660
1779,24/08/2024 , 17:00:00,2661,2661
1780,24/08/2024 , 18:00:00,2662,2662
1781,24/08/2024 , 19:00:00,2664,2664
1782,24/08/2024 , 20:00:00,2664,2664
1783,24/08/2024 , 21:00:00,2665,2665
1784,24/08/2024 , 22:00:00,2665,2665
1785,24/08/2024 , 23:00:00,2666,2666
1786,24/08/2024 , 23:59:59,2666,2666
1787,25/08/2024 , 01:00:00,2667,2667
1788,25/08/2024 , 02:00:00,2668,2668
1789,25/08/2024 , 03:00:00,2669,2669
1790,25/08/2024 , 04:00:00,2669,2669
1791,25/08/2024 , 05:00:00,2671,2671
1792,25/08/2024 , 06:00:00,2672,2672
1793,25/08/2024 , 07:00:00,2674,2674
1794,25/08/2024 , 08:00:00,2674,2674
1795,25/08/2024 , 09:00:00,2673,2673
1796,25/08/2024 , 10:00:00,2674,2674
1797,25/08/2024 , 11:00:00,2673,2673
1798,25/08/2024 , 12:00:00,2671,2671
1799,25/08/2024 , 13:00:00,2671,2671
1800,25/08/2024 , 14:00:00,2663,2663
1801,25/08/2024 , 15:00:00,2658,2658
1802,25/08/2024 , 16:00:00,2654,2654
1803,25/08/2024 , 17:00:00,2654,2654
1804,25/08/2024 , 18:00:00,2656,2656
1805,25/08/2024 , 19:00:00,2657,2657
1806,25/08/2024 , 20:00:00,2657,2657
1807,25/08/2024 , 21:00:00,2659,2659
1808,25/08/2024 , 22:00:00,2659,2659
1809,25/08/2024 , 23:00:00,2660,2660
1810,25/08/2024 , 23:59:59,2660,2660
1811,26/08/2024 , 01:00:00,2661,2661
1812,26/08/2024 , 02:00:00,2661,2661
1813,26/08/2024 , 03:00:00,2663,2663
1814,26/08/2024 , 04:00:00,2664,2664
1815,26/08/2024 , 05:00:00,2665,2665
1816,26/08/2024 , 06:00:00,2666,2666
1817,26/08/2024 , 07:00:00,2670,2670
1818,26/08/2024 , 08:00:00,2671,2671
1819,26/08/2024 , 09:00:00,2670,2670
1820,26/08/2024 , 10:00:00,2672,2672
1821,26/08/2024 , 11:00:00,2671,2671
1822,26/08/2024 , 12:00:00,2662,2662
1823,26/08/2024 , 13:00:00,2654,2654
1824,26/08/2024 , 14:00:00,2645,2645
1825,26/08/2024 , 15:00:00,2640,2640
1826,26/08/2024 , 16:00:00,2634,2634
1827,26/08/2024 , 17:00:00,2634,2634
1828,26/08/2024 , 18:00:00,2636,2636
1829,26/08/2024 , 19:00:00,2639,2639
1830,26/08/2024 , 20:00:00,2638,2638
1831,26/08/2024 , 21:00:00,2637,2637
1832,26/08/2024 , 22:00:00,2638,2638
1833,26/08/2024 , 23:00:00,2638,2638
1834,26/08/2024 , 23:59:59,2639,2639
1835,27/08/2024 , 01:00:00,2640,2640
1836,27/08/2024 , 02:00:00,2641,2641
1837,27/08/2024 , 03:00:00,2643,2643
1838,27/08/2024 , 04:00:00,2644,2644
1839,27/08/2024 , 05:00:00,2646,2646
1840,27/08/2024 , 06:00:00,2647,2647
1841,27/08/2024 , 07:00:00,2650,2650
1842,27/08/2024 , 08:00:00,2651,2651
1843,27/08/2024 , 09:00:00,2651,2651
1844,27/08/2024 , 10:00:00,2645,2645
1845,27/08/2024 , 11:00:00,2640,2640
1846,27/08/2024 , 12:00:00,2629,2629
1847,27/08/2024 , 13:00:00,2621,2621
1848,27/08/2024 , 14:00:00,2615,2615
1849,27/08/2024 , 15:00:00,2610,2610
1850,27/08/2024 , 16:00:00,2607,2607
1851,27/08/2024 , 17:00:00,2605,2605
1852,27/08/2024 , 18:00:00,2607,2607
1853,27/08/2024 , 19:00:00,2614,2614
1854,27/08/2024 , 20:00:00,2616,2616
1855,27/08/2024 , 21:00:00,2620,2620
1856,27/08/2024 , 22:00:00,2624,2624
1857,27/08/2024 , 23:00:00,2627,2627
1858,27/08/2024 , 23:59:59,2630,2630
1859,28/08/2024 , 01:00:00,2656,2656
1860,28/08/2024 , 02:00:00,2676,2676
1861,28/08/2024 , 03:00:00,2686,2686
1862,28/08/2024 , 04:00:00,2732,2732
1863,28/08/2024 , 05:00:00,2733,2733
1864,28/08/2024 , 06:00:00,2732,2732
1865,28/08/2024 , 07:00:00,2729,2729
1866,28/08/2024 , 08:00:00,2725,2725
1867,28/08/2024 , 09:00:00,2717,2717
1868,28/08/2024 , 10:00:00,2709,2709
1869,28/08/2024 , 11:00:00,2699,2699
1870,28/08/2024 , 12:00:00,2688,2688
1871,28/08/2024 , 13:00:00,2677,2677
1872,28/08/2024 , 14:00:00,2672,2672
1873,28/08/2024 , 15:00:00,2664,2664
1874,28/08/2024 , 16:00:00,2661,2661
1875,28/08/2024 , 17:00:00,2657,2657
1876,28/08/2024 , 18:00:00,2656,2656
1877,28/08/2024 , 19:00:00,2659,2659
1878,28/08/2024 , 20:00:00,2662,2662
1879,28/08/2024 , 21:00:00,2664,2664
1880,28/08/2024 , 22:00:00,2666,2666
1881,28/08/2024 , 23:00:00,2666,2666
1882,28/08/2024 , 23:59:59,2667,2667
1883,29/08/2024 , 01:00:00,2667,2667
1884,29/08/2024 , 02:00:00,2667,2667
1885,29/08/2024 , 03:00:00,2668,2668
1886,29/08/2024 , 04:00:00,2667,2667
1887,29/08/2024 , 05:00:00,2668,2668
1888,29/08/2024 , 06:00:00,2668,2668
1889,29/08/2024 , 07:00:00,2670,2670
1890,29/08/2024 , 08:00:00,2670,2670
1891,29/08/2024 , 09:00:00,2670,2670
1892,29/08/2024 , 10:00:00,2667,2667
1893,29/08/2024 , 11:00:00,2655,2655
1894,29/08/2024 , 12:00:00,2650,2650
1895,29/08/2024 , 13:00:00,2644,2644
1896,29/08/2024 , 14:00:00,2637,2637
1897,29/08/2024 , 15:00:00,2631,2631
1898,29/08/2024 , 16:00:00,2626,2626
1899,29/08/2024 , 17:00:00,2622,2622
1900,29/08/2024 , 18:00:00,2616,2616
1901,29/08/2024 , 19:00:00,2618,2618
1902,29/08/2024 , 20:00:00,2618,2618
1903,29/08/2024 , 21:00:00,2622,2622
1904,29/08/2024 , 22:00:00,2624,2624
1905,29/08/2024 , 23:00:00,2627,2627
1906,29/08/2024 , 23:59:59,2627,2627
1907,30/08/2024 , 01:00:00,2629,2629
1908,30/08/2024 , 02:00:00,2631,2631
1909,30/08/2024 , 03:00:00,2633,2633
1910,30/08/2024 , 04:00:00,2633,2633
1911,30/08/2024 , 05:00:00,2634,2634
1912,30/08/2024 , 06:00:00,2636,2636
1913,30/08/2024 , 07:00:00,2637,2637
1914,30/08/2024 , 08:00:00,2638,2638
1915,30/08/2024 , 09:00:00,2639,2639
1916,30/08/2024 , 10:00:00,2638,2638
1917,30/08/2024 , 11:00:00,2628,2628
1918,30/08/2024 , 12:00:00,2616,2616
1919,30/08/2024 , 13:00:00,2609,2609
1920,30/08/2024 , 14:00:00,2600,2600
1921,30/08/2024 , 15:00:00,2595,2595
1922,30/08/2024 , 16:00:00,2592,2592
1923,30/08/2024 , 17:00:00,2592,2592
1924,30/08/2024 , 18:00:00,2596,2596
1925,30/08/2024 , 19:00:00,2602,2602
1926,30/08/2024 , 20:00:00,2603,2603
1927,30/08/2024 , 21:00:00,2604,2604
1928,30/08/2024 , 22:00:00,2606,2606
1929,30/08/2024 , 23:00:00,2608,2608
1930,30/08/2024 , 23:59:59,2610,2610
1931,31/08/2024 , 01:00:00,2611,2611
1932,31/08/2024 , 02:00:00,2612,2612
1933,31/08/2024 , 03:00:00,2613,2613
1934,31/08/2024 , 04:00:00,2614,2614
1935,31/08/2024 , 05:00:00,2615,2615
1936,31/08/2024 , 06:00:00,2615,2615
1937,31/08/2024 , 07:00:00,2616,2616
1938,31/08/2024 , 08:00:00,2617,2617
1939,31/08/2024 , 09:00:00,2616,2616
1940,31/08/2024 , 10:00:00,2616,2616
1941,31/08/2024 , 11:00:00,2642,2642
1942,31/08/2024 , 12:00:00,2694,2694
1943,31/08/2024 , 13:00:00,2728,2728
1944,31/08/2024 , 14:00:00,2729,2729
1945,31/08/2024 , 15:00:00,2722,2722
1946,31/08/2024 , 16:00:00,2717,2717
1947,31/08/2024 , 17:00:00,2709,2709
1948,31/08/2024 , 18:00:00,2703,2703
1949,31/08/2024 , 19:00:00,2726,2726
1950,31/08/2024 , 20:00:00,2725,2725
1951,31/08/2024 , 21:00:00,2736,2736
1952,31/08/2024 , 22:00:00,2732,2732
1953,31/08/2024 , 23:00:00,2728,2728
1954,31/08/2024 , 23:59:59,2722,2722
1955,01/09/2024 , 01:00:00,2716,2716
1956,01/09/2024 , 02:00:00,2713,2713
1957,01/09/2024 , 03:00:00,2708,2708
1958,01/09/2024 , 04:00:00,2706,2706
1959,01/09/2024 , 05:00:00,2704,2704
1960,01/09/2024 , 06:00:00,2702,2702
1961,01/09/2024 , 07:00:00,2700,2700
1962,01/09/2024 , 08:00:00,2700,2700
1963,01/09/2024 , 09:00:00,2700,2700
1964,01/09/2024 , 10:00:00,2696,2696
1965,01/09/2024 , 11:00:00,2689,2689
1966,01/09/2024 , 12:00:00,2681,2681
1967,01/09/2024 , 13:00:00,2673,2673
1968,01/09/2024 , 14:00:00,2666,2666
1969,01/09/2024 , 15:00:00,2662,2662
1970,01/09/2024 , 16:00:00,2661,2661
1971,01/09/2024 , 17:00:00,2733,2733
1972,01/09/2024 , 18:00:00,2733,2733
1973,01/09/2024 , 19:00:00,2731,2731
1974,01/09/2024 , 20:00:00,2728,2728
1975,01/09/2024 , 21:00:00,2720,2720
1976,01/09/2024 , 22:00:00,2716,2716
1977,01/09/2024 , 23:00:00,2712,2712
1978,01/09/2024 , 23:59:59,2709,2709
1979,02/09/2024 , 01:00:00,2708,2708
1980,02/09/2024 , 02:00:00,2706,2706
1981,02/09/2024 , 03:00:00,2705,2705
1982,02/09/2024 , 04:00:00,2703,2703
1983,02/09/2024 , 05:00:00,2702,2702
1984,02/09/2024 , 06:00:00,2702,2702
1985,02/09/2024 , 07:00:00,2703,2703
1986,02/09/2024 , 08:00:00,2702,2702
1987,02/09/2024 , 09:00:00,2702,2702
1988,02/09/2024 , 10:00:00,2698,2698
1989,02/09/2024 , 11:00:00,2693,2693
1990,02/09/2024 , 12:00:00,2688,2688
1991,02/09/2024 , 13:00:00,2688,2688
1992,02/09/2024 , 14:00:00,2681,2681
1993,02/09/2024 , 15:00:00,2679,2679
1994,02/09/2024 , 16:00:00,2676,2676
1995,02/09/2024 , 17:00:00,2676,2676
1996,02/09/2024 , 18:00:00,2676,2676
1997,02/09/2024 , 19:00:00,2676,2676
1998,02/09/2024 , 20:00:00,2676,2676
1999,02/09/2024 , 21:00:00,2676,2676
2000,02/09/2024 , 22:00:00,2676,2676
2001,02/09/2024 , 23:00:00,2677,2677
2002,02/09/2024 , 23:59:59,2677,2677
2003,03/09/2024 , 01:00:00,2678,2678
2004,03/09/2024 , 02:00:00,2679,2679
2005,03/09/2024 , 03:00:00,2679,2679
2006,03/09/2024 , 04:00:00,2679,2679
2007,03/09/2024 , 05:00:00,2679,2679
2008,03/09/2024 , 06:00:00,2679,2679
2009,03/09/2024 , 07:00:00,2681,2681
2010,03/09/2024 , 08:00:00,2680,2680
2011,03/09/2024 , 09:00:00,2680,2680
2012,03/09/2024 , 10:00:00,2680,2680
2013,03/09/2024 , 11:00:00,2676,2676
2014,03/09/2024 , 12:00:00,2673,2673
2015,03/09/2024 , 13:00:00,2665,2665
2016,03/09/2024 , 14:00:00,2659,2659
2017,03/09/2024 , 15:00:00,2659,2659
2018,03/09/2024 , 16:00:00,2657,2657
2019,03/09/2024 , 17:00:00,2657,2657
2020,03/09/2024 , 18:00:00,2659,2659
2021,03/09/2024 , 19:00:00,2660,2660
2022,03/09/2024 , 20:00:00,2661,2661
2023,03/09/2024 , 21:00:00,2667,2667
2024,03/09/2024 , 22:00:00,2669,2669
2025,03/09/2024 , 23:00:00,2669,2669
2026,03/09/2024 , 23:59:59,2669,2669
2027,04/09/2024 , 01:00:00,2669,2669
2028,04/09/2024 , 02:00:00,2669,2669
2029,04/09/2024 , 03:00:00,2669,2669
2030,04/09/2024 , 04:00:00,2669,2669
2031,04/09/2024 , 05:00:00,2669,2669
2032,04/09/2024 , 06:00:00,2669,2669
2033,04/09/2024 , 07:00:00,2670,2670
2034,04/09/2024 , 08:00:00,2670,2670
2035,04/09/2024 , 09:00:00,2670,2670
2036,04/09/2024 , 10:00:00,2671,2671
2037,04/09/2024 , 11:00:00,2666,2666
2038,04/09/2024 , 12:00:00,2659,2659
2039,04/09/2024 , 13:00:00,2657,2657
2040,04/09/2024 , 14:00:00,2649,2649
2041,04/09/2024 , 15:00:00,2641,2641
2042,04/09/2024 , 16:00:00,2637,2637
2043,04/09/2024 , 17:00:00,2636,2636
2044,04/09/2024 , 18:00:00,2636,2636
2045,04/09/2024 , 19:00:00,2638,2638
2046,04/09/2024 , 20:00:00,2639,2639
2047,04/09/2024 , 21:00:00,2638,2638
2048,04/09/2024 , 22:00:00,2638,2638
2049,04/09/2024 , 23:00:00,2640,2640
2050,04/09/2024 , 23:59:59,2641,2641
2051,05/09/2024 , 01:00:00,2643,2643
2052,05/09/2024 , 02:00:00,2643,2643
2053,05/09/2024 , 03:00:00,2645,2645
2054,05/09/2024 , 04:00:00,2645,2645
2055,05/09/2024 , 05:00:00,2647,2647
2056,05/09/2024 , 06:00:00,2649,2649
2057,05/09/2024 , 07:00:00,2652,2652
2058,05/09/2024 , 08:00:00,2651,2651
2059,05/09/2024 , 09:00:00,2652,2652
2060,05/09/2024 , 10:00:00,2650,2650
2061,05/09/2024 , 11:00:00,2640,2640
2062,05/09/2024 , 12:00:00,2629,2629
2063,05/09/2024 , 13:00:00,2620,2620
2064,05/09/2024 , 14:00:00,2614,2614
2065,05/09/2024 , 15:00:00,2610,2610
2066,05/09/2024 , 16:00:00,2608,2608
2067,05/09/2024 , 17:00:00,2609,2609
2068,05/09/2024 , 18:00:00,2613,2613
2069,05/09/2024 , 19:00:00,2617,2617
2070,05/09/2024 , 20:00:00,2620,2620
2071,05/09/2024 , 21:00:00,2625,2625
2072,05/09/2024 , 22:00:00,2624,2624
2073,05/09/2024 , 23:00:00,2624,2624
2074,05/09/2024 , 23:59:59,2624,2624
2075,06/09/2024 , 01:00:00,2627,2627
2076,06/09/2024 , 02:00:00,2629,2629
2077,06/09/2024 , 03:00:00,2630,2630
2078,06/09/2024 , 04:00:00,2631,2631
2079,06/09/2024 , 05:00:00,2633,2633
2080,06/09/2024 , 06:00:00,2634,2634
2081,06/09/2024 , 07:00:00,2638,2638
2082,06/09/2024 , 08:00:00,2637,2637
2083,06/09/2024 , 09:00:00,2638,2638
2084,06/09/2024 , 10:00:00,2634,2634
2085,06/09/2024 , 11:00:00,2619,2619
2086,06/09/2024 , 12:00:00,2607,2607
2087,06/09/2024 , 13:00:00,2598,2598
2088,06/09/2024 , 14:00:00,2591,2591
2089,06/09/2024 , 15:00:00,2585,2585
2090,06/09/2024 , 16:00:00,2580,2580
2091,06/09/2024 , 17:00:00,2580,2580
2092,06/09/2024 , 18:00:00,2582,2582
2093,06/09/2024 , 19:00:00,2590,2590
2094,06/09/2024 , 20:00:00,2593,2593
2095,06/09/2024 , 21:00:00,2591,2591
2096,06/09/2024 , 22:00:00,2591,2591
2097,06/09/2024 , 23:00:00,2591,2591
2098,06/09/2024 , 23:59:59,2594,2594
2099,07/09/2024 , 01:00:00,2597,2597
2100,07/09/2024 , 02:00:00,2600,2600
2101,07/09/2024 , 03:00:00,2603,2603
2102,07/09/2024 , 04:00:00,2605,2605
2103,07/09/2024 , 05:00:00,2606,2606
2104,07/09/2024 , 06:00:00,2607,2607
2105,07/09/2024 , 07:00:00,2612,2612
2106,07/09/2024 , 08:00:00,2612,2612
2107,07/09/2024 , 09:00:00,2611,2611
2108,07/09/2024 , 10:00:00,2603,2603
2109,07/09/2024 , 11:00:00,2592,2592
2110,07/09/2024 , 12:00:00,2582,2582
2111,07/09/2024 , 13:00:00,2575,2575
2112,07/09/2024 , 14:00:00,2568,2568
2113,07/09/2024 , 15:00:00,2564,2564
2114,07/09/2024 , 16:00:00,2561,2561
2115,07/09/2024 , 17:00:00,2561,2561
2116,07/09/2024 , 18:00:00,2562,2562
2117,07/09/2024 , 19:00:00,2569,2569
2118,07/09/2024 , 20:00:00,2573,2573
2119,07/09/2024 , 21:00:00,2595,2595
2120,07/09/2024 , 22:00:00,2629,2629
2121,07/09/2024 , 23:00:00,2624,2624
2122,07/09/2024 , 23:59:59,2633,2633
2123,08/09/2024 , 01:00:00,2659,2659
2124,08/09/2024 , 02:00:00,2696,2696
2125,08/09/2024 , 03:00:00,2714,2714
2126,08/09/2024 , 04:00:00,2719,2719
2127,08/09/2024 , 05:00:00,2718,2718
2128,08/09/2024 , 06:00:00,2710,2710
2129,08/09/2024 , 07:00:00,2699,2699
2130,08/09/2024 , 08:00:00,2694,2694
2131,08/09/2024 , 09:00:00,2690,2690
2132,08/09/2024 , 10:00:00,2685,2685
2133,08/09/2024 , 11:00:00,2681,2681
2134,08/09/2024 , 12:00:00,2676,2676
2135,08/09/2024 , 13:00:00,2677,2677
2136,08/09/2024 , 14:00:00,2677,2677
2137,08/09/2024 , 15:00:00,2690,2690
2138,08/09/2024 , 16:00:00,2688,2688
2139,08/09/2024 , 17:00:00,2682,2682
2140,08/09/2024 , 18:00:00,2676,2676
2141,08/09/2024 , 19:00:00,2691,2691
2142,08/09/2024 , 20:00:00,2689,2689
2143,08/09/2024 , 21:00:00,2689,2689
2144,08/09/2024 , 22:00:00,2690,2690
2145,08/09/2024 , 23:00:00,2689,2689
2146,08/09/2024 , 23:59:59,2689,2689
2147,09/09/2024 , 01:00:00,2685,2685
2148,09/09/2024 , 02:00:00,2683,2683
2149,09/09/2024 , 03:00:00,2681,2681
2150,09/09/2024 , 04:00:00,2679,2679
2151,09/09/2024 , 05:00:00,2678,2678
2152,09/09/2024 , 06:00:00,2677,2677
2153,09/09/2024 , 07:00:00,2677,2677
2154,09/09/2024 , 08:00:00,2677,2677
2155,09/09/2024 , 09:00:00,2677,2677
2156,09/09/2024 , 10:00:00,2677,2677
2157,09/09/2024 , 11:00:00,2675,2675
2158,09/09/2024 , 12:00:00,2670,2670
2159,09/09/2024 , 13:00:00,2660,2660
2160,09/09/2024 , 14:00:00,2654,2654
2161,09/09/2024 , 15:00:00,2652,2652
2162,09/09/2024 , 16:00:00,2652,2652
2163,09/09/2024 , 17:00:00,2653,2653
2164,09/09/2024 , 18:00:00,2653,2653
2165,09/09/2024 , 19:00:00,2654,2654
2166,09/09/2024 , 20:00:00,2654,2654
2167,09/09/2024 , 21:00:00,2652,2652
2168,09/09/2024 , 22:00:00,2653,2653
2169,09/09/2024 , 23:00:00,2653,2653
2170,09/09/2024 , 23:59:59,2652,2652
2171,10/09/2024 , 01:00:00,2652,2652
2172,10/09/2024 , 02:00:00,2652,2652
2173,10/09/2024 , 03:00:00,2651,2651
2174,10/09/2024 , 04:00:00,2652,2652
2175,10/09/2024 , 05:00:00,2652,2652
2176,10/09/2024 , 06:00:00,2652,2652
2177,10/09/2024 , 07:00:00,2652,2652
2178,10/09/2024 , 08:00:00,2653,2653
2179,10/09/2024 , 09:00:00,2652,2652
2180,10/09/2024 , 10:00:00,2647,2647
2181,10/09/2024 , 11:00:00,2643,2643
2182,10/09/2024 , 12:00:00,2640,2640
2183,10/09/2024 , 13:00:00,2636,2636
2184,10/09/2024 , 14:00:00,2629,2629
2185,10/09/2024 , 15:00:00,2620,2620
2186,10/09/2024 , 16:00:00,2616,2616
2187,10/09/2024 , 17:00:00,2616,2616
2188,10/09/2024 , 18:00:00,2614,2614
2189,10/09/2024 , 19:00:00,2613,2613
2190,10/09/2024 , 20:00:00,2611,2611
2191,10/09/2024 , 21:00:00,2613,2613
2192,10/09/2024 , 22:00:00,2613,2613
2193,10/09/2024 , 23:00:00,2612,2612
2194,10/09/2024 , 23:59:59,2612,2612
2195,11/09/2024 , 01:00:00,2612,2612
2196,11/09/2024 , 02:00:00,2612,2612
2197,11/09/2024 , 03:00:00,2612,2612
2198,11/09/2024 , 04:00:00,2612,2612
2199,11/09/2024 , 05:00:00,2613,2613
2200,11/09/2024 , 06:00:00,2614,2614
2201,11/09/2024 , 07:00:00,2614,2614
2202,11/09/2024 , 08:00:00,2616,2616
2203,11/09/2024 , 09:00:00,2616,2616
2204,11/09/2024 , 10:00:00,2616,2616
2205,11/09/2024 , 11:00:00,2613,2613
2206,11/09/2024 , 12:00:00,2605,2605
2207,11/09/2024 , 13:00:00,2597,2597
2208,11/09/2024 , 14:00:00,2590,2590
2209,11/09/2024 , 15:00:00,2584,2584
2210,11/09/2024 , 16:00:00,2583,2583
2211,11/09/2024 , 17:00:00,2586,2586
2212,11/09/2024 , 18:00:00,2585,2585
2213,11/09/2024 , 19:00:00,2588,2588
2214,11/09/2024 , 20:00:00,2588,2588
2215,11/09/2024 , 21:00:00,2590,2590
2216,11/09/2024 , 22:00:00,2590,2590
2217,11/09/2024 , 23:00:00,2591,2591
2218,11/09/2024 , 23:59:59,2590,2590
2219,12/09/2024 , 01:00:00,2591,2591
2220,12/09/2024 , 02:00:00,2590,2590
2221,12/09/2024 , 03:00:00,2591,2591
2222,12/09/2024 , 04:00:00,2590,2590
2223,12/09/2024 , 05:00:00,2591,2591
2224,12/09/2024 , 06:00:00,2595,2595
2225,12/09/2024 , 07:00:00,2595,2595
2226,12/09/2024 , 08:00:00,2596,2596
2227,12/09/2024 , 09:00:00,2598,2598
2228,12/09/2024 , 10:00:00,2597,2597
2229,12/09/2024 , 11:00:00,2597,2597
2230,12/09/2024 , 12:00:00,2595,2595
2231,12/09/2024 , 13:00:00,2591,2591
2232,12/09/2024 , 14:00:00,2588,2588
2233,12/09/2024 , 15:00:00,2586,2586
2234,12/09/2024 , 16:00:00,2586,2586
2235,12/09/2024 , 17:00:00,2585,2585
2236,12/09/2024 , 18:00:00,2586,2586
2237,12/09/2024 , 19:00:00,2586,2586
2238,12/09/2024 , 20:00:00,2588,2588
2239,12/09/2024 , 21:00:00,2588,2588
2240,12/09/2024 , 22:00:00,2591,2591
2241,12/09/2024 , 23:00:00,2590,2590
2242,12/09/2024 , 23:59:59,2591,2591
2243,13/09/2024 , 01:00:00,2590,2590
2244,13/09/2024 , 02:00:00,2591,2591
2245,13/09/2024 , 03:00:00,2591,2591
2246,13/09/2024 , 04:00:00,2593,2593
2247,13/09/2024 , 05:00:00,2595,2595
2248,13/09/2024 , 06:00:00,2594,2594
2249,13/09/2024 , 07:00:00,2595,2595
2250,13/09/2024 , 08:00:00,2595,2595
2251,13/09/2024 , 09:00:00,2594,2594
2252,13/09/2024 , 10:00:00,2591,2591
2253,13/09/2024 , 11:00:00,2584,2584
2254,13/09/2024 , 12:00:00,2572,2572
2255,13/09/2024 , 13:00:00,2563,2563
2256,13/09/2024 , 14:00:00,2555,2555
2257,13/09/2024 , 15:00:00,2550,2550
2258,13/09/2024 , 16:00:00,2548,2548
2259,13/09/2024 , 17:00:00,2548,2548
2260,13/09/2024 , 18:00:00,2552,2552
2261,13/09/2024 , 19:00:00,2557,2557
2262,13/09/2024 , 20:00:00,2559,2559
2263,13/09/2024 , 21:00:00,2560,2560
2264,13/09/2024 , 22:00:00,2562,2562
2265,13/09/2024 , 23:00:00,2563,2563
2266,13/09/2024 , 23:59:59,2565,2565
2267,14/09/2024 , 01:00:00,2565,2565
2268,14/09/2024 , 02:00:00,2565,2565
2269,14/09/2024 , 03:00:00,2567,2567
2270,14/09/2024 , 04:00:00,2567,2567
2271,14/09/2024 , 05:00:00,2567,2567
2272,14/09/2024 , 06:00:00,2566,2566
2273,14/09/2024 , 07:00:00,2564,2564
2274,14/09/2024 , 08:00:00,2565,2565
2275,14/09/2024 , 09:00:00,2563,2563
2276,14/09/2024 , 10:00:00,2553,2553
2277,14/09/2024 , 11:00:00,2540,2540
2278,14/09/2024 , 12:00:00,2530,2530
2279,14/09/2024 , 13:00:00,2520,2520
2280,14/09/2024 , 14:00:00,2510,2510
2281,14/09/2024 , 15:00:00,2502,2502
2282,14/09/2024 , 16:00:00,2501,2501
2283,14/09/2024 , 17:00:00,2502,2502
2284,14/09/2024 , 18:00:00,2504,2504
2285,14/09/2024 , 19:00:00,2509,2509
2286,14/09/2024 , 20:00:00,2511,2511
2287,14/09/2024 , 21:00:00,2511,2511
2288,14/09/2024 , 22:00:00,2508,2508
2289,14/09/2024 , 23:00:00,2510,2510
2290,14/09/2024 , 23:59:59,2513,2513
2291,15/09/2024 , 01:00:00,2517,2517
2292,15/09/2024 , 02:00:00,2521,2521
2293,15/09/2024 , 03:00:00,2522,2522
2294,15/09/2024 , 04:00:00,2524,2524
2295,15/09/2024 , 05:00:00,2526,2526
2296,15/09/2024 , 06:00:00,2527,2527
2297,15/09/2024 , 07:00:00,2528,2528
2298,15/09/2024 , 08:00:00,2533,2533
2299,15/09/2024 , 09:00:00,2533,2533
2300,15/09/2024 , 10:00:00,2533,2533
2301,15/09/2024 , 11:00:00,2527,2527
2302,15/09/2024 , 12:00:00,2512,2512
2303,15/09/2024 , 13:00:00,2497,2497
2304,15/09/2024 , 14:00:00,2487,2487
2305,15/09/2024 , 15:00:00,2483,2483
2306,15/09/2024 , 16:00:00,2482,2482
2307,15/09/2024 , 17:00:00,2484,2484
2308,15/09/2024 , 18:00:00,2487,2487
2309,15/09/2024 , 19:00:00,2491,2491
2310,15/09/2024 , 20:00:00,2501,2501
2311,15/09/2024 , 21:00:00,2506,2506
2312,15/09/2024 , 22:00:00,2510,2510
2313,15/09/2024 , 23:00:00,2513,2513
2314,15/09/2024 , 23:59:59,2516,2516
2315,16/09/2024 , 01:00:00,2518,2518
2316,16/09/2024 , 02:00:00,2520,2520
2317,16/09/2024 , 03:00:00,2523,2523
2318,16/09/2024 , 04:00:00,2523,2523
2319,16/09/2024 , 05:00:00,2526,2526
2320,16/09/2024 , 06:00:00,2529,2529
2321,16/09/2024 , 07:00:00,2530,2530
2322,16/09/2024 , 08:00:00,2531,2531
2323,16/09/2024 , 09:00:00,2531,2531
2324,16/09/2024 , 10:00:00,2530,2530
2325,16/09/2024 , 11:00:00,2518,2518
2326,16/09/2024 , 12:00:00,2498,2498
2327,16/09/2024 , 13:00:00,2483,2483
2328,16/09/2024 , 14:00:00,2473,2473
2329,16/09/2024 , 15:00:00,2464,2464
2330,16/09/2024 , 16:00:00,2461,2461
2331,16/09/2024 , 17:00:00,2463,2463
2332,16/09/2024 , 18:00:00,2469,2469
2333,16/09/2024 , 19:00:00,2476,2476
2334,16/09/2024 , 20:00:00,2476,2476
2335,16/09/2024 , 21:00:00,2480,2480
2336,16/09/2024 , 22:00:00,2484,2484
2337,16/09/2024 , 23:00:00,2487,2487
2338,16/09/2024 , 23:59:59,2491,2491
2339,17/09/2024 , 01:00:00,2494,2494
2340,17/09/2024 , 02:00:00,2497,2497
2341,17/09/2024 , 03:00:00,2501,2501
2342,17/09/2024 , 04:00:00,2502,2502
2343,17/09/2024 , 05:00:00,2501,2501
2344,17/09/2024 , 06:00:00,2504,2504
2345,17/09/2024 , 07:00:00,2506,2506
2346,17/09/2024 , 08:00:00,2508,2508
2347,17/09/2024 , 09:00:00,2510,2510
2348,17/09/2024 , 10:00:00,2509,2509
2349,17/09/2024 , 11:00:00,2496,2496
2350,17/09/2024 , 12:00:00,2476,2476
2351,17/09/2024 , 13:00:00,2458,2458
2352,17/09/2024 , 14:00:00,2444,2444
2353,17/09/2024 , 15:00:00,2434,2434
2354,17/09/2024 , 16:00:00,2429,2429
2355,17/09/2024 , 17:00:00,2429,2429
2356,17/09/2024 , 18:00:00,2434,2434
2357,17/09/2024 , 19:00:00,2441,2441
2358,17/09/2024 , 20:00:00,2448,2448
2359,17/09/2024 , 21:00:00,2453,2453
2360,17/09/2024 , 22:00:00,2456,2456
2361,17/09/2024 , 23:00:00,2459,2459
2362,17/09/2024 , 23:59:59,2463,2463
2363,18/09/2024 , 01:00:00,2468,2468
2364,18/09/2024 , 02:00:00,2473,2473
2365,18/09/2024 , 03:00:00,2475,2475
2366,18/09/2024 , 04:00:00,2477,2477
2367,18/09/2024 , 05:00:00,2478,2478
2368,18/09/2024 , 06:00:00,2479,2479
2369,18/09/2024 , 07:00:00,2481,2481
2370,18/09/2024 , 08:00:00,2484,2484
2371,18/09/2024 , 09:00:00,2484,2484
2372,18/09/2024 , 10:00:00,2484,2484
2373,18/09/2024 , 11:00:00,2471,2471
2374,18/09/2024 , 12:00:00,2451,2451
2375,18/09/2024 , 13:00:00,2434,2434
2376,18/09/2024 , 14:00:00,2416,2416
2377,18/09/2024 , 15:00:00,2406,2406
2378,18/09/2024 , 16:00:00,2401,2401
2379,18/09/2024 , 17:00:00,2404,2404
2380,18/09/2024 , 18:00:00,2412,2412
2381,18/09/2024 , 19:00:00,2422,2422
2382,18/09/2024 , 20:00:00,2429,2429
2383,18/09/2024 , 21:00:00,2432,2432
2384,18/09/2024 , 22:00:00,2435,2435
2385,18/09/2024 , 23:00:00,2438,2438
2386,18/09/2024 , 23:59:59,2443,2443
2387,19/09/2024 , 01:00:00,2446,2446
2388,19/09/2024 , 02:00:00,2454,2454
2389,19/09/2024 , 03:00:00,2454,2454
2390,19/09/2024 , 04:00:00,2457,2457
2391,19/09/2024 , 05:00:00,2459,2459
2392,19/09/2024 , 06:00:00,2461,2461
2393,19/09/2024 , 07:00:00,2462,2462
2394,19/09/2024 , 08:00:00,2467,2467
2395,19/09/2024 , 09:00:00,2468,2468
2396,19/09/2024 , 10:00:00,2468,2468
2397,19/09/2024 , 11:00:00,2462,2462
2398,19/09/2024 , 12:00:00,2444,2444
2399,19/09/2024 , 13:00:00,2421,2421
2400,19/09/2024 , 14:00:00,2404,2404
2401,19/09/2024 , 15:00:00,2394,2394
2402,19/09/2024 , 16:00:00,2390,2390
2403,19/09/2024 , 17:00:00,2388,2388
2404,19/09/2024 , 18:00:00,2387,2387
2405,19/09/2024 , 19:00:00,2391,2391
2406,19/09/2024 , 20:00:00,2393,2393
2407,19/09/2024 , 21:00:00,2396,2396
2408,19/09/2024 , 22:00:00,2401,2401
2409,19/09/2024 , 23:00:00,2406,2406
2410,19/09/2024 , 23:59:59,2411,2411
2411,20/09/2024 , 01:00:00,2413,2413
2412,20/09/2024 , 02:00:00,2414,2414
2413,20/09/2024 , 03:00:00,2417,2417
2414,20/09/2024 , 04:00:00,2418,2418
2415,20/09/2024 , 05:00:00,2418,2418
2416,20/09/2024 , 06:00:00,2419,2419
2417,20/09/2024 , 07:00:00,2422,2422
2418,20/09/2024 , 08:00:00,2424,2424
2419,20/09/2024 , 09:00:00,2424,2424
2420,20/09/2024 , 10:00:00,2415,2415
2421,20/09/2024 , 11:00:00,2399,2399
2422,20/09/2024 , 12:00:00,2387,2387
2423,20/09/2024 , 13:00:00,2381,2381
2424,20/09/2024 , 14:00:00,2371,2371
2425,20/09/2024 , 15:00:00,2362,2362
2426,20/09/2024 , 16:00:00,2357,2357
2427,20/09/2024 , 17:00:00,2356,2356
2428,20/09/2024 , 18:00:00,2357,2357
2429,20/09/2024 , 19:00:00,2357,2357
2430,20/09/2024 , 20:00:00,2362,2362
2431,20/09/2024 , 21:00:00,2369,2369
2432,20/09/2024 , 22:00:00,2376,2376
2433,20/09/2024 , 23:00:00,2381,2381
2434,20/09/2024 , 23:59:59,2383,2383
2435,21/09/2024 , 01:00:00,2388,2388
2436,21/09/2024 , 02:00:00,2392,2392
2437,21/09/2024 , 03:00:00,2396,2396
2438,21/09/2024 , 04:00:00,2400,2400
2439,21/09/2024 , 05:00:00,2403,2403
2440,21/09/2024 , 06:00:00,2407,2407
2441,21/09/2024 , 07:00:00,2412,2412
2442,21/09/2024 , 08:00:00,2417,2417
2443,21/09/2024 , 09:00:00,2419,2419
2444,21/09/2024 , 10:00:00,2417,2417
2445,21/09/2024 , 11:00:00,2409,2409
2446,21/09/2024 , 12:00:00,2396,2396
2447,21/09/2024 , 13:00:00,2380,2380
2448,21/09/2024 , 14:00:00,2370,2370
2449,21/09/2024 , 15:00:00,2361,2361
2450,21/09/2024 , 16:00:00,2355,2355
2451,21/09/2024 , 17:00:00,2351,2351
2452,21/09/2024 , 18:00:00,2351,2351
2453,21/09/2024 , 19:00:00,2353,2353
2454,21/09/2024 , 20:00:00,2359,2359
2455,21/09/2024 , 21:00:00,2364,2364
2456,21/09/2024 , 22:00:00,2366,2366
2457,21/09/2024 , 23:00:00,2372,2372
2458,21/09/2024 , 23:59:59,2377,2377
2459,22/09/2024 , 01:00:00,2383,2383
2460,22/09/2024 , 02:00:00,2386,2386
2461,22/09/2024 , 03:00:00,2392,2392
2462,22/09/2024 , 04:00:00,2394,2394
2463,22/09/2024 , 05:00:00,2398,2398
2464,22/09/2024 , 06:00:00,2401,2401
2465,22/09/2024 , 07:00:00,2405,2405
2466,22/09/2024 , 08:00:00,2411,2411
2467,22/09/2024 , 09:00:00,2415,2415
2468,22/09/2024 , 10:00:00,2414,2414
2469,22/09/2024 , 11:00:00,2400,2400
2470,22/09/2024 , 12:00:00,2387,2387
2471,22/09/2024 , 13:00:00,2371,2371
2472,22/09/2024 , 14:00:00,2360,2360
2473,22/09/2024 , 15:00:00,2351,2351
2474,22/09/2024 , 16:00:00,2346,2346
2475,22/09/2024 , 17:00:00,2345,2345
2476,22/09/2024 , 18:00:00,2345,2345
2477,22/09/2024 , 19:00:00,2346,2346
2478,22/09/2024 , 20:00:00,2350,2350
2479,22/09/2024 , 21:00:00,2356,2356
2480,22/09/2024 , 22:00:00,2359,2359
2481,22/09/2024 , 23:00:00,2362,2362
2482,22/09/2024 , 23:59:59,2367,2367
2483,23/09/2024 , 01:00:00,2370,2370
2484,23/09/2024 , 02:00:00,2375,2375
2485,23/09/2024 , 03:00:00,2377,2377
2486,23/09/2024 , 04:00:00,2381,2381
2487,23/09/2024 , 05:00:00,2385,2385
2488,23/09/2024 , 06:00:00,2390,2390
2489,23/09/2024 , 07:00:00,2393,2393
2490,23/09/2024 , 08:00:00,2396,2396
2491,23/09/2024 , 09:00:00,2397,2397
2492,23/09/2024 , 10:00:00,2396,2396
2493,23/09/2024 , 11:00:00,2384,2384
2494,23/09/2024 , 12:00:00,2370,2370
2495,23/09/2024 , 13:00:00,2356,2356
2496,23/09/2024 , 14:00:00,2347,2347
2497,23/09/2024 , 15:00:00,2343,2343
2498,23/09/2024 , 16:00:00,2340,2340
2499,23/09/2024 , 17:00:00,2339,2339
2500,23/09/2024 , 18:00:00,2340,2340
2501,23/09/2024 , 19:00:00,2342,2342
2502,23/09/2024 , 20:00:00,2345,2345
2503,23/09/2024 , 21:00:00,2347,2347
2504,23/09/2024 , 22:00:00,2350,2350
2505,23/09/2024 , 23:00:00,2355,2355
2506,23/09/2024 , 23:59:59,2360,2360
2507,24/09/2024 , 01:00:00,2365,2365
2508,24/09/2024 , 02:00:00,2370,2370
2509,24/09/2024 , 03:00:00,2376,2376
2510,24/09/2024 , 04:00:00,2380,2380
2511,24/09/2024 , 05:00:00,2382,2382
2512,24/09/2024 , 06:00:00,2385,2385
2513,24/09/2024 , 07:00:00,2393,2393
2514,24/09/2024 , 08:00:00,2395,2395
2515,24/09/2024 , 09:00:00,2395,2395
2516,24/09/2024 , 10:00:00,2395,2395
2517,24/09/2024 , 11:00:00,2388,2388
2518,24/09/2024 , 12:00:00,2372,2372
2519,24/09/2024 , 13:00:00,2353,2353
2520,24/09/2024 , 14:00:00,2342,2342
2521,24/09/2024 , 15:00:00,2336,2336
2522,24/09/2024 , 16:00:00,2333,2333
2523,24/09/2024 , 17:00:00,2332,2332
2524,24/09/2024 , 18:00:00,2328,2328
2525,24/09/2024 , 19:00:00,2327,2327
2526,24/09/2024 , 20:00:00,2328,2328
2527,24/09/2024 , 21:00:00,2330,2330
2528,24/09/2024 , 22:00:00,2334,2334
2529,24/09/2024 , 23:00:00,2336,2336
2530,24/09/2024 , 23:59:59,2342,2342
2531,25/09/2024 , 01:00:00,2344,2344
2532,25/09/2024 , 02:00:00,2345,2345
2533,25/09/2024 , 03:00:00,2349,2349
2534,25/09/2024 , 04:00:00,2353,2353
2535,25/09/2024 , 05:00:00,2356,2356
2536,25/09/2024 , 06:00:00,2361,2361
2537,25/09/2024 , 07:00:00,2365,2365
2538,25/09/2024 , 08:00:00,2368,2368
2539,25/09/2024 , 09:00:00,2372,2372
2540,25/09/2024 , 10:00:00,2376,2376
2541,25/09/2024 , 11:00:00,2395,2395
2542,25/09/2024 , 12:00:00,2407,2407
2543,25/09/2024 , 13:00:00,2408,2408
2544,25/09/2024 , 14:00:00,2406,2406
2545,25/09/2024 , 15:00:00,2401,2401
2546,25/09/2024 , 16:00:00,2432,2432
2547,25/09/2024 , 17:00:00,2450,2450
2548,25/09/2024 , 18:00:00,2451,2451
2549,25/09/2024 , 19:00:00,2451,2451
2550,25/09/2024 , 20:00:00,2453,2453
2551,25/09/2024 , 21:00:00,2453,2453
2552,25/09/2024 , 22:00:00,2461,2461
2553,25/09/2024 , 23:00:00,2563,2563
2554,25/09/2024 , 23:59:59,2679,2679
2555,26/09/2024 , 01:00:00,2718,2718
2556,26/09/2024 , 02:00:00,2725,2725
2557,26/09/2024 , 03:00:00,2726,2726
2558,26/09/2024 , 04:00:00,2719,2719
2559,26/09/2024 , 05:00:00,2717,2717
2560,26/09/2024 , 06:00:00,2722,2722
2561,26/09/2024 , 07:00:00,2723,2723
2562,26/09/2024 , 08:00:00,2731,2731
2563,26/09/2024 , 09:00:00,2732,2732
2564,26/09/2024 , 10:00:00,2728,2728
2565,26/09/2024 , 11:00:00,2728,2728
2566,26/09/2024 , 12:00:00,2729,2729
2567,26/09/2024 , 13:00:00,2731,2731
2568,26/09/2024 , 14:00:00,2731,2731
2569,26/09/2024 , 15:00:00,2732,2732
2570,26/09/2024 , 16:00:00,2731,2731
2571,26/09/2024 , 17:00:00,2723,2723
2572,26/09/2024 , 18:00:00,2714,2714
2573,26/09/2024 , 19:00:00,2708,2708
2574,26/09/2024 , 20:00:00,2712,2712
2575,26/09/2024 , 21:00:00,2705,2705
2576,26/09/2024 , 22:00:00,2702,2702
2577,26/09/2024 , 23:00:00,2700,2700
2578,26/09/2024 , 23:59:59,2699,2699
2579,27/09/2024 , 01:00:00,2697,2697
2580,27/09/2024 , 02:00:00,2696,2696
2581,27/09/2024 , 03:00:00,2695,2695
2582,27/09/2024 , 04:00:00,2694,2694
2583,27/09/2024 , 05:00:00,2693,2693
2584,27/09/2024 , 06:00:00,2690,2690
2585,27/09/2024 , 07:00:00,2690,2690
2586,27/09/2024 , 08:00:00,2691,2691
2587,27/09/2024 , 09:00:00,2691,2691
2588,27/09/2024 , 10:00:00,2689,2689
2589,27/09/2024 , 11:00:00,2687,2687
2590,27/09/2024 , 12:00:00,2687,2687
2591,27/09/2024 , 13:00:00,2684,2684
2592,27/09/2024 , 14:00:00,2680,2680
2593,27/09/2024 , 15:00:00,2675,2675
2594,27/09/2024 , 16:00:00,2674,2674
2595,27/09/2024 , 17:00:00,2674,2674
2596,27/09/2024 , 18:00:00,2712,2712
2597,27/09/2024 , 19:00:00,2707,2707
2598,27/09/2024 , 20:00:00,2711,2711
2599,27/09/2024 , 21:00:00,2702,2702
2600,27/09/2024 , 22:00:00,2701,2701
2601,27/09/2024 , 23:00:00,2697,2697
2602,27/09/2024 , 23:59:59,2694,2694
2603,28/09/2024 , 01:00:00,2691,2691
2604,28/09/2024 , 02:00:00,2689,2689
2605,28/09/2024 , 03:00:00,2688,2688
2606,28/09/2024 , 04:00:00,2687,2687
2607,28/09/2024 , 05:00:00,2685,2685
2608,28/09/2024 , 06:00:00,2684,2684
2609,28/09/2024 , 07:00:00,2684,2684
2610,28/09/2024 , 08:00:00,2684,2684
2611,28/09/2024 , 09:00:00,2684,2684
2612,28/09/2024 , 10:00:00,2684,2684
2613,28/09/2024 , 11:00:00,2682,2682
2614,28/09/2024 , 12:00:00,2680,2680
2615,28/09/2024 , 13:00:00,2678,2678
2616,28/09/2024 , 14:00:00,2675,2675
2617,28/09/2024 , 15:00:00,2672,2672
2618,28/09/2024 , 16:00:00,2671,2671
2619,28/09/2024 , 17:00:00,2673,2673
2620,28/09/2024 , 18:00:00,2675,2675
2621,28/09/2024 , 19:00:00,2676,2676
2622,28/09/2024 , 20:00:00,2676,2676
2623,28/09/2024 , 21:00:00,2676,2676
2624,28/09/2024 , 22:00:00,2676,2676
2625,28/09/2024 , 23:00:00,2677,2677
2626,28/09/2024 , 23:59:59,2678,2678
2627,29/09/2024 , 01:00:00,2678,2678
2628,29/09/2024 , 02:00:00,2677,2677
2629,29/09/2024 , 03:00:00,2676,2676
2630,29/09/2024 , 04:00:00,2676,2676
2631,29/09/2024 , 05:00:00,2674,2674
2632,29/09/2024 , 06:00:00,2676,2676
2633,29/09/2024 , 07:00:00,2674,2674
2634,29/09/2024 , 08:00:00,2677,2677
2635,29/09/2024 , 09:00:00,2677,2677
2636,29/09/2024 , 10:00:00,2676,2676
2637,29/09/2024 , 11:00:00,2674,2674
2638,29/09/2024 , 12:00:00,2668,2668
2639,29/09/2024 , 13:00:00,2672,2672
2640,29/09/2024 , 14:00:00,2661,2661
2641,29/09/2024 , 15:00:00,2654,2654
2642,29/09/2024 , 16:00:00,2654,2654
2643,29/09/2024 , 17:00:00,2654,2654
2644,29/09/2024 , 18:00:00,2655,2655
2645,29/09/2024 , 19:00:00,2656,2656
2646,29/09/2024 , 20:00:00,2654,2654
2647,29/09/2024 , 21:00:00,2655,2655
2648,29/09/2024 , 22:00:00,2656,2656
2649,29/09/2024 , 23:00:00,2655,2655
2650,29/09/2024 , 23:59:59,2654,2654
2651,30/09/2024 , 01:00:00,2654,2654
2652,30/09/2024 , 02:00:00,2654,2654
2653,30/09/2024 , 03:00:00,2654,2654
2654,30/09/2024 , 04:00:00,2654,2654
2655,30/09/2024 , 05:00:00,2654,2654
2656,30/09/2024 , 06:00:00,2654,2654
2657,30/09/2024 , 07:00:00,2655,2655
2658,30/09/2024 , 08:00:00,2658,2658
2659,30/09/2024 , 09:00:00,2657,2657
2660,30/09/2024 , 10:00:00,2656,2656
2661,30/09/2024 , 11:00:00,2649,2649
2662,30/09/2024 , 12:00:00,2641,2641
2663,30/09/2024 , 13:00:00,2631,2631
2664,30/09/2024 , 14:00:00,2625,2625
2665,30/09/2024 , 15:00:00,2619,2619
2666,30/09/2024 , 16:00:00,2618,2618
2667,30/09/2024 , 17:00:00,2618,2618
2668,30/09/2024 , 18:00:00,2619,2619
2669,30/09/2024 , 19:00:00,2622,2622
2670,30/09/2024 , 20:00:00,2623,2623
2671,30/09/2024 , 21:00:00,2623,2623
2672,30/09/2024 , 22:00:00,2624,2624
2673,30/09/2024 , 23:00:00,2624,2624
2674,30/09/2024 , 23:59:59,2624,2624
2675,01/10/2024 , 01:00:00,2625,2625
2676,01/10/2024 , 02:00:00,2624,2624
2677,01/10/2024 , 03:00:00,2626,2626
2678,01/10/2024 , 04:00:00,2627,2627
2679,01/10/2024 , 05:00:00,2628,2628
2680,01/10/2024 , 06:00:00,2631,2631
2681,01/10/2024 , 07:00:00,2631,2631
2682,01/10/2024 , 08:00:00,2633,2633
2683,01/10/2024 , 09:00:00,2633,2633
2684,01/10/2024 , 10:00:00,2631,2631
2685,01/10/2024 , 11:00:00,2626,2626
2686,01/10/2024 , 12:00:00,2619,2619
2687,01/10/2024 , 13:00:00,2615,2615
2688,01/10/2024 , 14:00:00,2611,2611
2689,01/10/2024 , 15:00:00,2609,2609
2690,01/10/2024 , 16:00:00,2609,2609
2691,01/10/2024 , 17:00:00,2609,2609
2692,01/10/2024 , 18:00:00,2609,2609
2693,01/10/2024 , 19:00:00,2611,2611
2694,01/10/2024 , 20:00:00,2614,2614
2695,01/10/2024 , 21:00:00,2616,2616
2696,01/10/2024 , 22:00:00,2618,2618
2697,01/10/2024 , 23:00:00,2619,2619
2698,01/10/2024 , 23:59:59,2620,2620
2699,02/10/2024 , 01:00:00,2622,2622
2700,02/10/2024 , 02:00:00,2622,2622
2701,02/10/2024 , 03:00:00,2623,2623
2702,02/10/2024 , 04:00:00,2622,2622
2703,02/10/2024 , 05:00:00,2623,2623
2704,02/10/2024 , 06:00:00,2625,2625
2705,02/10/2024 , 07:00:00,2624,2624
2706,02/10/2024 , 08:00:00,2629,2629
2707,02/10/2024 , 09:00:00,2629,2629
2708,02/10/2024 , 10:00:00,2628,2628
2709,02/10/2024 , 11:00:00,2624,2624
2710,02/10/2024 , 12:00:00,2615,2615
2711,02/10/2024 , 13:00:00,2610,2610
2712,02/10/2024 , 14:00:00,2607,2607
2713,02/10/2024 , 15:00:00,2604,2604
2714,02/10/2024 , 16:00:00,2605,2605
2715,02/10/2024 , 17:00:00,2607,2607
2716,02/10/2024 , 18:00:00,2610,2610
2717,02/10/2024 , 19:00:00,2613,2613
2718,02/10/2024 , 20:00:00,2622,2622
2719,02/10/2024 , 21:00:00,2624,2624
2720,02/10/2024 , 22:00:00,2624,2624
2721,02/10/2024 , 23:00:00,2623,2623
2722,02/10/2024 , 23:59:59,2624,2624
2723,03/10/2024 , 01:00:00,2626,2626
2724,03/10/2024 , 02:00:00,2627,2627
2725,03/10/2024 , 03:00:00,2628,2628
2726,03/10/2024 , 04:00:00,2627,2627
2727,03/10/2024 , 05:00:00,2629,2629
2728,03/10/2024 , 06:00:00,2629,2629
2729,03/10/2024 , 07:00:00,2629,2629
2730,03/10/2024 , 08:00:00,2630,2630
2731,03/10/2024 , 09:00:00,2629,2629
2732,03/10/2024 , 10:00:00,2626,2626
2733,03/10/2024 , 11:00:00,2619,2619
2734,03/10/2024 , 12:00:00,2609,2609
2735,03/10/2024 , 13:00:00,2604,2604
2736,03/10/2024 , 14:00:00,2598,2598
2737,03/10/2024 , 15:00:00,2593,2593
2738,03/10/2024 , 16:00:00,2591,2591
2739,03/10/2024 , 17:00:00,2592,2592
2740,03/10/2024 , 18:00:00,2593,2593
2741,03/10/2024 , 19:00:00,2595,2595
2742,03/10/2024 , 20:00:00,2596,2596
2743,03/10/2024 , 21:00:00,2595,2595
2744,03/10/2024 , 22:00:00,2596,2596
2745,03/10/2024 , 23:00:00,2597,2597
2746,03/10/2024 , 23:59:59,2598,2598
2747,04/10/2024 , 01:00:00,2598,2598
2748,04/10/2024 , 02:00:00,2599,2599
2749,04/10/2024 , 03:00:00,2600,2600
2750,04/10/2024 , 04:00:00,2601,2601
2751,04/10/2024 , 05:00:00,2601,2601
2752,04/10/2024 , 06:00:00,2602,2602
2753,04/10/2024 , 07:00:00,2603,2603
2754,04/10/2024 , 08:00:00,2606,2606
2755,04/10/2024 , 09:00:00,2607,2607
2756,04/10/2024 , 10:00:00,2607,2607
2757,04/10/2024 , 11:00:00,2606,2606
2758,04/10/2024 , 12:00:00,2603,2603
2759,04/10/2024 , 13:00:00,2598,2598
2760,04/10/2024 , 14:00:00,2595,2595
2761,04/10/2024 , 15:00:00,2594,2594
2762,04/10/2024 , 16:00:00,2595,2595
2763,04/10/2024 , 17:00:00,2596,2596
2764,04/10/2024 , 18:00:00,2597,2597
2765,04/10/2024 , 19:00:00,2598,2598
2766,04/10/2024 , 20:00:00,2599,2599
2767,04/10/2024 , 21:00:00,2596,2596
2768,04/10/2024 , 22:00:00,2592,2592
2769,04/10/2024 , 23:00:00,2589,2589
2770,04/10/2024 , 23:59:59,2588,2588
2771,05/10/2024 , 01:00:00,2586,2586
2772,05/10/2024 , 02:00:00,2586,2586
2773,05/10/2024 , 03:00:00,2589,2589
2774,05/10/2024 , 04:00:00,2597,2597
2775,05/10/2024 , 05:00:00,2671,2671
2776,05/10/2024 , 06:00:00,2696,2696
2777,05/10/2024 , 07:00:00,2695,2695
2778,05/10/2024 , 08:00:00,2683,2683
2779,05/10/2024 , 09:00:00,2678,2678
2780,05/10/2024 , 10:00:00,2674,2674
2781,05/10/2024 , 11:00:00,2671,2671
2782,05/10/2024 , 12:00:00,2666,2666
2783,05/10/2024 , 13:00:00,2663,2663
2784,05/10/2024 , 14:00:00,2664,2664
2785,05/10/2024 , 15:00:00,2661,2661
2786,05/10/2024 , 16:00:00,2661,2661
2787,05/10/2024 , 17:00:00,2660,2660
2788,05/10/2024 , 18:00:00,2659,2659
2789,05/10/2024 , 19:00:00,2657,2657
2790,05/10/2024 , 20:00:00,2657,2657
2791,05/10/2024 , 21:00:00,2656,2656
2792,05/10/2024 , 22:00:00,2657,2657
2793,05/10/2024 , 23:00:00,2655,2655
2794,05/10/2024 , 23:59:59,2655,2655
2795,06/10/2024 , 01:00:00,2654,2654
2796,06/10/2024 , 02:00:00,2654,2654
2797,06/10/2024 , 03:00:00,2653,2653
2798,06/10/2024 , 04:00:00,2654,2654
2799,06/10/2024 , 05:00:00,2658,2658
2800,06/10/2024 , 06:00:00,2656,2656
2801,06/10/2024 , 07:00:00,2655,2655
2802,06/10/2024 , 08:00:00,2654,2654
2803,06/10/2024 , 09:00:00,2653,2653
2804,06/10/2024 , 10:00:00,2652,2652
2805,06/10/2024 , 11:00:00,2648,2648
2806,06/10/2024 , 12:00:00,2646,2646
2807,06/10/2024 , 13:00:00,2642,2642
2808,06/10/2024 , 14:00:00,2636,2636
2809,06/10/2024 , 15:00:00,2632,2632
2810,06/10/2024 , 16:00:00,2631,2631
2811,06/10/2024 , 17:00:00,2629,2629
2812,06/10/2024 , 18:00:00,2629,2629
2813,06/10/2024 , 19:00:00,2630,2630
2814,06/10/2024 , 20:00:00,2631,2631
2815,06/10/2024 , 21:00:00,2631,2631
2816,06/10/2024 , 22:00:00,2632,2632
2817,06/10/2024 , 23:00:00,2631,2631
2818,06/10/2024 , 23:59:59,2632,2632
2819,07/10/2024 , 01:00:00,2632,2632
2820,07/10/2024 , 02:00:00,2647,2647
2821,07/10/2024 , 03:00:00,2702,2702
2822,07/10/2024 , 04:00:00,2704,2704
2823,07/10/2024 , 05:00:00,2723,2723
2824,07/10/2024 , 06:00:00,2735,2735
2825,07/10/2024 , 07:00:00,2733,2733
2826,07/10/2024 , 08:00:00,2732,2732
2827,07/10/2024 , 09:00:00,2729,2729
2828,07/10/2024 , 10:00:00,2720,2720
2829,07/10/2024 , 11:00:00,2713,2713
2830,07/10/2024 , 12:00:00,2706,2706
2831,07/10/2024 , 13:00:00,2701,2701
2832,07/10/2024 , 14:00:00,2698,2698
2833,07/10/2024 , 15:00:00,2695,2695
2834,07/10/2024 , 16:00:00,2694,2694
2835,07/10/2024 , 17:00:00,2693,2693
2836,07/10/2024 , 18:00:00,2690,2690
2837,07/10/2024 , 19:00:00,2689,2689
2838,07/10/2024 , 20:00:00,2687,2687
2839,07/10/2024 , 21:00:00,2687,2687
2840,07/10/2024 , 22:00:00,2686,2686
2841,07/10/2024 , 23:00:00,2686,2686
2842,07/10/2024 , 23:59:59,2705,2705
2843,08/10/2024 , 01:00:00,2700,2700
2844,08/10/2024 , 02:00:00,2694,2694
2845,08/10/2024 , 03:00:00,2689,2689
2846,08/10/2024 , 04:00:00,2687,2687
2847,08/10/2024 , 05:00:00,2686,2686
2848,08/10/2024 , 06:00:00,2684,2684
2849,08/10/2024 , 07:00:00,2683,2683
2850,08/10/2024 , 08:00:00,2684,2684
2851,08/10/2024 , 09:00:00,2684,2684
2852,08/10/2024 , 10:00:00,2682,2682
2853,08/10/2024 , 11:00:00,2679,2679
2854,08/10/2024 , 12:00:00,2676,2676
2855,08/10/2024 , 13:00:00,2671,2671
2856,08/10/2024 , 14:00:00,2669,2669
2857,08/10/2024 , 15:00:00,2668,2668
2858,08/10/2024 , 16:00:00,2671,2671
2859,08/10/2024 , 17:00:00,2671,2671
2860,08/10/2024 , 18:00:00,2672,2672
2861,08/10/2024 , 19:00:00,2672,2672
2862,08/10/2024 , 20:00:00,2672,2672
2863,08/10/2024 , 21:00:00,2671,2671
2864,08/10/2024 , 22:00:00,2671,2671
2865,08/10/2024 , 23:00:00,2672,2672
2866,08/10/2024 , 23:59:59,2671,2671
2867,09/10/2024 , 01:00:00,2671,2671
2868,09/10/2024 , 02:00:00,2671,2671
2869,09/10/2024 , 03:00:00,2671,2671
2870,09/10/2024 , 04:00:00,2671,2671
2871,09/10/2024 , 05:00:00,2671,2671
2872,09/10/2024 , 06:00:00,2671,2671
2873,09/10/2024 , 07:00:00,2673,2673
2874,09/10/2024 , 08:00:00,2673,2673
2875,09/10/2024 , 09:00:00,2674,2674
2876,09/10/2024 , 10:00:00,2675,2675
2877,09/10/2024 , 11:00:00,2674,2674
2878,09/10/2024 , 12:00:00,2669,2669
2879,09/10/2024 , 13:00:00,2663,2663
2880,09/10/2024 , 14:00:00,2664,2664
2881,09/10/2024 , 15:00:00,2670,2670
2882,09/10/2024 , 16:00:00,2663,2663
2883,09/10/2024 , 17:00:00,2659,2659
2884,09/10/2024 , 18:00:00,2660,2660
2885,09/10/2024 , 19:00:00,2661,2661
2886,09/10/2024 , 20:00:00,2666,2666
2887,09/10/2024 , 21:00:00,2665,2665
2888,09/10/2024 , 22:00:00,2664,2664
2889,09/10/2024 , 23:00:00,2664,2664
2890,09/10/2024 , 23:59:59,2662,2662
2891,10/10/2024 , 01:00:00,2663,2663
2892,10/10/2024 , 02:00:00,2663,2663
2893,10/10/2024 , 03:00:00,2663,2663
2894,10/10/2024 , 04:00:00,2663,2663
2895,10/10/2024 , 05:00:00,2664,2664
2896,10/10/2024 , 06:00:00,2662,2662
2897,10/10/2024 , 07:00:00,2662,2662
2898,10/10/2024 , 08:00:00,2664,2664
2899,10/10/2024 , 09:00:00,2665,2665
2900,10/10/2024 , 10:00:00,2665,2665
2901,10/10/2024 , 11:00:00,2663,2663
2902,10/10/2024 , 12:00:00,2660,2660
2903,10/10/2024 , 13:00:00,2654,2654
2904,10/10/2024 , 14:00:00,2652,2652
2905,10/10/2024 , 15:00:00,2652,2652
2906,10/10/2024 , 16:00:00,2650,2650
2907,10/10/2024 , 17:00:00,2647,2647
2908,10/10/2024 , 18:00:00,2646,2646
2909,10/10/2024 , 19:00:00,2645,2645
2910,10/10/2024 , 20:00:00,2645,2645
2911,10/10/2024 , 21:00:00,2645,2645
2912,10/10/2024 , 22:00:00,2645,2645
2913,10/10/2024 , 23:00:00,2646,2646
2914,10/10/2024 , 23:59:59,2645,2645
2915,11/10/2024 , 01:00:00,2645,2645
2916,11/10/2024 , 02:00:00,2645,2645
2917,11/10/2024 , 03:00:00,2645,2645
2918,11/10/2024 , 04:00:00,2645,2645
2919,11/10/2024 , 05:00:00,2645,2645
2920,11/10/2024 , 06:00:00,2645,2645
2921,11/10/2024 , 07:00:00,2645,2645
2922,11/10/2024 , 08:00:00,2646,2646
2923,11/10/2024 , 09:00:00,2647,2647
2924,11/10/2024 , 10:00:00,2647,2647
2925,11/10/2024 , 11:00:00,2647,2647
2926,11/10/2024 , 12:00:00,2647,2647
2927,11/10/2024 , 13:00:00,2645,2645
2928,11/10/2024 , 14:00:00,2644,2644
2929,11/10/2024 , 15:00:00,2643,2643
2930,11/10/2024 , 16:00:00,2641,2641
2931,11/10/2024 , 17:00:00,2642,2642
2932,11/10/2024 , 18:00:00,2643,2643
2933,11/10/2024 , 19:00:00,2643,2643
2934,11/10/2024 , 20:00:00,2643,2643
2935,11/10/2024 , 21:00:00,2644,2644
2936,11/10/2024 , 22:00:00,2644,2644
2937,11/10/2024 , 23:00:00,2646,2646
2938,11/10/2024 , 23:59:59,2647,2647
2939,12/10/2024 , 01:00:00,2647,2647
2940,12/10/2024 , 02:00:00,2732,2732
2941,12/10/2024 , 03:00:00,2733,2733
2942,12/10/2024 , 04:00:00,2731,2731
2943,12/10/2024 , 05:00:00,2730,2730
2944,12/10/2024 , 06:00:00,2727,2727
2945,12/10/2024 , 07:00:00,2719,2719
2946,12/10/2024 , 08:00:00,2712,2712
2947,12/10/2024 , 09:00:00,2707,2707
2948,12/10/2024 , 10:00:00,2700,2700
2949,12/10/2024 , 11:00:00,2696,2696
2950,12/10/2024 , 12:00:00,2693,2693
2951,12/10/2024 , 13:00:00,2691,2691
2952,12/10/2024 , 14:00:00,2687,2687
2953,12/10/2024 , 15:00:00,2684,2684
2954,12/10/2024 , 16:00:00,2683,2683
2955,12/10/2024 , 17:00:00,2682,2682
2956,12/10/2024 , 18:00:00,2681,2681
2957,12/10/2024 , 19:00:00,2681,2681
2958,12/10/2024 , 20:00:00,2681,2681
2959,12/10/2024 , 21:00:00,2679,2679
2960,12/10/2024 , 22:00:00,2679,2679
2961,12/10/2024 , 23:00:00,2679,2679
2962,12/10/2024 , 23:59:59,2679,2679
2963,13/10/2024 , 01:00:00,2679,2679
2964,13/10/2024 , 02:00:00,2679,2679
2965,13/10/2024 , 03:00:00,2679,2679
2966,13/10/2024 , 04:00:00,2679,2679
2967,13/10/2024 , 05:00:00,2678,2678
2968,13/10/2024 , 06:00:00,2678,2678
2969,13/10/2024 , 07:00:00,2677,2677
2970,13/10/2024 , 08:00:00,2676,2676
2971,13/10/2024 , 09:00:00,2679,2679
2972,13/10/2024 , 10:00:00,2678,2678
2973,13/10/2024 , 11:00:00,2677,2677
2974,13/10/2024 , 12:00:00,2677,2677
2975,13/10/2024 , 13:00:00,2675,2675
2976,13/10/2024 , 14:00:00,2674,2674
2977,13/10/2024 , 15:00:00,2672,2672
2978,13/10/2024 , 16:00:00,2674,2674
2979,13/10/2024 , 17:00:00,2673,2673
2980,13/10/2024 , 18:00:00,2673,2673
2981,13/10/2024 , 19:00:00,2673,2673
2982,13/10/2024 , 20:00:00,2673,2673
2983,13/10/2024 , 21:00:00,2673,2673
2984,13/10/2024 , 22:00:00,2673,2673
2985,13/10/2024 , 23:00:00,2674,2674
2986,13/10/2024 , 23:59:59,2673,2673
2987,14/10/2024 , 01:00:00,2673,2673
2988,14/10/2024 , 02:00:00,2673,2673
2989,14/10/2024 , 03:00:00,2673,2673
2990,14/10/2024 , 04:00:00,2673,2673
2991,14/10/2024 , 05:00:00,2673,2673
2992,14/10/2024 , 06:00:00,2673,2673
2993,14/10/2024 , 07:00:00,2674,2674
2994,14/10/2024 , 08:00:00,2673,2673
2995,14/10/2024 , 09:00:00,2693,2693
2996,14/10/2024 , 10:00:00,2693,2693
2997,14/10/2024 , 11:00:00,2701,2701
2998,14/10/2024 , 12:00:00,2700,2700
2999,14/10/2024 , 13:00:00,2709,2709
3000,14/10/2024 , 14:00:00,2710,2710
3001,14/10/2024 , 15:00:00,2711,2711
3002,14/10/2024 , 16:00:00,2719,2719
3003,14/10/2024 , 17:00:00,2725,2725
3004,14/10/2024 , 18:00:00,2725,2725
3005,14/10/2024 , 19:00:00,2725,2725
3006,14/10/2024 , 20:00:00,2725,2725
3007,14/10/2024 , 21:00:00,2725,2725
3008,14/10/2024 , 22:00:00,2725,2725
3009,14/10/2024 , 23:00:00,2725,2725
3010,14/10/2024 , 23:59:59,2725,2725
3011,15/10/2024 , 01:00:00,2723,2723
3012,15/10/2024 , 02:00:00,2722,2722
3013,15/10/2024 , 03:00:00,2719,2719
3014,15/10/2024 , 04:00:00,2714,2714
3015,15/10/2024 , 05:00:00,2710,2710
3016,15/10/2024 , 06:00:00,2707,2707
3017,15/10/2024 , 07:00:00,2705,2705
3018,15/10/2024 , 08:00:00,2702,2702
3019,15/10/2024 , 09:00:00,2702,2702
3020,15/10/2024 , 10:00:00,2700,2700
3021,15/10/2024 , 11:00:00,2696,2696
3022,15/10/2024 , 12:00:00,2708,2708
3023,15/10/2024 , 13:00:00,2700,2700
3024,15/10/2024 , 14:00:00,2693,2693
3025,15/10/2024 , 15:00:00,2692,2692
3026,15/10/2024 , 16:00:00,2689,2689
3027,15/10/2024 , 17:00:00,2688,2688
3028,15/10/2024 , 18:00:00,2690,2690
3029,15/10/2024 , 19:00:00,2690,2690
3030,15/10/2024 , 20:00:00,2695,2695
3031,15/10/2024 , 21:00:00,2697,2697
3032,15/10/2024 , 22:00:00,2699,2699
3033,15/10/2024 , 23:00:00,2700,2700
3034,15/10/2024 , 23:59:59,2699,2699
3035,16/10/2024 , 01:00:00,2697,2697
3036,16/10/2024 , 02:00:00,2696,2696
3037,16/10/2024 , 03:00:00,2695,2695
3038,16/10/2024 , 04:00:00,2700,2700
3039,16/10/2024 , 05:00:00,2699,2699
3040,16/10/2024 , 06:00:00,2697,2697
3041,16/10/2024 , 07:00:00,2695,2695
3042,16/10/2024 , 08:00:00,2694,2694
3043,16/10/2024 , 09:00:00,2692,2692
3044,16/10/2024 , 10:00:00,2690,2690
3045,16/10/2024 , 11:00:00,2687,2687
3046,16/10/2024 , 12:00:00,2682,2682
3047,16/10/2024 , 13:00:00,2679,2679
3048,16/10/2024 , 14:00:00,2676,2676
3049,16/10/2024 , 15:00:00,2675,2675
3050,16/10/2024 , 16:00:00,2676,2676
3051,16/10/2024 , 17:00:00,2676,2676
3052,16/10/2024 , 18:00:00,2675,2675
3053,16/10/2024 , 19:00:00,2675,2675
3054,16/10/2024 , 20:00:00,2675,2675
3055,16/10/2024 , 21:00:00,2676,2676
3056,16/10/2024 , 22:00:00,2676,2676
3057,16/10/2024 , 23:00:00,2675,2675
3058,16/10/2024 , 23:59:59,2675,2675
3059,17/10/2024 , 01:00:00,2675,2675
3060,17/10/2024 , 02:00:00,2674,2674
3061,17/10/2024 , 03:00:00,2672,2672
3062,17/10/2024 , 04:00:00,2671,2671
3063,17/10/2024 , 05:00:00,2669,2669
3064,17/10/2024 , 06:00:00,2667,2667
3065,17/10/2024 , 07:00:00,2665,2665
3066,17/10/2024 , 08:00:00,2669,2669
3067,17/10/2024 , 09:00:00,2680,2680
3068,17/10/2024 , 10:00:00,2689,2689
3069,17/10/2024 , 11:00:00,2687,2687
3070,17/10/2024 , 12:00:00,2684,2684
3071,17/10/2024 , 13:00:00,2678,2678
3072,17/10/2024 , 14:00:00,2673,2673
3073,17/10/2024 , 15:00:00,2673,2673
3074,17/10/2024 , 16:00:00,2674,2674
3075,17/10/2024 , 17:00:00,2674,2674
3076,17/10/2024 , 18:00:00,2674,2674
3077,17/10/2024 , 19:00:00,2674,2674
3078,17/10/2024 , 20:00:00,2674,2674
3079,17/10/2024 , 21:00:00,2674,2674
3080,17/10/2024 , 22:00:00,2674,2674
3081,17/10/2024 , 23:00:00,2674,2674
3082,17/10/2024 , 23:59:59,2674,2674
3083,18/10/2024 , 01:00:00,2674,2674
3084,18/10/2024 , 02:00:00,2674,2674
3085,18/10/2024 , 03:00:00,2672,2672
3086,18/10/2024 , 04:00:00,2671,2671
3087,18/10/2024 , 05:00:00,2670,2670
3088,18/10/2024 , 06:00:00,2668,2668
3089,18/10/2024 , 07:00:00,2666,2666
3090,18/10/2024 , 08:00:00,2667,2667
3091,18/10/2024 , 09:00:00,2677,2677
3092,18/10/2024 , 10:00:00,2679,2679
3093,18/10/2024 , 11:00:00,2679,2679
3094,18/10/2024 , 12:00:00,2677,2677
3095,18/10/2024 , 13:00:00,2674,2674
3096,18/10/2024 , 14:00:00,2671,2671
3097,18/10/2024 , 15:00:00,2671,2671
3098,18/10/2024 , 16:00:00,2673,2673
3099,18/10/2024 , 17:00:00,2673,2673
3100,18/10/2024 , 18:00:00,2673,2673
3101,18/10/2024 , 19:00:00,2673,2673
3102,18/10/2024 , 20:00:00,2673,2673
3103,18/10/2024 , 21:00:00,2672,2672
3104,18/10/2024 , 22:00:00,2672,2672
3105,18/10/2024 , 23:00:00,2672,2672
3106,18/10/2024 , 23:59:59,2671,2671
3107,19/10/2024 , 01:00:00,2672,2672
3108,19/10/2024 , 02:00:00,2672,2672
3109,19/10/2024 , 03:00:00,2671,2671
3110,19/10/2024 , 04:00:00,2671,2671
3111,19/10/2024 , 05:00:00,2671,2671
3112,19/10/2024 , 06:00:00,2671,2671
3113,19/10/2024 , 07:00:00,2671,2671
3114,19/10/2024 , 08:00:00,2672,2672
3115,19/10/2024 , 09:00:00,2674,2674
3116,19/10/2024 , 10:00:00,2674,2674
3117,19/10/2024 , 11:00:00,2674,2674
3118,19/10/2024 , 12:00:00,2671,2671
3119,19/10/2024 , 13:00:00,2669,2669
3120,19/10/2024 , 14:00:00,2666,2666
3121,19/10/2024 , 15:00:00,2667,2667
3122,19/10/2024 , 16:00:00,2669,2669
3123,19/10/2024 , 17:00:00,2669,2669
3124,19/10/2024 , 18:00:00,2669,2669
3125,19/10/2024 , 19:00:00,2669,2669
3126,19/10/2024 , 20:00:00,2669,2669
3127,19/10/2024 , 21:00:00,2669,2669
3128,19/10/2024 , 22:00:00,2669,2669
3129,19/10/2024 , 23:00:00,2669,2669
3130,19/10/2024 , 23:59:59,2669,2669
3131,20/10/2024 , 01:00:00,2669,2669
3132,20/10/2024 , 02:00:00,2669,2669
3133,20/10/2024 , 03:00:00,2669,2669
3134,20/10/2024 , 04:00:00,2669,2669
3135,20/10/2024 , 05:00:00,2669,2669
3136,20/10/2024 , 06:00:00,2669,2669
3137,20/10/2024 , 07:00:00,2669,2669
3138,20/10/2024 , 08:00:00,2670,2670
3139,20/10/2024 , 09:00:00,2671,2671
3140,20/10/2024 , 10:00:00,2672,2672
3141,20/10/2024 , 11:00:00,2671,2671
3142,20/10/2024 , 12:00:00,2669,2669
3143,20/10/2024 , 13:00:00,2664,2664
3144,20/10/2024 , 14:00:00,2661,2661
3145,20/10/2024 , 15:00:00,2661,2661
3146,20/10/2024 , 16:00:00,2663,2663
3147,20/10/2024 , 17:00:00,2665,2665
3148,20/10/2024 , 18:00:00,2666,2666
3149,20/10/2024 , 19:00:00,2668,2668
3150,20/10/2024 , 20:00:00,2666,2666
3151,20/10/2024 , 21:00:00,2666,2666
3152,20/10/2024 , 22:00:00,2665,2665
3153,20/10/2024 , 23:00:00,2664,2664
3154,20/10/2024 , 23:59:59,2664,2664
3155,21/10/2024 , 01:00:00,2664,2664
3156,21/10/2024 , 02:00:00,2663,2663
3157,21/10/2024 , 03:00:00,2662,2662
3158,21/10/2024 , 04:00:00,2664,2664
3159,21/10/2024 , 05:00:00,2664,2664
3160,21/10/2024 , 06:00:00,2664,2664
3161,21/10/2024 , 07:00:00,2665,2665
3162,21/10/2024 , 08:00:00,2666,2666
3163,21/10/2024 , 09:00:00,2669,2669
3164,21/10/2024 , 10:00:00,2667,2667
3165,21/10/2024 , 11:00:00,2661,2661
3166,21/10/2024 , 12:00:00,2657,2657
3167,21/10/2024 , 13:00:00,2653,2653
3168,21/10/2024 , 14:00:00,2656,2656
3169,21/10/2024 , 15:00:00,2650,2650
3170,21/10/2024 , 16:00:00,2648,2648
3171,21/10/2024 , 17:00:00,2649,2649
3172,21/10/2024 , 18:00:00,2650,2650
3173,21/10/2024 , 19:00:00,2651,2651
3174,21/10/2024 , 20:00:00,2652,2652
3175,21/10/2024 , 21:00:00,2652,2652
3176,21/10/2024 , 22:00:00,2653,2653
3177,21/10/2024 , 23:00:00,2653,2653
3178,21/10/2024 , 23:59:59,2653,2653
3179,22/10/2024 , 01:00:00,2652,2652
3180,22/10/2024 , 02:00:00,2652,2652
3181,22/10/2024 , 03:00:00,2652,2652
3182,22/10/2024 , 04:00:00,2652,2652
3183,22/10/2024 , 05:00:00,2653,2653
3184,22/10/2024 , 06:00:00,2653,2653
3185,22/10/2024 , 07:00:00,2654,2654
3186,22/10/2024 , 08:00:00,2654,2654
3187,22/10/2024 , 09:00:00,2655,2655
3188,22/10/2024 , 10:00:00,2653,2653
3189,22/10/2024 , 11:00:00,2650,2650
3190,22/10/2024 , 12:00:00,2645,2645
3191,22/10/2024 , 13:00:00,2643,2643
3192,22/10/2024 , 14:00:00,2640,2640
3193,22/10/2024 , 15:00:00,2639,2639
3194,22/10/2024 , 16:00:00,2640,2640
3195,22/10/2024 , 17:00:00,2642,2642
3196,22/10/2024 , 18:00:00,2644,2644
3197,22/10/2024 , 19:00:00,2647,2647
3198,22/10/2024 , 20:00:00,2647,2647
3199,22/10/2024 , 21:00:00,2648,2648
3200,22/10/2024 , 22:00:00,2649,2649
3201,22/10/2024 , 23:00:00,2649,2649
3202,22/10/2024 , 23:59:59,2648,2648
3203,23/10/2024 , 01:00:00,2649,2649
3204,23/10/2024 , 02:00:00,2648,2648
3205,23/10/2024 , 03:00:00,2649,2649
3206,23/10/2024 , 04:00:00,2650,2650
3207,23/10/2024 , 05:00:00,2650,2650
3208,23/10/2024 , 06:00:00,2650,2650
3209,23/10/2024 , 07:00:00,2650,2650
3210,23/10/2024 , 08:00:00,2652,2652
3211,23/10/2024 , 09:00:00,2654,2654
3212,23/10/2024 , 10:00:00,2654,2654
3213,23/10/2024 , 11:00:00,2654,2654
3214,23/10/2024 , 12:00:00,2652,2652
3215,23/10/2024 , 13:00:00,2643,2643
3216,23/10/2024 , 14:00:00,2638,2638
3217,23/10/2024 , 15:00:00,2636,2636
3218,23/10/2024 , 16:00:00,2634,2634
3219,23/10/2024 , 17:00:00,2639,2639
3220,23/10/2024 , 18:00:00,2643,2643
3221,23/10/2024 , 19:00:00,2675,2675
3222,23/10/2024 , 20:00:00,2681,2681
3223,23/10/2024 , 21:00:00,2700,2700
3224,23/10/2024 , 22:00:00,2716,2716
3225,23/10/2024 , 23:00:00,2706,2706
3226,23/10/2024 , 23:59:59,2697,2697
3227,24/10/2024 , 01:00:00,2692,2692
3228,24/10/2024 , 02:00:00,2689,2689
3229,24/10/2024 , 03:00:00,2687,2687
3230,24/10/2024 , 04:00:00,2685,2685
3231,24/10/2024 , 05:00:00,2684,2684
3232,24/10/2024 , 06:00:00,2684,2684
3233,24/10/2024 , 07:00:00,2683,2683
3234,24/10/2024 , 08:00:00,2681,2681
3235,24/10/2024 , 09:00:00,2681,2681
3236,24/10/2024 , 10:00:00,2680,2680
3237,24/10/2024 , 11:00:00,2679,2679
3238,24/10/2024 , 12:00:00,2676,2676
3239,24/10/2024 , 13:00:00,2674,2674
3240,24/10/2024 , 14:00:00,2672,2672
3241,24/10/2024 , 15:00:00,2672,2672
3242,24/10/2024 , 16:00:00,2673,2673
3243,24/10/2024 , 17:00:00,2673,2673
3244,24/10/2024 , 18:00:00,2673,2673
3245,24/10/2024 , 19:00:00,2673,2673
3246,24/10/2024 , 20:00:00,2673,2673
3247,24/10/2024 , 21:00:00,2672,2672
3248,24/10/2024 , 22:00:00,2672,2672
3249,24/10/2024 , 23:00:00,2672,2672
3250,24/10/2024 , 23:59:59,2671,2671
3251,25/10/2024 , 01:00:00,2671,2671
3252,25/10/2024 , 02:00:00,2671,2671
3253,25/10/2024 , 03:00:00,2670,2670
3254,25/10/2024 , 04:00:00,2670,2670
3255,25/10/2024 , 05:00:00,2669,2669
3256,25/10/2024 , 06:00:00,2666,2666
3257,25/10/2024 , 07:00:00,2664,2664
3258,25/10/2024 , 08:00:00,2664,2664
3259,25/10/2024 , 09:00:00,2672,2672
3260,25/10/2024 , 10:00:00,2675,2675
3261,25/10/2024 , 11:00:00,2676,2676
3262,25/10/2024 , 12:00:00,2674,2674
3263,25/10/2024 , 13:00:00,2669,2669
3264,25/10/2024 , 14:00:00,2666,2666
3265,25/10/2024 , 15:00:00,2666,2666
3266,25/10/2024 , 16:00:00,2666,2666
3267,25/10/2024 , 17:00:00,2667,2667
3268,25/10/2024 , 18:00:00,2667,2667
3269,25/10/2024 , 19:00:00,2668,2668
3270,25/10/2024 , 20:00:00,2668,2668
3271,25/10/2024 , 21:00:00,2667,2667
3272,25/10/2024 , 22:00:00,2668,2668
3273,25/10/2024 , 23:00:00,2668,2668
3274,25/10/2024 , 23:59:59,2668,2668
3275,26/10/2024 , 01:00:00,2668,2668
3276,26/10/2024 , 02:00:00,2668,2668
3277,26/10/2024 , 03:00:00,2668,2668
3278,26/10/2024 , 04:00:00,2669,2669
3279,26/10/2024 , 05:00:00,2669,2669
3280,26/10/2024 , 06:00:00,2686,2686
3281,26/10/2024 , 07:00:00,2705,2705
3282,26/10/2024 , 08:00:00,2703,2703
3283,26/10/2024 , 09:00:00,2696,2696
3284,26/10/2024 , 10:00:00,2691,2691
3285,26/10/2024 , 11:00:00,2684,2684
3286,26/10/2024 , 12:00:00,2679,2679
3287,26/10/2024 , 13:00:00,2675,2675
3288,26/10/2024 , 14:00:00,2671,2671
3289,26/10/2024 , 15:00:00,2669,2669
3290,26/10/2024 , 16:00:00,2667,2667
3291,26/10/2024 , 17:00:00,2666,2666
3292,26/10/2024 , 18:00:00,2667,2667
3293,26/10/2024 , 19:00:00,2668,2668
3294,26/10/2024 , 20:00:00,2668,2668
3295,26/10/2024 , 21:00:00,2667,2667
3296,26/10/2024 , 22:00:00,2668,2668
3297,26/10/2024 , 23:00:00,2668,2668
3298,26/10/2024 , 23:59:59,2668,2668
3299,27/10/2024 , 01:00:00,2667,2667
3300,27/10/2024 , 02:00:00,2667,2667
3301,27/10/2024 , 03:00:00,2666,2666
3302,27/10/2024 , 04:00:00,2666,2666
3303,27/10/2024 , 05:00:00,2664,2664
3304,27/10/2024 , 06:00:00,2654,2654
3305,27/10/2024 , 07:00:00,2647,2647
3306,27/10/2024 , 08:00:00,2640,2640
3307,27/10/2024 , 09:00:00,2654,2654
3308,27/10/2024 , 10:00:00,2669,2669
3309,27/10/2024 , 11:00:00,2670,2670
3310,27/10/2024 , 12:00:00,2669,2669
3311,27/10/2024 , 13:00:00,2669,2669
3312,27/10/2024 , 14:00:00,2666,2666
3313,27/10/2024 , 15:00:00,2662,2662
3314,27/10/2024 , 16:00:00,2656,2656
3315,27/10/2024 , 17:00:00,2652,2652
3316,27/10/2024 , 18:00:00,2650,2650
3317,27/10/2024 , 19:00:00,2639,2639
3318,27/10/2024 , 20:00:00,2629,2629
3319,27/10/2024 , 21:00:00,2619,2619
3320,27/10/2024 , 22:00:00,2609,2609
3321,27/10/2024 , 23:00:00,2602,2602
3322,27/10/2024 , 23:59:59,2593,2593
3323,28/10/2024 , 01:00:00,2584,2584
3324,28/10/2024 , 02:00:00,2576,2576
3325,28/10/2024 , 03:00:00,2564,2564
3326,28/10/2024 , 04:00:00,2554,2554
3327,28/10/2024 , 05:00:00,2547,2547
3328,28/10/2024 , 06:00:00,2535,2535
3329,28/10/2024 , 07:00:00,2526,2526
3330,28/10/2024 , 08:00:00,2518,2518
3331,28/10/2024 , 09:00:00,2519,2519
3332,28/10/2024 , 10:00:00,2537,2537
3333,28/10/2024 , 11:00:00,2593,2593
3334,28/10/2024 , 12:00:00,2638,2638
3335,28/10/2024 , 13:00:00,2664,2664
3336,28/10/2024 , 14:00:00,2669,2669
3337,28/10/2024 , 15:00:00,2667,2667
3338,28/10/2024 , 16:00:00,2666,2666
3339,28/10/2024 , 17:00:00,2661,2661
3340,28/10/2024 , 18:00:00,2651,2651
3341,28/10/2024 , 19:00:00,2643,2643
3342,28/10/2024 , 20:00:00,2632,2632
3343,28/10/2024 , 21:00:00,2620,2620
3344,28/10/2024 , 22:00:00,2609,2609
3345,28/10/2024 , 23:00:00,2598,2598
3346,28/10/2024 , 23:59:59,2586,2586
3347,29/10/2024 , 01:00:00,2575,2575
3348,29/10/2024 , 02:00:00,2567,2567
3349,29/10/2024 , 03:00:00,2558,2558
3350,29/10/2024 , 04:00:00,2550,2550
3351,29/10/2024 , 05:00:00,2552,2552
3352,29/10/2024 , 06:00:00,2549,2549
3353,29/10/2024 , 07:00:00,2537,2537
3354,29/10/2024 , 08:00:00,2533,2533
3355,29/10/2024 , 09:00:00,2539,2539
3356,29/10/2024 , 10:00:00,2553,2553
3357,29/10/2024 , 11:00:00,2592,2592
3358,29/10/2024 , 12:00:00,2633,2633
3359,29/10/2024 , 13:00:00,2651,2651
3360,29/10/2024 , 14:00:00,2664,2664
3361,29/10/2024 , 15:00:00,2671,2671
3362,29/10/2024 , 16:00:00,2673,2673
3363,29/10/2024 , 17:00:00,2673,2673
3364,29/10/2024 , 18:00:00,2671,2671
3365,29/10/2024 , 19:00:00,2667,2667
3366,29/10/2024 , 20:00:00,2667,2667
3367,29/10/2024 , 21:00:00,2668,2668
3368,29/10/2024 , 22:00:00,2669,2669
3369,29/10/2024 , 23:00:00,2669,2669
3370,29/10/2024 , 23:59:59,2669,2669
3371,30/10/2024 , 01:00:00,2669,2669
3372,30/10/2024 , 02:00:00,2674,2674
3373,30/10/2024 , 03:00:00,2674,2674
3374,30/10/2024 , 04:00:00,2680,2680
3375,30/10/2024 , 05:00:00,2681,2681
3376,30/10/2024 , 06:00:00,2686,2686
3377,30/10/2024 , 07:00:00,2687,2687
3378,30/10/2024 , 08:00:00,2694,2694
3379,30/10/2024 , 09:00:00,2694,2694
3380,30/10/2024 , 10:00:00,2693,2693
3381,30/10/2024 , 11:00:00,2692,2692
3382,30/10/2024 , 12:00:00,2692,2692
3383,30/10/2024 , 13:00:00,2689,2689
3384,30/10/2024 , 14:00:00,2687,2687
3385,30/10/2024 , 15:00:00,2685,2685
3386,30/10/2024 , 16:00:00,2683,2683
3387,30/10/2024 , 17:00:00,2681,2681
3388,30/10/2024 , 18:00:00,2680,2680
3389,30/10/2024 , 19:00:00,2679,2679
3390,30/10/2024 , 20:00:00,2679,2679
3391,30/10/2024 , 21:00:00,2679,2679
3392,30/10/2024 , 22:00:00,2679,2679
3393,30/10/2024 , 23:00:00,2678,2678
3394,30/10/2024 , 23:59:59,2678,2678
3395,31/10/2024 , 01:00:00,2679,2679
3396,31/10/2024 , 02:00:00,2679,2679
3397,31/10/2024 , 03:00:00,2680,2680
3398,31/10/2024 , 04:00:00,2681,2681
3399,31/10/2024 , 05:00:00,2680,2680
3400,31/10/2024 , 06:00:00,2681,2681
3401,31/10/2024 , 07:00:00,2682,2682
3402,31/10/2024 , 08:00:00,2680,2680
3403,31/10/2024 , 09:00:00,2679,2679
3404,31/10/2024 , 10:00:00,2677,2677
3405,31/10/2024 , 11:00:00,2675,2675
3406,31/10/2024 , 12:00:00,2671,2671
3407,31/10/2024 , 13:00:00,2668,2668
3408,31/10/2024 , 14:00:00,2666,2666
3409,31/10/2024 , 15:00:00,2664,2664
3410,31/10/2024 , 16:00:00,2665,2665
3411,31/10/2024 , 17:00:00,2665,2665
3412,31/10/2024 , 18:00:00,2663,2663
3413,31/10/2024 , 19:00:00,2664,2664
3414,31/10/2024 , 20:00:00,2668,2668
3415,31/10/2024 , 21:00:00,2716,2716
3416,31/10/2024 , 22:00:00,2719,2719
3417,31/10/2024 , 23:00:00,2729,2729
3418,31/10/2024 , 23:59:59,2730,2730
3419,01/11/2024 , 01:00:00,2729,2729
3420,01/11/2024 , 02:00:00,2731,2731
3421,01/11/2024 , 03:00:00,2731,2731
3422,01/11/2024 , 04:00:00,2729,2729
3423,01/11/2024 , 05:00:00,2730,2730
3424,01/11/2024 , 06:00:00,2728,2728
3425,01/11/2024 , 07:00:00,2722,2722
3426,01/11/2024 , 08:00:00,2728,2728
3427,01/11/2024 , 09:00:00,2720,2720
3428,01/11/2024 , 10:00:00,2713,2713
3429,01/11/2024 , 11:00:00,2736,2736
3430,01/11/2024 , 12:00:00,2736,2736
3431,01/11/2024 , 13:00:00,2735,2735
3432,01/11/2024 , 14:00:00,2731,2731
3433,01/11/2024 , 15:00:00,2733,2733
3434,01/11/2024 , 16:00:00,2728,2728
3435,01/11/2024 , 17:00:00,2725,2725
3436,01/11/2024 , 18:00:00,2722,2722
3437,01/11/2024 , 19:00:00,2720,2720
3438,01/11/2024 , 20:00:00,2719,2719
3439,01/11/2024 , 21:00:00,2717,2717
3440,01/11/2024 , 22:00:00,2714,2714
3441,01/11/2024 , 23:00:00,2719,2719
3442,01/11/2024 , 23:59:59,2719,2719
3443,02/11/2024 , 01:00:00,2716,2716
3444,02/11/2024 , 02:00:00,2713,2713
3445,02/11/2024 , 03:00:00,2711,2711
3446,02/11/2024 , 04:00:00,2709,2709
3447,02/11/2024 , 05:00:00,2708,2708
3448,02/11/2024 , 06:00:00,2707,2707
3449,02/11/2024 , 07:00:00,2705,2705
3450,02/11/2024 , 08:00:00,2705,2705
3451,02/11/2024 , 09:00:00,2704,2704
3452,02/11/2024 , 10:00:00,2702,2702
3453,02/11/2024 , 11:00:00,2702,2702
3454,02/11/2024 , 12:00:00,2700,2700
3455,02/11/2024 , 13:00:00,2699,2699
3456,02/11/2024 , 14:00:00,2697,2697
3457,02/11/2024 , 15:00:00,2696,2696
3458,02/11/2024 , 16:00:00,2695,2695
3459,02/11/2024 , 17:00:00,2695,2695
3460,02/11/2024 , 18:00:00,2695,2695
3461,02/11/2024 , 19:00:00,2695,2695
3462,02/11/2024 , 20:00:00,2694,2694
3463,02/11/2024 , 21:00:00,2693,2693
3464,02/11/2024 , 22:00:00,2694,2694
3465,02/11/2024 , 23:00:00,2693,2693
3466,02/11/2024 , 23:59:59,2693,2693
3467,03/11/2024 , 01:00:00,2692,2692
3468,03/11/2024 , 02:00:00,2687,2687
3469,03/11/2024 , 03:00:00,2684,2684
3470,03/11/2024 , 04:00:00,2681,2681
3471,03/11/2024 , 05:00:00,2678,2678
3472,03/11/2024 , 06:00:00,2675,2675
3473,03/11/2024 , 07:00:00,2672,2672
3474,03/11/2024 , 08:00:00,2668,2668
3475,03/11/2024 , 09:00:00,2672,2672
3476,03/11/2024 , 10:00:00,2682,2682
3477,03/11/2024 , 11:00:00,2697,2697
3478,03/11/2024 , 12:00:00,2699,2699
3479,03/11/2024 , 13:00:00,2699,2699
3480,03/11/2024 , 14:00:00,2695,2695
3481,03/11/2024 , 15:00:00,2692,2692
3482,03/11/2024 , 16:00:00,2689,2689
3483,03/11/2024 , 17:00:00,2687,2687
3484,03/11/2024 , 18:00:00,2684,2684
3485,03/11/2024 , 19:00:00,2681,2681
3486,03/11/2024 , 20:00:00,2678,2678
3487,03/11/2024 , 21:00:00,2675,2675
3488,03/11/2024 , 22:00:00,2671,2671
3489,03/11/2024 , 23:00:00,2669,2669
3490,03/11/2024 , 23:59:59,2666,2666
3491,04/11/2024 , 01:00:00,2663,2663
3492,04/11/2024 , 02:00:00,2659,2659
3493,04/11/2024 , 03:00:00,2655,2655
3494,04/11/2024 , 04:00:00,2652,2652
3495,04/11/2024 , 05:00:00,2650,2650
3496,04/11/2024 , 06:00:00,2650,2650
3497,04/11/2024 , 07:00:00,2651,2651
3498,04/11/2024 , 08:00:00,2652,2652
3499,04/11/2024 , 09:00:00,2660,2660
3500,04/11/2024 , 10:00:00,2668,2668
3501,04/11/2024 , 11:00:00,2682,2682
3502,04/11/2024 , 12:00:00,2692,2692
3503,04/11/2024 , 13:00:00,2700,2700
3504,04/11/2024 , 14:00:00,2705,2705
3505,04/11/2024 , 15:00:00,2704,2704
3506,04/11/2024 , 16:00:00,2702,2702
3507,04/11/2024 , 17:00:00,2697,2697
3508,04/11/2024 , 18:00:00,2694,2694
3509,04/11/2024 , 19:00:00,2703,2703
3510,04/11/2024 , 20:00:00,2709,2709
3511,04/11/2024 , 21:00:00,2717,2717
3512,04/11/2024 , 22:00:00,2717,2717
3513,04/11/2024 , 23:00:00,2717,2717
3514,04/11/2024 , 23:59:59,2719,2719
3515,05/11/2024 , 01:00:00,2718,2718
3516,05/11/2024 , 02:00:00,2719,2719
3517,05/11/2024 , 03:00:00,2719,2719
3518,05/11/2024 , 04:00:00,2718,2718
3519,05/11/2024 , 05:00:00,2719,2719
3520,05/11/2024 , 06:00:00,2717,2717
3521,05/11/2024 , 07:00:00,2714,2714
3522,05/11/2024 , 08:00:00,2712,2712
3523,05/11/2024 , 09:00:00,2708,2708
3524,05/11/2024 , 10:00:00,2705,2705
3525,05/11/2024 , 11:00:00,2702,2702
3526,05/11/2024 , 12:00:00,2701,2701
3527,05/11/2024 , 13:00:00,2702,2702
3528,05/11/2024 , 14:00:00,2708,2708
3529,05/11/2024 , 15:00:00,2722,2722
3530,05/11/2024 , 16:00:00,2725,2725
3531,05/11/2024 , 17:00:00,2728,2728
3532,05/11/2024 , 18:00:00,2731,2731
3533,05/11/2024 , 19:00:00,2731,2731
3534,05/11/2024 , 20:00:00,2731,2731
3535,05/11/2024 , 21:00:00,2729,2729
3536,05/11/2024 , 22:00:00,2728,2728
3537,05/11/2024 , 23:00:00,2722,2722
3538,05/11/2024 , 23:59:59,2723,2723
3539,06/11/2024 , 01:00:00,2725,2725
3540,06/11/2024 , 02:00:00,2720,2720
3541,06/11/2024 , 03:00:00,2718,2718
3542,06/11/2024 , 04:00:00,2716,2716
3543,06/11/2024 , 05:00:00,2714,2714
3544,06/11/2024 , 06:00:00,2712,2712
3545,06/11/2024 , 07:00:00,2714,2714
3546,06/11/2024 , 08:00:00,2713,2713
3547,06/11/2024 , 09:00:00,2711,2711
3548,06/11/2024 , 10:00:00,2708,2708
3549,06/11/2024 , 11:00:00,2707,2707
3550,06/11/2024 , 12:00:00,2705,2705
3551,06/11/2024 , 13:00:00,2702,2702
3552,06/11/2024 , 14:00:00,2700,2700
3553,06/11/2024 , 15:00:00,2697,2697
3554,06/11/2024 , 16:00:00,2696,2696
3555,06/11/2024 , 17:00:00,2697,2697
3556,06/11/2024 , 18:00:00,2695,2695
3557,06/11/2024 , 19:00:00,2695,2695
3558,06/11/2024 , 20:00:00,2695,2695
3559,06/11/2024 , 21:00:00,2695,2695
3560,06/11/2024 , 22:00:00,2696,2696
3561,06/11/2024 , 23:00:00,2697,2697
3562,06/11/2024 , 23:59:59,2697,2697
3563,07/11/2024 , 01:00:00,2697,2697
3564,07/11/2024 , 02:00:00,2697,2697
3565,07/11/2024 , 03:00:00,2697,2697
3566,07/11/2024 , 04:00:00,2697,2697
3567,07/11/2024 , 05:00:00,2697,2697
3568,07/11/2024 , 06:00:00,2696,2696
3569,07/11/2024 , 07:00:00,2695,2695
3570,07/11/2024 , 08:00:00,2694,2694
3571,07/11/2024 , 09:00:00,2697,2697
3572,07/11/2024 , 10:00:00,2698,2698
3573,07/11/2024 , 11:00:00,2697,2697
3574,07/11/2024 , 12:00:00,2696,2696
3575,07/11/2024 , 13:00:00,2694,2694
3576,07/11/2024 , 14:00:00,2694,2694
3577,07/11/2024 , 15:00:00,2693,2693
3578,07/11/2024 , 16:00:00,2692,2692
3579,07/11/2024 , 17:00:00,2692,2692
3580,07/11/2024 , 18:00:00,2692,2692
3581,07/11/2024 , 19:00:00,2692,2692
3582,07/11/2024 , 20:00:00,2692,2692
3583,07/11/2024 , 21:00:00,2692,2692
3584,07/11/2024 , 22:00:00,2692,2692
3585,07/11/2024 , 23:00:00,2693,2693
3586,07/11/2024 , 23:59:59,2693,2693
3587,08/11/2024 , 01:00:00,2693,2693
3588,08/11/2024 , 02:00:00,2694,2694
3589,08/11/2024 , 03:00:00,2694,2694
3590,08/11/2024 , 04:00:00,2694,2694
3591,08/11/2024 , 05:00:00,2694,2694
3592,08/11/2024 , 06:00:00,2694,2694
3593,08/11/2024 , 07:00:00,2694,2694
3594,08/11/2024 , 08:00:00,2694,2694
3595,08/11/2024 , 09:00:00,2696,2696
3596,08/11/2024 , 10:00:00,2699,2699
3597,08/11/2024 , 11:00:00,2696,2696
3598,08/11/2024 , 12:00:00,2693,2693
3599,08/11/2024 , 13:00:00,2693,2693
3600,08/11/2024 , 14:00:00,2708,2708
3601,08/11/2024 , 15:00:00,2705,2705
3602,08/11/2024 , 16:00:00,2700,2700
3603,08/11/2024 , 17:00:00,2694,2694
3604,08/11/2024 , 18:00:00,2692,2692
3605,08/11/2024 , 19:00:00,2692,2692
3606,08/11/2024 , 20:00:00,2692,2692
3607,08/11/2024 , 21:00:00,2692,2692
3608,08/11/2024 , 22:00:00,2691,2691
3609,08/11/2024 , 23:00:00,2689,2689
3610,08/11/2024 , 23:59:59,2687,2687
3611,09/11/2024 , 01:00:00,2687,2687
3612,09/11/2024 , 02:00:00,2687,2687
3613,09/11/2024 , 03:00:00,2686,2686
3614,09/11/2024 , 04:00:00,2684,2684
3615,09/11/2024 , 05:00:00,2683,2683
3616,09/11/2024 , 06:00:00,2683,2683
3617,09/11/2024 , 07:00:00,2684,2684
3618,09/11/2024 , 08:00:00,2684,2684
3619,09/11/2024 , 09:00:00,2684,2684
3620,09/11/2024 , 10:00:00,2684,2684
3621,09/11/2024 , 11:00:00,2684,2684
3622,09/11/2024 , 12:00:00,2684,2684
3623,09/11/2024 , 13:00:00,2681,2681
3624,09/11/2024 , 14:00:00,2679,2679
3625,09/11/2024 , 15:00:00,2678,2678
3626,09/11/2024 , 16:00:00,2677,2677
3627,09/11/2024 , 17:00:00,2677,2677
3628,09/11/2024 , 18:00:00,2675,2675
3629,09/11/2024 , 19:00:00,2671,2671
3630,09/11/2024 , 20:00:00,2669,2669
3631,09/11/2024 , 21:00:00,2665,2665
3632,09/11/2024 , 22:00:00,2661,2661
3633,09/11/2024 , 23:00:00,2657,2657
3634,09/11/2024 , 23:59:59,2651,2651
3635,10/11/2024 , 01:00:00,2648,2648
3636,10/11/2024 , 02:00:00,2644,2644
3637,10/11/2024 , 03:00:00,2640,2640
3638,10/11/2024 , 04:00:00,2636,2636
3639,10/11/2024 , 05:00:00,2631,2631
3640,10/11/2024 , 06:00:00,2626,2626
3641,10/11/2024 , 07:00:00,2624,2624
3642,10/11/2024 , 08:00:00,2623,2623
3643,10/11/2024 , 09:00:00,2624,2624
3644,10/11/2024 , 10:00:00,2638,2638
3645,10/11/2024 , 11:00:00,2666,2666
3646,10/11/2024 , 12:00:00,2687,2687
3647,10/11/2024 , 13:00:00,2691,2691
3648,10/11/2024 , 14:00:00,2696,2696
3649,10/11/2024 , 15:00:00,2696,2696
3650,10/11/2024 , 16:00:00,2697,2697
3651,10/11/2024 , 17:00:00,2695,2695
3652,10/11/2024 , 18:00:00,2694,2694
3653,10/11/2024 , 19:00:00,2694,2694
3654,10/11/2024 , 20:00:00,2693,2693
3655,10/11/2024 , 21:00:00,2694,2694
3656,10/11/2024 , 22:00:00,2694,2694
3657,10/11/2024 , 23:00:00,2694,2694
3658,10/11/2024 , 23:59:59,2694,2694
3659,11/11/2024 , 01:00:00,2697,2697
3660,11/11/2024 , 02:00:00,2697,2697
3661,11/11/2024 , 03:00:00,2697,2697
3662,11/11/2024 , 04:00:00,2697,2697
3663,11/11/2024 , 05:00:00,2696,2696
3664,11/11/2024 , 06:00:00,2694,2694
3665,11/11/2024 , 07:00:00,2728,2728
3666,11/11/2024 , 08:00:00,2727,2727
3667,11/11/2024 , 09:00:00,2727,2727
3668,11/11/2024 , 10:00:00,2726,2726
3669,11/11/2024 , 11:00:00,2727,2727
3670,11/11/2024 , 12:00:00,2726,2726
3671,11/11/2024 , 13:00:00,2728,2728
3672,11/11/2024 , 14:00:00,2728,2728
3673,11/11/2024 , 15:00:00,2728,2728
3674,11/11/2024 , 16:00:00,2724,2724
3675,11/11/2024 , 17:00:00,2717,2717
3676,11/11/2024 , 18:00:00,2713,2713
3677,11/11/2024 , 19:00:00,2709,2709
3678,11/11/2024 , 20:00:00,2708,2708
3679,11/11/2024 , 21:00:00,2708,2708
3680,11/11/2024 , 22:00:00,2705,2705
3681,11/11/2024 , 23:00:00,2705,2705
3682,11/11/2024 , 23:59:59,2704,2704
3683,12/11/2024 , 01:00:00,2708,2708
3684,12/11/2024 , 02:00:00,2722,2722
3685,12/11/2024 , 03:00:00,2726,2726
3686,12/11/2024 , 04:00:00,2726,2726
3687,12/11/2024 , 05:00:00,2720,2720
3688,12/11/2024 , 06:00:00,2714,2714
3689,12/11/2024 , 07:00:00,2709,2709
3690,12/11/2024 , 08:00:00,2716,2716
3691,12/11/2024 , 09:00:00,2709,2709
3692,12/11/2024 , 10:00:00,2705,2705
3693,12/11/2024 , 11:00:00,2701,2701
3694,12/11/2024 , 12:00:00,2697,2697
3695,12/11/2024 , 13:00:00,2693,2693
3696,12/11/2024 , 14:00:00,2692,2692
3697,12/11/2024 , 15:00:00,2691,2691
3698,12/11/2024 , 16:00:00,2689,2689
3699,12/11/2024 , 17:00:00,2689,2689
3700,12/11/2024 , 18:00:00,2687,2687
3701,12/11/2024 , 19:00:00,2681,2681
3702,12/11/2024 , 20:00:00,2681,2681
3703,12/11/2024 , 21:00:00,2683,2683
3704,12/11/2024 , 22:00:00,2682,2682
3705,12/11/2024 , 23:00:00,2677,2677
3706,12/11/2024 , 23:59:59,2674,2674
3707,13/11/2024 , 01:00:00,2669,2669
3708,13/11/2024 , 02:00:00,2663,2663
3709,13/11/2024 , 03:00:00,2657,2657
3710,13/11/2024 , 04:00:00,2650,2650
3711,13/11/2024 , 05:00:00,2646,2646
3712,13/11/2024 , 06:00:00,2638,2638
3713,13/11/2024 , 07:00:00,2632,2632
3714,13/11/2024 , 08:00:00,2624,2624
3715,13/11/2024 , 09:00:00,2622,2622
3716,13/11/2024 , 10:00:00,2629,2629
3717,13/11/2024 , 11:00:00,2650,2650
3718,13/11/2024 , 12:00:00,2669,2669
3719,13/11/2024 , 13:00:00,2669,2669
3720,13/11/2024 , 14:00:00,2673,2673
3721,13/11/2024 , 15:00:00,2672,2672
3722,13/11/2024 , 16:00:00,2671,2671
3723,13/11/2024 , 17:00:00,2670,2670
3724,13/11/2024 , 18:00:00,2664,2664
3725,13/11/2024 , 19:00:00,2654,2654
3726,13/11/2024 , 20:00:00,2647,2647
3727,13/11/2024 , 21:00:00,2638,2638
3728,13/11/2024 , 22:00:00,2632,2632
3729,13/11/2024 , 23:00:00,2624,2624
3730,13/11/2024 , 23:59:59,2617,2617
3731,14/11/2024 , 01:00:00,2611,2611
3732,14/11/2024 , 02:00:00,2605,2605
3733,14/11/2024 , 03:00:00,2595,2595
3734,14/11/2024 , 04:00:00,2586,2586
3735,14/11/2024 , 05:00:00,2580,2580
3736,14/11/2024 , 06:00:00,2570,2570
3737,14/11/2024 , 07:00:00,2560,2560
3738,14/11/2024 , 08:00:00,2552,2552
3739,14/11/2024 , 09:00:00,2548,2548
3740,14/11/2024 , 10:00:00,2552,2552
3741,14/11/2024 , 11:00:00,2559,2559
3742,14/11/2024 , 12:00:00,2586,2586
3743,14/11/2024 , 13:00:00,2601,2601
3744,14/11/2024 , 14:00:00,1118,1118
3745,14/11/2024 , 15:00:00,1129,1129
3746,14/11/2024 , 16:00:00,1102,1102
3747,14/11/2024 , 17:00:00,1098,1098
3748,14/11/2024 , 18:00:00,1097,1097
3749,14/11/2024 , 19:00:00,1095,1095
3750,14/11/2024 , 20:00:00,1095,1095
3751,14/11/2024 , 21:00:00,1095,1095
3752,14/11/2024 , 22:00:00,1094,1094
3753,14/11/2024 , 23:00:00,1094,1094
3754,14/11/2024 , 23:59:59,1094,1094
3755,15/11/2024 , 01:00:00,1094,1094
3756,15/11/2024 , 02:00:00,1094,1094
3757,15/11/2024 , 03:00:00,1094,1094
3758,15/11/2024 , 04:00:00,1094,1094
3759,15/11/2024 , 05:00:00,1093,1093
3760,15/11/2024 , 06:00:00,1093,1093
3761,15/11/2024 , 07:00:00,1092,1092
3762,15/11/2024 , 08:00:00,1092,1092
3763,15/11/2024 , 09:00:00,1092,1092
3764,15/11/2024 , 10:00:00,1092,1092
3765,15/11/2024 , 11:00:00,1092,1092
3766,15/11/2024 , 12:00:00,1092,1092
3767,15/11/2024 , 13:00:00,1092,1092
3768,15/11/2024 , 14:00:00,1092,1092
3769,15/11/2024 , 15:00:00,1092,1092
3770,15/11/2024 , 16:00:00,1091,1091
3771,15/11/2024 , 17:00:00,1091,1091
3772,15/11/2024 , 18:00:00,1091,1091
3773,15/11/2024 , 19:00:00,1091,1091
3774,15/11/2024 , 20:00:00,1091,1091
3775,15/11/2024 , 21:00:00,1091,1091
3776,15/11/2024 , 22:00:00,1091,1091
3777,15/11/2024 , 23:00:00,1091,1091
3778,15/11/2024 , 23:59:59,1091,1091
3779,16/11/2024 , 01:00:00,1091,1091
3780,16/11/2024 , 02:00:00,1091,1091
3781,16/11/2024 , 03:00:00,1091,1091
3782,16/11/2024 , 04:00:00,1091,1091
3783,16/11/2024 , 05:00:00,1091,1091
3784,16/11/2024 , 06:00:00,1091,1091
3785,16/11/2024 , 07:00:00,1091,1091
3786,16/11/2024 , 08:00:00,1091,1091
3787,16/11/2024 , 09:00:00,1091,1091
3788,16/11/2024 , 10:00:00,1091,1091
3789,16/11/2024 , 11:00:00,1091,1091
3790,16/11/2024 , 12:00:00,1091,1091
3791,16/11/2024 , 13:00:00,1091,1091
3792,16/11/2024 , 14:00:00,1091,1091
3793,16/11/2024 , 15:00:00,1091,1091
3794,16/11/2024 , 16:00:00,1091,1091
3795,16/11/2024 , 17:00:00,1091,1091
3796,16/11/2024 , 18:00:00,1091,1091
3797,16/11/2024 , 19:00:00,1091,1091
3798,16/11/2024 , 20:00:00,1091,1091
3799,16/11/2024 , 21:00:00,1091,1091
3800,16/11/2024 , 22:00:00,1091,1091
3801,16/11/2024 , 23:00:00,1091,1091
3802,16/11/2024 , 23:59:59,1091,1091
3803,17/11/2024 , 01:00:00,1091,1091
3804,17/11/2024 , 02:00:00,1091,1091
3805,17/11/2024 , 03:00:00,1091,1091
3806,17/11/2024 , 04:00:00,1091,1091
3807,17/11/2024 , 05:00:00,1091,1091
3808,17/11/2024 , 06:00:00,1091,1091
3809,17/11/2024 , 07:00:00,1091,1091
3810,17/11/2024 , 08:00:00,1091,1091
3811,17/11/2024 , 09:00:00,1091,1091
3812,17/11/2024 , 10:00:00,1091,1091
3813,17/11/2024 , 11:00:00,1091,1091
3814,17/11/2024 , 12:00:00,1090,1090
3815,17/11/2024 , 13:00:00,1090,1090
3816,17/11/2024 , 14:00:00,1090,1090
3817,17/11/2024 , 15:00:00,1091,1091
3818,17/11/2024 , 16:00:00,1091,1091
3819,17/11/2024 , 17:00:00,1091,1091
3820,17/11/2024 , 18:00:00,1091,1091
3821,17/11/2024 , 19:00:00,1091,1091
3822,17/11/2024 , 20:00:00,1091,1091
3823,17/11/2024 , 21:00:00,1090,1090
3824,17/11/2024 , 22:00:00,1090,1090
3825,17/11/2024 , 23:00:00,1090,1090
3826,17/11/2024 , 23:59:59,1090,1090
3827,18/11/2024 , 01:00:00,1090,1090
3828,18/11/2024 , 02:00:00,1090,1090
3829,18/11/2024 , 03:00:00,1090,1090
3830,18/11/2024 , 04:00:00,1090,1090
3831,18/11/2024 , 05:00:00,1090,1090
3832,18/11/2024 , 06:00:00,1090,1090
3833,18/11/2024 , 07:00:00,1090,1090
3834,18/11/2024 , 08:00:00,1090,1090
3835,18/11/2024 , 09:00:00,1090,1090
3836,18/11/2024 , 10:00:00,1090,1090
3837,18/11/2024 , 11:00:00,1090,1090
3838,18/11/2024 , 12:00:00,1090,1090
3839,18/11/2024 , 13:00:00,1090,1090
3840,18/11/2024 , 14:00:00,1090,1090
3841,18/11/2024 , 15:00:00,1090,1090
3842,18/11/2024 , 16:00:00,1090,1090
3843,18/11/2024 , 17:00:00,1090,1090
3844,18/11/2024 , 18:00:00,1090,1090
3845,18/11/2024 , 19:00:00,1090,1090
3846,18/11/2024 , 20:00:00,1090,1090
3847,18/11/2024 , 21:00:00,1090,1090
3848,18/11/2024 , 22:00:00,1090,1090
3849,18/11/2024 , 23:00:00,1090,1090
3850,18/11/2024 , 23:59:59,1090,1090
3851,19/11/2024 , 01:00:00,1090,1090
3852,19/11/2024 , 02:00:00,1090,1090
3853,19/11/2024 , 03:00:00,1090,1090
3854,19/11/2024 , 04:00:00,1090,1090
3855,19/11/2024 , 05:00:00,1090,1090
3856,19/11/2024 , 06:00:00,1090,1090
3857,19/11/2024 , 07:00:00,1090,1090
3858,19/11/2024 , 08:00:00,1090,1090
3859,19/11/2024 , 09:00:00,1090,1090
3860,19/11/2024 , 10:00:00,1090,1090
3861,19/11/2024 , 11:00:00,1090,1090
3862,19/11/2024 , 12:00:00,1090,1090
3863,19/11/2024 , 13:00:00,1090,1090
3864,19/11/2024 , 14:00:00,1090,1090
3865,19/11/2024 , 15:00:00,1090,1090
3866,19/11/2024 , 16:00:00,1090,1090
3867,19/11/2024 , 17:00:00,1090,1090
3868,19/11/2024 , 18:00:00,1090,1090
3869,19/11/2024 , 19:00:00,1090,1090
3870,19/11/2024 , 20:00:00,1090,1090
3871,19/11/2024 , 21:00:00,1090,1090
3872,19/11/2024 , 22:00:00,1090,1090
3873,19/11/2024 , 23:00:00,1090,1090
3874,19/11/2024 , 23:59:59,1090,1090
3875,20/11/2024 , 01:00:00,1090,1090
3876,20/11/2024 , 02:00:00,1090,1090
3877,20/11/2024 , 03:00:00,1090,1090
3878,20/11/2024 , 04:00:00,1090,1090
3879,20/11/2024 , 05:00:00,1090,1090
3880,20/11/2024 , 06:00:00,1090,1090
3881,20/11/2024 , 07:00:00,1090,1090
3882,20/11/2024 , 08:00:00,1090,1090
3883,20/11/2024 , 09:00:00,1090,1090
3884,20/11/2024 , 10:00:00,1090,1090
3885,20/11/2024 , 11:00:00,1090,1090
3886,20/11/2024 , 12:00:00,1090,1090
3887,20/11/2024 , 13:00:00,1090,1090
3888,20/11/2024 , 14:00:00,1090,1090
3889,20/11/2024 , 15:00:00,1090,1090
3890,20/11/2024 , 16:00:00,1090,1090
3891,20/11/2024 , 17:00:00,1090,1090
3892,20/11/2024 , 18:00:00,1090,1090
3893,20/11/2024 , 19:00:00,1090,1090
3894,20/11/2024 , 20:00:00,1090,1090
3895,20/11/2024 , 21:00:00,1090,1090
3896,20/11/2024 , 22:00:00,1090,1090
3897,20/11/2024 , 23:00:00,1090,1090
3898,20/11/2024 , 23:59:59,1090,1090
3899,21/11/2024 , 01:00:00,1090,1090
3900,21/11/2024 , 02:00:00,1090,1090
3901,21/11/2024 , 03:00:00,1090,1090
3902,21/11/2024 , 04:00:00,1090,1090
3903,21/11/2024 , 05:00:00,1090,1090
3904,21/11/2024 , 06:00:00,1090,1090
3905,21/11/2024 , 07:00:00,1090,1090
3906,21/11/2024 , 08:00:00,1090,1090
3907,21/11/2024 , 09:00:00,1090,1090
3908,21/11/2024 , 10:00:00,1090,1090
3909,21/11/2024 , 11:00:00,1090,1090
3910,21/11/2024 , 12:00:00,1090,1090
3911,21/11/2024 , 13:00:00,1090,1090
3912,21/11/2024 , 14:00:00,1090,1090
3913,21/11/2024 , 15:00:00,1090,1090
3914,21/11/2024 , 16:00:00,1090,1090
3915,21/11/2024 , 17:00:00,1090,1090
3916,21/11/2024 , 18:00:00,1090,1090
3917,21/11/2024 , 19:00:00,1090,1090
3918,21/11/2024 , 20:00:00,1090,1090
3919,21/11/2024 , 21:00:00,1090,1090
3920,21/11/2024 , 22:00:00,1090,1090
3921,21/11/2024 , 23:00:00,1090,1090
3922,21/11/2024 , 23:59:59,1090,1090
3923,22/11/2024 , 01:00:00,1090,1090
3924,22/11/2024 , 02:00:00,1090,1090
3925,22/11/2024 , 03:00:00,1090,1090
3926,22/11/2024 , 04:00:00,1090,1090
3927,22/11/2024 , 05:00:00,1090,1090
3928,22/11/2024 , 06:00:00,1090,1090
3929,22/11/2024 , 07:00:00,1090,1090
3930,22/11/2024 , 08:00:00,1090,1090
3931,22/11/2024 , 09:00:00,1090,1090
3932,22/11/2024 , 10:00:00,1090,1090
3933,22/11/2024 , 11:00:00,1090,1090
3934,22/11/2024 , 12:00:00,1090,1090
3935,22/11/2024 , 13:00:00,1090,1090
3936,22/11/2024 , 14:00:00,1090,1090
3937,22/11/2024 , 15:00:00,1090,1090
3938,22/11/2024 , 16:00:00,1090,1090
3939,22/11/2024 , 17:00:00,1090,1090
3940,22/11/2024 , 18:00:00,1090,1090
3941,22/11/2024 , 19:00:00,1090,1090
3942,22/11/2024 , 20:00:00,1090,1090
3943,22/11/2024 , 21:00:00,1090,1090
3944,22/11/2024 , 22:00:00,1090,1090
3945,22/11/2024 , 23:00:00,1090,1090
3946,22/11/2024 , 23:59:59,1090,1090
3947,23/11/2024 , 01:00:00,1090,1090
3948,23/11/2024 , 02:00:00,1090,1090
3949,23/11/2024 , 03:00:00,1090,1090
3950,23/11/2024 , 04:00:00,1090,1090
3951,23/11/2024 , 05:00:00,1090,1090
3952,23/11/2024 , 06:00:00,1090,1090
3953,23/11/2024 , 07:00:00,1090,1090
3954,23/11/2024 , 08:00:00,1090,1090
3955,23/11/2024 , 09:00:00,1090,1090
3956,23/11/2024 , 10:00:00,1090,1090
3957,23/11/2024 , 11:00:00,1090,1090
3958,23/11/2024 , 12:00:00,1090,1090
3959,23/11/2024 , 13:00:00,1090,1090
3960,23/11/2024 , 14:00:00,1090,1090
3961,23/11/2024 , 15:00:00,1090,1090
3962,23/11/2024 , 16:00:00,1090,1090
3963,23/11/2024 , 17:00:00,1090,1090
3964,23/11/2024 , 18:00:00,1090,1090
3965,23/11/2024 , 19:00:00,1090,1090
3966,23/11/2024 , 20:00:00,1090,1090
3967,23/11/2024 , 21:00:00,1090,1090
3968,23/11/2024 , 22:00:00,1090,1090
3969,23/11/2024 , 23:00:00,1090,1090
3970,23/11/2024 , 23:59:59,1090,1090
3971,24/11/2024 , 01:00:00,1090,1090
3972,24/11/2024 , 02:00:00,1090,1090
3973,24/11/2024 , 03:00:00,1090,1090
3974,24/11/2024 , 04:00:00,1090,1090
3975,24/11/2024 , 05:00:00,1090,1090
3976,24/11/2024 , 06:00:00,1090,1090
3977,24/11/2024 , 07:00:00,1090,1090
3978,24/11/2024 , 08:00:00,1090,1090
3979,24/11/2024 , 09:00:00,1090,1090
3980,24/11/2024 , 10:00:00,1090,1090
3981,24/11/2024 , 11:00:00,1090,1090
3982,24/11/2024 , 12:00:00,1090,1090
3983,24/11/2024 , 13:00:00,1090,1090
3984,24/11/2024 , 14:00:00,1090,1090
3985,24/11/2024 , 15:00:00,1090,1090
3986,24/11/2024 , 16:00:00,1090,1090
3987,24/11/2024 , 17:00:00,1090,1090
3988,24/11/2024 , 18:00:00,1090,1090
3989,24/11/2024 , 19:00:00,1090,1090
3990,24/11/2024 , 20:00:00,1090,1090
3991,24/11/2024 , 21:00:00,1090,1090
3992,24/11/2024 , 22:00:00,1090,1090
3993,24/11/2024 , 23:00:00,1090,1090
3994,24/11/2024 , 23:59:59,1090,1090
3995,25/11/2024 , 01:00:00,1090,1090
3996,25/11/2024 , 02:00:00,1090,1090
3997,25/11/2024 , 03:00:00,1090,1090
3998,25/11/2024 , 04:00:00,1090,1090
3999,25/11/2024 , 05:00:00,1090,1090
4000,25/11/2024 , 06:00:00,1090,1090
4001,25/11/2024 , 07:00:00,1090,1090
4002,25/11/2024 , 08:00:00,1090,1090
4003,25/11/2024 , 09:00:00,1090,1090
4004,25/11/2024 , 10:00:00,1090,1090
4005,25/11/2024 , 11:00:00,1090,1090
4006,25/11/2024 , 12:00:00,1090,1090
4007,25/11/2024 , 13:00:00,1091,1091
4008,25/11/2024 , 14:00:00,1084,1084