Site Name ,ST-HENRI
Site Number ,6
Logger ,Capacitive Water Level
Logger Serial Number ,42566


Scan No ,Date and Time,       Capacitive Water Level,        ,
        ,        ,RAW VALUE ,CALIBRATED VALUE,

1,01/05/2025 , 11:25:06,1587,1587
2,01/05/2025 , 12:25:06,1522,1522
3,01/05/2025 , 13:25:06,1521,1521
4,01/05/2025 , 14:25:06,1515,1515
5,01/05/2025 , 15:25:06,1503,1503
6,01/05/2025 , 16:25:06,1507,1507
7,01/05/2025 , 17:25:06,1508,1508
8,01/05/2025 , 18:25:06,1508,1508
9,01/05/2025 , 19:25:06,1508,1508
10,01/05/2025 , 20:25:06,1508,1508
11,01/05/2025 , 21:25:06,1508,1508
12,01/05/2025 , 22:25:06,1508,1508
13,01/05/2025 , 23:25:06,1508,1508
14,02/05/2025 , 00:25:06,1693,1693
15,02/05/2025 , 01:25:06,1757,1757
16,02/05/2025 , 02:25:06,1891,1891
17,02/05/2025 , 03:25:06,2023,2023
18,02/05/2025 , 04:25:06,2126,2126
19,02/05/2025 , 05:25:06,2235,2235
20,02/05/2025 , 06:25:06,2347,2347
21,02/05/2025 , 07:25:06,2459,2459
22,02/05/2025 , 08:25:06,2554,2554
23,02/05/2025 , 09:25:06,2658,2658
24,02/05/2025 , 10:25:06,2736,2736
25,02/05/2025 , 11:25:06,2846,2846
26,02/05/2025 , 12:25:06,2982,2982
27,02/05/2025 , 13:25:06,3088,3088
28,02/05/2025 , 14:25:06,3138,3138
29,02/05/2025 , 15:25:06,3164,3164
30,02/05/2025 , 16:25:06,3185,3185
31,02/05/2025 , 17:25:06,3193,3193
32,02/05/2025 , 18:25:06,3199,3199
33,02/05/2025 , 19:25:06,3201,3201
34,02/05/2025 , 20:25:06,3202,3202
35,02/05/2025 , 21:25:06,3200,3200
36,02/05/2025 , 22:25:06,3203,3203
37,02/05/2025 , 23:25:06,3203,3203
38,03/05/2025 , 00:25:06,3204,3204
39,03/05/2025 , 01:25:06,3205,3205
40,03/05/2025 , 02:25:06,3205,3205
41,03/05/2025 , 03:25:06,3210,3210
42,03/05/2025 , 04:25:06,3210,3210
43,03/05/2025 , 05:25:06,3211,3211
44,03/05/2025 , 06:25:06,3211,3211
45,03/05/2025 , 07:25:06,3210,3210
46,03/05/2025 , 08:25:06,3210,3210
47,03/05/2025 , 09:25:06,3210,3210
48,03/05/2025 , 10:25:06,3211,3211
49,03/05/2025 , 11:25:06,3211,3211
50,03/05/2025 , 12:25:06,3211,3211
51,03/05/2025 , 13:25:06,3210,3210
52,03/05/2025 , 14:25:06,3210,3210
53,03/05/2025 , 15:25:06,3210,3210
54,03/05/2025 , 16:25:06,3210,3210
55,03/05/2025 , 17:25:06,3210,3210
56,03/05/2025 , 18:25:06,3210,3210
57,03/05/2025 , 19:25:06,3210,3210
58,03/05/2025 , 20:25:06,3209,3209
59,03/05/2025 , 21:25:06,3210,3210
60,03/05/2025 , 22:25:06,3209,3209
61,03/05/2025 , 23:25:06,3210,3210
62,04/05/2025 , 00:25:06,3208,3208
63,04/05/2025 , 01:25:06,3210,3210
64,04/05/2025 , 02:25:06,3209,3209
65,04/05/2025 , 03:25:06,3210,3210
66,04/05/2025 , 04:25:06,3208,3208
67,04/05/2025 , 05:25:06,3210,3210
68,04/05/2025 , 06:25:06,3210,3210
69,04/05/2025 , 07:25:06,3210,3210
70,04/05/2025 , 08:25:06,3210,3210
71,04/05/2025 , 09:25:06,3211,3211
72,04/05/2025 , 10:25:06,3210,3210
73,04/05/2025 , 11:25:06,3212,3212
74,04/05/2025 , 12:25:06,3211,3211
75,04/05/2025 , 13:25:06,3211,3211
76,04/05/2025 , 14:25:06,3210,3210
77,04/05/2025 , 15:25:06,3210,3210
78,04/05/2025 , 16:25:06,3210,3210
79,04/05/2025 , 17:25:06,3210,3210
80,04/05/2025 , 18:25:06,3209,3209
81,04/05/2025 , 19:25:06,3210,3210
82,04/05/2025 , 20:25:06,3209,3209
83,04/05/2025 , 21:25:06,3208,3208
84,04/05/2025 , 22:25:06,3208,3208
85,04/05/2025 , 23:25:06,3208,3208
86,05/05/2025 , 00:25:06,3208,3208
87,05/05/2025 , 01:25:06,3208,3208
88,05/05/2025 , 02:25:06,3208,3208
89,05/05/2025 , 03:25:06,3208,3208
90,05/05/2025 , 04:25:06,3208,3208
91,05/05/2025 , 05:25:06,3208,3208
92,05/05/2025 , 06:25:06,3208,3208
93,05/05/2025 , 07:25:06,3208,3208
94,05/05/2025 , 08:25:06,3208,3208
95,05/05/2025 , 09:25:06,3208,3208
96,05/05/2025 , 10:25:06,3209,3209
97,05/05/2025 , 11:25:06,3209,3209
98,05/05/2025 , 12:25:06,3208,3208
99,05/05/2025 , 13:25:06,3208,3208
100,05/05/2025 , 14:25:06,3208,3208
101,05/05/2025 , 15:25:06,3208,3208
102,05/05/2025 , 16:25:06,3208,3208
103,05/05/2025 , 17:25:06,3208,3208
104,05/05/2025 , 18:25:06,3208,3208
105,05/05/2025 , 19:25:06,3207,3207
106,05/05/2025 , 20:25:06,3208,3208
107,05/05/2025 , 21:25:06,3207,3207
108,05/05/2025 , 22:25:06,3206,3206
109,05/05/2025 , 23:25:06,3206,3206
110,06/05/2025 , 00:25:06,3207,3207
111,06/05/2025 , 01:25:06,3206,3206
112,06/05/2025 , 02:25:06,3207,3207
113,06/05/2025 , 03:25:06,3207,3207
114,06/05/2025 , 04:25:06,3207,3207
115,06/05/2025 , 05:25:06,3206,3206
116,06/05/2025 , 06:25:06,3207,3207
117,06/05/2025 , 07:25:06,3208,3208
118,06/05/2025 , 08:25:06,3208,3208
119,06/05/2025 , 09:25:06,3208,3208
120,06/05/2025 , 10:25:06,3208,3208
121,06/05/2025 , 11:25:06,3208,3208
122,06/05/2025 , 12:25:06,3209,3209
123,06/05/2025 , 13:25:06,3208,3208
124,06/05/2025 , 14:25:06,3208,3208
125,06/05/2025 , 15:25:06,3209,3209
126,06/05/2025 , 16:25:06,3209,3209
127,06/05/2025 , 17:25:06,3208,3208
128,06/05/2025 , 18:25:06,3208,3208
129,06/05/2025 , 19:25:06,3207,3207
130,06/05/2025 , 20:25:06,3208,3208
131,06/05/2025 , 21:25:06,3207,3207
132,06/05/2025 , 22:25:06,3208,3208
133,06/05/2025 , 23:25:06,3208,3208
134,07/05/2025 , 00:25:06,3208,3208
135,07/05/2025 , 01:25:06,3208,3208
136,07/05/2025 , 02:25:06,3208,3208
137,07/05/2025 , 03:25:06,3208,3208
138,07/05/2025 , 04:25:06,3207,3207
139,07/05/2025 , 05:25:06,3208,3208
140,07/05/2025 , 06:25:06,3208,3208
141,07/05/2025 , 07:25:06,3208,3208
142,07/05/2025 , 08:25:06,3208,3208
143,07/05/2025 , 09:25:06,3209,3209
144,07/05/2025 , 10:25:06,3210,3210
145,07/05/2025 , 11:25:06,3209,3209
146,07/05/2025 , 12:25:06,3208,3208
147,07/05/2025 , 13:25:06,3208,3208
148,07/05/2025 , 14:25:06,3208,3208
149,07/05/2025 , 15:25:06,3208,3208
150,07/05/2025 , 16:25:06,3208,3208
151,07/05/2025 , 17:25:06,3209,3209
152,07/05/2025 , 18:25:06,3208,3208
153,07/05/2025 , 19:25:06,3212,3212
154,07/05/2025 , 20:25:06,3236,3236
155,07/05/2025 , 21:25:06,3219,3219
156,07/05/2025 , 22:25:06,3216,3216
157,07/05/2025 , 23:25:06,3216,3216
158,08/05/2025 , 00:25:06,3215,3215
159,08/05/2025 , 01:25:06,3219,3219
160,08/05/2025 , 02:25:06,3218,3218
161,08/05/2025 , 03:25:06,3217,3217
162,08/05/2025 , 04:25:06,3218,3218
163,08/05/2025 , 05:25:06,3216,3216
164,08/05/2025 , 06:25:06,3218,3218
165,08/05/2025 , 07:25:06,3214,3214
166,08/05/2025 , 08:25:06,3214,3214
167,08/05/2025 , 09:25:06,3214,3214
168,08/05/2025 , 10:25:06,3213,3213
169,08/05/2025 , 11:25:06,3214,3214
170,08/05/2025 , 12:25:06,3213,3213
171,08/05/2025 , 13:25:06,3212,3212
172,08/05/2025 , 14:25:06,3213,3213
173,08/05/2025 , 15:25:06,3212,3212
174,08/05/2025 , 16:25:06,3213,3213
175,08/05/2025 , 17:25:06,3212,3212
176,08/05/2025 , 18:25:06,3212,3212
177,08/05/2025 , 19:25:06,3211,3211
178,08/05/2025 , 20:25:06,3212,3212
179,08/05/2025 , 21:25:06,3212,3212
180,08/05/2025 , 22:25:06,3212,3212
181,08/05/2025 , 23:25:06,3212,3212
182,09/05/2025 , 00:25:06,3210,3210
183,09/05/2025 , 01:25:06,3211,3211
184,09/05/2025 , 02:25:06,3211,3211
185,09/05/2025 , 03:25:06,3210,3210
186,09/05/2025 , 04:25:06,3216,3216
187,09/05/2025 , 05:25:06,3216,3216
188,09/05/2025 , 06:25:06,3216,3216
189,09/05/2025 , 07:25:06,3216,3216
190,09/05/2025 , 08:25:06,3221,3221
191,09/05/2025 , 09:25:06,3219,3219
192,09/05/2025 , 10:25:06,3218,3218
193,09/05/2025 , 11:25:06,3219,3219
194,09/05/2025 , 12:25:06,3218,3218
195,09/05/2025 , 13:25:06,3216,3216
196,09/05/2025 , 14:25:06,3216,3216
197,09/05/2025 , 15:25:06,3217,3217
198,09/05/2025 , 16:25:06,3217,3217
199,09/05/2025 , 17:25:06,3216,3216
200,09/05/2025 , 18:25:06,3216,3216
201,09/05/2025 , 19:25:06,3216,3216
202,09/05/2025 , 20:25:06,3216,3216
203,09/05/2025 , 21:25:06,3215,3215
204,09/05/2025 , 22:25:06,3216,3216
205,09/05/2025 , 23:25:06,3216,3216
206,10/05/2025 , 00:25:06,3216,3216
207,10/05/2025 , 01:25:06,3217,3217
208,10/05/2025 , 02:25:06,3217,3217
209,10/05/2025 , 03:25:06,3216,3216
210,10/05/2025 , 04:25:06,3216,3216
211,10/05/2025 , 05:25:06,3216,3216
212,10/05/2025 , 06:25:06,3216,3216
213,10/05/2025 , 07:25:06,3217,3217
214,10/05/2025 , 08:25:06,3216,3216
215,10/05/2025 , 09:25:06,3216,3216
216,10/05/2025 , 10:25:06,3216,3216
217,10/05/2025 , 11:25:06,3216,3216
218,10/05/2025 , 12:25:06,3216,3216
219,10/05/2025 , 13:25:06,3216,3216
220,10/05/2025 , 14:25:06,3216,3216
221,10/05/2025 , 15:25:06,3216,3216
222,10/05/2025 , 16:25:06,3216,3216
223,10/05/2025 , 17:25:06,3216,3216
224,10/05/2025 , 18:25:06,3216,3216
225,10/05/2025 , 19:25:06,3215,3215
226,10/05/2025 , 20:25:06,3216,3216
227,10/05/2025 , 21:25:06,3216,3216
228,10/05/2025 , 22:25:06,3216,3216
229,10/05/2025 , 23:25:06,3216,3216
230,11/05/2025 , 00:25:06,3216,3216
231,11/05/2025 , 01:25:06,3216,3216
232,11/05/2025 , 02:25:06,3214,3214
233,11/05/2025 , 03:25:06,3215,3215
234,11/05/2025 , 04:25:06,3212,3212
235,11/05/2025 , 05:25:06,3212,3212
236,11/05/2025 , 06:25:06,3212,3212
237,11/05/2025 , 07:25:06,3213,3213
238,11/05/2025 , 08:25:06,3212,3212
239,11/05/2025 , 09:25:06,3212,3212
240,11/05/2025 , 10:25:06,3213,3213
241,11/05/2025 , 11:25:06,3213,3213
242,11/05/2025 , 12:25:06,3213,3213
243,11/05/2025 , 13:25:06,3212,3212
244,11/05/2025 , 14:25:06,3210,3210
245,11/05/2025 , 15:25:06,3211,3211
246,11/05/2025 , 16:25:06,3211,3211
247,11/05/2025 , 17:25:06,3211,3211
248,11/05/2025 , 18:25:06,3210,3210
249,11/05/2025 , 19:25:06,3210,3210
250,11/05/2025 , 20:25:06,3209,3209
251,11/05/2025 , 21:25:06,3208,3208
252,11/05/2025 , 22:25:06,3209,3209
253,11/05/2025 , 23:25:06,3210,3210
254,12/05/2025 , 00:25:06,3210,3210
255,12/05/2025 , 01:25:06,3208,3208
256,12/05/2025 , 02:25:06,3209,3209
257,12/05/2025 , 03:25:06,3210,3210
258,12/05/2025 , 04:25:06,3209,3209
259,12/05/2025 , 05:25:06,3210,3210
260,12/05/2025 , 06:25:06,3210,3210
261,12/05/2025 , 07:25:06,3211,3211
262,12/05/2025 , 08:25:06,3211,3211
263,12/05/2025 , 09:25:06,3211,3211
264,12/05/2025 , 10:25:06,3210,3210
265,12/05/2025 , 11:25:06,3212,3212
266,12/05/2025 , 12:25:06,3212,3212
267,12/05/2025 , 13:25:06,3210,3210
268,12/05/2025 , 14:25:06,3210,3210
269,12/05/2025 , 15:25:06,3211,3211
270,12/05/2025 , 16:25:06,3209,3209
271,12/05/2025 , 17:25:06,3211,3211
272,12/05/2025 , 18:25:06,3210,3210
273,12/05/2025 , 19:25:06,3210,3210
274,12/05/2025 , 20:25:06,3209,3209
275,12/05/2025 , 21:25:06,3208,3208
276,12/05/2025 , 22:25:06,3210,3210
277,12/05/2025 , 23:25:06,3209,3209
278,13/05/2025 , 00:25:06,3210,3210
279,13/05/2025 , 01:25:06,3210,3210
280,13/05/2025 , 02:25:06,3210,3210
281,13/05/2025 , 03:25:06,3209,3209
282,13/05/2025 , 04:25:06,3210,3210
283,13/05/2025 , 05:25:06,3210,3210
284,13/05/2025 , 06:25:06,3210,3210
285,13/05/2025 , 07:25:06,3212,3212
286,13/05/2025 , 08:25:06,3211,3211
287,13/05/2025 , 09:25:06,3210,3210
288,13/05/2025 , 10:25:06,3210,3210
289,13/05/2025 , 11:25:06,3211,3211
290,13/05/2025 , 12:25:06,3210,3210
291,13/05/2025 , 13:25:06,3210,3210
292,13/05/2025 , 14:25:06,3211,3211
293,13/05/2025 , 15:25:06,3210,3210
294,13/05/2025 , 16:25:06,3210,3210
295,13/05/2025 , 17:25:06,3210,3210
296,13/05/2025 , 18:25:06,3210,3210
297,13/05/2025 , 19:25:06,3209,3209
298,13/05/2025 , 20:25:06,3210,3210
299,13/05/2025 , 21:25:06,3210,3210
300,13/05/2025 , 22:25:06,3210,3210
301,13/05/2025 , 23:25:06,3210,3210
302,14/05/2025 , 00:25:06,3209,3209
303,14/05/2025 , 01:25:06,3210,3210
304,14/05/2025 , 02:25:06,3210,3210
305,14/05/2025 , 03:25:06,3210,3210
306,14/05/2025 , 04:25:06,3210,3210
307,14/05/2025 , 05:25:06,3209,3209
308,14/05/2025 , 06:25:06,3211,3211
309,14/05/2025 , 07:25:06,3210,3210
310,14/05/2025 , 08:25:06,3211,3211
311,14/05/2025 , 09:25:06,3213,3213
312,14/05/2025 , 10:25:06,3212,3212
313,14/05/2025 , 11:25:06,3214,3214
314,14/05/2025 , 12:25:06,3215,3215
315,14/05/2025 , 13:25:06,3212,3212
316,14/05/2025 , 14:25:06,3212,3212
317,14/05/2025 , 15:25:06,3212,3212
318,14/05/2025 , 16:25:06,3210,3210
319,14/05/2025 , 17:25:06,3212,3212
320,14/05/2025 , 18:25:06,3212,3212
321,14/05/2025 , 19:25:06,3211,3211
322,14/05/2025 , 20:25:06,3210,3210
323,14/05/2025 , 21:25:06,3211,3211
324,14/05/2025 , 22:25:06,3210,3210
325,14/05/2025 , 23:25:06,3211,3211
326,15/05/2025 , 00:25:06,3211,3211
327,15/05/2025 , 01:25:06,3211,3211
328,15/05/2025 , 02:25:06,3211,3211
329,15/05/2025 , 03:25:06,3211,3211
330,15/05/2025 , 04:25:06,3211,3211
331,15/05/2025 , 05:25:06,3210,3210
332,15/05/2025 , 06:25:06,3211,3211
333,15/05/2025 , 07:25:06,3212,3212
334,15/05/2025 , 08:25:06,3212,3212
335,15/05/2025 , 09:25:06,3212,3212
336,15/05/2025 , 10:25:06,3212,3212
337,15/05/2025 , 11:25:06,3213,3213
338,15/05/2025 , 12:25:06,3213,3213
339,15/05/2025 , 13:25:06,3213,3213
340,15/05/2025 , 14:25:06,3212,3212
341,15/05/2025 , 15:25:06,3212,3212
342,15/05/2025 , 16:25:06,3212,3212
343,15/05/2025 , 17:25:06,3211,3211
344,15/05/2025 , 18:25:06,3212,3212
345,15/05/2025 , 19:25:06,3210,3210
346,15/05/2025 , 20:25:06,3210,3210
347,15/05/2025 , 21:25:06,3210,3210
348,15/05/2025 , 22:25:06,3211,3211
349,15/05/2025 , 23:25:06,3210,3210
350,16/05/2025 , 00:25:06,3210,3210
351,16/05/2025 , 01:25:06,3210,3210
352,16/05/2025 , 02:25:06,3210,3210
353,16/05/2025 , 03:25:06,3210,3210
354,16/05/2025 , 04:25:06,3210,3210
355,16/05/2025 , 05:25:06,3210,3210
356,16/05/2025 , 06:25:06,3211,3211
357,16/05/2025 , 07:25:06,3210,3210
358,16/05/2025 , 08:25:06,3211,3211
359,16/05/2025 , 09:25:06,3211,3211
360,16/05/2025 , 10:25:06,3212,3212
361,16/05/2025 , 11:25:06,3211,3211
362,16/05/2025 , 12:25:06,3211,3211
363,16/05/2025 , 13:25:06,3211,3211
364,16/05/2025 , 14:25:06,3210,3210
365,16/05/2025 , 15:25:06,3210,3210
366,16/05/2025 , 16:25:06,3211,3211
367,16/05/2025 , 17:25:06,3211,3211
368,16/05/2025 , 18:25:06,3210,3210
369,16/05/2025 , 19:25:06,3210,3210
370,16/05/2025 , 20:25:06,3210,3210
371,16/05/2025 , 21:25:06,3210,3210
372,16/05/2025 , 22:25:06,3212,3212
373,16/05/2025 , 23:25:06,3213,3213
374,17/05/2025 , 00:25:06,3212,3212
375,17/05/2025 , 01:25:06,3213,3213
376,17/05/2025 , 02:25:06,3212,3212
377,17/05/2025 , 03:25:06,3212,3212
378,17/05/2025 , 04:25:06,3213,3213
379,17/05/2025 , 05:25:06,3213,3213
380,17/05/2025 , 06:25:06,3212,3212
381,17/05/2025 , 07:25:06,3212,3212
382,17/05/2025 , 08:25:06,3212,3212
383,17/05/2025 , 09:25:06,3212,3212
384,17/05/2025 , 10:25:06,3214,3214
385,17/05/2025 , 11:25:06,3213,3213
386,17/05/2025 , 12:25:06,3214,3214
387,17/05/2025 , 13:25:06,3214,3214
388,17/05/2025 , 14:25:06,3236,3236
389,17/05/2025 , 15:25:06,3227,3227
390,17/05/2025 , 16:25:06,3230,3230
391,17/05/2025 , 17:25:06,3227,3227
392,17/05/2025 , 18:25:06,3225,3225
393,17/05/2025 , 19:25:06,3225,3225
394,17/05/2025 , 20:25:06,3225,3225
395,17/05/2025 , 21:25:06,3226,3226
396,17/05/2025 , 22:25:06,3225,3225
397,17/05/2025 , 23:25:06,3225,3225
398,18/05/2025 , 00:25:06,3224,3224
399,18/05/2025 , 01:25:06,3224,3224
400,18/05/2025 , 02:25:06,3224,3224
401,18/05/2025 , 03:25:06,3225,3225
402,18/05/2025 , 04:25:06,3224,3224
403,18/05/2025 , 05:25:06,3227,3227
404,18/05/2025 , 06:25:06,3226,3226
405,18/05/2025 , 07:25:06,3229,3229
406,18/05/2025 , 08:25:06,3236,3236
407,18/05/2025 , 09:25:06,3233,3233
408,18/05/2025 , 10:25:06,3226,3226
409,18/05/2025 , 11:25:06,3223,3223
410,18/05/2025 , 12:25:06,3224,3224
411,18/05/2025 , 13:25:06,3223,3223
412,18/05/2025 , 14:25:06,3223,3223
413,18/05/2025 , 15:25:06,3222,3222
414,18/05/2025 , 16:25:06,3222,3222
415,18/05/2025 , 17:25:06,3224,3224
416,18/05/2025 , 18:25:06,3225,3225
417,18/05/2025 , 19:25:06,3222,3222
418,18/05/2025 , 20:25:06,3222,3222
419,18/05/2025 , 21:25:06,3223,3223
420,18/05/2025 , 22:25:06,3222,3222
421,18/05/2025 , 23:25:06,3222,3222
422,19/05/2025 , 00:25:06,3222,3222
423,19/05/2025 , 01:25:06,3222,3222
424,19/05/2025 , 02:25:06,3221,3221
425,19/05/2025 , 03:25:06,3221,3221
426,19/05/2025 , 04:25:06,3222,3222
427,19/05/2025 , 05:25:06,3222,3222
428,19/05/2025 , 06:25:06,3225,3225
429,19/05/2025 , 07:25:06,3224,3224
430,19/05/2025 , 08:25:06,3228,3228
431,19/05/2025 , 09:25:06,3225,3225
432,19/05/2025 , 10:25:06,3225,3225
433,19/05/2025 , 11:25:06,3225,3225
434,19/05/2025 , 12:25:06,3225,3225
435,19/05/2025 , 13:25:06,3225,3225
436,19/05/2025 , 14:25:06,3224,3224
437,19/05/2025 , 15:25:06,3224,3224
438,19/05/2025 , 16:25:06,3224,3224
439,19/05/2025 , 17:25:06,3226,3226
440,19/05/2025 , 18:25:06,3223,3223
441,19/05/2025 , 19:25:06,3223,3223
442,19/05/2025 , 20:25:06,3225,3225
443,19/05/2025 , 21:25:06,3223,3223
444,19/05/2025 , 22:25:06,3223,3223
445,19/05/2025 , 23:25:06,3223,3223
446,20/05/2025 , 00:25:06,3223,3223
447,20/05/2025 , 01:25:06,3223,3223
448,20/05/2025 , 02:25:06,3223,3223
449,20/05/2025 , 03:25:06,3222,3222
450,20/05/2025 , 04:25:06,3221,3221
451,20/05/2025 , 05:25:06,3222,3222
452,20/05/2025 , 06:25:06,3221,3221
453,20/05/2025 , 07:25:06,3221,3221
454,20/05/2025 , 08:25:06,3220,3220
455,20/05/2025 , 09:25:06,3220,3220
456,20/05/2025 , 10:25:06,3219,3219
457,20/05/2025 , 11:25:06,3220,3220
458,20/05/2025 , 12:25:06,3220,3220
459,20/05/2025 , 13:25:06,3220,3220
460,20/05/2025 , 14:25:06,3219,3219
461,20/05/2025 , 15:25:06,3219,3219
462,20/05/2025 , 16:25:06,3219,3219
463,20/05/2025 , 17:25:06,3219,3219
464,20/05/2025 , 18:25:06,3218,3218
465,20/05/2025 , 19:25:06,3217,3217
466,20/05/2025 , 20:25:06,3218,3218
467,20/05/2025 , 21:25:06,3216,3216
468,20/05/2025 , 22:25:06,3217,3217
469,20/05/2025 , 23:25:06,3217,3217
470,21/05/2025 , 00:25:06,3216,3216
471,21/05/2025 , 01:25:06,3217,3217
472,21/05/2025 , 02:25:06,3216,3216
473,21/05/2025 , 03:25:06,3216,3216
474,21/05/2025 , 04:25:06,3217,3217
475,21/05/2025 , 05:25:06,3217,3217
476,21/05/2025 , 06:25:06,3218,3218
477,21/05/2025 , 07:25:06,3217,3217
478,21/05/2025 , 08:25:06,3218,3218
479,21/05/2025 , 09:25:06,3218,3218
480,21/05/2025 , 10:25:06,3216,3216
481,21/05/2025 , 11:25:06,3217,3217
482,21/05/2025 , 12:25:06,3216,3216
483,21/05/2025 , 13:25:06,3217,3217
484,21/05/2025 , 14:25:06,3216,3216
485,21/05/2025 , 15:25:06,3218,3218
486,21/05/2025 , 16:25:06,3219,3219
487,21/05/2025 , 17:25:06,3219,3219
488,21/05/2025 , 18:25:06,3219,3219
489,21/05/2025 , 19:25:06,3219,3219
490,21/05/2025 , 20:25:06,3219,3219
491,21/05/2025 , 21:25:06,3219,3219
492,21/05/2025 , 22:25:06,3219,3219
493,21/05/2025 , 23:25:06,3219,3219
494,22/05/2025 , 00:25:06,3219,3219
495,22/05/2025 , 01:25:06,3219,3219
496,22/05/2025 , 02:25:06,3219,3219
497,22/05/2025 , 03:25:06,3219,3219
498,22/05/2025 , 04:25:06,3219,3219
499,22/05/2025 , 05:25:06,3219,3219
500,22/05/2025 , 06:25:06,3219,3219
501,22/05/2025 , 07:25:06,3219,3219
502,22/05/2025 , 08:25:06,3219,3219
503,22/05/2025 , 09:25:06,3219,3219
504,22/05/2025 , 10:25:06,3219,3219
505,22/05/2025 , 11:25:06,3219,3219
506,22/05/2025 , 12:25:06,3219,3219
507,22/05/2025 , 13:25:06,3219,3219
508,22/05/2025 , 14:25:06,3219,3219
509,22/05/2025 , 15:25:06,3219,3219
510,22/05/2025 , 16:25:06,3219,3219
511,22/05/2025 , 17:25:06,3219,3219
512,22/05/2025 , 18:25:06,3218,3218
513,22/05/2025 , 19:25:06,3218,3218
514,22/05/2025 , 20:25:06,3218,3218
515,22/05/2025 , 21:25:06,3217,3217
516,22/05/2025 , 22:25:06,3217,3217
517,22/05/2025 , 23:25:06,3218,3218
518,23/05/2025 , 00:25:06,3218,3218
519,23/05/2025 , 01:25:06,3217,3217
520,23/05/2025 , 02:25:06,3217,3217
521,23/05/2025 , 03:25:06,3217,3217
522,23/05/2025 , 04:25:06,3219,3219
523,23/05/2025 , 05:25:06,3219,3219
524,23/05/2025 , 06:25:06,3220,3220
525,23/05/2025 , 07:25:06,3220,3220
526,23/05/2025 , 08:25:06,3219,3219
527,23/05/2025 , 09:25:06,3222,3222
528,23/05/2025 , 10:25:06,3223,3223
529,23/05/2025 , 11:25:06,3221,3221
530,23/05/2025 , 12:25:06,3219,3219
531,23/05/2025 , 13:25:06,3220,3220
532,23/05/2025 , 14:25:06,3220,3220
533,23/05/2025 , 15:25:06,3220,3220
534,23/05/2025 , 16:25:06,3221,3221
535,23/05/2025 , 17:25:06,3222,3222
536,23/05/2025 , 18:25:06,3222,3222
537,23/05/2025 , 19:25:06,3221,3221
538,23/05/2025 , 20:25:06,3222,3222
539,23/05/2025 , 21:25:06,3222,3222
540,23/05/2025 , 22:25:06,3221,3221
541,23/05/2025 , 23:25:06,3222,3222
542,24/05/2025 , 00:25:06,3221,3221
543,24/05/2025 , 01:25:06,3222,3222
544,24/05/2025 , 02:25:06,3223,3223
545,24/05/2025 , 03:25:06,3222,3222
546,24/05/2025 , 04:25:06,3223,3223
547,24/05/2025 , 05:25:06,3223,3223
548,24/05/2025 , 06:25:06,3224,3224
549,24/05/2025 , 07:25:06,3224,3224
550,24/05/2025 , 08:25:06,3225,3225
551,24/05/2025 , 09:25:06,3224,3224
552,24/05/2025 , 10:25:06,3224,3224
553,24/05/2025 , 11:25:06,3224,3224
554,24/05/2025 , 12:25:06,3224,3224
555,24/05/2025 , 13:25:06,3225,3225
556,24/05/2025 , 14:25:06,3224,3224
557,24/05/2025 , 15:25:06,3223,3223
558,24/05/2025 , 16:25:06,3222,3222
559,24/05/2025 , 17:25:06,3223,3223
560,24/05/2025 , 18:25:06,3222,3222
561,24/05/2025 , 19:25:06,3222,3222
562,24/05/2025 , 20:25:06,3221,3221
563,24/05/2025 , 21:25:06,3223,3223
564,24/05/2025 , 22:25:06,3222,3222
565,24/05/2025 , 23:25:06,3222,3222
566,25/05/2025 , 00:25:06,3222,3222
567,25/05/2025 , 01:25:06,3221,3221
568,25/05/2025 , 02:25:06,3222,3222
569,25/05/2025 , 03:25:06,3222,3222
570,25/05/2025 , 04:25:06,3222,3222
571,25/05/2025 , 05:25:06,3221,3221
572,25/05/2025 , 06:25:06,3225,3225
573,25/05/2025 , 07:25:06,3222,3222
574,25/05/2025 , 08:25:06,3223,3223
575,25/05/2025 , 09:25:06,3222,3222
576,25/05/2025 , 10:25:06,3222,3222
577,25/05/2025 , 11:25:06,3221,3221
578,25/05/2025 , 12:25:06,3223,3223
579,25/05/2025 , 13:25:06,3222,3222
580,25/05/2025 , 14:25:06,3222,3222
581,25/05/2025 , 15:25:06,3221,3221
582,25/05/2025 , 16:25:06,3221,3221
583,25/05/2025 , 17:25:06,3221,3221
584,25/05/2025 , 18:25:06,3221,3221
585,25/05/2025 , 19:25:06,3221,3221
586,25/05/2025 , 20:25:06,3220,3220
587,25/05/2025 , 21:25:06,3220,3220
588,25/05/2025 , 22:25:06,3220,3220
589,25/05/2025 , 23:25:06,3220,3220
590,26/05/2025 , 00:25:06,3220,3220
591,26/05/2025 , 01:25:06,3219,3219
592,26/05/2025 , 02:25:06,3219,3219
593,26/05/2025 , 03:25:06,3219,3219
594,26/05/2025 , 04:25:06,3219,3219
595,26/05/2025 , 05:25:06,3219,3219
596,26/05/2025 , 06:25:06,3220,3220
597,26/05/2025 , 07:25:06,3221,3221
598,26/05/2025 , 08:25:06,3221,3221
599,26/05/2025 , 09:25:06,3222,3222
600,26/05/2025 , 10:25:06,3221,3221
601,26/05/2025 , 11:25:06,3222,3222
602,26/05/2025 , 12:25:06,3223,3223
603,26/05/2025 , 13:25:06,3221,3221
604,26/05/2025 , 14:25:06,3221,3221
605,26/05/2025 , 15:25:06,3220,3220
606,26/05/2025 , 16:25:06,3220,3220
607,26/05/2025 , 17:25:06,3219,3219
608,26/05/2025 , 18:25:06,3219,3219
609,26/05/2025 , 19:25:06,3219,3219
610,26/05/2025 , 20:25:06,3219,3219
611,26/05/2025 , 21:25:06,3219,3219
612,26/05/2025 , 22:25:06,3218,3218
613,26/05/2025 , 23:25:06,3218,3218
614,27/05/2025 , 00:25:06,3218,3218
615,27/05/2025 , 01:25:06,3217,3217
616,27/05/2025 , 02:25:06,3218,3218
617,27/05/2025 , 03:25:06,3219,3219
618,27/05/2025 , 04:25:06,3218,3218
619,27/05/2025 , 05:25:06,3218,3218
620,27/05/2025 , 06:25:06,3219,3219
621,27/05/2025 , 07:25:06,3219,3219
622,27/05/2025 , 08:25:06,3218,3218
623,27/05/2025 , 09:25:06,3220,3220
624,27/05/2025 , 10:25:06,3221,3221
625,27/05/2025 , 11:25:06,3221,3221
626,27/05/2025 , 12:25:06,3222,3222
627,27/05/2025 , 13:25:06,3221,3221
628,27/05/2025 , 14:25:06,3219,3219
629,27/05/2025 , 15:25:06,3219,3219
630,27/05/2025 , 16:25:06,3218,3218
631,27/05/2025 , 17:25:06,3218,3218
632,27/05/2025 , 18:25:06,3218,3218
633,27/05/2025 , 19:25:06,3218,3218
634,27/05/2025 , 20:25:06,3216,3216
635,27/05/2025 , 21:25:06,3216,3216
636,27/05/2025 , 22:25:06,3217,3217
637,27/05/2025 , 23:25:06,3216,3216
638,28/05/2025 , 00:25:06,3216,3216
639,28/05/2025 , 01:25:06,3217,3217
640,28/05/2025 , 02:25:06,3216,3216
641,28/05/2025 , 03:25:06,3217,3217
642,28/05/2025 , 04:25:06,3216,3216
643,28/05/2025 , 05:25:06,3217,3217
644,28/05/2025 , 06:25:06,3216,3216
645,28/05/2025 , 07:25:06,3216,3216
646,28/05/2025 , 08:25:06,3217,3217
647,28/05/2025 , 09:25:06,3218,3218
648,28/05/2025 , 10:25:06,3219,3219
649,28/05/2025 , 11:25:06,3219,3219
650,28/05/2025 , 12:25:06,3220,3220
651,28/05/2025 , 13:25:06,3221,3221
652,28/05/2025 , 14:25:06,3216,3216
653,28/05/2025 , 15:25:06,3216,3216
654,28/05/2025 , 16:25:06,3216,3216
655,28/05/2025 , 17:25:06,3215,3215
656,28/05/2025 , 18:25:06,3215,3215
657,28/05/2025 , 19:25:06,3214,3214
658,28/05/2025 , 20:25:06,3213,3213
659,28/05/2025 , 21:25:06,3213,3213
660,28/05/2025 , 22:25:06,3212,3212
661,28/05/2025 , 23:25:06,3213,3213
662,29/05/2025 , 00:25:06,3213,3213
663,29/05/2025 , 01:25:06,3212,3212
664,29/05/2025 , 02:25:06,3212,3212
665,29/05/2025 , 03:25:06,3213,3213
666,29/05/2025 , 04:25:06,3213,3213
667,29/05/2025 , 05:25:06,3213,3213
668,29/05/2025 , 06:25:06,3213,3213
669,29/05/2025 , 07:25:06,3212,3212
670,29/05/2025 , 08:25:06,3212,3212
671,29/05/2025 , 09:25:06,3214,3214
672,29/05/2025 , 10:25:06,3215,3215
673,29/05/2025 , 11:25:06,3214,3214
674,29/05/2025 , 12:25:06,3214,3214
675,29/05/2025 , 13:25:06,3213,3213
676,29/05/2025 , 14:25:06,3212,3212
677,29/05/2025 , 15:25:06,3212,3212
678,29/05/2025 , 16:25:06,3210,3210
679,29/05/2025 , 17:25:06,3210,3210
680,29/05/2025 , 18:25:06,3211,3211
681,29/05/2025 , 19:25:06,3210,3210
682,29/05/2025 , 20:25:06,3209,3209
683,29/05/2025 , 21:25:06,3208,3208
684,29/05/2025 , 22:25:06,3208,3208
685,29/05/2025 , 23:25:06,3209,3209
686,30/05/2025 , 00:25:06,3210,3210
687,30/05/2025 , 01:25:06,3210,3210
688,30/05/2025 , 02:25:06,3210,3210
689,30/05/2025 , 03:25:06,3210,3210
690,30/05/2025 , 04:25:06,3210,3210
691,30/05/2025 , 05:25:06,3208,3208
692,30/05/2025 , 06:25:06,3209,3209
693,30/05/2025 , 07:25:06,3209,3209
694,30/05/2025 , 08:25:06,3210,3210
695,30/05/2025 , 09:25:06,3208,3208
696,30/05/2025 , 10:25:06,3209,3209
697,30/05/2025 , 11:25:06,3209,3209
698,30/05/2025 , 12:25:06,3210,3210
699,30/05/2025 , 13:25:06,3210,3210
700,30/05/2025 , 14:25:06,3208,3208
701,30/05/2025 , 15:25:06,3210,3210
702,30/05/2025 , 16:25:06,3209,3209
703,30/05/2025 , 17:25:06,3208,3208
704,30/05/2025 , 18:25:06,3209,3209
705,30/05/2025 , 19:25:06,3208,3208
706,30/05/2025 , 20:25:06,3207,3207
707,30/05/2025 , 21:25:06,3205,3205
708,30/05/2025 , 22:25:06,3206,3206
709,30/05/2025 , 23:25:06,3205,3205
710,31/05/2025 , 00:25:06,3204,3204
711,31/05/2025 , 01:25:06,3204,3204
712,31/05/2025 , 02:25:06,3205,3205
713,31/05/2025 , 03:25:06,3207,3207
714,31/05/2025 , 04:25:06,3207,3207
715,31/05/2025 , 05:25:06,3207,3207
716,31/05/2025 , 06:25:06,3207,3207
717,31/05/2025 , 07:25:06,3207,3207
718,31/05/2025 , 08:25:06,3206,3206
719,31/05/2025 , 09:25:06,3206,3206
720,31/05/2025 , 10:25:06,3205,3205
721,31/05/2025 , 11:25:06,3206,3206
722,31/05/2025 , 12:25:06,3204,3204
723,31/05/2025 , 13:25:06,3204,3204
724,31/05/2025 , 14:25:06,3206,3206
725,31/05/2025 , 15:25:06,3206,3206
726,31/05/2025 , 16:25:06,3207,3207
727,31/05/2025 , 17:25:06,3207,3207
728,31/05/2025 , 18:25:06,3219,3219
729,31/05/2025 , 19:25:06,3217,3217
730,31/05/2025 , 20:25:06,3217,3217
731,31/05/2025 , 21:25:06,3228,3228
732,31/05/2025 , 22:25:06,3234,3234
733,31/05/2025 , 23:25:06,3231,3231
734,01/06/2025 , 00:25:06,3230,3230
735,01/06/2025 , 01:25:06,3230,3230
736,01/06/2025 , 02:25:06,3229,3229
737,01/06/2025 , 03:25:06,3229,3229
738,01/06/2025 , 04:25:06,3227,3227
739,01/06/2025 , 05:25:06,3227,3227
740,01/06/2025 , 06:25:06,3227,3227
741,01/06/2025 , 07:25:06,3227,3227
742,01/06/2025 , 08:25:06,3227,3227
743,01/06/2025 , 09:25:06,3226,3226
744,01/06/2025 , 10:25:06,3225,3225
745,01/06/2025 , 11:25:06,3225,3225
746,01/06/2025 , 12:25:06,3225,3225
747,01/06/2025 , 13:25:06,3225,3225
748,01/06/2025 , 14:25:06,3225,3225
749,01/06/2025 , 15:25:06,3225,3225
750,01/06/2025 , 16:25:06,3224,3224
751,01/06/2025 , 17:25:06,3224,3224
752,01/06/2025 , 18:25:06,3224,3224
753,01/06/2025 , 19:25:06,3223,3223
754,01/06/2025 , 20:25:06,3223,3223
755,01/06/2025 , 21:25:06,3223,3223
756,01/06/2025 , 22:25:06,3223,3223
757,01/06/2025 , 23:25:06,3223,3223
758,02/06/2025 , 00:25:06,3223,3223
759,02/06/2025 , 01:25:06,3222,3222
760,02/06/2025 , 02:25:06,3222,3222
761,02/06/2025 , 03:25:06,3223,3223
762,02/06/2025 , 04:25:06,3222,3222
763,02/06/2025 , 05:25:06,3223,3223
764,02/06/2025 , 06:25:06,3222,3222
765,02/06/2025 , 07:25:06,3222,3222
766,02/06/2025 , 08:25:06,3222,3222
767,02/06/2025 , 09:25:06,3223,3223
768,02/06/2025 , 10:25:06,3223,3223
769,02/06/2025 , 11:25:06,3223,3223
770,02/06/2025 , 12:25:06,3223,3223
771,02/06/2025 , 13:25:06,3223,3223
772,02/06/2025 , 14:25:06,3223,3223
773,02/06/2025 , 15:25:06,3223,3223
774,02/06/2025 , 16:25:06,3223,3223
775,02/06/2025 , 17:25:06,3223,3223
776,02/06/2025 , 18:25:06,3222,3222
777,02/06/2025 , 19:25:06,3222,3222
778,02/06/2025 , 20:25:06,3222,3222
779,02/06/2025 , 21:25:06,3222,3222
780,02/06/2025 , 22:25:06,3222,3222
781,02/06/2025 , 23:25:06,3222,3222
782,03/06/2025 , 00:25:06,3222,3222
783,03/06/2025 , 01:25:06,3221,3221
784,03/06/2025 , 02:25:06,3221,3221
785,03/06/2025 , 03:25:06,3221,3221
786,03/06/2025 , 04:25:06,3222,3222
787,03/06/2025 , 05:25:06,3222,3222
788,03/06/2025 , 06:25:06,3222,3222
789,03/06/2025 , 07:25:06,3223,3223
790,03/06/2025 , 08:25:06,3223,3223
791,03/06/2025 , 09:25:06,3223,3223
792,03/06/2025 , 10:25:06,3223,3223
793,03/06/2025 , 11:25:06,3223,3223
794,03/06/2025 , 12:25:06,3225,3225
795,03/06/2025 , 13:25:06,3225,3225
796,03/06/2025 , 14:25:06,3223,3223
797,03/06/2025 , 15:25:06,3222,3222
798,03/06/2025 , 16:25:06,3222,3222
799,03/06/2025 , 17:25:06,3221,3221
800,03/06/2025 , 18:25:06,3221,3221
801,03/06/2025 , 19:25:06,3221,3221
802,03/06/2025 , 20:25:06,3220,3220
803,03/06/2025 , 21:25:06,3220,3220
804,03/06/2025 , 22:25:06,3220,3220
805,03/06/2025 , 23:25:06,3220,3220
806,04/06/2025 , 00:25:06,3219,3219
807,04/06/2025 , 01:25:06,3220,3220
808,04/06/2025 , 02:25:06,3220,3220
809,04/06/2025 , 03:25:06,3219,3219
810,04/06/2025 , 04:25:06,3220,3220
811,04/06/2025 , 05:25:06,3220,3220
812,04/06/2025 , 06:25:06,3220,3220
813,04/06/2025 , 07:25:06,3220,3220
814,04/06/2025 , 08:25:06,3220,3220
815,04/06/2025 , 09:25:06,3221,3221
816,04/06/2025 , 10:25:06,3221,3221
817,04/06/2025 , 11:25:06,3221,3221
818,04/06/2025 , 12:25:06,3222,3222
819,04/06/2025 , 13:25:06,3221,3221
820,04/06/2025 , 14:25:06,3219,3219
821,04/06/2025 , 15:25:06,3219,3219
822,04/06/2025 , 16:25:06,3217,3217
823,04/06/2025 , 17:25:06,3218,3218
824,04/06/2025 , 18:25:06,3216,3216
825,04/06/2025 , 19:25:06,3217,3217
826,04/06/2025 , 20:25:06,3217,3217
827,04/06/2025 , 21:25:06,3216,3216
828,04/06/2025 , 22:25:06,3216,3216
829,04/06/2025 , 23:25:06,3216,3216
830,05/06/2025 , 00:25:06,3215,3215
831,05/06/2025 , 01:25:06,3214,3214
832,05/06/2025 , 02:25:06,3214,3214
833,05/06/2025 , 03:25:06,3215,3215
834,05/06/2025 , 04:25:06,3214,3214
835,05/06/2025 , 05:25:06,3214,3214
836,05/06/2025 , 06:25:06,3214,3214
837,05/06/2025 , 07:25:06,3215,3215
838,05/06/2025 , 08:25:06,3214,3214
839,05/06/2025 , 09:25:06,3214,3214
840,05/06/2025 , 10:25:06,3214,3214
841,05/06/2025 , 11:25:06,3212,3212
842,05/06/2025 , 12:25:06,3212,3212
843,05/06/2025 , 13:25:06,3206,3206
844,05/06/2025 , 14:25:06,3206,3206
845,05/06/2025 , 15:25:06,3205,3205
846,05/06/2025 , 16:25:06,3205,3205
847,05/06/2025 , 17:25:06,3204,3204
848,05/06/2025 , 18:25:06,3204,3204
849,05/06/2025 , 19:25:06,3203,3203
850,05/06/2025 , 20:25:06,3201,3201
851,05/06/2025 , 21:25:06,3201,3201
852,05/06/2025 , 22:25:06,3198,3198
853,05/06/2025 , 23:25:06,3197,3197
854,06/06/2025 , 00:25:06,3195,3195
855,06/06/2025 , 01:25:06,3194,3194
856,06/06/2025 , 02:25:06,3196,3196
857,06/06/2025 , 03:25:06,3196,3196
858,06/06/2025 , 04:25:06,3195,3195
859,06/06/2025 , 05:25:06,3195,3195
860,06/06/2025 , 06:25:06,3195,3195
861,06/06/2025 , 07:25:06,3194,3194
862,06/06/2025 , 08:25:06,3195,3195
863,06/06/2025 , 09:25:06,3195,3195
864,06/06/2025 , 10:25:06,3195,3195
865,06/06/2025 , 11:25:06,3194,3194
866,06/06/2025 , 12:25:06,3194,3194
867,06/06/2025 , 13:25:06,3193,3193
868,06/06/2025 , 14:25:06,3191,3191
869,06/06/2025 , 15:25:06,3175,3175
870,06/06/2025 , 16:25:06,3170,3170
871,06/06/2025 , 17:25:06,3166,3166
872,06/06/2025 , 18:25:06,3163,3163
873,06/06/2025 , 19:25:06,3162,3162
874,06/06/2025 , 20:25:06,3159,3159
875,06/06/2025 , 21:25:06,3157,3157
876,06/06/2025 , 22:25:06,3155,3155
877,06/06/2025 , 23:25:06,3153,3153
878,07/06/2025 , 00:25:06,3152,3152
879,07/06/2025 , 01:25:06,3150,3150
880,07/06/2025 , 02:25:06,3149,3149
881,07/06/2025 , 03:25:06,3149,3149
882,07/06/2025 , 04:25:06,3147,3147
883,07/06/2025 , 05:25:06,3147,3147
884,07/06/2025 , 06:25:06,3146,3146
885,07/06/2025 , 07:25:06,3145,3145
886,07/06/2025 , 08:25:06,3145,3145
887,07/06/2025 , 09:25:06,3144,3144
888,07/06/2025 , 10:25:06,3143,3143
889,07/06/2025 , 11:25:06,3142,3142
890,07/06/2025 , 12:25:06,3141,3141
891,07/06/2025 , 13:25:06,3141,3141
892,07/06/2025 , 14:25:06,3139,3139
893,07/06/2025 , 15:25:06,3138,3138
894,07/06/2025 , 16:25:06,3137,3137
895,07/06/2025 , 17:25:06,3135,3135
896,07/06/2025 , 18:25:06,3135,3135
897,07/06/2025 , 19:25:06,3133,3133
898,07/06/2025 , 20:25:06,3132,3132
899,07/06/2025 , 21:25:06,3131,3131
900,07/06/2025 , 22:25:06,3131,3131
901,07/06/2025 , 23:25:06,3129,3129
902,08/06/2025 , 00:25:06,3129,3129
903,08/06/2025 , 01:25:06,3128,3128
904,08/06/2025 , 02:25:06,3127,3127
905,08/06/2025 , 03:25:06,3126,3126
906,08/06/2025 , 04:25:06,3125,3125
907,08/06/2025 , 05:25:06,3125,3125
908,08/06/2025 , 06:25:06,3125,3125
909,08/06/2025 , 07:25:06,3125,3125
910,08/06/2025 , 08:25:06,3124,3124
911,08/06/2025 , 09:25:06,3123,3123
912,08/06/2025 , 10:25:06,3123,3123
913,08/06/2025 , 11:25:06,3123,3123
914,08/06/2025 , 12:25:06,3122,3122
915,08/06/2025 , 13:25:06,3122,3122
916,08/06/2025 , 14:25:06,3119,3119
917,08/06/2025 , 15:25:06,3118,3118
918,08/06/2025 , 16:25:06,3117,3117
919,08/06/2025 , 17:25:06,3117,3117
920,08/06/2025 , 18:25:06,3116,3116
921,08/06/2025 , 19:25:06,3115,3115
922,08/06/2025 , 20:25:06,3114,3114
923,08/06/2025 , 21:25:06,3114,3114
924,08/06/2025 , 22:25:06,3113,3113
925,08/06/2025 , 23:25:06,3113,3113
926,09/06/2025 , 00:25:06,3112,3112
927,09/06/2025 , 01:25:06,3112,3112
928,09/06/2025 , 02:25:06,3111,3111
929,09/06/2025 , 03:25:06,3111,3111
930,09/06/2025 , 04:25:06,3111,3111
931,09/06/2025 , 05:25:06,3110,3110
932,09/06/2025 , 06:25:06,3111,3111
933,09/06/2025 , 07:25:06,3110,3110
934,09/06/2025 , 08:25:06,3110,3110
935,09/06/2025 , 09:25:06,3110,3110
936,09/06/2025 , 10:25:06,3110,3110
937,09/06/2025 , 11:25:06,3110,3110
938,09/06/2025 , 12:25:06,3109,3109
939,09/06/2025 , 13:25:06,3108,3108
940,09/06/2025 , 14:25:06,3108,3108
941,09/06/2025 , 15:25:06,3106,3106
942,09/06/2025 , 16:25:06,3105,3105
943,09/06/2025 , 17:25:06,3104,3104
944,09/06/2025 , 18:25:06,3103,3103
945,09/06/2025 , 19:25:06,3103,3103
946,09/06/2025 , 20:25:06,3102,3102
947,09/06/2025 , 21:25:06,3102,3102
948,09/06/2025 , 22:25:06,3102,3102
949,09/06/2025 , 23:25:06,3101,3101
950,10/06/2025 , 00:25:06,3100,3100
951,10/06/2025 , 01:25:06,3100,3100
952,10/06/2025 , 02:25:06,3098,3098
953,10/06/2025 , 03:25:06,3097,3097
954,10/06/2025 , 04:25:06,3096,3096
955,10/06/2025 , 05:25:06,3096,3096
956,10/06/2025 , 06:25:06,3096,3096
957,10/06/2025 , 07:25:06,3095,3095
958,10/06/2025 , 08:25:06,3095,3095
959,10/06/2025 , 09:25:06,3094,3094
960,10/06/2025 , 10:25:06,3094,3094
961,10/06/2025 , 11:25:06,3093,3093
962,10/06/2025 , 12:25:06,3093,3093
963,10/06/2025 , 13:25:06,3093,3093
964,10/06/2025 , 14:25:06,3093,3093
965,10/06/2025 , 15:25:06,3093,3093
966,10/06/2025 , 16:25:06,3093,3093
967,10/06/2025 , 17:25:06,3093,3093
968,10/06/2025 , 18:25:06,3092,3092
969,10/06/2025 , 19:25:06,3092,3092
970,10/06/2025 , 20:25:06,3091,3091
971,10/06/2025 , 21:25:06,3091,3091
972,10/06/2025 , 22:25:06,3090,3090
973,10/06/2025 , 23:25:06,3090,3090
974,11/06/2025 , 00:25:06,3090,3090
975,11/06/2025 , 01:25:06,3089,3089
976,11/06/2025 , 02:25:06,3089,3089
977,11/06/2025 , 03:25:06,3088,3088
978,11/06/2025 , 04:25:06,3088,3088
979,11/06/2025 , 05:25:06,3086,3086
980,11/06/2025 , 06:25:06,3085,3085
981,11/06/2025 , 07:25:06,3085,3085
982,11/06/2025 , 08:25:06,3085,3085
983,11/06/2025 , 09:25:06,3084,3084
984,11/06/2025 , 10:25:06,3083,3083
985,11/06/2025 , 11:25:06,3083,3083
986,11/06/2025 , 12:25:06,3081,3081
987,11/06/2025 , 13:25:06,3081,3081
988,11/06/2025 , 14:25:06,3079,3079
989,11/06/2025 , 15:25:06,3078,3078
990,11/06/2025 , 16:25:06,3077,3077
991,11/06/2025 , 17:25:06,3076,3076
992,11/06/2025 , 18:25:06,3076,3076
993,11/06/2025 , 19:25:06,3075,3075
994,11/06/2025 , 20:25:06,3055,3055
995,11/06/2025 , 21:25:06,3053,3053
996,11/06/2025 , 22:25:06,3051,3051
997,11/06/2025 , 23:25:06,3050,3050
998,12/06/2025 , 00:25:06,3049,3049
999,12/06/2025 , 01:25:06,3047,3047
1000,12/06/2025 , 02:25:06,3046,3046
1001,12/06/2025 , 03:25:06,3044,3044
1002,12/06/2025 , 04:25:06,3043,3043
1003,12/06/2025 , 05:25:06,3042,3042
1004,12/06/2025 , 06:25:06,3041,3041
1005,12/06/2025 , 07:25:06,3040,3040
1006,12/06/2025 , 08:25:06,3037,3037
1007,12/06/2025 , 09:25:06,3035,3035
1008,12/06/2025 , 10:25:06,3033,3033
1009,12/06/2025 , 11:25:06,3031,3031
1010,12/06/2025 , 12:25:06,3029,3029
1011,12/06/2025 , 13:25:06,3028,3028
1012,12/06/2025 , 14:25:06,3025,3025
1013,12/06/2025 , 15:25:06,3023,3023
1014,12/06/2025 , 16:25:06,3021,3021
1015,12/06/2025 , 17:25:06,3019,3019
1016,12/06/2025 , 18:25:06,3017,3017
1017,12/06/2025 , 19:25:06,3014,3014
1018,12/06/2025 , 20:25:06,3009,3009
1019,12/06/2025 , 21:25:06,3006,3006
1020,12/06/2025 , 22:25:06,3004,3004
1021,12/06/2025 , 23:25:06,3002,3002
1022,13/06/2025 , 00:25:06,2999,2999
1023,13/06/2025 , 01:25:06,2998,2998
1024,13/06/2025 , 02:25:06,2994,2994
1025,13/06/2025 , 03:25:06,2992,2992
1026,13/06/2025 , 04:25:06,2990,2990
1027,13/06/2025 , 05:25:06,2988,2988
1028,13/06/2025 , 06:25:06,2987,2987
1029,13/06/2025 , 07:25:06,2986,2986
1030,13/06/2025 , 08:25:06,2983,2983
1031,13/06/2025 , 09:25:06,2982,2982
1032,13/06/2025 , 10:25:06,2979,2979
1033,13/06/2025 , 11:25:06,2977,2977
1034,13/06/2025 , 12:25:06,2974,2974
1035,13/06/2025 , 13:25:06,2971,2971
1036,13/06/2025 , 14:25:06,2967,2967
1037,13/06/2025 , 15:25:06,2964,2964
1038,13/06/2025 , 16:25:06,2962,2962
1039,13/06/2025 , 17:25:06,2960,2960
1040,13/06/2025 , 18:25:06,2958,2958
1041,13/06/2025 , 19:25:06,2955,2955
1042,13/06/2025 , 20:25:06,2953,2953
1043,13/06/2025 , 21:25:06,2952,2952
1044,13/06/2025 , 22:25:06,2949,2949
1045,13/06/2025 , 23:25:06,2947,2947
1046,14/06/2025 , 00:25:06,2946,2946
1047,14/06/2025 , 01:25:06,2944,2944
1048,14/06/2025 , 02:25:06,2942,2942
1049,14/06/2025 , 03:25:06,2940,2940
1050,14/06/2025 , 04:25:06,2938,2938
1051,14/06/2025 , 05:25:06,2936,2936
1052,14/06/2025 , 06:25:06,2936,2936
1053,14/06/2025 , 07:25:06,2935,2935
1054,14/06/2025 , 08:25:06,2934,2934
1055,14/06/2025 , 09:25:06,2932,2932
1056,14/06/2025 , 10:25:06,2930,2930
1057,14/06/2025 , 11:25:06,2930,2930
1058,14/06/2025 , 12:25:06,2928,2928
1059,14/06/2025 , 13:25:06,2927,2927
1060,14/06/2025 , 14:25:06,2924,2924
1061,14/06/2025 , 15:25:06,2922,2922
1062,14/06/2025 , 16:25:06,2920,2920
1063,14/06/2025 , 17:25:06,2919,2919
1064,14/06/2025 , 18:25:06,2919,2919
1065,14/06/2025 , 19:25:06,2918,2918
1066,14/06/2025 , 20:25:06,2916,2916
1067,14/06/2025 , 21:25:06,2914,2914
1068,14/06/2025 , 22:25:06,2913,2913
1069,14/06/2025 , 23:25:06,2912,2912
1070,15/06/2025 , 00:25:06,2910,2910
1071,15/06/2025 , 01:25:06,2910,2910
1072,15/06/2025 , 02:25:06,2909,2909
1073,15/06/2025 , 03:25:06,2907,2907
1074,15/06/2025 , 04:25:06,2907,2907
1075,15/06/2025 , 05:25:06,2906,2906
1076,15/06/2025 , 06:25:06,2905,2905
1077,15/06/2025 , 07:25:06,2905,2905
1078,15/06/2025 , 08:25:06,2905,2905
1079,15/06/2025 , 09:25:06,2905,2905
1080,15/06/2025 , 10:25:06,2903,2903
1081,15/06/2025 , 11:25:06,2903,2903
1082,15/06/2025 , 12:25:06,2903,2903
1083,15/06/2025 , 13:25:06,2902,2902
1084,15/06/2025 , 14:25:06,2899,2899
1085,15/06/2025 , 15:25:06,2898,2898
1086,15/06/2025 , 16:25:06,2897,2897
1087,15/06/2025 , 17:25:06,2895,2895
1088,15/06/2025 , 18:25:06,2894,2894
1089,15/06/2025 , 19:25:06,2894,2894
1090,15/06/2025 , 20:25:06,2892,2892
1091,15/06/2025 , 21:25:06,2891,2891
1092,15/06/2025 , 22:25:06,2889,2889
1093,15/06/2025 , 23:25:06,2889,2889
1094,16/06/2025 , 00:25:06,2888,2888
1095,16/06/2025 , 01:25:06,2888,2888
1096,16/06/2025 , 02:25:06,2886,2886
1097,16/06/2025 , 03:25:06,2885,2885
1098,16/06/2025 , 04:25:06,2884,2884
1099,16/06/2025 , 05:25:06,2883,2883
1100,16/06/2025 , 06:25:06,2883,2883
1101,16/06/2025 , 07:25:06,2882,2882
1102,16/06/2025 , 08:25:06,2882,2882
1103,16/06/2025 , 09:25:06,2881,2881
1104,16/06/2025 , 10:25:06,2880,2880
1105,16/06/2025 , 11:25:06,2880,2880
1106,16/06/2025 , 12:25:06,2879,2879
1107,16/06/2025 , 13:25:06,2878,2878
1108,16/06/2025 , 14:25:06,2874,2874
1109,16/06/2025 , 15:25:06,2874,2874
1110,16/06/2025 , 16:25:06,2874,2874
1111,16/06/2025 , 17:25:06,2873,2873
1112,16/06/2025 , 18:25:06,2872,2872
1113,16/06/2025 , 19:25:06,2871,2871
1114,16/06/2025 , 20:25:06,2871,2871
1115,16/06/2025 , 21:25:06,2871,2871
1116,16/06/2025 , 22:25:06,2870,2870
1117,16/06/2025 , 23:25:06,2870,2870
1118,17/06/2025 , 00:25:06,2869,2869
1119,17/06/2025 , 01:25:06,2869,2869
1120,17/06/2025 , 02:25:06,2868,2868
1121,17/06/2025 , 03:25:06,2868,2868
1122,17/06/2025 , 04:25:06,2868,2868
1123,17/06/2025 , 05:25:06,2867,2867
1124,17/06/2025 , 06:25:06,2866,2866
1125,17/06/2025 , 07:25:06,2867,2867
1126,17/06/2025 , 08:25:06,2867,2867
1127,17/06/2025 , 09:25:06,2868,2868
1128,17/06/2025 , 10:25:06,2867,2867
1129,17/06/2025 , 11:25:06,2866,2866
1130,17/06/2025 , 12:25:06,2866,2866
1131,17/06/2025 , 13:25:06,2866,2866
1132,17/06/2025 , 14:25:06,2865,2865
1133,17/06/2025 , 15:25:06,2864,2864
1134,17/06/2025 , 16:25:06,2863,2863
1135,17/06/2025 , 17:25:06,2863,2863
1136,17/06/2025 , 18:25:06,2863,2863
1137,17/06/2025 , 19:25:06,2862,2862
1138,17/06/2025 , 20:25:06,2861,2861
1139,17/06/2025 , 21:25:06,2861,2861
1140,17/06/2025 , 22:25:06,2860,2860
1141,17/06/2025 , 23:25:06,2859,2859
1142,18/06/2025 , 00:25:06,2860,2860
1143,18/06/2025 , 01:25:06,2859,2859
1144,18/06/2025 , 02:25:06,2859,2859
1145,18/06/2025 , 03:25:06,2858,2858
1146,18/06/2025 , 04:25:06,2858,2858
1147,18/06/2025 , 05:25:06,2859,2859
1148,18/06/2025 , 06:25:06,2859,2859
1149,18/06/2025 , 07:25:06,2858,2858
1150,18/06/2025 , 08:25:06,2860,2860
1151,18/06/2025 , 09:25:06,2858,2858
1152,18/06/2025 , 10:25:06,2868,2868
1153,18/06/2025 , 11:25:06,2868,2868
1154,18/06/2025 , 12:25:06,2868,2868
1155,18/06/2025 , 13:25:06,2867,2867
1156,18/06/2025 , 14:25:06,2869,2869
1157,18/06/2025 , 15:25:06,2868,2868
1158,18/06/2025 , 16:25:06,2870,2870
1159,18/06/2025 , 17:25:06,2869,2869
1160,18/06/2025 , 18:25:06,2868,2868
1161,18/06/2025 , 19:25:06,2868,2868
1162,18/06/2025 , 20:25:06,2868,2868
1163,18/06/2025 , 21:25:06,2867,2867
1164,18/06/2025 , 22:25:06,2866,2866
1165,18/06/2025 , 23:25:06,2865,2865
1166,19/06/2025 , 00:25:06,2865,2865
1167,19/06/2025 , 01:25:06,2863,2863
1168,19/06/2025 , 02:25:06,2864,2864
1169,19/06/2025 , 03:25:06,2863,2863
1170,19/06/2025 , 04:25:06,2863,2863
1171,19/06/2025 , 05:25:06,2863,2863
1172,19/06/2025 , 06:25:06,2861,2861
1173,19/06/2025 , 07:25:06,2863,2863
1174,19/06/2025 , 08:25:06,2862,2862
1175,19/06/2025 , 09:25:06,2879,2879
1176,19/06/2025 , 10:25:06,2882,2882
1177,19/06/2025 , 11:25:06,2897,2897
1178,19/06/2025 , 12:25:06,2919,2919
1179,19/06/2025 , 13:25:06,2918,2918
1180,19/06/2025 , 14:25:06,2913,2913
1181,19/06/2025 , 15:25:06,2910,2910
1182,19/06/2025 , 16:25:06,2909,2909
1183,19/06/2025 , 17:25:06,2909,2909
1184,19/06/2025 , 18:25:06,2913,2913
1185,19/06/2025 , 19:25:06,2911,2911
1186,19/06/2025 , 20:25:06,3131,3131
1187,19/06/2025 , 21:25:06,3214,3214
1188,19/06/2025 , 22:25:06,3216,3216
1189,19/06/2025 , 23:25:06,3221,3221
1190,20/06/2025 , 00:25:06,3224,3224
1191,20/06/2025 , 01:25:06,3225,3225
1192,20/06/2025 , 02:25:06,3227,3227
1193,20/06/2025 , 03:25:06,3226,3226
1194,20/06/2025 , 04:25:06,3244,3244
1195,20/06/2025 , 05:25:06,3246,3246
1196,20/06/2025 , 06:25:06,3234,3234
1197,20/06/2025 , 07:25:06,3231,3231
1198,20/06/2025 , 08:25:06,3234,3234
1199,20/06/2025 , 09:25:06,3241,3241
1200,20/06/2025 , 10:25:06,3234,3234
1201,20/06/2025 , 11:25:06,3231,3231
1202,20/06/2025 , 12:25:06,3235,3235
1203,20/06/2025 , 13:25:06,3233,3233
1204,20/06/2025 , 14:25:06,3232,3232
1205,20/06/2025 , 15:25:06,3233,3233
1206,20/06/2025 , 16:25:06,3229,3229
1207,20/06/2025 , 17:25:06,3228,3228
1208,20/06/2025 , 18:25:06,3225,3225
1209,20/06/2025 , 19:25:06,3229,3229
1210,20/06/2025 , 20:25:06,3228,3228
1211,20/06/2025 , 21:25:06,3226,3226
1212,20/06/2025 , 22:25:06,3227,3227
1213,20/06/2025 , 23:25:06,3227,3227
1214,21/06/2025 , 00:25:06,3226,3226
1215,21/06/2025 , 01:25:06,3226,3226
1216,21/06/2025 , 02:25:06,3224,3224
1217,21/06/2025 , 03:25:06,3225,3225
1218,21/06/2025 , 04:25:06,3225,3225
1219,21/06/2025 , 05:25:06,3224,3224
1220,21/06/2025 , 06:25:06,3232,3232
1221,21/06/2025 , 07:25:06,3226,3226
1222,21/06/2025 , 08:25:06,3225,3225
1223,21/06/2025 , 09:25:06,3225,3225
1224,21/06/2025 , 10:25:06,3225,3225
1225,21/06/2025 , 11:25:06,3224,3224
1226,21/06/2025 , 12:25:06,3224,3224
1227,21/06/2025 , 13:25:06,3224,3224
1228,21/06/2025 , 14:25:06,3221,3221
1229,21/06/2025 , 15:25:06,3221,3221
1230,21/06/2025 , 16:25:06,3222,3222
1231,21/06/2025 , 17:25:06,3221,3221
1232,21/06/2025 , 18:25:06,3221,3221
1233,21/06/2025 , 19:25:06,3221,3221
1234,21/06/2025 , 20:25:06,3221,3221
1235,21/06/2025 , 21:25:06,3221,3221
1236,21/06/2025 , 22:25:06,3221,3221
1237,21/06/2025 , 23:25:06,3221,3221
1238,22/06/2025 , 00:25:06,3222,3222
1239,22/06/2025 , 01:25:06,3222,3222
1240,22/06/2025 , 02:25:06,3221,3221
1241,22/06/2025 , 03:25:06,3223,3223
1242,22/06/2025 , 04:25:06,3225,3225
1243,22/06/2025 , 05:25:06,3227,3227
1244,22/06/2025 , 06:25:06,3230,3230
1245,22/06/2025 , 07:25:06,3232,3232
1246,22/06/2025 , 08:25:06,3232,3232
1247,22/06/2025 , 09:25:06,3232,3232
1248,22/06/2025 , 10:25:06,3230,3230
1249,22/06/2025 , 11:25:06,3228,3228
1250,22/06/2025 , 12:25:06,3229,3229
1251,22/06/2025 , 13:25:06,3228,3228
1252,22/06/2025 , 14:25:06,3228,3228
1253,22/06/2025 , 15:25:06,3227,3227
1254,22/06/2025 , 16:25:06,3226,3226
1255,22/06/2025 , 17:25:06,3225,3225
1256,22/06/2025 , 18:25:06,3225,3225
1257,22/06/2025 , 19:25:06,3225,3225
1258,22/06/2025 , 20:25:06,3224,3224
1259,22/06/2025 , 21:25:06,3224,3224
1260,22/06/2025 , 22:25:06,3225,3225
1261,22/06/2025 , 23:25:06,3224,3224
1262,23/06/2025 , 00:25:06,3224,3224
1263,23/06/2025 , 01:25:06,3224,3224
1264,23/06/2025 , 02:25:06,3224,3224
1265,23/06/2025 , 03:25:06,3224,3224
1266,23/06/2025 , 04:25:06,3224,3224
1267,23/06/2025 , 05:25:06,3224,3224
1268,23/06/2025 , 06:25:06,3223,3223
1269,23/06/2025 , 07:25:06,3224,3224
1270,23/06/2025 , 08:25:06,3224,3224
1271,23/06/2025 , 09:25:06,3226,3226
1272,23/06/2025 , 10:25:06,3226,3226
1273,23/06/2025 , 11:25:06,3225,3225
1274,23/06/2025 , 12:25:06,3225,3225
1275,23/06/2025 , 13:25:06,3223,3223
1276,23/06/2025 , 14:25:06,3223,3223
1277,23/06/2025 , 15:25:06,3223,3223
1278,23/06/2025 , 16:25:06,3222,3222
1279,23/06/2025 , 17:25:06,3223,3223
1280,23/06/2025 , 18:25:06,3223,3223
1281,23/06/2025 , 19:25:06,3223,3223
1282,23/06/2025 , 20:25:06,3223,3223
1283,23/06/2025 , 21:25:06,3226,3226
1284,23/06/2025 , 22:25:06,3250,3250
1285,23/06/2025 , 23:25:06,3246,3246
1286,24/06/2025 , 00:25:06,3249,3249
1287,24/06/2025 , 01:25:06,3250,3250
1288,24/06/2025 , 02:25:06,3239,3239
1289,24/06/2025 , 03:25:06,3233,3233
1290,24/06/2025 , 04:25:06,3235,3235
1291,24/06/2025 , 05:25:06,3234,3234
1292,24/06/2025 , 06:25:06,3233,3233
1293,24/06/2025 , 07:25:06,3233,3233
1294,24/06/2025 , 08:25:06,3231,3231
1295,24/06/2025 , 09:25:06,3232,3232
1296,24/06/2025 , 10:25:06,3230,3230
1297,24/06/2025 , 11:25:06,3231,3231
1298,24/06/2025 , 12:25:06,3230,3230
1299,24/06/2025 , 13:25:06,3228,3228
1300,24/06/2025 , 14:25:06,3227,3227
1301,24/06/2025 , 15:25:06,3227,3227
1302,24/06/2025 , 16:25:06,3227,3227
1303,24/06/2025 , 17:25:06,3226,3226
1304,24/06/2025 , 18:25:06,3226,3226
1305,24/06/2025 , 19:25:06,3225,3225
1306,24/06/2025 , 20:25:06,3225,3225
1307,24/06/2025 , 21:25:06,3225,3225
1308,24/06/2025 , 22:25:06,3227,3227
1309,24/06/2025 , 23:25:06,3226,3226
1310,25/06/2025 , 00:25:06,3226,3226
1311,25/06/2025 , 01:25:06,3226,3226
1312,25/06/2025 , 02:25:06,3226,3226
1313,25/06/2025 , 03:25:06,3226,3226
1314,25/06/2025 , 04:25:06,3225,3225
1315,25/06/2025 , 05:25:06,3225,3225
1316,25/06/2025 , 06:25:06,3226,3226
1317,25/06/2025 , 07:25:06,3226,3226
1318,25/06/2025 , 08:25:06,3227,3227
1319,25/06/2025 , 09:25:06,3226,3226
1320,25/06/2025 , 10:25:06,3225,3225
1321,25/06/2025 , 11:25:06,3225,3225
1322,25/06/2025 , 12:25:06,3226,3226
1323,25/06/2025 , 13:25:06,3225,3225
1324,25/06/2025 , 14:25:06,3223,3223
1325,25/06/2025 , 15:25:06,3223,3223
1326,25/06/2025 , 16:25:06,3223,3223
1327,25/06/2025 , 17:25:06,3222,3222
1328,25/06/2025 , 18:25:06,3222,3222
1329,25/06/2025 , 19:25:06,3222,3222
1330,25/06/2025 , 20:25:06,3221,3221
1331,25/06/2025 , 21:25:06,3221,3221
1332,25/06/2025 , 22:25:06,3222,3222
1333,25/06/2025 , 23:25:06,3222,3222
1334,26/06/2025 , 00:25:06,3220,3220
1335,26/06/2025 , 01:25:06,3221,3221
1336,26/06/2025 , 02:25:06,3222,3222
1337,26/06/2025 , 03:25:06,3222,3222
1338,26/06/2025 , 04:25:06,3221,3221
1339,26/06/2025 , 05:25:06,3222,3222
1340,26/06/2025 , 06:25:06,3222,3222
1341,26/06/2025 , 07:25:06,3222,3222
1342,26/06/2025 , 08:25:06,3222,3222
1343,26/06/2025 , 09:25:06,3222,3222
1344,26/06/2025 , 10:25:06,3221,3221
1345,26/06/2025 , 11:25:06,3221,3221
1346,26/06/2025 , 12:25:06,3220,3220
1347,26/06/2025 , 13:25:06,3221,3221
1348,26/06/2025 , 14:25:06,3221,3221
1349,26/06/2025 , 15:25:06,3220,3220
1350,26/06/2025 , 16:25:06,3219,3219
1351,26/06/2025 , 17:25:06,3219,3219
1352,26/06/2025 , 18:25:06,3217,3217
1353,26/06/2025 , 19:25:06,3216,3216
1354,26/06/2025 , 20:25:06,3216,3216
1355,26/06/2025 , 21:25:06,3215,3215
1356,26/06/2025 , 22:25:06,3214,3214
1357,26/06/2025 , 23:25:06,3214,3214
1358,27/06/2025 , 00:25:06,3215,3215
1359,27/06/2025 , 01:25:06,3215,3215
1360,27/06/2025 , 02:25:06,3214,3214
1361,27/06/2025 , 03:25:06,3214,3214
1362,27/06/2025 , 04:25:06,3212,3212
1363,27/06/2025 , 05:25:06,3212,3212
1364,27/06/2025 , 06:25:06,3212,3212
1365,27/06/2025 , 07:25:06,3214,3214
1366,27/06/2025 , 08:25:06,3212,3212
1367,27/06/2025 , 09:25:06,3213,3213
1368,27/06/2025 , 10:25:06,3213,3213
1369,27/06/2025 , 11:25:06,3211,3211
1370,27/06/2025 , 12:25:06,3209,3209
1371,27/06/2025 , 13:25:06,3206,3206
1372,27/06/2025 , 14:25:06,3202,3202
1373,27/06/2025 , 15:25:06,3206,3206
1374,27/06/2025 , 16:25:06,3207,3207
1375,27/06/2025 , 17:25:06,3205,3205
1376,27/06/2025 , 18:25:06,3200,3200
1377,27/06/2025 , 19:25:06,3200,3200
1378,27/06/2025 , 20:25:06,3198,3198
1379,27/06/2025 , 21:25:06,3195,3195
1380,27/06/2025 , 22:25:06,3194,3194
1381,27/06/2025 , 23:25:06,3193,3193
1382,28/06/2025 , 00:25:06,3192,3192
1383,28/06/2025 , 01:25:06,3187,3187
1384,28/06/2025 , 02:25:06,3186,3186
1385,28/06/2025 , 03:25:06,3185,3185
1386,28/06/2025 , 04:25:06,3187,3187
1387,28/06/2025 , 05:25:06,3201,3201
1388,28/06/2025 , 06:25:06,3202,3202
1389,28/06/2025 , 07:25:06,3225,3225
1390,28/06/2025 , 08:25:06,3227,3227
1391,28/06/2025 , 09:25:06,3229,3229
1392,28/06/2025 , 10:25:06,3229,3229
1393,28/06/2025 , 11:25:06,3229,3229
1394,28/06/2025 , 12:25:06,3230,3230
1395,28/06/2025 , 13:25:06,3232,3232
1396,28/06/2025 , 14:25:06,3233,3233
1397,28/06/2025 , 15:25:06,3233,3233
1398,28/06/2025 , 16:25:06,3233,3233
1399,28/06/2025 , 17:25:06,3233,3233
1400,28/06/2025 , 18:25:06,3234,3234
1401,28/06/2025 , 19:25:06,3234,3234
1402,28/06/2025 , 20:25:06,3235,3235
1403,28/06/2025 , 21:25:06,3232,3232
1404,28/06/2025 , 22:25:06,3242,3242
1405,28/06/2025 , 23:25:06,3240,3240
1406,29/06/2025 , 00:25:06,3239,3239
1407,29/06/2025 , 01:25:06,3237,3237
1408,29/06/2025 , 02:25:06,3236,3236
1409,29/06/2025 , 03:25:06,3234,3234
1410,29/06/2025 , 04:25:06,3235,3235
1411,29/06/2025 , 05:25:06,3235,3235
1412,29/06/2025 , 06:25:06,3234,3234
1413,29/06/2025 , 07:25:06,3232,3232
1414,29/06/2025 , 08:25:06,3234,3234
1415,29/06/2025 , 09:25:06,3230,3230
1416,29/06/2025 , 10:25:06,3232,3232
1417,29/06/2025 , 11:25:06,3231,3231
1418,29/06/2025 , 12:25:06,3232,3232
1419,29/06/2025 , 13:25:06,3232,3232
1420,29/06/2025 , 14:25:06,3231,3231
1421,29/06/2025 , 15:25:06,3231,3231
1422,29/06/2025 , 16:25:06,3231,3231
1423,29/06/2025 , 17:25:06,3230,3230
1424,29/06/2025 , 18:25:06,3230,3230
1425,29/06/2025 , 19:25:06,3229,3229
1426,29/06/2025 , 20:25:06,3229,3229
1427,29/06/2025 , 21:25:06,3229,3229
1428,29/06/2025 , 22:25:06,3232,3232
1429,29/06/2025 , 23:25:06,3231,3231
1430,30/06/2025 , 00:25:06,3230,3230
1431,30/06/2025 , 01:25:06,3232,3232
1432,30/06/2025 , 02:25:06,3232,3232
1433,30/06/2025 , 03:25:06,3230,3230
1434,30/06/2025 , 04:25:06,3229,3229
1435,30/06/2025 , 05:25:06,3229,3229
1436,30/06/2025 , 06:25:06,3229,3229
1437,30/06/2025 , 07:25:06,3229,3229
1438,30/06/2025 , 08:25:06,3232,3232
1439,30/06/2025 , 09:25:06,3231,3231
1440,30/06/2025 , 10:25:06,3230,3230
1441,30/06/2025 , 11:25:06,3230,3230
1442,30/06/2025 , 12:25:06,3230,3230
1443,30/06/2025 , 13:25:06,3228,3228
1444,30/06/2025 , 14:25:06,3227,3227
1445,30/06/2025 , 15:25:06,3227,3227
1446,30/06/2025 , 16:25:06,3227,3227
1447,30/06/2025 , 17:25:06,3227,3227
1448,30/06/2025 , 18:25:06,3227,3227
1449,30/06/2025 , 19:25:06,3227,3227
1450,30/06/2025 , 20:25:06,3227,3227
1451,30/06/2025 , 21:25:06,3227,3227
1452,30/06/2025 , 22:25:06,3227,3227
1453,30/06/2025 , 23:25:06,3227,3227
1454,01/07/2025 , 00:25:06,3227,3227
1455,01/07/2025 , 01:25:06,3227,3227
1456,01/07/2025 , 02:25:06,3227,3227
1457,01/07/2025 , 03:25:06,3226,3226
1458,01/07/2025 , 04:25:06,3228,3228
1459,01/07/2025 , 05:25:06,3228,3228
1460,01/07/2025 , 06:25:06,3227,3227
1461,01/07/2025 , 07:25:06,3228,3228
1462,01/07/2025 , 08:25:06,3229,3229
1463,01/07/2025 , 09:25:06,3232,3232
1464,01/07/2025 , 10:25:06,3233,3233
1465,01/07/2025 , 11:25:06,3231,3231
1466,01/07/2025 , 12:25:06,3232,3232
1467,01/07/2025 , 13:25:06,3233,3233
1468,01/07/2025 , 14:25:06,3234,3234
1469,01/07/2025 , 15:25:06,3234,3234
1470,01/07/2025 , 16:25:06,3234,3234
1471,01/07/2025 , 17:25:06,3235,3235
1472,01/07/2025 , 18:25:06,3233,3233
1473,01/07/2025 , 19:25:06,3236,3236
1474,01/07/2025 , 20:25:06,3239,3239
1475,01/07/2025 , 21:25:06,3238,3238
1476,01/07/2025 , 22:25:06,3237,3237
1477,01/07/2025 , 23:25:06,3236,3236
1478,02/07/2025 , 00:25:06,3237,3237
1479,02/07/2025 , 01:25:06,3237,3237
1480,02/07/2025 , 02:25:06,3236,3236
1481,02/07/2025 , 03:25:06,3235,3235
1482,02/07/2025 , 04:25:06,3235,3235
1483,02/07/2025 , 05:25:06,3235,3235
1484,02/07/2025 , 06:25:06,3236,3236
1485,02/07/2025 , 07:25:06,3235,3235
1486,02/07/2025 , 08:25:06,3235,3235
1487,02/07/2025 , 09:25:06,3234,3234
1488,02/07/2025 , 10:25:06,3234,3234
1489,02/07/2025 , 11:25:06,3234,3234
1490,02/07/2025 , 12:25:06,3233,3233
1491,02/07/2025 , 13:25:06,3232,3232
1492,02/07/2025 , 14:25:06,3232,3232
1493,02/07/2025 , 15:25:06,3231,3231
1494,02/07/2025 , 16:25:06,3229,3229
1495,02/07/2025 , 17:25:06,3230,3230
1496,02/07/2025 , 18:25:06,3229,3229
1497,02/07/2025 , 19:25:06,3229,3229
1498,02/07/2025 , 20:25:06,3229,3229
1499,02/07/2025 , 21:25:06,3229,3229
1500,02/07/2025 , 22:25:06,3229,3229
1501,02/07/2025 , 23:25:06,3230,3230
1502,03/07/2025 , 00:25:06,3230,3230
1503,03/07/2025 , 01:25:06,3229,3229
1504,03/07/2025 , 02:25:06,3229,3229
1505,03/07/2025 , 03:25:06,3229,3229
1506,03/07/2025 , 04:25:06,3230,3230
1507,03/07/2025 , 05:25:06,3230,3230
1508,03/07/2025 , 06:25:06,3230,3230
1509,03/07/2025 , 07:25:06,3230,3230
1510,03/07/2025 , 08:25:06,3234,3234
1511,03/07/2025 , 09:25:06,3232,3232
1512,03/07/2025 , 10:25:06,3232,3232
1513,03/07/2025 , 11:25:06,3231,3231
1514,03/07/2025 , 12:25:06,3230,3230
1515,03/07/2025 , 13:25:06,3230,3230
1516,03/07/2025 , 14:25:06,3233,3233
1517,03/07/2025 , 15:25:06,3232,3232
1518,03/07/2025 , 16:25:06,3230,3230
1519,03/07/2025 , 17:25:06,3230,3230
1520,03/07/2025 , 18:25:06,3232,3232
1521,03/07/2025 , 19:25:06,3231,3231
1522,03/07/2025 , 20:25:06,3231,3231
1523,03/07/2025 , 21:25:06,3230,3230
1524,03/07/2025 , 22:25:06,3231,3231
1525,03/07/2025 , 23:25:06,3230,3230
1526,04/07/2025 , 00:25:06,3229,3229
1527,04/07/2025 , 01:25:06,3229,3229
1528,04/07/2025 , 02:25:06,3229,3229
1529,04/07/2025 , 03:25:06,3229,3229
1530,04/07/2025 , 04:25:06,3229,3229
1531,04/07/2025 , 05:25:06,3229,3229
1532,04/07/2025 , 06:25:06,3229,3229
1533,04/07/2025 , 07:25:06,3229,3229
1534,04/07/2025 , 08:25:06,3229,3229
1535,04/07/2025 , 09:25:06,3230,3230
1536,04/07/2025 , 10:25:06,3229,3229
1537,04/07/2025 , 11:25:06,3231,3231
1538,04/07/2025 , 12:25:06,3232,3232
1539,04/07/2025 , 13:25:06,3230,3230
1540,04/07/2025 , 14:25:06,3230,3230
1541,04/07/2025 , 15:25:06,3229,3229
1542,04/07/2025 , 16:25:06,3229,3229
1543,04/07/2025 , 17:25:06,3229,3229
1544,04/07/2025 , 18:25:06,3229,3229
1545,04/07/2025 , 19:25:06,3229,3229
1546,04/07/2025 , 20:25:06,3229,3229
1547,04/07/2025 , 21:25:06,3229,3229
1548,04/07/2025 , 22:25:06,3228,3228
1549,04/07/2025 , 23:25:06,3227,3227
1550,05/07/2025 , 00:25:06,3227,3227
1551,05/07/2025 , 01:25:06,3227,3227
1552,05/07/2025 , 02:25:06,3227,3227
1553,05/07/2025 , 03:25:06,3226,3226
1554,05/07/2025 , 04:25:06,3225,3225
1555,05/07/2025 , 05:25:06,3225,3225
1556,05/07/2025 , 06:25:06,3225,3225
1557,05/07/2025 , 07:25:06,3225,3225
1558,05/07/2025 , 08:25:06,3225,3225
1559,05/07/2025 , 09:25:06,3226,3226
1560,05/07/2025 , 10:25:06,3225,3225
1561,05/07/2025 , 11:25:06,3225,3225
1562,05/07/2025 , 12:25:06,3225,3225
1563,05/07/2025 , 13:25:06,3223,3223
1564,05/07/2025 , 14:25:06,3220,3220
1565,05/07/2025 , 15:25:06,3220,3220
1566,05/07/2025 , 16:25:06,3219,3219
1567,05/07/2025 , 17:25:06,3219,3219
1568,05/07/2025 , 18:25:06,3218,3218
1569,05/07/2025 , 19:25:06,3219,3219
1570,05/07/2025 , 20:25:06,3219,3219
1571,05/07/2025 , 21:25:06,3218,3218
1572,05/07/2025 , 22:25:06,3218,3218
1573,05/07/2025 , 23:25:06,3218,3218
1574,06/07/2025 , 00:25:06,3216,3216
1575,06/07/2025 , 01:25:06,3218,3218
1576,06/07/2025 , 02:25:06,3218,3218
1577,06/07/2025 , 03:25:06,3218,3218
1578,06/07/2025 , 04:25:06,3217,3217
1579,06/07/2025 , 05:25:06,3218,3218
1580,06/07/2025 , 06:25:06,3218,3218
1581,06/07/2025 , 07:25:06,3219,3219
1582,06/07/2025 , 08:25:06,3219,3219
1583,06/07/2025 , 09:25:06,3221,3221
1584,06/07/2025 , 10:25:06,3221,3221
1585,06/07/2025 , 11:25:06,3221,3221
1586,06/07/2025 , 12:25:06,3223,3223
1587,06/07/2025 , 13:25:06,3221,3221
1588,06/07/2025 , 14:25:06,3223,3223
1589,06/07/2025 , 15:25:06,3223,3223
1590,06/07/2025 , 16:25:06,3223,3223
1591,06/07/2025 , 17:25:06,3225,3225
1592,06/07/2025 , 18:25:06,3274,3274
1593,06/07/2025 , 19:25:06,3281,3281
1594,06/07/2025 , 20:25:06,3249,3249
1595,06/07/2025 , 21:25:06,3253,3253
1596,06/07/2025 , 22:25:06,3240,3240
1597,06/07/2025 , 23:25:06,3241,3241
1598,07/07/2025 , 00:25:06,3240,3240
1599,07/07/2025 , 01:25:06,3244,3244
1600,07/07/2025 , 02:25:06,3250,3250
1601,07/07/2025 , 03:25:06,3252,3252
1602,07/07/2025 , 04:25:06,3250,3250
1603,07/07/2025 , 05:25:06,3246,3246
1604,07/07/2025 , 06:25:06,3246,3246
1605,07/07/2025 , 07:25:06,3241,3241
1606,07/07/2025 , 08:25:06,3239,3239
1607,07/07/2025 , 09:25:06,3238,3238
1608,07/07/2025 , 10:25:06,3238,3238
1609,07/07/2025 , 11:25:06,3238,3238
1610,07/07/2025 , 12:25:06,3236,3236
1611,07/07/2025 , 13:25:06,3238,3238
1612,07/07/2025 , 14:25:06,3237,3237
1613,07/07/2025 , 15:25:06,3237,3237
1614,07/07/2025 , 16:25:06,3236,3236
1615,07/07/2025 , 17:25:06,3237,3237
1616,07/07/2025 , 18:25:06,3237,3237
1617,07/07/2025 , 19:25:06,3238,3238
1618,07/07/2025 , 20:25:06,3240,3240
1619,07/07/2025 , 21:25:06,3242,3242
1620,07/07/2025 , 22:25:06,3240,3240
1621,07/07/2025 , 23:25:06,3240,3240
1622,08/07/2025 , 00:25:06,3238,3238
1623,08/07/2025 , 01:25:06,3238,3238
1624,08/07/2025 , 02:25:06,3238,3238
1625,08/07/2025 , 03:25:06,3236,3236
1626,08/07/2025 , 04:25:06,3236,3236
1627,08/07/2025 , 05:25:06,3236,3236
1628,08/07/2025 , 06:25:06,3237,3237
1629,08/07/2025 , 07:25:06,3235,3235
1630,08/07/2025 , 08:25:06,3236,3236
1631,08/07/2025 , 09:25:06,3235,3235
1632,08/07/2025 , 10:25:06,3234,3234
1633,08/07/2025 , 11:25:06,3235,3235
1634,08/07/2025 , 12:25:06,3234,3234
1635,08/07/2025 , 13:25:06,3233,3233
1636,08/07/2025 , 14:25:06,3230,3230
1637,08/07/2025 , 15:25:06,3230,3230
1638,08/07/2025 , 16:25:06,3230,3230
1639,08/07/2025 , 17:25:06,3229,3229
1640,08/07/2025 , 18:25:06,3233,3233
1641,08/07/2025 , 19:25:06,3231,3231
1642,08/07/2025 , 20:25:06,3230,3230
1643,08/07/2025 , 21:25:06,3230,3230
1644,08/07/2025 , 22:25:06,3230,3230
1645,08/07/2025 , 23:25:06,3228,3228
1646,09/07/2025 , 00:25:06,3229,3229
1647,09/07/2025 , 01:25:06,3229,3229
1648,09/07/2025 , 02:25:06,3229,3229
1649,09/07/2025 , 03:25:06,3229,3229
1650,09/07/2025 , 04:25:06,3229,3229
1651,09/07/2025 , 05:25:06,3229,3229
1652,09/07/2025 , 06:25:06,3229,3229
1653,09/07/2025 , 07:25:06,3229,3229
1654,09/07/2025 , 08:25:06,3230,3230
1655,09/07/2025 , 09:25:06,3232,3232
1656,09/07/2025 , 10:25:06,3230,3230
1657,09/07/2025 , 11:25:06,3231,3231
1658,09/07/2025 , 12:25:06,3230,3230
1659,09/07/2025 , 13:25:06,3230,3230
1660,09/07/2025 , 14:25:06,3227,3227
1661,09/07/2025 , 15:25:06,3227,3227
1662,09/07/2025 , 16:25:06,3227,3227
1663,09/07/2025 , 17:25:06,3227,3227
1664,09/07/2025 , 18:25:06,3227,3227
1665,09/07/2025 , 19:25:06,3227,3227
1666,09/07/2025 , 20:25:06,3226,3226
1667,09/07/2025 , 21:25:06,3225,3225
1668,09/07/2025 , 22:25:06,3226,3226
1669,09/07/2025 , 23:25:06,3226,3226
1670,10/07/2025 , 00:25:06,3225,3225
1671,10/07/2025 , 01:25:06,3226,3226
1672,10/07/2025 , 02:25:06,3226,3226
1673,10/07/2025 , 03:25:06,3226,3226
1674,10/07/2025 , 04:25:06,3225,3225
1675,10/07/2025 , 05:25:06,3226,3226
1676,10/07/2025 , 06:25:06,3226,3226
1677,10/07/2025 , 07:25:06,3225,3225
1678,10/07/2025 , 08:25:06,3225,3225
1679,10/07/2025 , 09:25:06,3224,3224
1680,10/07/2025 , 10:25:06,3224,3224
1681,10/07/2025 , 11:25:06,3223,3223
1682,10/07/2025 , 12:25:06,3222,3222
1683,10/07/2025 , 13:25:06,3225,3225
1684,10/07/2025 , 14:25:06,3224,3224
1685,10/07/2025 , 15:25:06,3223,3223
1686,10/07/2025 , 16:25:06,3222,3222
1687,10/07/2025 , 17:25:06,3222,3222
1688,10/07/2025 , 18:25:06,3221,3221
1689,10/07/2025 , 19:25:06,3221,3221
1690,10/07/2025 , 20:25:06,3220,3220
1691,10/07/2025 , 21:25:06,3221,3221
1692,10/07/2025 , 22:25:06,3221,3221
1693,10/07/2025 , 23:25:06,3220,3220
1694,11/07/2025 , 00:25:06,3230,3230
1695,11/07/2025 , 01:25:06,3239,3239
1696,11/07/2025 , 02:25:06,3238,3238
1697,11/07/2025 , 03:25:06,3238,3238
1698,11/07/2025 , 04:25:06,3237,3237
1699,11/07/2025 , 05:25:06,3236,3236
1700,11/07/2025 , 06:25:06,3237,3237
1701,11/07/2025 , 07:25:06,3235,3235
1702,11/07/2025 , 08:25:06,3236,3236
1703,11/07/2025 , 09:25:06,3236,3236
1704,11/07/2025 , 10:25:06,3235,3235
1705,11/07/2025 , 11:25:06,3236,3236
1706,11/07/2025 , 12:25:06,3235,3235
1707,11/07/2025 , 13:25:06,3233,3233
1708,11/07/2025 , 14:25:06,3233,3233
1709,11/07/2025 , 15:25:06,3233,3233
1710,11/07/2025 , 16:25:06,3232,3232
1711,11/07/2025 , 17:25:06,3233,3233
1712,11/07/2025 , 18:25:06,3232,3232
1713,11/07/2025 , 19:25:06,3235,3235
1714,11/07/2025 , 20:25:06,3234,3234
1715,11/07/2025 , 21:25:06,3233,3233
1716,11/07/2025 , 22:25:06,3233,3233
1717,11/07/2025 , 23:25:06,3233,3233
1718,12/07/2025 , 00:25:06,3232,3232
1719,12/07/2025 , 01:25:06,3232,3232
1720,12/07/2025 , 02:25:06,3232,3232
1721,12/07/2025 , 03:25:06,3232,3232
1722,12/07/2025 , 04:25:06,3232,3232
1723,12/07/2025 , 05:25:06,3231,3231
1724,12/07/2025 , 06:25:06,3231,3231
1725,12/07/2025 , 07:25:06,3233,3233
1726,12/07/2025 , 08:25:06,3232,3232
1727,12/07/2025 , 09:25:06,3231,3231
1728,12/07/2025 , 10:25:06,3229,3229
1729,12/07/2025 , 11:25:06,3231,3231
1730,12/07/2025 , 12:25:06,3230,3230
1731,12/07/2025 , 13:25:06,3230,3230
1732,12/07/2025 , 14:25:06,3229,3229
1733,12/07/2025 , 15:25:06,3229,3229
1734,12/07/2025 , 16:25:06,3229,3229
1735,12/07/2025 , 17:25:06,3228,3228
1736,12/07/2025 , 18:25:06,3228,3228
1737,12/07/2025 , 19:25:06,3228,3228
1738,12/07/2025 , 20:25:06,3228,3228
1739,12/07/2025 , 21:25:06,3227,3227
1740,12/07/2025 , 22:25:06,3228,3228
1741,12/07/2025 , 23:25:06,3228,3228
1742,13/07/2025 , 00:25:06,3228,3228
1743,13/07/2025 , 01:25:06,3228,3228
1744,13/07/2025 , 02:25:06,3228,3228
1745,13/07/2025 , 03:25:06,3228,3228
1746,13/07/2025 , 04:25:06,3229,3229
1747,13/07/2025 , 05:25:06,3228,3228
1748,13/07/2025 , 06:25:06,3229,3229
1749,13/07/2025 , 07:25:06,3228,3228
1750,13/07/2025 , 08:25:06,3227,3227
1751,13/07/2025 , 09:25:06,3227,3227
1752,13/07/2025 , 10:25:06,3227,3227
1753,13/07/2025 , 11:25:06,3226,3226
1754,13/07/2025 , 12:25:06,3227,3227
1755,13/07/2025 , 13:25:06,3225,3225
1756,13/07/2025 , 14:25:06,3224,3224
1757,13/07/2025 , 15:25:06,3225,3225
1758,13/07/2025 , 16:25:06,3223,3223
1759,13/07/2025 , 17:25:06,3222,3222
1760,13/07/2025 , 18:25:06,3223,3223
1761,13/07/2025 , 19:25:06,3221,3221
1762,13/07/2025 , 20:25:06,3234,3234
1763,13/07/2025 , 21:25:06,3238,3238
1764,13/07/2025 , 22:25:06,3238,3238
1765,13/07/2025 , 23:25:06,3240,3240
1766,14/07/2025 , 00:25:06,3239,3239
1767,14/07/2025 , 01:25:06,3240,3240
1768,14/07/2025 , 02:25:06,3248,3248
1769,14/07/2025 , 03:25:06,3324,3324
1770,14/07/2025 , 04:25:06,3274,3274
1771,14/07/2025 , 05:25:06,3257,3257
1772,14/07/2025 , 06:25:06,3251,3251
1773,14/07/2025 , 07:25:06,3247,3247
1774,14/07/2025 , 08:25:06,3240,3240
1775,14/07/2025 , 09:25:06,3240,3240
1776,14/07/2025 , 10:25:06,3240,3240
1777,14/07/2025 , 11:25:06,3238,3238
1778,14/07/2025 , 12:25:06,3238,3238
1779,14/07/2025 , 13:25:06,3240,3240
1780,14/07/2025 , 14:25:06,3238,3238
1781,14/07/2025 , 15:25:06,3237,3237
1782,14/07/2025 , 16:25:06,3237,3237
1783,14/07/2025 , 17:25:06,3235,3235
1784,14/07/2025 , 18:25:06,3235,3235
1785,14/07/2025 , 19:25:06,3235,3235
1786,14/07/2025 , 20:25:06,3234,3234
1787,14/07/2025 , 21:25:06,3233,3233
1788,14/07/2025 , 22:25:06,3234,3234
1789,14/07/2025 , 23:25:06,3233,3233
1790,15/07/2025 , 00:25:06,3233,3233
1791,15/07/2025 , 01:25:06,3232,3232
1792,15/07/2025 , 02:25:06,3231,3231
1793,15/07/2025 , 03:25:06,3232,3232
1794,15/07/2025 , 04:25:06,3232,3232
1795,15/07/2025 , 05:25:06,3231,3231
1796,15/07/2025 , 06:25:06,3231,3231
1797,15/07/2025 , 07:25:06,3230,3230
1798,15/07/2025 , 08:25:06,3232,3232
1799,15/07/2025 , 09:25:06,3235,3235
1800,15/07/2025 , 10:25:06,3235,3235
1801,15/07/2025 , 11:25:06,3235,3235
1802,15/07/2025 , 12:25:06,3235,3235
1803,15/07/2025 , 13:25:06,3233,3233
1804,15/07/2025 , 14:25:06,3231,3231
1805,15/07/2025 , 15:25:06,3232,3232
1806,15/07/2025 , 16:25:06,3230,3230
1807,15/07/2025 , 17:25:06,3231,3231
1808,15/07/2025 , 18:25:06,3230,3230
1809,15/07/2025 , 19:25:06,3230,3230
1810,15/07/2025 , 20:25:06,3230,3230
1811,15/07/2025 , 21:25:06,3231,3231
1812,15/07/2025 , 22:25:06,3230,3230
1813,15/07/2025 , 23:25:06,3230,3230
1814,16/07/2025 , 00:25:06,3232,3232
1815,16/07/2025 , 01:25:06,3230,3230
1816,16/07/2025 , 02:25:06,3230,3230
1817,16/07/2025 , 03:25:06,3230,3230
1818,16/07/2025 , 04:25:06,3229,3229
1819,16/07/2025 , 05:25:06,3229,3229
1820,16/07/2025 , 06:25:06,3230,3230
1821,16/07/2025 , 07:25:06,3230,3230
1822,16/07/2025 , 08:25:06,3232,3232
1823,16/07/2025 , 09:25:06,3231,3231
1824,16/07/2025 , 10:25:06,3230,3230
1825,16/07/2025 , 11:25:06,3231,3231
1826,16/07/2025 , 12:25:06,3232,3232
1827,16/07/2025 , 13:25:06,3231,3231
1828,16/07/2025 , 14:25:06,3229,3229
1829,16/07/2025 , 15:25:06,3228,3228
1830,16/07/2025 , 16:25:06,3228,3228
1831,16/07/2025 , 17:25:06,3228,3228
1832,16/07/2025 , 18:25:06,3227,3227
1833,16/07/2025 , 19:25:06,3226,3226
1834,16/07/2025 , 20:25:06,3227,3227
1835,16/07/2025 , 21:25:06,3227,3227
1836,16/07/2025 , 22:25:06,3225,3225
1837,16/07/2025 , 23:25:06,3225,3225
1838,17/07/2025 , 00:25:06,3224,3224
1839,17/07/2025 , 01:25:06,3224,3224
1840,17/07/2025 , 02:25:06,3224,3224
1841,17/07/2025 , 03:25:06,3224,3224
1842,17/07/2025 , 04:25:06,3223,3223
1843,17/07/2025 , 05:25:06,3224,3224
1844,17/07/2025 , 06:25:06,3223,3223
1845,17/07/2025 , 07:25:06,3223,3223
1846,17/07/2025 , 08:25:06,3222,3222
1847,17/07/2025 , 09:25:06,3220,3220
1848,17/07/2025 , 10:25:06,3221,3221
1849,17/07/2025 , 11:25:06,3221,3221
1850,17/07/2025 , 12:25:06,3235,3235
1851,17/07/2025 , 13:25:06,3240,3240
1852,17/07/2025 , 14:25:06,3240,3240
1853,17/07/2025 , 15:25:06,3237,3237
1854,17/07/2025 , 16:25:06,3237,3237
1855,17/07/2025 , 17:25:06,3236,3236
1856,17/07/2025 , 18:25:06,3236,3236
1857,17/07/2025 , 19:25:06,3241,3241
1858,17/07/2025 , 20:25:06,3240,3240
1859,17/07/2025 , 21:25:06,3240,3240
1860,17/07/2025 , 22:25:06,3240,3240
1861,17/07/2025 , 23:25:06,3238,3238
1862,18/07/2025 , 00:25:06,3239,3239
1863,18/07/2025 , 01:25:06,3238,3238
1864,18/07/2025 , 02:25:06,3238,3238
1865,18/07/2025 , 03:25:06,3238,3238
1866,18/07/2025 , 04:25:06,3236,3236
1867,18/07/2025 , 05:25:06,3236,3236
1868,18/07/2025 , 06:25:06,3236,3236
1869,18/07/2025 , 07:25:06,3235,3235
1870,18/07/2025 , 08:25:06,3235,3235
1871,18/07/2025 , 09:25:06,3235,3235
1872,18/07/2025 , 10:25:06,3235,3235
1873,18/07/2025 , 11:25:06,3235,3235
1874,18/07/2025 , 12:25:06,3236,3236
1875,18/07/2025 , 13:25:06,3234,3234
1876,18/07/2025 , 14:25:06,3234,3234
1877,18/07/2025 , 15:25:06,3234,3234
1878,18/07/2025 , 16:25:06,3234,3234
1879,18/07/2025 , 17:25:06,3234,3234
1880,18/07/2025 , 18:25:06,3233,3233
1881,18/07/2025 , 19:25:06,3232,3232
1882,18/07/2025 , 20:25:06,3232,3232
1883,18/07/2025 , 21:25:06,3233,3233
1884,18/07/2025 , 22:25:06,3230,3230
1885,18/07/2025 , 23:25:06,3232,3232
1886,19/07/2025 , 00:25:06,3232,3232
1887,19/07/2025 , 01:25:06,3232,3232
1888,19/07/2025 , 02:25:06,3232,3232
1889,19/07/2025 , 03:25:06,3232,3232
1890,19/07/2025 , 04:25:06,3232,3232
1891,19/07/2025 , 05:25:06,3233,3233
1892,19/07/2025 , 06:25:06,3233,3233
1893,19/07/2025 , 07:25:06,3232,3232
1894,19/07/2025 , 08:25:06,3232,3232
1895,19/07/2025 , 09:25:06,3233,3233
1896,19/07/2025 , 10:25:06,3233,3233
1897,19/07/2025 , 11:25:06,3234,3234
1898,19/07/2025 , 12:25:06,3232,3232
1899,19/07/2025 , 13:25:06,3234,3234
1900,19/07/2025 , 14:25:06,3232,3232
1901,19/07/2025 , 15:25:06,3232,3232
1902,19/07/2025 , 16:25:06,3232,3232
1903,19/07/2025 , 17:25:06,3231,3231
1904,19/07/2025 , 18:25:06,3231,3231
1905,19/07/2025 , 19:25:06,3230,3230
1906,19/07/2025 , 20:25:06,3230,3230
1907,19/07/2025 , 21:25:06,3229,3229
1908,19/07/2025 , 22:25:06,3229,3229
1909,19/07/2025 , 23:25:06,3232,3232
1910,20/07/2025 , 00:25:06,3228,3228
1911,20/07/2025 , 01:25:06,3228,3228
1912,20/07/2025 , 02:25:06,3228,3228
1913,20/07/2025 , 03:25:06,3227,3227
1914,20/07/2025 , 04:25:06,3227,3227
1915,20/07/2025 , 05:25:06,3226,3226
1916,20/07/2025 , 06:25:06,3225,3225
1917,20/07/2025 , 07:25:06,3226,3226
1918,20/07/2025 , 08:25:06,3226,3226
1919,20/07/2025 , 09:25:06,3226,3226
1920,20/07/2025 , 10:25:06,3224,3224
1921,20/07/2025 , 11:25:06,3225,3225
1922,20/07/2025 , 12:25:06,3224,3224
1923,20/07/2025 , 13:25:06,3223,3223
1924,20/07/2025 , 14:25:06,3221,3221
1925,20/07/2025 , 15:25:06,3221,3221
1926,20/07/2025 , 16:25:06,3221,3221
1927,20/07/2025 , 17:25:06,3220,3220
1928,20/07/2025 , 18:25:06,3220,3220
1929,20/07/2025 , 19:25:06,3219,3219
1930,20/07/2025 , 20:25:06,3218,3218
1931,20/07/2025 , 21:25:06,3217,3217
1932,20/07/2025 , 22:25:06,3216,3216
1933,20/07/2025 , 23:25:06,3217,3217
1934,21/07/2025 , 00:25:06,3216,3216
1935,21/07/2025 , 01:25:06,3214,3214
1936,21/07/2025 , 02:25:06,3215,3215
1937,21/07/2025 , 03:25:06,3215,3215
1938,21/07/2025 , 04:25:06,3214,3214
1939,21/07/2025 , 05:25:06,3215,3215
1940,21/07/2025 , 06:25:06,3216,3216
1941,21/07/2025 , 07:25:06,3217,3217
1942,21/07/2025 , 08:25:06,3217,3217
1943,21/07/2025 , 09:25:06,3216,3216
1944,21/07/2025 , 10:25:06,3215,3215
1945,21/07/2025 , 11:25:06,3214,3214
1946,21/07/2025 , 12:25:06,3214,3214
1947,21/07/2025 , 13:25:06,3212,3212
1948,21/07/2025 , 14:25:06,3211,3211
1949,21/07/2025 , 15:25:06,3212,3212
1950,21/07/2025 , 16:25:06,3210,3210
1951,21/07/2025 , 17:25:06,3210,3210
1952,21/07/2025 , 18:25:06,3202,3202
1953,21/07/2025 , 19:25:06,3194,3194
1954,21/07/2025 , 20:25:06,3188,3188
1955,21/07/2025 , 21:25:06,3184,3184
1956,21/07/2025 , 22:25:06,3181,3181
1957,21/07/2025 , 23:25:06,3179,3179
1958,22/07/2025 , 00:25:06,3178,3178
1959,22/07/2025 , 01:25:06,3175,3175
1960,22/07/2025 , 02:25:06,3172,3172
1961,22/07/2025 , 03:25:06,3170,3170
1962,22/07/2025 , 04:25:06,3167,3167
1963,22/07/2025 , 05:25:06,3165,3165
1964,22/07/2025 , 06:25:06,3164,3164
1965,22/07/2025 , 07:25:06,3163,3163
1966,22/07/2025 , 08:25:06,3163,3163
1967,22/07/2025 , 09:25:06,3163,3163
1968,22/07/2025 , 10:25:06,3162,3162
1969,22/07/2025 , 11:25:06,3162,3162
1970,22/07/2025 , 12:25:06,3160,3160
1971,22/07/2025 , 13:25:06,3158,3158
1972,22/07/2025 , 14:25:06,3156,3156
1973,22/07/2025 , 15:25:06,3154,3154
1974,22/07/2025 , 16:25:06,3153,3153
1975,22/07/2025 , 17:25:06,3152,3152
1976,22/07/2025 , 18:25:06,3152,3152
1977,22/07/2025 , 19:25:06,3152,3152
1978,22/07/2025 , 20:25:06,3150,3150
1979,22/07/2025 , 21:25:06,3149,3149
1980,22/07/2025 , 22:25:06,3149,3149
1981,22/07/2025 , 23:25:06,3148,3148
1982,23/07/2025 , 00:25:06,3147,3147
1983,23/07/2025 , 01:25:06,3146,3146
1984,23/07/2025 , 02:25:06,3145,3145
1985,23/07/2025 , 03:25:06,3144,3144
1986,23/07/2025 , 04:25:06,3144,3144
1987,23/07/2025 , 05:25:06,3143,3143
1988,23/07/2025 , 06:25:06,3143,3143
1989,23/07/2025 , 07:25:06,3144,3144
1990,23/07/2025 , 08:25:06,3144,3144
1991,23/07/2025 , 09:25:06,3145,3145
1992,23/07/2025 , 10:25:06,3144,3144
1993,23/07/2025 , 11:25:06,3145,3145
1994,23/07/2025 , 12:25:06,3144,3144
1995,23/07/2025 , 13:25:06,3142,3142
1996,23/07/2025 , 14:25:06,3141,3141
1997,23/07/2025 , 15:25:06,3140,3140
1998,23/07/2025 , 16:25:06,3140,3140
1999,23/07/2025 , 17:25:06,3139,3139
2000,23/07/2025 , 18:25:06,3140,3140
2001,23/07/2025 , 19:25:06,3139,3139
2002,23/07/2025 , 20:25:06,3139,3139
2003,23/07/2025 , 21:25:06,3138,3138
2004,23/07/2025 , 22:25:06,3138,3138
2005,23/07/2025 , 23:25:06,3138,3138
2006,24/07/2025 , 00:25:06,3138,3138
2007,24/07/2025 , 01:25:06,3138,3138
2008,24/07/2025 , 02:25:06,3137,3137
2009,24/07/2025 , 03:25:06,3137,3137
2010,24/07/2025 , 04:25:06,3137,3137
2011,24/07/2025 , 05:25:06,3138,3138
2012,24/07/2025 , 06:25:06,3138,3138
2013,24/07/2025 , 07:25:06,3137,3137
2014,24/07/2025 , 08:25:06,3137,3137
2015,24/07/2025 , 09:25:06,3137,3137
2016,24/07/2025 , 10:25:06,3137,3137
2017,24/07/2025 , 11:25:06,3138,3138
2018,24/07/2025 , 12:25:06,3137,3137
2019,24/07/2025 , 13:25:06,3137,3137
2020,24/07/2025 , 14:25:06,3136,3136
2021,24/07/2025 , 15:25:06,3136,3136
2022,24/07/2025 , 16:25:06,3136,3136
2023,24/07/2025 , 17:25:06,3135,3135
2024,24/07/2025 , 18:25:06,3135,3135
2025,24/07/2025 , 19:25:06,3135,3135
2026,24/07/2025 , 20:25:06,3131,3131
2027,24/07/2025 , 21:25:06,3130,3130
2028,24/07/2025 , 22:25:06,3130,3130
2029,24/07/2025 , 23:25:06,3129,3129
2030,25/07/2025 , 00:25:06,3129,3129
2031,25/07/2025 , 01:25:06,3129,3129
2032,25/07/2025 , 02:25:06,3129,3129
2033,25/07/2025 , 03:25:06,3129,3129
2034,25/07/2025 , 04:25:06,3129,3129
2035,25/07/2025 , 05:25:06,3213,3213
2036,25/07/2025 , 06:25:06,3195,3195
2037,25/07/2025 , 07:25:06,3203,3203
2038,25/07/2025 , 08:25:06,3189,3189
2039,25/07/2025 , 09:25:06,3184,3184
2040,25/07/2025 , 10:25:06,3186,3186
2041,25/07/2025 , 11:25:06,3188,3188
2042,25/07/2025 , 12:25:06,3190,3190
2043,25/07/2025 , 13:25:06,3195,3195
2044,25/07/2025 , 14:25:06,3204,3204
2045,25/07/2025 , 15:25:06,3214,3214
2046,25/07/2025 , 16:25:06,3216,3216
2047,25/07/2025 , 17:25:06,3218,3218
2048,25/07/2025 , 18:25:06,3219,3219
2049,25/07/2025 , 19:25:06,3219,3219
2050,25/07/2025 , 20:25:06,3219,3219
2051,25/07/2025 , 21:25:06,3220,3220
2052,25/07/2025 , 22:25:06,3221,3221
2053,25/07/2025 , 23:25:06,3221,3221
2054,26/07/2025 , 00:25:06,3221,3221
2055,26/07/2025 , 01:25:06,3221,3221
2056,26/07/2025 , 02:25:06,3221,3221
2057,26/07/2025 , 03:25:06,3221,3221
2058,26/07/2025 , 04:25:06,3221,3221
2059,26/07/2025 , 05:25:06,3220,3220
2060,26/07/2025 , 06:25:06,3222,3222
2061,26/07/2025 , 07:25:06,3223,3223
2062,26/07/2025 , 08:25:06,3224,3224
2063,26/07/2025 , 09:25:06,3224,3224
2064,26/07/2025 , 10:25:06,3224,3224
2065,26/07/2025 , 11:25:06,3225,3225
2066,26/07/2025 , 12:25:06,3225,3225
2067,26/07/2025 , 13:25:06,3224,3224
2068,26/07/2025 , 14:25:06,3223,3223
2069,26/07/2025 , 15:25:06,3221,3221
2070,26/07/2025 , 16:25:06,3221,3221
2071,26/07/2025 , 17:25:06,3221,3221
2072,26/07/2025 , 18:25:06,3220,3220
2073,26/07/2025 , 19:25:06,3220,3220
2074,26/07/2025 , 20:25:06,3219,3219
2075,26/07/2025 , 21:25:06,3219,3219
2076,26/07/2025 , 22:25:06,3218,3218
2077,26/07/2025 , 23:25:06,3216,3216
2078,27/07/2025 , 00:25:06,3214,3214
2079,27/07/2025 , 01:25:06,3214,3214
2080,27/07/2025 , 02:25:06,3213,3213
2081,27/07/2025 , 03:25:06,3212,3212
2082,27/07/2025 , 04:25:06,3212,3212
2083,27/07/2025 , 05:25:06,3211,3211
2084,27/07/2025 , 06:25:06,3212,3212
2085,27/07/2025 , 07:25:06,3211,3211
2086,27/07/2025 , 08:25:06,3210,3210
2087,27/07/2025 , 09:25:06,3210,3210
2088,27/07/2025 , 10:25:06,3208,3208
2089,27/07/2025 , 11:25:06,3206,3206
2090,27/07/2025 , 12:25:06,3205,3205
2091,27/07/2025 , 13:25:06,3198,3198
2092,27/07/2025 , 14:25:06,3192,3192
2093,27/07/2025 , 15:25:06,3186,3186
2094,27/07/2025 , 16:25:06,3182,3182
2095,27/07/2025 , 17:25:06,3177,3177
2096,27/07/2025 , 18:25:06,3173,3173
2097,27/07/2025 , 19:25:06,3168,3168
2098,27/07/2025 , 20:25:06,3164,3164
2099,27/07/2025 , 21:25:06,3161,3161
2100,27/07/2025 , 22:25:06,3159,3159
2101,27/07/2025 , 23:25:06,3182,3182
2102,28/07/2025 , 00:25:06,3171,3171
2103,28/07/2025 , 01:25:06,3166,3166
2104,28/07/2025 , 02:25:06,3162,3162
2105,28/07/2025 , 03:25:06,3162,3162
2106,28/07/2025 , 04:25:06,3161,3161
2107,28/07/2025 , 05:25:06,3161,3161
2108,28/07/2025 , 06:25:06,3163,3163
2109,28/07/2025 , 07:25:06,3164,3164
2110,28/07/2025 , 08:25:06,3166,3166
2111,28/07/2025 , 09:25:06,3167,3167
2112,28/07/2025 , 10:25:06,3167,3167
2113,28/07/2025 , 11:25:06,3168,3168
2114,28/07/2025 , 12:25:06,3168,3168
2115,28/07/2025 , 13:25:06,3166,3166
2116,28/07/2025 , 14:25:06,3165,3165
2117,28/07/2025 , 15:25:06,3165,3165
2118,28/07/2025 , 16:25:06,3165,3165
2119,28/07/2025 , 17:25:06,3164,3164
2120,28/07/2025 , 18:25:06,3163,3163
2121,28/07/2025 , 19:25:06,3162,3162
2122,28/07/2025 , 20:25:06,3160,3160
2123,28/07/2025 , 21:25:06,3160,3160
2124,28/07/2025 , 22:25:06,3161,3161
2125,28/07/2025 , 23:25:06,3159,3159
2126,29/07/2025 , 00:25:06,3159,3159
2127,29/07/2025 , 01:25:06,3159,3159
2128,29/07/2025 , 02:25:06,3158,3158
2129,29/07/2025 , 03:25:06,3158,3158
2130,29/07/2025 , 04:25:06,3157,3157
2131,29/07/2025 , 05:25:06,3156,3156
2132,29/07/2025 , 06:25:06,3156,3156
2133,29/07/2025 , 07:25:06,3156,3156
2134,29/07/2025 , 08:25:06,3156,3156
2135,29/07/2025 , 09:25:06,3156,3156
2136,29/07/2025 , 10:25:06,3156,3156
2137,29/07/2025 , 11:25:06,3155,3155
2138,29/07/2025 , 12:25:06,3154,3154
2139,29/07/2025 , 13:25:06,3151,3151
2140,29/07/2025 , 14:25:06,3150,3150
2141,29/07/2025 , 15:25:06,3149,3149
2142,29/07/2025 , 16:25:06,3148,3148
2143,29/07/2025 , 17:25:06,3147,3147
2144,29/07/2025 , 18:25:06,3146,3146
2145,29/07/2025 , 19:25:06,3144,3144
2146,29/07/2025 , 20:25:06,3143,3143
2147,29/07/2025 , 21:25:06,3142,3142
2148,29/07/2025 , 22:25:06,3141,3141
2149,29/07/2025 , 23:25:06,3141,3141
2150,30/07/2025 , 00:25:06,3140,3140
2151,30/07/2025 , 01:25:06,3140,3140
2152,30/07/2025 , 02:25:06,3140,3140
2153,30/07/2025 , 03:25:06,3139,3139
2154,30/07/2025 , 04:25:06,3138,3138
2155,30/07/2025 , 05:25:06,3138,3138
2156,30/07/2025 , 06:25:06,3138,3138
2157,30/07/2025 , 07:25:06,3137,3137
2158,30/07/2025 , 08:25:06,3137,3137
2159,30/07/2025 , 09:25:06,3137,3137
2160,30/07/2025 , 10:25:06,3138,3138
2161,30/07/2025 , 11:25:06,3138,3138
2162,30/07/2025 , 12:25:06,3137,3137
2163,30/07/2025 , 13:25:06,3135,3135
2164,30/07/2025 , 14:25:06,3160,3160
2165,30/07/2025 , 15:25:06,3152,3152
2166,30/07/2025 , 16:25:06,3152,3152
2167,30/07/2025 , 17:25:06,3149,3149
2168,30/07/2025 , 18:25:06,3147,3147
2169,30/07/2025 , 19:25:06,3145,3145
2170,30/07/2025 , 20:25:06,3144,3144
2171,30/07/2025 , 21:25:06,3143,3143
2172,30/07/2025 , 22:25:06,3142,3142
2173,30/07/2025 , 23:25:06,3141,3141
2174,31/07/2025 , 00:25:06,3143,3143
2175,31/07/2025 , 01:25:06,3141,3141
2176,31/07/2025 , 02:25:06,3140,3140
2177,31/07/2025 , 03:25:06,3139,3139
2178,31/07/2025 , 04:25:06,3135,3135
2179,31/07/2025 , 05:25:06,3133,3133
2180,31/07/2025 , 06:25:06,3133,3133
2181,31/07/2025 , 07:25:06,3134,3134
2182,31/07/2025 , 08:25:06,3135,3135
2183,31/07/2025 , 09:25:06,3137,3137
2184,31/07/2025 , 10:25:06,3141,3141
2185,31/07/2025 , 11:25:06,3139,3139
2186,31/07/2025 , 12:25:06,3138,3138
2187,31/07/2025 , 13:25:06,3135,3135
2188,31/07/2025 , 14:25:06,3133,3133
2189,31/07/2025 , 15:25:06,3131,3131
2190,31/07/2025 , 16:25:06,3129,3129
2191,31/07/2025 , 17:25:06,3128,3128
2192,31/07/2025 , 18:25:06,3126,3126
2193,31/07/2025 , 19:25:06,3125,3125
2194,31/07/2025 , 20:25:06,3123,3123
2195,31/07/2025 , 21:25:06,3122,3122
2196,31/07/2025 , 22:25:06,3121,3121
2197,31/07/2025 , 23:25:06,3121,3121
2198,01/08/2025 , 00:25:06,3119,3119
2199,01/08/2025 , 01:25:06,3119,3119
2200,01/08/2025 , 02:25:06,3119,3119
2201,01/08/2025 , 03:25:06,3118,3118
2202,01/08/2025 , 04:25:06,3118,3118
2203,01/08/2025 , 05:25:06,3118,3118
2204,01/08/2025 , 06:25:06,3118,3118
2205,01/08/2025 , 07:25:06,3119,3119
2206,01/08/2025 , 08:25:06,3123,3123
2207,01/08/2025 , 09:25:06,3121,3121
2208,01/08/2025 , 10:25:06,3120,3120
2209,01/08/2025 , 11:25:06,3119,3119
2210,01/08/2025 , 12:25:06,3117,3117
2211,01/08/2025 , 13:25:06,3115,3115
2212,01/08/2025 , 14:25:06,3114,3114
2213,01/08/2025 , 15:25:06,3113,3113
2214,01/08/2025 , 16:25:06,3112,3112
2215,01/08/2025 , 17:25:06,3111,3111
2216,01/08/2025 , 18:25:06,3110,3110
2217,01/08/2025 , 19:25:06,3109,3109
2218,01/08/2025 , 20:25:06,3108,3108
2219,01/08/2025 , 21:25:06,3107,3107
2220,01/08/2025 , 22:25:06,3092,3092
2221,01/08/2025 , 23:25:06,3091,3091
2222,02/08/2025 , 00:25:06,3089,3089
2223,02/08/2025 , 01:25:06,3077,3077
2224,02/08/2025 , 02:25:06,3076,3076
2225,02/08/2025 , 03:25:06,3075,3075
2226,02/08/2025 , 04:25:06,3074,3074
2227,02/08/2025 , 05:25:06,3073,3073
2228,02/08/2025 , 06:25:06,3072,3072
2229,02/08/2025 , 07:25:06,3072,3072
2230,02/08/2025 , 08:25:06,3071,3071
2231,02/08/2025 , 09:25:06,3071,3071
2232,02/08/2025 , 10:25:06,3069,3069
2233,02/08/2025 , 11:25:06,3068,3068
2234,02/08/2025 , 12:25:06,3067,3067
2235,02/08/2025 , 13:25:06,3065,3065
2236,02/08/2025 , 14:25:06,3062,3062
2237,02/08/2025 , 15:25:06,3060,3060
2238,02/08/2025 , 16:25:06,3059,3059
2239,02/08/2025 , 17:25:06,3057,3057
2240,02/08/2025 , 18:25:06,3067,3067
2241,02/08/2025 , 19:25:06,3071,3071
2242,02/08/2025 , 20:25:06,3078,3078
2243,02/08/2025 , 21:25:06,3082,3082
2244,02/08/2025 , 22:25:06,3093,3093
2245,02/08/2025 , 23:25:06,3105,3105
2246,03/08/2025 , 00:25:06,3111,3111
2247,03/08/2025 , 01:25:06,3113,3113
2248,03/08/2025 , 02:25:06,3114,3114
2249,03/08/2025 , 03:25:06,3115,3115
2250,03/08/2025 , 04:25:06,3117,3117
2251,03/08/2025 , 05:25:06,3119,3119
2252,03/08/2025 , 06:25:06,3120,3120
2253,03/08/2025 , 07:25:06,3122,3122
2254,03/08/2025 , 08:25:06,3124,3124
2255,03/08/2025 , 09:25:06,3126,3126
2256,03/08/2025 , 10:25:06,3128,3128
2257,03/08/2025 , 11:25:06,3132,3132
2258,03/08/2025 , 12:25:06,3136,3136
2259,03/08/2025 , 13:25:06,3140,3140
2260,03/08/2025 , 14:25:06,3145,3145
2261,03/08/2025 , 15:25:06,3151,3151
2262,03/08/2025 , 16:25:06,3160,3160
2263,03/08/2025 , 17:25:06,3176,3176
2264,03/08/2025 , 18:25:06,3193,3193
2265,03/08/2025 , 19:25:06,3204,3204
2266,03/08/2025 , 20:25:06,3213,3213
2267,03/08/2025 , 21:25:06,3219,3219
2268,03/08/2025 , 22:25:06,3221,3221
2269,03/08/2025 , 23:25:06,3221,3221
2270,04/08/2025 , 00:25:06,3220,3220
2271,04/08/2025 , 01:25:06,3221,3221
2272,04/08/2025 , 02:25:06,3221,3221
2273,04/08/2025 , 03:25:06,3221,3221
2274,04/08/2025 , 04:25:06,3221,3221
2275,04/08/2025 , 05:25:06,3221,3221
2276,04/08/2025 , 06:25:06,3221,3221
2277,04/08/2025 , 07:25:06,3221,3221
2278,04/08/2025 , 08:25:06,3221,3221
2279,04/08/2025 , 09:25:06,3221,3221
2280,04/08/2025 , 10:25:06,3221,3221
2281,04/08/2025 , 11:25:06,3221,3221
2282,04/08/2025 , 12:25:06,3222,3222
2283,04/08/2025 , 13:25:06,3221,3221
2284,04/08/2025 , 14:25:06,3221,3221
2285,04/08/2025 , 15:25:06,3217,3217
2286,04/08/2025 , 16:25:06,3217,3217
2287,04/08/2025 , 17:25:06,3216,3216
2288,04/08/2025 , 18:25:06,3215,3215
2289,04/08/2025 , 19:25:06,3212,3212
2290,04/08/2025 , 20:25:06,3211,3211
2291,04/08/2025 , 21:25:06,3210,3210
2292,04/08/2025 , 22:25:06,3208,3208
2293,04/08/2025 , 23:25:06,3206,3206
2294,05/08/2025 , 00:25:06,3204,3204
2295,05/08/2025 , 01:25:06,3204,3204
2296,05/08/2025 , 02:25:06,3202,3202
2297,05/08/2025 , 03:25:06,3201,3201
2298,05/08/2025 , 04:25:06,3199,3199
2299,05/08/2025 , 05:25:06,3198,3198
2300,05/08/2025 , 06:25:06,3197,3197
2301,05/08/2025 , 07:25:06,3197,3197
2302,05/08/2025 , 08:25:06,3197,3197
2303,05/08/2025 , 09:25:06,3196,3196
2304,05/08/2025 , 10:25:06,3196,3196
2305,05/08/2025 , 11:25:06,3194,3194
2306,05/08/2025 , 12:25:06,3191,3191
2307,05/08/2025 , 13:25:06,3186,3186
2308,05/08/2025 , 14:25:06,3183,3183
2309,05/08/2025 , 15:25:06,3182,3182
2310,05/08/2025 , 16:25:06,3180,3180
2311,05/08/2025 , 17:25:06,3177,3177
2312,05/08/2025 , 18:25:06,3176,3176
2313,05/08/2025 , 19:25:06,3175,3175
2314,05/08/2025 , 20:25:06,3174,3174
2315,05/08/2025 , 21:25:06,3173,3173
2316,05/08/2025 , 22:25:06,3172,3172
2317,05/08/2025 , 23:25:06,3171,3171
2318,06/08/2025 , 00:25:06,3170,3170
2319,06/08/2025 , 01:25:06,3162,3162
2320,06/08/2025 , 02:25:06,3162,3162
2321,06/08/2025 , 03:25:06,3161,3161
2322,06/08/2025 , 04:25:06,3160,3160
2323,06/08/2025 , 05:25:06,3159,3159
2324,06/08/2025 , 06:25:06,3158,3158
2325,06/08/2025 , 07:25:06,3159,3159
2326,06/08/2025 , 08:25:06,3160,3160
2327,06/08/2025 , 09:25:06,3159,3159
2328,06/08/2025 , 10:25:06,3158,3158
2329,06/08/2025 , 11:25:06,3157,3157
2330,06/08/2025 , 12:25:06,3155,3155
2331,06/08/2025 , 13:25:06,3153,3153
2332,06/08/2025 , 14:25:06,3151,3151
2333,06/08/2025 , 15:25:06,3150,3150
2334,06/08/2025 , 16:25:06,3148,3148
2335,06/08/2025 , 17:25:06,3146,3146
2336,06/08/2025 , 18:25:06,3145,3145
2337,06/08/2025 , 19:25:06,3143,3143
2338,06/08/2025 , 20:25:06,3142,3142
2339,06/08/2025 , 21:25:06,3142,3142
2340,06/08/2025 , 22:25:06,3142,3142
2341,06/08/2025 , 23:25:06,3141,3141
2342,07/08/2025 , 00:25:06,3140,3140
2343,07/08/2025 , 01:25:06,3139,3139
2344,07/08/2025 , 02:25:06,3139,3139
2345,07/08/2025 , 03:25:06,3138,3138
2346,07/08/2025 , 04:25:06,3138,3138
2347,07/08/2025 , 05:25:06,3137,3137
2348,07/08/2025 , 06:25:06,3137,3137
2349,07/08/2025 , 07:25:06,3137,3137
2350,07/08/2025 , 08:25:06,3138,3138
2351,07/08/2025 , 09:25:06,3138,3138
2352,07/08/2025 , 10:25:06,3138,3138
2353,07/08/2025 , 11:25:06,3137,3137
2354,07/08/2025 , 12:25:06,3135,3135
2355,07/08/2025 , 13:25:06,3133,3133
2356,07/08/2025 , 14:25:06,3132,3132
2357,07/08/2025 , 15:25:06,3132,3132
2358,07/08/2025 , 16:25:06,3131,3131
2359,07/08/2025 , 17:25:06,3130,3130
2360,07/08/2025 , 18:25:06,3129,3129
2361,07/08/2025 , 19:25:06,3128,3128
2362,07/08/2025 , 20:25:06,3127,3127
2363,07/08/2025 , 21:25:06,3126,3126
2364,07/08/2025 , 22:25:06,3126,3126
2365,07/08/2025 , 23:25:06,3126,3126
2366,08/08/2025 , 00:25:06,3125,3125
2367,08/08/2025 , 01:25:06,3125,3125
2368,08/08/2025 , 02:25:06,3124,3124
2369,08/08/2025 , 03:25:06,3124,3124
2370,08/08/2025 , 04:25:06,3123,3123
2371,08/08/2025 , 05:25:06,3123,3123
2372,08/08/2025 , 06:25:06,3123,3123
2373,08/08/2025 , 07:25:06,3123,3123
2374,08/08/2025 , 08:25:06,3123,3123
2375,08/08/2025 , 09:25:06,3124,3124
2376,08/08/2025 , 10:25:06,3123,3123
2377,08/08/2025 , 11:25:06,3122,3122
2378,08/08/2025 , 12:25:06,3120,3120
2379,08/08/2025 , 13:25:06,3118,3118
2380,08/08/2025 , 14:25:06,3117,3117
2381,08/08/2025 , 15:25:06,3116,3116
2382,08/08/2025 , 16:25:06,3115,3115
2383,08/08/2025 , 17:25:06,3114,3114
2384,08/08/2025 , 18:25:06,3114,3114
2385,08/08/2025 , 19:25:06,3113,3113
2386,08/08/2025 , 20:25:06,3100,3100
2387,08/08/2025 , 21:25:06,3097,3097
2388,08/08/2025 , 22:25:06,3096,3096
2389,08/08/2025 , 23:25:06,3094,3094
2390,09/08/2025 , 00:25:06,3093,3093
2391,09/08/2025 , 01:25:06,3092,3092
2392,09/08/2025 , 02:25:06,3091,3091
2393,09/08/2025 , 03:25:06,3089,3089
2394,09/08/2025 , 04:25:06,3080,3080
2395,09/08/2025 , 05:25:06,3080,3080
2396,09/08/2025 , 06:25:06,3074,3074
2397,09/08/2025 , 07:25:06,3073,3073
2398,09/08/2025 , 08:25:06,3072,3072
2399,09/08/2025 , 09:25:06,3072,3072
2400,09/08/2025 , 10:25:06,3071,3071
2401,09/08/2025 , 11:25:06,3069,3069
2402,09/08/2025 , 12:25:06,3068,3068
2403,09/08/2025 , 13:25:06,3065,3065
2404,09/08/2025 , 14:25:06,3063,3063
2405,09/08/2025 , 15:25:06,3062,3062
2406,09/08/2025 , 16:25:06,3060,3060
2407,09/08/2025 , 17:25:06,3059,3059
2408,09/08/2025 , 18:25:06,3058,3058
2409,09/08/2025 , 19:25:06,3057,3057
2410,09/08/2025 , 20:25:06,3055,3055
2411,09/08/2025 , 21:25:06,3054,3054
2412,09/08/2025 , 22:25:06,3053,3053
2413,09/08/2025 , 23:25:06,3052,3052
2414,10/08/2025 , 00:25:06,3050,3050
2415,10/08/2025 , 01:25:06,3048,3048
2416,10/08/2025 , 02:25:06,3041,3041
2417,10/08/2025 , 03:25:06,3035,3035
2418,10/08/2025 , 04:25:06,3033,3033
2419,10/08/2025 , 05:25:06,3031,3031
2420,10/08/2025 , 06:25:06,3029,3029
2421,10/08/2025 , 07:25:06,3028,3028
2422,10/08/2025 , 08:25:06,3026,3026
2423,10/08/2025 , 09:25:06,3025,3025
2424,10/08/2025 , 10:25:06,3024,3024
2425,10/08/2025 , 11:25:06,3023,3023
2426,10/08/2025 , 12:25:06,3021,3021
2427,10/08/2025 , 13:25:06,3018,3018
2428,10/08/2025 , 14:25:06,3017,3017
2429,10/08/2025 , 15:25:06,3016,3016
2430,10/08/2025 , 16:25:06,3014,3014
2431,10/08/2025 , 17:25:06,3013,3013
2432,10/08/2025 , 18:25:06,3011,3011
2433,10/08/2025 , 19:25:06,3010,3010
2434,10/08/2025 , 20:25:06,3008,3008
2435,10/08/2025 , 21:25:06,3006,3006
2436,10/08/2025 , 22:25:06,3004,3004
2437,10/08/2025 , 23:25:06,3003,3003
2438,11/08/2025 , 00:25:06,3001,3001
2439,11/08/2025 , 01:25:06,3000,3000
2440,11/08/2025 , 02:25:06,2999,2999
2441,11/08/2025 , 03:25:06,2998,2998
2442,11/08/2025 , 04:25:06,2996,2996
2443,11/08/2025 , 05:25:06,2994,2994
2444,11/08/2025 , 06:25:06,2993,2993
2445,11/08/2025 , 07:25:06,2992,2992
2446,11/08/2025 , 08:25:06,2990,2990
2447,11/08/2025 , 09:25:06,2990,2990
2448,11/08/2025 , 10:25:06,2989,2989
2449,11/08/2025 , 11:25:06,2988,2988
2450,11/08/2025 , 12:25:06,2987,2987
2451,11/08/2025 , 13:25:06,2986,2986
2452,11/08/2025 , 14:25:06,2984,2984
2453,11/08/2025 , 15:25:06,2983,2983
2454,11/08/2025 , 16:25:06,2982,2982
2455,11/08/2025 , 17:25:06,2981,2981
2456,11/08/2025 , 18:25:06,2980,2980
2457,11/08/2025 , 19:25:06,2979,2979
2458,11/08/2025 , 20:25:06,2978,2978
2459,11/08/2025 , 21:25:06,2978,2978
2460,11/08/2025 , 22:25:06,2977,2977
2461,11/08/2025 , 23:25:06,2976,2976
2462,12/08/2025 , 00:25:06,2975,2975
2463,12/08/2025 , 01:25:06,2974,2974
2464,12/08/2025 , 02:25:06,2972,2972
2465,12/08/2025 , 03:25:06,2971,2971
2466,12/08/2025 , 04:25:06,2970,2970
2467,12/08/2025 , 05:25:06,2970,2970
2468,12/08/2025 , 06:25:06,2969,2969
2469,12/08/2025 , 07:25:06,2968,2968
2470,12/08/2025 , 08:25:06,2967,2967
2471,12/08/2025 , 09:25:06,2966,2966
2472,12/08/2025 , 10:25:06,2967,2967
2473,12/08/2025 , 11:25:06,2966,2966
2474,12/08/2025 , 12:25:06,2964,2964
2475,12/08/2025 , 13:25:06,2963,2963
2476,12/08/2025 , 14:25:06,2961,2961
2477,12/08/2025 , 15:25:06,2960,2960
2478,12/08/2025 , 16:25:06,2960,2960
2479,12/08/2025 , 17:25:06,2959,2959
2480,12/08/2025 , 18:25:06,2958,2958
2481,12/08/2025 , 19:25:06,2958,2958
2482,12/08/2025 , 20:25:06,2957,2957
2483,12/08/2025 , 21:25:06,2956,2956
2484,12/08/2025 , 22:25:06,2955,2955
2485,12/08/2025 , 23:25:06,2955,2955
2486,13/08/2025 , 00:25:06,2953,2953
2487,13/08/2025 , 01:25:06,2953,2953
2488,13/08/2025 , 02:25:06,2952,2952
2489,13/08/2025 , 03:25:06,2951,2951
2490,13/08/2025 , 04:25:06,2952,2952
2491,13/08/2025 , 05:25:06,2950,2950
2492,13/08/2025 , 06:25:06,2950,2950
2493,13/08/2025 , 07:25:06,2949,2949
2494,13/08/2025 , 08:25:06,2949,2949
2495,13/08/2025 , 09:25:06,2949,2949
2496,13/08/2025 , 10:25:06,2949,2949
2497,13/08/2025 , 11:25:06,2948,2948
2498,13/08/2025 , 12:25:06,2949,2949
2499,13/08/2025 , 13:25:06,2947,2947
2500,13/08/2025 , 14:25:06,2946,2946
2501,13/08/2025 , 15:25:06,2962,2962
2502,13/08/2025 , 16:25:06,2958,2958
2503,13/08/2025 , 17:25:06,2957,2957
2504,13/08/2025 , 18:25:06,2955,2955
2505,13/08/2025 , 19:25:06,2954,2954
2506,13/08/2025 , 20:25:06,2952,2952
2507,13/08/2025 , 21:25:06,2949,2949
2508,13/08/2025 , 22:25:06,2947,2947
2509,13/08/2025 , 23:25:06,2946,2946
2510,14/08/2025 , 00:25:06,2944,2944
2511,14/08/2025 , 01:25:06,2943,2943
2512,14/08/2025 , 02:25:06,2974,2974
2513,14/08/2025 , 03:25:06,2971,2971
2514,14/08/2025 , 04:25:06,2968,2968
2515,14/08/2025 , 05:25:06,2966,2966
2516,14/08/2025 , 06:25:06,2965,2965
2517,14/08/2025 , 07:25:06,2962,2962
2518,14/08/2025 , 08:25:06,2963,2963
2519,14/08/2025 , 09:25:06,2960,2960
2520,14/08/2025 , 10:25:06,2958,2958
2521,14/08/2025 , 11:25:06,2957,2957
2522,14/08/2025 , 12:25:06,2955,2955
2523,14/08/2025 , 13:25:06,2953,2953
2524,14/08/2025 , 14:25:06,2951,2951
2525,14/08/2025 , 15:25:06,2949,2949
2526,14/08/2025 , 16:25:06,2946,2946
2527,14/08/2025 , 17:25:06,2946,2946
2528,14/08/2025 , 18:25:06,2945,2945
2529,14/08/2025 , 19:25:06,2943,2943
2530,14/08/2025 , 20:25:06,2941,2941
2531,14/08/2025 , 21:25:06,2939,2939
2532,14/08/2025 , 22:25:06,2937,2937
2533,14/08/2025 , 23:25:06,2936,2936
2534,15/08/2025 , 00:25:06,2935,2935
2535,15/08/2025 , 01:25:06,2932,2932
2536,15/08/2025 , 02:25:06,2930,2930
2537,15/08/2025 , 03:25:06,2929,2929
2538,15/08/2025 , 04:25:06,2927,2927
2539,15/08/2025 , 05:25:06,2926,2926
2540,15/08/2025 , 06:25:06,2925,2925
2541,15/08/2025 , 07:25:06,2926,2926
2542,15/08/2025 , 08:25:06,2925,2925
2543,15/08/2025 , 09:25:06,2924,2924
2544,15/08/2025 , 10:25:06,2923,2923
2545,15/08/2025 , 11:25:06,2922,2922
2546,15/08/2025 , 12:25:06,2920,2920
2547,15/08/2025 , 13:25:06,2917,2917
2548,15/08/2025 , 14:25:06,2916,2916
2549,15/08/2025 , 15:25:06,2916,2916
2550,15/08/2025 , 16:25:06,2914,2914
2551,15/08/2025 , 17:25:06,2912,2912
2552,15/08/2025 , 18:25:06,2911,2911
2553,15/08/2025 , 19:25:06,2910,2910
2554,15/08/2025 , 20:25:06,2910,2910
2555,15/08/2025 , 21:25:06,2908,2908
2556,15/08/2025 , 22:25:06,2907,2907
2557,15/08/2025 , 23:25:06,2906,2906
2558,16/08/2025 , 00:25:06,2905,2905
2559,16/08/2025 , 01:25:06,2905,2905
2560,16/08/2025 , 02:25:06,2904,2904
2561,16/08/2025 , 03:25:06,2903,2903
2562,16/08/2025 , 04:25:06,2902,2902
2563,16/08/2025 , 05:25:06,2901,2901
2564,16/08/2025 , 06:25:06,2902,2902
2565,16/08/2025 , 07:25:06,2902,2902
2566,16/08/2025 , 08:25:06,2902,2902
2567,16/08/2025 , 09:25:06,2904,2904
2568,16/08/2025 , 10:25:06,2904,2904
2569,16/08/2025 , 11:25:06,2904,2904
2570,16/08/2025 , 12:25:06,2903,2903
2571,16/08/2025 , 13:25:06,2901,2901
2572,16/08/2025 , 14:25:06,2901,2901
2573,16/08/2025 , 15:25:06,2902,2902
2574,16/08/2025 , 16:25:06,2901,2901
2575,16/08/2025 , 17:25:06,2902,2902
2576,16/08/2025 , 18:25:06,2901,2901
2577,16/08/2025 , 19:25:06,2900,2900
2578,16/08/2025 , 20:25:06,2899,2899
2579,16/08/2025 , 21:25:06,2900,2900
2580,16/08/2025 , 22:25:06,2900,2900
2581,16/08/2025 , 23:25:06,2900,2900
2582,17/08/2025 , 00:25:06,2903,2903
2583,17/08/2025 , 01:25:06,2903,2903
2584,17/08/2025 , 02:25:06,2904,2904
2585,17/08/2025 , 03:25:06,2902,2902
2586,17/08/2025 , 04:25:06,2904,2904
2587,17/08/2025 , 05:25:06,2903,2903
2588,17/08/2025 , 06:25:06,2910,2910
2589,17/08/2025 , 07:25:06,2910,2910
2590,17/08/2025 , 08:25:06,2913,2913
2591,17/08/2025 , 09:25:06,2947,2947
2592,17/08/2025 , 10:25:06,2954,2954
2593,17/08/2025 , 11:25:06,2947,2947
2594,17/08/2025 , 12:25:06,2950,2950
2595,17/08/2025 , 13:25:06,2942,2942
2596,17/08/2025 , 14:25:06,2936,2936
2597,17/08/2025 , 15:25:06,2932,2932
2598,17/08/2025 , 16:25:06,2930,2930
2599,17/08/2025 , 17:25:06,2926,2926
2600,17/08/2025 , 18:25:06,2924,2924
2601,17/08/2025 , 19:25:06,2921,2921
2602,17/08/2025 , 20:25:06,2917,2917
2603,17/08/2025 , 21:25:06,2916,2916
2604,17/08/2025 , 22:25:06,2912,2912
2605,17/08/2025 , 23:25:06,2910,2910
2606,18/08/2025 , 00:25:06,2908,2908
2607,18/08/2025 , 01:25:06,2907,2907
2608,18/08/2025 , 02:25:06,2906,2906
2609,18/08/2025 , 03:25:06,2903,2903
2610,18/08/2025 , 04:25:06,2901,2901
2611,18/08/2025 , 05:25:06,2900,2900
2612,18/08/2025 , 06:25:06,2899,2899
2613,18/08/2025 , 07:25:06,2897,2897
2614,18/08/2025 , 08:25:06,2903,2903
2615,18/08/2025 , 09:25:06,2902,2902
2616,18/08/2025 , 10:25:06,2901,2901
2617,18/08/2025 , 11:25:06,2899,2899
2618,18/08/2025 , 12:25:06,2900,2900
2619,18/08/2025 , 13:25:06,2895,2895
2620,18/08/2025 , 14:25:06,2894,2894
2621,18/08/2025 , 15:25:06,2893,2893
2622,18/08/2025 , 16:25:06,2891,2891
2623,18/08/2025 , 17:25:06,2889,2889
2624,18/08/2025 , 18:25:06,2888,2888
2625,18/08/2025 , 19:25:06,2887,2887
2626,18/08/2025 , 20:25:06,2885,2885
2627,18/08/2025 , 21:25:06,2884,2884
2628,18/08/2025 , 22:25:06,2883,2883
2629,18/08/2025 , 23:25:06,2882,2882
2630,19/08/2025 , 00:25:06,2881,2881
2631,19/08/2025 , 01:25:06,2879,2879
2632,19/08/2025 , 02:25:06,2878,2878
2633,19/08/2025 , 03:25:06,2877,2877
2634,19/08/2025 , 04:25:06,2877,2877
2635,19/08/2025 , 05:25:06,2877,2877
2636,19/08/2025 , 06:25:06,2875,2875
2637,19/08/2025 , 07:25:06,2875,2875
2638,19/08/2025 , 08:25:06,2874,2874
2639,19/08/2025 , 09:25:06,2874,2874
2640,19/08/2025 , 10:25:06,2873,2873
2641,19/08/2025 , 11:25:06,2873,2873
2642,19/08/2025 , 12:25:06,2872,2872
2643,19/08/2025 , 13:25:06,2872,2872
2644,19/08/2025 , 14:25:06,2870,2870
2645,19/08/2025 , 15:25:06,2870,2870
2646,19/08/2025 , 16:25:06,2868,2868
2647,19/08/2025 , 17:25:06,2868,2868
2648,19/08/2025 , 18:25:06,2867,2867
2649,19/08/2025 , 19:25:06,2867,2867
2650,19/08/2025 , 20:25:06,2866,2866
2651,19/08/2025 , 21:25:06,2866,2866
2652,19/08/2025 , 22:25:06,2866,2866
2653,19/08/2025 , 23:25:06,2865,2865
2654,20/08/2025 , 00:25:06,2865,2865
2655,20/08/2025 , 01:25:06,2863,2863
2656,20/08/2025 , 02:25:06,2863,2863
2657,20/08/2025 , 03:25:06,2863,2863
2658,20/08/2025 , 04:25:06,2861,2861
2659,20/08/2025 , 05:25:06,2862,2862
2660,20/08/2025 , 06:25:06,2861,2861
2661,20/08/2025 , 07:25:06,2861,2861
2662,20/08/2025 , 08:25:06,2860,2860
2663,20/08/2025 , 09:25:06,2860,2860
2664,20/08/2025 , 10:25:06,2860,2860
2665,20/08/2025 , 11:25:06,2861,2861
2666,20/08/2025 , 12:25:06,2859,2859
2667,20/08/2025 , 13:25:06,2858,2858
2668,20/08/2025 , 14:25:06,2858,2858
2669,20/08/2025 , 15:25:06,2858,2858
2670,20/08/2025 , 16:25:06,2857,2857
2671,20/08/2025 , 17:25:06,2857,2857
2672,20/08/2025 , 18:25:06,2856,2856
2673,20/08/2025 , 19:25:06,2856,2856
2674,20/08/2025 , 20:25:06,2856,2856
2675,20/08/2025 , 21:25:06,2855,2855
2676,20/08/2025 , 22:25:06,2855,2855
2677,20/08/2025 , 23:25:06,2855,2855
2678,21/08/2025 , 00:25:06,2854,2854
2679,21/08/2025 , 01:25:06,2854,2854
2680,21/08/2025 , 02:25:06,2854,2854
2681,21/08/2025 , 03:25:06,2853,2853
2682,21/08/2025 , 04:25:06,2852,2852
2683,21/08/2025 , 05:25:06,2852,2852
2684,21/08/2025 , 06:25:06,2852,2852
2685,21/08/2025 , 07:25:06,2852,2852
2686,21/08/2025 , 08:25:06,2853,2853
2687,21/08/2025 , 09:25:06,2854,2854
2688,21/08/2025 , 10:25:06,2854,2854
2689,21/08/2025 , 11:25:06,2853,2853
2690,21/08/2025 , 12:25:06,2852,2852
2691,21/08/2025 , 13:25:06,2852,2852
2692,21/08/2025 , 14:25:06,2852,2852
2693,21/08/2025 , 15:25:06,2852,2852
2694,21/08/2025 , 16:25:06,2851,2851
2695,21/08/2025 , 17:25:06,2851,2851
2696,21/08/2025 , 18:25:06,2851,2851
2697,21/08/2025 , 19:25:06,2850,2850
2698,21/08/2025 , 20:25:06,2850,2850
2699,21/08/2025 , 21:25:06,2849,2849
2700,21/08/2025 , 22:25:06,2849,2849
2701,21/08/2025 , 23:25:06,2849,2849
2702,22/08/2025 , 00:25:06,2849,2849
2703,22/08/2025 , 01:25:06,2849,2849
2704,22/08/2025 , 02:25:06,2849,2849
2705,22/08/2025 , 03:25:06,2850,2850
2706,22/08/2025 , 04:25:06,2849,2849
2707,22/08/2025 , 05:25:06,2848,2848
2708,22/08/2025 , 06:25:06,2848,2848
2709,22/08/2025 , 07:25:06,2848,2848
2710,22/08/2025 , 08:25:06,2849,2849
2711,22/08/2025 , 09:25:06,2850,2850
2712,22/08/2025 , 10:25:06,2849,2849
2713,22/08/2025 , 11:25:06,2848,2848
2714,22/08/2025 , 12:25:06,2848,2848
2715,22/08/2025 , 13:25:06,2847,2847
2716,22/08/2025 , 14:25:06,2847,2847
2717,22/08/2025 , 15:25:06,2845,2845
2718,22/08/2025 , 16:25:06,2845,2845
2719,22/08/2025 , 17:25:06,2845,2845
2720,22/08/2025 , 18:25:06,2844,2844
2721,22/08/2025 , 19:25:06,2843,2843
2722,22/08/2025 , 20:25:06,2843,2843
2723,22/08/2025 , 21:25:06,2842,2842
2724,22/08/2025 , 22:25:06,2841,2841
2725,22/08/2025 , 23:25:06,2842,2842
2726,23/08/2025 , 00:25:06,2841,2841
2727,23/08/2025 , 01:25:06,2841,2841
2728,23/08/2025 , 02:25:06,2841,2841
2729,23/08/2025 , 03:25:06,2841,2841
2730,23/08/2025 , 04:25:06,2840,2840
2731,23/08/2025 , 05:25:06,2839,2839
2732,23/08/2025 , 06:25:06,2839,2839
2733,23/08/2025 , 07:25:06,2839,2839
2734,23/08/2025 , 08:25:06,2838,2838
2735,23/08/2025 , 09:25:06,2838,2838
2736,23/08/2025 , 10:25:06,2840,2840
2737,23/08/2025 , 11:25:06,2840,2840
2738,23/08/2025 , 12:25:06,2840,2840
2739,23/08/2025 , 13:25:06,2839,2839
2740,23/08/2025 , 14:25:06,2838,2838
2741,23/08/2025 , 15:25:06,2838,2838
2742,23/08/2025 , 16:25:06,2837,2837
2743,23/08/2025 , 17:25:06,2837,2837
2744,23/08/2025 , 18:25:06,2836,2836
2745,23/08/2025 , 19:25:06,2835,2835
2746,23/08/2025 , 20:25:06,2835,2835
2747,23/08/2025 , 21:25:06,2835,2835
2748,23/08/2025 , 22:25:06,2834,2834
2749,23/08/2025 , 23:25:06,2834,2834
2750,24/08/2025 , 00:25:06,2834,2834
2751,24/08/2025 , 01:25:06,2833,2833
2752,24/08/2025 , 02:25:06,2833,2833
2753,24/08/2025 , 03:25:06,2833,2833
2754,24/08/2025 , 04:25:06,2832,2832
2755,24/08/2025 , 05:25:06,2832,2832
2756,24/08/2025 , 06:25:06,2832,2832
2757,24/08/2025 , 07:25:06,2832,2832
2758,24/08/2025 , 08:25:06,2835,2835
2759,24/08/2025 , 09:25:06,2834,2834
2760,24/08/2025 , 10:25:06,2833,2833
2761,24/08/2025 , 11:25:06,2832,2832
2762,24/08/2025 , 12:25:06,2832,2832
2763,24/08/2025 , 13:25:06,2832,2832
2764,24/08/2025 , 14:25:06,2831,2831
2765,24/08/2025 , 15:25:06,2831,2831
2766,24/08/2025 , 16:25:06,2831,2831
2767,24/08/2025 , 17:25:06,2830,2830
2768,24/08/2025 , 18:25:06,2829,2829
2769,24/08/2025 , 19:25:06,2829,2829
2770,24/08/2025 , 20:25:06,2828,2828
2771,24/08/2025 , 21:25:06,2827,2827
2772,24/08/2025 , 22:25:06,2827,2827
2773,24/08/2025 , 23:25:06,2826,2826
2774,25/08/2025 , 00:25:06,2826,2826
2775,25/08/2025 , 01:25:06,2825,2825
2776,25/08/2025 , 02:25:06,2824,2824
2777,25/08/2025 , 03:25:06,2823,2823
2778,25/08/2025 , 04:25:06,2823,2823
2779,25/08/2025 , 05:25:06,2822,2822
2780,25/08/2025 , 06:25:06,2824,2824
2781,25/08/2025 , 07:25:06,2823,2823
2782,25/08/2025 , 08:25:06,2821,2821
2783,25/08/2025 , 09:25:06,2829,2829
2784,25/08/2025 , 10:25:06,2831,2831
2785,25/08/2025 , 11:25:06,2829,2829
2786,25/08/2025 , 12:25:06,2828,2828
2787,25/08/2025 , 13:25:06,2828,2828
2788,25/08/2025 , 14:25:06,2827,2827
2789,25/08/2025 , 15:25:06,2827,2827
2790,25/08/2025 , 16:25:06,2826,2826
2791,25/08/2025 , 17:25:06,2826,2826
2792,25/08/2025 , 18:25:06,2825,2825
2793,25/08/2025 , 19:25:06,2823,2823
2794,25/08/2025 , 20:25:06,2823,2823
2795,25/08/2025 , 21:25:06,2824,2824
2796,25/08/2025 , 22:25:06,2823,2823
2797,25/08/2025 , 23:25:06,2822,2822
2798,26/08/2025 , 00:25:06,2821,2821
2799,26/08/2025 , 01:25:06,2821,2821
2800,26/08/2025 , 02:25:06,2820,2820
2801,26/08/2025 , 03:25:06,2819,2819
2802,26/08/2025 , 04:25:06,2819,2819
2803,26/08/2025 , 05:25:06,2819,2819
2804,26/08/2025 , 06:25:06,2819,2819
2805,26/08/2025 , 07:25:06,2819,2819
2806,26/08/2025 , 08:25:06,2819,2819
2807,26/08/2025 , 09:25:06,2819,2819
2808,26/08/2025 , 10:25:06,2818,2818
2809,26/08/2025 , 11:25:06,2817,2817
2810,26/08/2025 , 12:25:06,2817,2817
2811,26/08/2025 , 13:25:06,2816,2816
2812,26/08/2025 , 14:25:06,2815,2815
2813,26/08/2025 , 15:25:06,2813,2813
2814,26/08/2025 , 16:25:06,2813,2813
2815,26/08/2025 , 17:25:06,2811,2811
2816,26/08/2025 , 18:25:06,2810,2810
2817,26/08/2025 , 19:25:06,2809,2809
2818,26/08/2025 , 20:25:06,2808,2808
2819,26/08/2025 , 21:25:06,2808,2808
2820,26/08/2025 , 22:25:06,2806,2806
2821,26/08/2025 , 23:25:06,2806,2806
2822,27/08/2025 , 00:25:06,2805,2805
2823,27/08/2025 , 01:25:06,2804,2804
2824,27/08/2025 , 02:25:06,2804,2804
2825,27/08/2025 , 03:25:06,2803,2803
2826,27/08/2025 , 04:25:06,2802,2802
2827,27/08/2025 , 05:25:06,2802,2802
2828,27/08/2025 , 06:25:06,2802,2802
2829,27/08/2025 , 07:25:06,2802,2802
2830,27/08/2025 , 08:25:06,2801,2801
2831,27/08/2025 , 09:25:06,2800,2800
2832,27/08/2025 , 10:25:06,2800,2800
2833,27/08/2025 , 11:25:06,2798,2798
2834,27/08/2025 , 12:25:06,2798,2798
2835,27/08/2025 , 13:25:06,2797,2797
2836,27/08/2025 , 14:25:06,2797,2797
2837,27/08/2025 , 15:25:06,2796,2796
2838,27/08/2025 , 16:25:06,2796,2796
2839,27/08/2025 , 17:25:06,2795,2795
2840,27/08/2025 , 18:25:06,2795,2795
2841,27/08/2025 , 19:25:06,2794,2794
2842,27/08/2025 , 20:25:06,2792,2792
2843,27/08/2025 , 21:25:06,2790,2790
2844,27/08/2025 , 22:25:06,2789,2789
2845,27/08/2025 , 23:25:06,2788,2788
2846,28/08/2025 , 00:25:06,2788,2788
2847,28/08/2025 , 01:25:06,2791,2791
2848,28/08/2025 , 02:25:06,2790,2790
2849,28/08/2025 , 03:25:06,2788,2788
2850,28/08/2025 , 04:25:06,2787,2787
2851,28/08/2025 , 05:25:06,2786,2786
2852,28/08/2025 , 06:25:06,2786,2786
2853,28/08/2025 , 07:25:06,2786,2786
2854,28/08/2025 , 08:25:06,2786,2786
2855,28/08/2025 , 09:25:06,2786,2786
2856,28/08/2025 , 10:25:06,2786,2786
2857,28/08/2025 , 11:25:06,2785,2785
2858,28/08/2025 , 12:25:06,2784,2784
2859,28/08/2025 , 13:25:06,2781,2781
2860,28/08/2025 , 14:25:06,2780,2780
2861,28/08/2025 , 15:25:06,2779,2779
2862,28/08/2025 , 16:25:06,2779,2779
2863,28/08/2025 , 17:25:06,2779,2779
2864,28/08/2025 , 18:25:06,2778,2778
2865,28/08/2025 , 19:25:06,2778,2778
2866,28/08/2025 , 20:25:06,2777,2777
2867,28/08/2025 , 21:25:06,2778,2778
2868,28/08/2025 , 22:25:06,2781,2781
2869,28/08/2025 , 23:25:06,2780,2780
2870,29/08/2025 , 00:25:06,2779,2779
2871,29/08/2025 , 01:25:06,2779,2779
2872,29/08/2025 , 02:25:06,2777,2777
2873,29/08/2025 , 03:25:06,2777,2777
2874,29/08/2025 , 04:25:06,2777,2777
2875,29/08/2025 , 05:25:06,2777,2777
2876,29/08/2025 , 06:25:06,2777,2777
2877,29/08/2025 , 07:25:06,2776,2776
2878,29/08/2025 , 08:25:06,2776,2776
2879,29/08/2025 , 09:25:06,2776,2776
2880,29/08/2025 , 10:25:06,2776,2776
2881,29/08/2025 , 11:25:06,2776,2776
2882,29/08/2025 , 12:25:06,2775,2775
2883,29/08/2025 , 13:25:06,2776,2776
2884,29/08/2025 , 14:25:06,2775,2775
2885,29/08/2025 , 15:25:06,2775,2775
2886,29/08/2025 , 16:25:06,2775,2775
2887,29/08/2025 , 17:25:06,2775,2775
2888,29/08/2025 , 18:25:06,2776,2776
2889,29/08/2025 , 19:25:06,2775,2775
2890,29/08/2025 , 20:25:06,2775,2775
2891,29/08/2025 , 21:25:06,2775,2775
2892,29/08/2025 , 22:25:06,2774,2774
2893,29/08/2025 , 23:25:06,2773,2773
2894,30/08/2025 , 00:25:06,2773,2773
2895,30/08/2025 , 01:25:06,2773,2773
2896,30/08/2025 , 02:25:06,2772,2772
2897,30/08/2025 , 03:25:06,2772,2772
2898,30/08/2025 , 04:25:06,2772,2772
2899,30/08/2025 , 05:25:06,2772,2772
2900,30/08/2025 , 06:25:06,2771,2771
2901,30/08/2025 , 07:25:06,2770,2770
2902,30/08/2025 , 08:25:06,2769,2769
2903,30/08/2025 , 09:25:06,2769,2769
2904,30/08/2025 , 10:25:06,2769,2769
2905,30/08/2025 , 11:25:06,2769,2769
2906,30/08/2025 , 12:25:06,2769,2769
2907,30/08/2025 , 13:25:06,2769,2769
2908,30/08/2025 , 14:25:06,2768,2768
2909,30/08/2025 , 15:25:06,2768,2768
2910,30/08/2025 , 16:25:06,2767,2767
2911,30/08/2025 , 17:25:06,2766,2766
2912,30/08/2025 , 18:25:06,2764,2764
2913,30/08/2025 , 19:25:06,2790,2790
2914,30/08/2025 , 20:25:06,2785,2785
2915,30/08/2025 , 21:25:06,2782,2782
2916,30/08/2025 , 22:25:06,2780,2780
2917,30/08/2025 , 23:25:06,2779,2779
2918,31/08/2025 , 00:25:06,2778,2778
2919,31/08/2025 , 01:25:06,2777,2777
2920,31/08/2025 , 02:25:06,2776,2776
2921,31/08/2025 , 03:25:06,2775,2775
2922,31/08/2025 , 04:25:06,2775,2775
2923,31/08/2025 , 05:25:06,2774,2774
2924,31/08/2025 , 06:25:06,2774,2774
2925,31/08/2025 , 07:25:06,2773,2773
2926,31/08/2025 , 08:25:06,2772,2772
2927,31/08/2025 , 09:25:06,2772,2772
2928,31/08/2025 , 10:25:06,2772,2772
2929,31/08/2025 , 11:25:06,2772,2772
2930,31/08/2025 , 12:25:06,2772,2772
2931,31/08/2025 , 13:25:06,2771,2771
2932,31/08/2025 , 14:25:06,2770,2770
2933,31/08/2025 , 15:25:06,2770,2770
2934,31/08/2025 , 16:25:06,2769,2769
2935,31/08/2025 , 17:25:06,2768,2768
2936,31/08/2025 , 18:25:06,2767,2767
2937,31/08/2025 , 19:25:06,2766,2766
2938,31/08/2025 , 20:25:06,2765,2765
2939,31/08/2025 , 21:25:06,2764,2764
2940,31/08/2025 , 22:25:06,2764,2764
2941,31/08/2025 , 23:25:06,2763,2763
2942,01/09/2025 , 00:25:06,2764,2764
2943,01/09/2025 , 01:25:06,2762,2762
2944,01/09/2025 , 02:25:06,2761,2761
2945,01/09/2025 , 03:25:06,2760,2760
2946,01/09/2025 , 04:25:06,2759,2759
2947,01/09/2025 , 05:25:06,2758,2758
2948,01/09/2025 , 06:25:06,2758,2758
2949,01/09/2025 , 07:25:06,2758,2758
2950,01/09/2025 , 08:25:06,2758,2758
2951,01/09/2025 , 09:25:06,2758,2758
2952,01/09/2025 , 10:25:06,2760,2760
2953,01/09/2025 , 11:25:06,2761,2761
2954,01/09/2025 , 12:25:06,2761,2761
2955,01/09/2025 , 13:25:06,2758,2758
2956,01/09/2025 , 14:25:06,2756,2756
2957,01/09/2025 , 15:25:06,2761,2761
2958,01/09/2025 , 16:25:06,2760,2760
2959,01/09/2025 , 17:25:06,2759,2759
2960,01/09/2025 , 18:25:06,2758,2758
2961,01/09/2025 , 19:25:06,2757,2757
2962,01/09/2025 , 20:25:06,2756,2756
2963,01/09/2025 , 21:25:06,2759,2759
2964,01/09/2025 , 22:25:06,2758,2758
2965,01/09/2025 , 23:25:06,2758,2758
2966,02/09/2025 , 00:25:06,2756,2756
2967,02/09/2025 , 01:25:06,2755,2755
2968,02/09/2025 , 02:25:06,2754,2754
2969,02/09/2025 , 03:25:06,2752,2752
2970,02/09/2025 , 04:25:06,2751,2751
2971,02/09/2025 , 05:25:06,2750,2750
2972,02/09/2025 , 06:25:06,2750,2750
2973,02/09/2025 , 07:25:06,2750,2750
2974,02/09/2025 , 08:25:06,2751,2751
2975,02/09/2025 , 09:25:06,2752,2752
2976,02/09/2025 , 10:25:06,2752,2752
2977,02/09/2025 , 11:25:06,2752,2752
2978,02/09/2025 , 12:25:06,2751,2751
2979,02/09/2025 , 13:25:06,2750,2750
2980,02/09/2025 , 14:25:06,2749,2749
2981,02/09/2025 , 15:25:06,2749,2749
2982,02/09/2025 , 16:25:06,2749,2749
2983,02/09/2025 , 17:25:06,2749,2749
2984,02/09/2025 , 18:25:06,2748,2748
2985,02/09/2025 , 19:25:06,2747,2747
2986,02/09/2025 , 20:25:06,2747,2747
2987,02/09/2025 , 21:25:06,2751,2751
2988,02/09/2025 , 22:25:06,2750,2750
2989,02/09/2025 , 23:25:06,2750,2750
2990,03/09/2025 , 00:25:06,2751,2751
2991,03/09/2025 , 01:25:06,2751,2751
2992,03/09/2025 , 02:25:06,2751,2751
2993,03/09/2025 , 03:25:06,2751,2751
2994,03/09/2025 , 04:25:06,2752,2752
2995,03/09/2025 , 05:25:06,2788,2788
2996,03/09/2025 , 06:25:06,2774,2774
2997,03/09/2025 , 07:25:06,2772,2772
2998,03/09/2025 , 08:25:06,2772,2772
2999,03/09/2025 , 09:25:06,2771,2771
3000,03/09/2025 , 10:25:06,2772,2772
3001,03/09/2025 , 11:25:06,2771,2771
3002,03/09/2025 , 12:25:06,2771,2771
3003,03/09/2025 , 13:25:06,2769,2769
3004,03/09/2025 , 14:25:06,2768,2768
3005,03/09/2025 , 15:25:06,2768,2768
3006,03/09/2025 , 16:25:06,2768,2768
3007,03/09/2025 , 17:25:06,2767,2767
3008,03/09/2025 , 18:25:06,2766,2766
3009,03/09/2025 , 19:25:06,2765,2765
3010,03/09/2025 , 20:25:06,2764,2764
3011,03/09/2025 , 21:25:06,2763,2763
3012,03/09/2025 , 22:25:06,2761,2761
3013,03/09/2025 , 23:25:06,2761,2761
3014,04/09/2025 , 00:25:06,2760,2760
3015,04/09/2025 , 01:25:06,2760,2760
3016,04/09/2025 , 02:25:06,2760,2760
3017,04/09/2025 , 03:25:06,2759,2759
3018,04/09/2025 , 04:25:06,2758,2758
3019,04/09/2025 , 05:25:06,2758,2758
3020,04/09/2025 , 06:25:06,2758,2758
3021,04/09/2025 , 07:25:06,2759,2759
3022,04/09/2025 , 08:25:06,2760,2760
3023,04/09/2025 , 09:25:06,2761,2761
3024,04/09/2025 , 10:25:06,2760,2760
3025,04/09/2025 , 11:25:06,2760,2760
3026,04/09/2025 , 12:25:06,2759,2759
3027,04/09/2025 , 13:25:06,2756,2756
3028,04/09/2025 , 14:25:06,2756,2756
3029,04/09/2025 , 15:25:06,2756,2756
3030,04/09/2025 , 16:25:06,2755,2755
3031,04/09/2025 , 17:25:06,2755,2755
3032,04/09/2025 , 18:25:06,2753,2753
3033,04/09/2025 , 19:25:06,2752,2752
3034,04/09/2025 , 20:25:06,2752,2752
3035,04/09/2025 , 21:25:06,2750,2750
3036,04/09/2025 , 22:25:06,2750,2750
3037,04/09/2025 , 23:25:06,2749,2749
3038,05/09/2025 , 00:25:06,2749,2749
3039,05/09/2025 , 01:25:06,2755,2755
3040,05/09/2025 , 02:25:06,2760,2760
3041,05/09/2025 , 03:25:06,2761,2761
3042,05/09/2025 , 04:25:06,2761,2761
3043,05/09/2025 , 05:25:06,2760,2760
3044,05/09/2025 , 06:25:06,2759,2759
3045,05/09/2025 , 07:25:06,2758,2758
3046,05/09/2025 , 08:25:06,2758,2758
3047,05/09/2025 , 09:25:06,2757,2757
3048,05/09/2025 , 10:25:06,2756,2756
3049,05/09/2025 , 11:25:06,2756,2756
3050,05/09/2025 , 12:25:06,2755,2755
3051,05/09/2025 , 13:25:06,2754,2754
3052,05/09/2025 , 14:25:06,2753,2753
3053,05/09/2025 , 15:25:06,2752,2752
3054,05/09/2025 , 16:25:06,2751,2751
3055,05/09/2025 , 17:25:06,2750,2750
3056,05/09/2025 , 18:25:06,2750,2750
3057,05/09/2025 , 19:25:06,2750,2750
3058,05/09/2025 , 20:25:06,2749,2749
3059,05/09/2025 , 21:25:06,2748,2748
3060,05/09/2025 , 22:25:06,2747,2747
3061,05/09/2025 , 23:25:06,2747,2747
3062,06/09/2025 , 00:25:06,2747,2747
3063,06/09/2025 , 01:25:06,2774,2774
3064,06/09/2025 , 02:25:06,2768,2768
3065,06/09/2025 , 03:25:06,2764,2764
3066,06/09/2025 , 04:25:06,2762,2762
3067,06/09/2025 , 05:25:06,2760,2760
3068,06/09/2025 , 06:25:06,2760,2760
3069,06/09/2025 , 07:25:06,2760,2760
3070,06/09/2025 , 08:25:06,2759,2759
3071,06/09/2025 , 09:25:06,2758,2758
3072,06/09/2025 , 10:25:06,2756,2756
3073,06/09/2025 , 11:25:06,2756,2756
3074,06/09/2025 , 12:25:06,2756,2756
3075,06/09/2025 , 13:25:06,2755,2755
3076,06/09/2025 , 14:25:06,2753,2753
3077,06/09/2025 , 15:25:06,2753,2753
3078,06/09/2025 , 16:25:06,2752,2752
3079,06/09/2025 , 17:25:06,2752,2752
3080,06/09/2025 , 18:25:06,2753,2753
3081,06/09/2025 , 19:25:06,2751,2751
3082,06/09/2025 , 20:25:06,2751,2751
3083,06/09/2025 , 21:25:06,2751,2751
3084,06/09/2025 , 22:25:06,2751,2751
3085,06/09/2025 , 23:25:06,2751,2751
3086,07/09/2025 , 00:25:06,2750,2750
3087,07/09/2025 , 01:25:06,2750,2750
3088,07/09/2025 , 02:25:06,2751,2751
3089,07/09/2025 , 03:25:06,2750,2750
3090,07/09/2025 , 04:25:06,2750,2750
3091,07/09/2025 , 05:25:06,2750,2750
3092,07/09/2025 , 06:25:06,2750,2750
3093,07/09/2025 , 07:25:06,2749,2749
3094,07/09/2025 , 08:25:06,2749,2749
3095,07/09/2025 , 09:25:06,2750,2750
3096,07/09/2025 , 10:25:06,2749,2749
3097,07/09/2025 , 11:25:06,2749,2749
3098,07/09/2025 , 12:25:06,2749,2749
3099,07/09/2025 , 13:25:06,2749,2749
3100,07/09/2025 , 14:25:06,2749,2749
3101,07/09/2025 , 15:25:06,2749,2749
3102,07/09/2025 , 16:25:06,2749,2749
3103,07/09/2025 , 17:25:06,2748,2748
3104,07/09/2025 , 18:25:06,2751,2751
3105,07/09/2025 , 19:25:06,2746,2746
3106,07/09/2025 , 20:25:06,2748,2748
3107,07/09/2025 , 21:25:06,2746,2746
3108,07/09/2025 , 22:25:06,2744,2744
3109,07/09/2025 , 23:25:06,2744,2744
3110,08/09/2025 , 00:25:06,2743,2743
3111,08/09/2025 , 01:25:06,2742,2742
3112,08/09/2025 , 02:25:06,2742,2742
3113,08/09/2025 , 03:25:06,2742,2742
3114,08/09/2025 , 04:25:06,2741,2741
3115,08/09/2025 , 05:25:06,2747,2747
3116,08/09/2025 , 06:25:06,2744,2744
3117,08/09/2025 , 07:25:06,2742,2742
3118,08/09/2025 , 08:25:06,2743,2743
3119,08/09/2025 , 09:25:06,2743,2743
3120,08/09/2025 , 10:25:06,2742,2742
3121,08/09/2025 , 11:25:06,2742,2742
3122,08/09/2025 , 12:25:06,2741,2741
3123,08/09/2025 , 13:25:06,2740,2740
3124,08/09/2025 , 14:25:06,2740,2740
3125,08/09/2025 , 15:25:06,2739,2739
3126,08/09/2025 , 16:25:06,2738,2738
3127,08/09/2025 , 17:25:06,2738,2738
3128,08/09/2025 , 18:25:06,2736,2736
3129,08/09/2025 , 19:25:06,2736,2736
3130,08/09/2025 , 20:25:06,2735,2735
3131,08/09/2025 , 21:25:06,2735,2735
3132,08/09/2025 , 22:25:06,2734,2734
3133,08/09/2025 , 23:25:06,2733,2733
3134,09/09/2025 , 00:25:06,2733,2733
3135,09/09/2025 , 01:25:06,2733,2733
3136,09/09/2025 , 02:25:06,2733,2733
3137,09/09/2025 , 03:25:06,2734,2734
3138,09/09/2025 , 04:25:06,2734,2734
3139,09/09/2025 , 05:25:06,2733,2733
3140,09/09/2025 , 06:25:06,2738,2738
3141,09/09/2025 , 07:25:06,2735,2735
3142,09/09/2025 , 08:25:06,2735,2735
3143,09/09/2025 , 09:25:06,2736,2736
3144,09/09/2025 , 10:25:06,2736,2736
3145,09/09/2025 , 11:25:06,2736,2736
3146,09/09/2025 , 12:25:06,2735,2735
3147,09/09/2025 , 13:25:06,2735,2735
3148,09/09/2025 , 14:25:06,2734,2734
3149,09/09/2025 , 15:25:06,2734,2734
3150,09/09/2025 , 16:25:06,2734,2734
3151,09/09/2025 , 17:25:06,2733,2733
3152,09/09/2025 , 18:25:06,2733,2733
3153,09/09/2025 , 19:25:06,2733,2733
3154,09/09/2025 , 20:25:06,2732,2732
3155,09/09/2025 , 21:25:06,2732,2732
3156,09/09/2025 , 22:25:06,2735,2735
3157,09/09/2025 , 23:25:06,2735,2735
3158,10/09/2025 , 00:25:06,2737,2737
3159,10/09/2025 , 01:25:06,2736,2736
3160,10/09/2025 , 02:25:06,2736,2736
3161,10/09/2025 , 03:25:06,2735,2735
3162,10/09/2025 , 04:25:06,2733,2733
3163,10/09/2025 , 05:25:06,2732,2732
3164,10/09/2025 , 06:25:06,2732,2732
3165,10/09/2025 , 07:25:06,2733,2733
3166,10/09/2025 , 08:25:06,2733,2733
3167,10/09/2025 , 09:25:06,2735,2735
3168,10/09/2025 , 10:25:06,2735,2735
3169,10/09/2025 , 11:25:06,2735,2735
3170,10/09/2025 , 12:25:06,2735,2735
3171,10/09/2025 , 13:25:06,2735,2735
3172,10/09/2025 , 14:25:06,2734,2734
3173,10/09/2025 , 15:25:06,2734,2734
3174,10/09/2025 , 16:25:06,2734,2734
3175,10/09/2025 , 17:25:06,2733,2733
3176,10/09/2025 , 18:25:06,2733,2733
3177,10/09/2025 , 19:25:06,2733,2733
3178,10/09/2025 , 20:25:06,2732,2732
3179,10/09/2025 , 21:25:06,2732,2732
3180,10/09/2025 , 22:25:06,2733,2733
3181,10/09/2025 , 23:25:06,2732,2732
3182,11/09/2025 , 00:25:06,2732,2732
3183,11/09/2025 , 01:25:06,2732,2732
3184,11/09/2025 , 02:25:06,2732,2732
3185,11/09/2025 , 03:25:06,2732,2732
3186,11/09/2025 , 04:25:06,2732,2732
3187,11/09/2025 , 05:25:06,2732,2732
3188,11/09/2025 , 06:25:06,2732,2732
3189,11/09/2025 , 07:25:06,2732,2732
3190,11/09/2025 , 08:25:06,2733,2733
3191,11/09/2025 , 09:25:06,2733,2733
3192,11/09/2025 , 10:25:06,2732,2732
3193,11/09/2025 , 11:25:06,2732,2732
3194,11/09/2025 , 12:25:06,2732,2732
3195,11/09/2025 , 13:25:06,2732,2732
3196,11/09/2025 , 14:25:06,2731,2731
3197,11/09/2025 , 15:25:06,2731,2731
3198,11/09/2025 , 16:25:06,2731,2731
3199,11/09/2025 , 17:25:06,2731,2731
3200,11/09/2025 , 18:25:06,2730,2730
3201,11/09/2025 , 19:25:06,2729,2729
3202,11/09/2025 , 20:25:06,2729,2729
3203,11/09/2025 , 21:25:06,2729,2729
3204,11/09/2025 , 22:25:06,2729,2729
3205,11/09/2025 , 23:25:06,2727,2727
3206,12/09/2025 , 00:25:06,2727,2727
3207,12/09/2025 , 01:25:06,2727,2727
3208,12/09/2025 , 02:25:06,2728,2728
3209,12/09/2025 , 03:25:06,2728,2728
3210,12/09/2025 , 04:25:06,2728,2728
3211,12/09/2025 , 05:25:06,2731,2731
3212,12/09/2025 , 06:25:06,2731,2731
3213,12/09/2025 , 07:25:06,2731,2731
3214,12/09/2025 , 08:25:06,2732,2732
3215,12/09/2025 , 09:25:06,2734,2734
3216,12/09/2025 , 10:25:06,2733,2733
3217,12/09/2025 , 11:25:06,2733,2733
3218,12/09/2025 , 12:25:06,2733,2733
3219,12/09/2025 , 13:25:06,2732,2732
3220,12/09/2025 , 14:25:06,2732,2732
3221,12/09/2025 , 15:25:06,2732,2732
3222,12/09/2025 , 16:25:06,2732,2732
3223,12/09/2025 , 17:25:06,2732,2732
3224,12/09/2025 , 18:25:06,2732,2732
3225,12/09/2025 , 19:25:06,2732,2732
3226,12/09/2025 , 20:25:06,2731,2731
3227,12/09/2025 , 21:25:06,2731,2731
3228,12/09/2025 , 22:25:06,2730,2730
3229,12/09/2025 , 23:25:06,2730,2730
3230,13/09/2025 , 00:25:06,2729,2729
3231,13/09/2025 , 01:25:06,2729,2729
3232,13/09/2025 , 02:25:06,2729,2729
3233,13/09/2025 , 03:25:06,2730,2730
3234,13/09/2025 , 04:25:06,2729,2729
3235,13/09/2025 , 05:25:06,2729,2729
3236,13/09/2025 , 06:25:06,2729,2729
3237,13/09/2025 , 07:25:06,2730,2730
3238,13/09/2025 , 08:25:06,2731,2731
3239,13/09/2025 , 09:25:06,2732,2732
3240,13/09/2025 , 10:25:06,2732,2732
3241,13/09/2025 , 11:25:06,2733,2733
3242,13/09/2025 , 12:25:06,2733,2733
3243,13/09/2025 , 13:25:06,2732,2732
3244,13/09/2025 , 14:25:06,2732,2732
3245,13/09/2025 , 15:25:06,2732,2732
3246,13/09/2025 , 16:25:06,2732,2732
3247,13/09/2025 , 17:25:06,2734,2734
3248,13/09/2025 , 18:25:06,2733,2733
3249,13/09/2025 , 19:25:06,2732,2732
3250,13/09/2025 , 20:25:06,2731,2731
3251,13/09/2025 , 21:25:06,2731,2731
3252,13/09/2025 , 22:25:06,2731,2731
3253,13/09/2025 , 23:25:06,2731,2731
3254,14/09/2025 , 00:25:06,2731,2731
3255,14/09/2025 , 01:25:06,2731,2731
3256,14/09/2025 , 02:25:06,2730,2730
3257,14/09/2025 , 03:25:06,2732,2732
3258,14/09/2025 , 04:25:06,2732,2732
3259,14/09/2025 , 05:25:06,2732,2732
3260,14/09/2025 , 06:25:06,2732,2732
3261,14/09/2025 , 07:25:06,2731,2731
3262,14/09/2025 , 08:25:06,2732,2732
3263,14/09/2025 , 09:25:06,2733,2733
3264,14/09/2025 , 10:25:06,2733,2733
3265,14/09/2025 , 11:25:06,2732,2732
3266,14/09/2025 , 12:25:06,2733,2733
3267,14/09/2025 , 13:25:06,2732,2732
3268,14/09/2025 , 14:25:06,2732,2732
3269,14/09/2025 , 15:25:06,2732,2732
3270,14/09/2025 , 16:25:06,2732,2732
3271,14/09/2025 , 17:25:06,2731,2731
3272,14/09/2025 , 18:25:06,2730,2730
3273,14/09/2025 , 19:25:06,2730,2730
3274,14/09/2025 , 20:25:06,2729,2729
3275,14/09/2025 , 21:25:06,2729,2729
3276,14/09/2025 , 22:25:06,2731,2731
3277,14/09/2025 , 23:25:06,2729,2729
3278,15/09/2025 , 00:25:06,2728,2728
3279,15/09/2025 , 01:25:06,2728,2728
3280,15/09/2025 , 02:25:06,2726,2726
3281,15/09/2025 , 03:25:06,2726,2726
3282,15/09/2025 , 04:25:06,2726,2726
3283,15/09/2025 , 05:25:06,2725,2725
3284,15/09/2025 , 06:25:06,2725,2725
3285,15/09/2025 , 07:25:06,2726,2726
3286,15/09/2025 , 08:25:06,2729,2729
3287,15/09/2025 , 09:25:06,2732,2732
3288,15/09/2025 , 10:25:06,2731,2731
3289,15/09/2025 , 11:25:06,2730,2730
3290,15/09/2025 , 12:25:06,2731,2731
3291,15/09/2025 , 13:25:06,2730,2730
3292,15/09/2025 , 14:25:06,2729,2729
3293,15/09/2025 , 15:25:06,2729,2729
3294,15/09/2025 , 16:25:06,2729,2729
3295,15/09/2025 , 17:25:06,2728,2728
3296,15/09/2025 , 18:25:06,2728,2728
3297,15/09/2025 , 19:25:06,2727,2727
3298,15/09/2025 , 20:25:06,2727,2727
3299,15/09/2025 , 21:25:06,2726,2726
3300,15/09/2025 , 22:25:06,2726,2726
3301,15/09/2025 , 23:25:06,2731,2731
3302,16/09/2025 , 00:25:06,2730,2730
3303,16/09/2025 , 01:25:06,2729,2729
3304,16/09/2025 , 02:25:06,2729,2729
3305,16/09/2025 , 03:25:06,2729,2729
3306,16/09/2025 , 04:25:06,2728,2728
3307,16/09/2025 , 05:25:06,2728,2728
3308,16/09/2025 , 06:25:06,2727,2727
3309,16/09/2025 , 07:25:06,2727,2727
3310,16/09/2025 , 08:25:06,2728,2728
3311,16/09/2025 , 09:25:06,2728,2728
3312,16/09/2025 , 10:25:06,2726,2726
3313,16/09/2025 , 11:25:06,2726,2726
3314,16/09/2025 , 12:25:06,2726,2726
3315,16/09/2025 , 13:25:06,2725,2725
3316,16/09/2025 , 14:25:06,2725,2725
3317,16/09/2025 , 15:25:06,2726,2726
3318,16/09/2025 , 16:25:06,2725,2725
3319,16/09/2025 , 17:25:06,2725,2725
3320,16/09/2025 , 18:25:06,2724,2724
3321,16/09/2025 , 19:25:06,2723,2723
3322,16/09/2025 , 20:25:06,2723,2723
3323,16/09/2025 , 21:25:06,2722,2722
3324,16/09/2025 , 22:25:06,2721,2721
3325,16/09/2025 , 23:25:06,2721,2721
3326,17/09/2025 , 00:25:06,2720,2720
3327,17/09/2025 , 01:25:06,2720,2720
3328,17/09/2025 , 02:25:06,2720,2720
3329,17/09/2025 , 03:25:06,2719,2719
3330,17/09/2025 , 04:25:06,2719,2719
3331,17/09/2025 , 05:25:06,2719,2719
3332,17/09/2025 , 06:25:06,2718,2718
3333,17/09/2025 , 07:25:06,2718,2718
3334,17/09/2025 , 08:25:06,2719,2719
3335,17/09/2025 , 09:25:06,2720,2720
3336,17/09/2025 , 10:25:06,2715,2715
3337,17/09/2025 , 11:25:06,2714,2714
3338,17/09/2025 , 12:25:06,2715,2715
3339,17/09/2025 , 13:25:06,2715,2715
3340,17/09/2025 , 14:25:06,2714,2714
3341,17/09/2025 , 15:25:06,2712,2712
3342,17/09/2025 , 16:25:06,2712,2712
3343,17/09/2025 , 17:25:06,2709,2709
3344,17/09/2025 , 18:25:06,2708,2708
3345,17/09/2025 , 19:25:06,2706,2706
3346,17/09/2025 , 20:25:06,2705,2705
3347,17/09/2025 , 21:25:06,2705,2705
3348,17/09/2025 , 22:25:06,2704,2704
3349,17/09/2025 , 23:25:06,2704,2704
3350,18/09/2025 , 00:25:06,2703,2703
3351,18/09/2025 , 01:25:06,2711,2711
3352,18/09/2025 , 02:25:06,2709,2709
3353,18/09/2025 , 03:25:06,2708,2708
3354,18/09/2025 , 04:25:06,2708,2708
3355,18/09/2025 , 05:25:06,2706,2706
3356,18/09/2025 , 06:25:06,2706,2706
3357,18/09/2025 , 07:25:06,2706,2706
3358,18/09/2025 , 08:25:06,2706,2706
3359,18/09/2025 , 09:25:06,2707,2707
3360,18/09/2025 , 10:25:06,2705,2705
3361,18/09/2025 , 11:25:06,2706,2706
3362,18/09/2025 , 12:25:06,2706,2706
3363,18/09/2025 , 13:25:06,2705,2705
3364,18/09/2025 , 14:25:06,2706,2706
3365,18/09/2025 , 15:25:06,2706,2706
3366,18/09/2025 , 16:25:06,2701,2701
3367,18/09/2025 , 17:25:06,2700,2700
3368,18/09/2025 , 18:25:06,2700,2700
3369,18/09/2025 , 19:25:06,2700,2700
3370,18/09/2025 , 20:25:06,2699,2699
3371,18/09/2025 , 21:25:06,2699,2699
3372,18/09/2025 , 22:25:06,2698,2698
3373,18/09/2025 , 23:25:06,2697,2697
3374,19/09/2025 , 00:25:06,2696,2696
3375,19/09/2025 , 01:25:06,2695,2695
3376,19/09/2025 , 02:25:06,2694,2694
3377,19/09/2025 , 03:25:06,2694,2694
3378,19/09/2025 , 04:25:06,2693,2693
3379,19/09/2025 , 05:25:06,2692,2692
3380,19/09/2025 , 06:25:06,2691,2691
3381,19/09/2025 , 07:25:06,2690,2690
3382,19/09/2025 , 08:25:06,2690,2690
3383,19/09/2025 , 09:25:06,2690,2690
3384,19/09/2025 , 10:25:06,2688,2688
3385,19/09/2025 , 11:25:06,2688,2688
3386,19/09/2025 , 12:25:06,2687,2687
3387,19/09/2025 , 13:25:06,2685,2685
3388,19/09/2025 , 14:25:06,2685,2685
3389,19/09/2025 , 15:25:06,2683,2683
3390,19/09/2025 , 16:25:06,2682,2682
3391,19/09/2025 , 17:25:06,2680,2680
3392,19/09/2025 , 18:25:06,2678,2678
3393,19/09/2025 , 19:25:06,2677,2677
3394,19/09/2025 , 20:25:06,2675,2675
3395,19/09/2025 , 21:25:06,2674,2674
3396,19/09/2025 , 22:25:06,2673,2673
3397,19/09/2025 , 23:25:06,2673,2673
3398,20/09/2025 , 00:25:06,2670,2670
3399,20/09/2025 , 01:25:06,2669,2669
3400,20/09/2025 , 02:25:06,2668,2668
3401,20/09/2025 , 03:25:06,2668,2668
3402,20/09/2025 , 04:25:06,2667,2667
3403,20/09/2025 , 05:25:06,2666,2666
3404,20/09/2025 , 06:25:06,2665,2665
3405,20/09/2025 , 07:25:06,2665,2665
3406,20/09/2025 , 08:25:06,2665,2665
3407,20/09/2025 , 09:25:06,2666,2666
3408,20/09/2025 , 10:25:06,2664,2664
3409,20/09/2025 , 11:25:06,2664,2664
3410,20/09/2025 , 12:25:06,2663,2663
3411,20/09/2025 , 13:25:06,2663,2663
3412,20/09/2025 , 14:25:06,2661,2661
3413,20/09/2025 , 15:25:06,2661,2661
3414,20/09/2025 , 16:25:06,2660,2660
3415,20/09/2025 , 17:25:06,2660,2660
3416,20/09/2025 , 18:25:06,2655,2655
3417,20/09/2025 , 19:25:06,2653,2653
3418,20/09/2025 , 20:25:06,2653,2653
3419,20/09/2025 , 21:25:06,2652,2652
3420,20/09/2025 , 22:25:06,2652,2652
3421,20/09/2025 , 23:25:06,2653,2653
3422,21/09/2025 , 00:25:06,2651,2651
3423,21/09/2025 , 01:25:06,2649,2649
3424,21/09/2025 , 02:25:06,2647,2647
3425,21/09/2025 , 03:25:06,2646,2646
3426,21/09/2025 , 04:25:06,2645,2645
3427,21/09/2025 , 05:25:06,2646,2646
3428,21/09/2025 , 06:25:06,2646,2646
3429,21/09/2025 , 07:25:06,2646,2646
3430,21/09/2025 , 08:25:06,2646,2646
3431,21/09/2025 , 09:25:06,2648,2648
3432,21/09/2025 , 10:25:06,2646,2646
3433,21/09/2025 , 11:25:06,2645,2645
3434,21/09/2025 , 12:25:06,2645,2645
3435,21/09/2025 , 13:25:06,2645,2645
3436,21/09/2025 , 14:25:06,2645,2645
3437,21/09/2025 , 15:25:06,2646,2646
3438,21/09/2025 , 16:25:06,2646,2646
3439,21/09/2025 , 17:25:06,2646,2646
3440,21/09/2025 , 18:25:06,2646,2646
3441,21/09/2025 , 19:25:06,2645,2645
3442,21/09/2025 , 20:25:06,2645,2645
3443,21/09/2025 , 21:25:06,2645,2645
3444,21/09/2025 , 22:25:06,2646,2646
3445,21/09/2025 , 23:25:06,2646,2646
3446,22/09/2025 , 00:25:06,2645,2645
3447,22/09/2025 , 01:25:06,2646,2646
3448,22/09/2025 , 02:25:06,2645,2645
3449,22/09/2025 , 03:25:06,2645,2645
3450,22/09/2025 , 04:25:06,2645,2645
3451,22/09/2025 , 05:25:06,2645,2645
3452,22/09/2025 , 06:25:06,2645,2645
3453,22/09/2025 , 07:25:06,2645,2645
3454,22/09/2025 , 08:25:06,2646,2646
3455,22/09/2025 , 09:25:06,2647,2647
3456,22/09/2025 , 10:25:06,2647,2647
3457,22/09/2025 , 11:25:06,2647,2647
3458,22/09/2025 , 12:25:06,2647,2647
3459,22/09/2025 , 13:25:06,2648,2648
3460,22/09/2025 , 14:25:06,2649,2649
3461,22/09/2025 , 15:25:06,2648,2648
3462,22/09/2025 , 16:25:06,2648,2648
3463,22/09/2025 , 17:25:06,2647,2647
3464,22/09/2025 , 18:25:06,2647,2647
3465,22/09/2025 , 19:25:06,2647,2647
3466,22/09/2025 , 20:25:06,2666,2666
3467,22/09/2025 , 21:25:06,2660,2660
3468,22/09/2025 , 22:25:06,2662,2662
3469,22/09/2025 , 23:25:06,2664,2664
3470,23/09/2025 , 00:25:06,2664,2664
3471,23/09/2025 , 01:25:06,2664,2664
3472,23/09/2025 , 02:25:06,2663,2663
3473,23/09/2025 , 03:25:06,2664,2664
3474,23/09/2025 , 04:25:06,2661,2661
3475,23/09/2025 , 05:25:06,2659,2659
3476,23/09/2025 , 06:25:06,2658,2658
3477,23/09/2025 , 07:25:06,2658,2658
3478,23/09/2025 , 08:25:06,2658,2658
3479,23/09/2025 , 09:25:06,2656,2656
3480,23/09/2025 , 10:25:06,2657,2657
3481,23/09/2025 , 11:25:06,2657,2657
3482,23/09/2025 , 12:25:06,2655,2655
3483,23/09/2025 , 13:25:06,2657,2657
3484,23/09/2025 , 14:25:06,2656,2656
3485,23/09/2025 , 15:25:06,2655,2655
3486,23/09/2025 , 16:25:06,2654,2654
3487,23/09/2025 , 17:25:06,2653,2653
3488,23/09/2025 , 18:25:06,2652,2652
3489,23/09/2025 , 19:25:06,2651,2651
3490,23/09/2025 , 20:25:06,2649,2649
3491,23/09/2025 , 21:25:06,2648,2648
3492,23/09/2025 , 22:25:06,2650,2650
3493,23/09/2025 , 23:25:06,2647,2647
3494,24/09/2025 , 00:25:06,2646,2646
3495,24/09/2025 , 01:25:06,2646,2646
3496,24/09/2025 , 02:25:06,2644,2644
3497,24/09/2025 , 03:25:06,2644,2644
3498,24/09/2025 , 04:25:06,2643,2643
3499,24/09/2025 , 05:25:06,2640,2640
3500,24/09/2025 , 06:25:06,2638,2638
3501,24/09/2025 , 07:25:06,2638,2638
3502,24/09/2025 , 08:25:06,2638,2638
3503,24/09/2025 , 09:25:06,2637,2637
3504,24/09/2025 , 10:25:06,2636,2636
3505,24/09/2025 , 11:25:06,2634,2634
3506,24/09/2025 , 12:25:06,2633,2633
3507,24/09/2025 , 13:25:06,2632,2632
3508,24/09/2025 , 14:25:06,2632,2632
3509,24/09/2025 , 15:25:06,2631,2631
3510,24/09/2025 , 16:25:06,2630,2630
3511,24/09/2025 , 17:25:06,2630,2630
3512,24/09/2025 , 18:25:06,2630,2630
3513,24/09/2025 , 19:25:06,2629,2629
3514,24/09/2025 , 20:25:06,2628,2628
3515,24/09/2025 , 21:25:06,2628,2628
3516,24/09/2025 , 22:25:06,2628,2628
3517,24/09/2025 , 23:25:06,2627,2627
3518,25/09/2025 , 00:25:06,2627,2627
3519,25/09/2025 , 01:25:06,2627,2627
3520,25/09/2025 , 02:25:06,2626,2626
3521,25/09/2025 , 03:25:06,2627,2627
3522,25/09/2025 , 04:25:06,2625,2625
3523,25/09/2025 , 05:25:06,2625,2625
3524,25/09/2025 , 06:25:06,2624,2624
3525,25/09/2025 , 07:25:06,2624,2624
3526,25/09/2025 , 08:25:06,2623,2623
3527,25/09/2025 , 09:25:06,2623,2623
3528,25/09/2025 , 10:25:06,2623,2623
3529,25/09/2025 , 11:25:06,2624,2624
3530,25/09/2025 , 12:25:06,2629,2629
3531,25/09/2025 , 13:25:06,2629,2629
3532,25/09/2025 , 14:25:06,2628,2628
3533,25/09/2025 , 15:25:06,2632,2632
3534,25/09/2025 , 16:25:06,2632,2632
3535,25/09/2025 , 17:25:06,2643,2643
3536,25/09/2025 , 18:25:06,2663,2663
3537,25/09/2025 , 19:25:06,2665,2665
3538,25/09/2025 , 20:25:06,2670,2670
3539,25/09/2025 , 21:25:06,2670,2670
3540,25/09/2025 , 22:25:06,2672,2672
3541,25/09/2025 , 23:25:06,2674,2674
3542,26/09/2025 , 00:25:06,2678,2678
3543,26/09/2025 , 01:25:06,2679,2679
3544,26/09/2025 , 02:25:06,2684,2684
3545,26/09/2025 , 03:25:06,2677,2677
3546,26/09/2025 , 04:25:06,2675,2675
3547,26/09/2025 , 05:25:06,2672,2672
3548,26/09/2025 , 06:25:06,2669,2669
3549,26/09/2025 , 07:25:06,2667,2667
3550,26/09/2025 , 08:25:06,2666,2666
3551,26/09/2025 , 09:25:06,2664,2664
3552,26/09/2025 , 10:25:06,2664,2664
3553,26/09/2025 , 11:25:06,2663,2663
3554,26/09/2025 , 12:25:06,2662,2662
3555,26/09/2025 , 13:25:06,2661,2661
3556,26/09/2025 , 14:25:06,2662,2662
3557,26/09/2025 , 15:25:06,2675,2675
3558,26/09/2025 , 16:25:06,2675,2675
3559,26/09/2025 , 17:25:06,2676,2676
3560,26/09/2025 , 18:25:06,2674,2674
3561,26/09/2025 , 19:25:06,2672,2672
3562,26/09/2025 , 20:25:06,2670,2670
3563,26/09/2025 , 21:25:06,2669,2669
3564,26/09/2025 , 22:25:06,2669,2669
3565,26/09/2025 , 23:25:06,2667,2667
3566,27/09/2025 , 00:25:06,2666,2666
3567,27/09/2025 , 01:25:06,2666,2666
3568,27/09/2025 , 02:25:06,2664,2664
3569,27/09/2025 , 03:25:06,2663,2663
3570,27/09/2025 , 04:25:06,2661,2661
3571,27/09/2025 , 05:25:06,2661,2661
3572,27/09/2025 , 06:25:06,2660,2660
3573,27/09/2025 , 07:25:06,2660,2660
3574,27/09/2025 , 08:25:06,2660,2660
3575,27/09/2025 , 09:25:06,2660,2660
3576,27/09/2025 , 10:25:06,2657,2657
3577,27/09/2025 , 11:25:06,2657,2657
3578,27/09/2025 , 12:25:06,2656,2656
3579,27/09/2025 , 13:25:06,2655,2655
3580,27/09/2025 , 14:25:06,2654,2654
3581,27/09/2025 , 15:25:06,2654,2654
3582,27/09/2025 , 16:25:06,2653,2653
3583,27/09/2025 , 17:25:06,2653,2653
3584,27/09/2025 , 18:25:06,2650,2650
3585,27/09/2025 , 19:25:06,2649,2649
3586,27/09/2025 , 20:25:06,2648,2648
3587,27/09/2025 , 21:25:06,2647,2647
3588,27/09/2025 , 22:25:06,2645,2645
3589,27/09/2025 , 23:25:06,2645,2645
3590,28/09/2025 , 00:25:06,2645,2645
3591,28/09/2025 , 01:25:06,2644,2644
3592,28/09/2025 , 02:25:06,2643,2643
3593,28/09/2025 , 03:25:06,2645,2645
3594,28/09/2025 , 04:25:06,2644,2644
3595,28/09/2025 , 05:25:06,2643,2643
3596,28/09/2025 , 06:25:06,2643,2643
3597,28/09/2025 , 07:25:06,2643,2643
3598,28/09/2025 , 08:25:06,2644,2644
3599,28/09/2025 , 09:25:06,2643,2643
3600,28/09/2025 , 10:25:06,2644,2644
3601,28/09/2025 , 11:25:06,2643,2643
3602,28/09/2025 , 12:25:06,2644,2644
3603,28/09/2025 , 13:25:06,2642,2642
3604,28/09/2025 , 14:25:06,2640,2640
3605,28/09/2025 , 15:25:06,2639,2639
3606,28/09/2025 , 16:25:06,2637,2637
3607,28/09/2025 , 17:25:06,2636,2636
3608,28/09/2025 , 18:25:06,2634,2634
3609,28/09/2025 , 19:25:06,2633,2633
3610,28/09/2025 , 20:25:06,2633,2633
3611,28/09/2025 , 21:25:06,2633,2633
3612,28/09/2025 , 22:25:06,2631,2631
3613,28/09/2025 , 23:25:06,2631,2631
3614,29/09/2025 , 00:25:06,2629,2629
3615,29/09/2025 , 01:25:06,2629,2629
3616,29/09/2025 , 02:25:06,2628,2628
3617,29/09/2025 , 03:25:06,2628,2628
3618,29/09/2025 , 04:25:06,2627,2627
3619,29/09/2025 , 05:25:06,2626,2626
3620,29/09/2025 , 06:25:06,2625,2625
3621,29/09/2025 , 07:25:06,2625,2625
3622,29/09/2025 , 08:25:06,2624,2624
3623,29/09/2025 , 09:25:06,2625,2625
3624,29/09/2025 , 10:25:06,2624,2624
3625,29/09/2025 , 11:25:06,2623,2623
3626,29/09/2025 , 12:25:06,2623,2623
3627,29/09/2025 , 13:25:06,2623,2623
3628,29/09/2025 , 14:25:06,2622,2622
3629,29/09/2025 , 15:25:06,2622,2622
3630,29/09/2025 , 16:25:06,2622,2622
3631,29/09/2025 , 17:25:06,2621,2621
3632,29/09/2025 , 18:25:06,2622,2622
3633,29/09/2025 , 19:25:06,2621,2621
3634,29/09/2025 , 20:25:06,2621,2621
3635,29/09/2025 , 21:25:06,2620,2620
3636,29/09/2025 , 22:25:06,2620,2620
3637,29/09/2025 , 23:25:06,2620,2620
3638,30/09/2025 , 00:25:06,2620,2620
3639,30/09/2025 , 01:25:06,2618,2618
3640,30/09/2025 , 02:25:06,2618,2618
3641,30/09/2025 , 03:25:06,2617,2617
3642,30/09/2025 , 04:25:06,2617,2617
3643,30/09/2025 , 05:25:06,2616,2616
3644,30/09/2025 , 06:25:06,2615,2615
3645,30/09/2025 , 07:25:06,2615,2615
3646,30/09/2025 , 08:25:06,2615,2615
3647,30/09/2025 , 09:25:06,2616,2616
3648,30/09/2025 , 10:25:06,2615,2615
3649,30/09/2025 , 11:25:06,2614,2614
3650,30/09/2025 , 12:25:06,2613,2613
3651,30/09/2025 , 13:25:06,2612,2612
3652,30/09/2025 , 14:25:06,2612,2612
3653,30/09/2025 , 15:25:06,2612,2612
3654,30/09/2025 , 16:25:06,2611,2611
3655,30/09/2025 , 17:25:06,2610,2610
3656,30/09/2025 , 18:25:06,2610,2610
3657,30/09/2025 , 19:25:06,2609,2609
3658,30/09/2025 , 20:25:06,2607,2607
3659,30/09/2025 , 21:25:06,2607,2607
3660,30/09/2025 , 22:25:06,2607,2607
3661,30/09/2025 , 23:25:06,2606,2606
3662,01/10/2025 , 00:25:06,2606,2606
3663,01/10/2025 , 01:25:06,2605,2605
3664,01/10/2025 , 02:25:06,2605,2605
3665,01/10/2025 , 03:25:06,2605,2605
3666,01/10/2025 , 04:25:06,2604,2604
3667,01/10/2025 , 05:25:06,2604,2604
3668,01/10/2025 , 06:25:06,2605,2605
3669,01/10/2025 , 07:25:06,2603,2603
3670,01/10/2025 , 08:25:06,2604,2604
3671,01/10/2025 , 09:25:06,2605,2605
3672,01/10/2025 , 10:25:06,2604,2604
3673,01/10/2025 , 11:25:06,2604,2604
3674,01/10/2025 , 12:25:06,2603,2603
3675,01/10/2025 , 13:25:06,2602,2602
3676,01/10/2025 , 14:25:06,2601,2601
3677,01/10/2025 , 15:25:06,2601,2601
3678,01/10/2025 , 16:25:06,2600,2600
3679,01/10/2025 , 17:25:06,2599,2599
3680,01/10/2025 , 18:25:06,2599,2599
3681,01/10/2025 , 19:25:06,2597,2597
3682,01/10/2025 , 20:25:06,2597,2597
3683,01/10/2025 , 21:25:06,2597,2597
3684,01/10/2025 , 22:25:06,2595,2595
3685,01/10/2025 , 23:25:06,2595,2595
3686,02/10/2025 , 00:25:06,2594,2594
3687,02/10/2025 , 01:25:06,2593,2593
3688,02/10/2025 , 02:25:06,2592,2592
3689,02/10/2025 , 03:25:06,2592,2592
3690,02/10/2025 , 04:25:06,2593,2593
3691,02/10/2025 , 05:25:06,2590,2590
3692,02/10/2025 , 06:25:06,2597,2597
3693,02/10/2025 , 07:25:06,2596,2596
3694,02/10/2025 , 08:25:06,2597,2597
3695,02/10/2025 , 09:25:06,2598,2598
3696,02/10/2025 , 10:25:06,2599,2599
3697,02/10/2025 , 11:25:06,2597,2597
3698,02/10/2025 , 12:25:06,2598,2598
3699,02/10/2025 , 13:25:06,2597,2597
3700,02/10/2025 , 14:25:06,2596,2596
3701,02/10/2025 , 15:25:06,2595,2595
3702,02/10/2025 , 16:25:06,2596,2596
3703,02/10/2025 , 17:25:06,2595,2595
3704,02/10/2025 , 18:25:06,2593,2593
3705,02/10/2025 , 19:25:06,2592,2592
3706,02/10/2025 , 20:25:06,2592,2592
3707,02/10/2025 , 21:25:06,2591,2591
3708,02/10/2025 , 22:25:06,2589,2589
3709,02/10/2025 , 23:25:06,2589,2589
3710,03/10/2025 , 00:25:06,2588,2588
3711,03/10/2025 , 01:25:06,2588,2588
3712,03/10/2025 , 02:25:06,2588,2588
3713,03/10/2025 , 03:25:06,2587,2587
3714,03/10/2025 , 04:25:06,2588,2588
3715,03/10/2025 , 05:25:06,2588,2588
3716,03/10/2025 , 06:25:06,2588,2588
3717,03/10/2025 , 07:25:06,2588,2588
3718,03/10/2025 , 08:25:06,2589,2589
3719,03/10/2025 , 09:25:06,2592,2592
3720,03/10/2025 , 10:25:06,2591,2591
3721,03/10/2025 , 11:25:06,2591,2591
3722,03/10/2025 , 12:25:06,2592,2592
3723,03/10/2025 , 13:25:06,2592,2592
3724,03/10/2025 , 14:25:06,2593,2593
3725,03/10/2025 , 15:25:06,2594,2594
3726,03/10/2025 , 16:25:06,2595,2595
3727,03/10/2025 , 17:25:06,2595,2595
3728,03/10/2025 , 18:25:06,2595,2595
3729,03/10/2025 , 19:25:06,2595,2595
3730,03/10/2025 , 20:25:06,2597,2597
3731,03/10/2025 , 21:25:06,2599,2599
3732,03/10/2025 , 22:25:06,2599,2599
3733,03/10/2025 , 23:25:06,2600,2600
3734,04/10/2025 , 00:25:06,2600,2600
3735,04/10/2025 , 01:25:06,2599,2599
3736,04/10/2025 , 02:25:06,2598,2598
3737,04/10/2025 , 03:25:06,2598,2598
3738,04/10/2025 , 04:25:06,2598,2598
3739,04/10/2025 , 05:25:06,2601,2601
3740,04/10/2025 , 06:25:06,2600,2600
3741,04/10/2025 , 07:25:06,2598,2598
3742,04/10/2025 , 08:25:06,2597,2597
3743,04/10/2025 , 09:25:06,2598,2598
3744,04/10/2025 , 10:25:06,2598,2598
3745,04/10/2025 , 11:25:06,2597,2597
3746,04/10/2025 , 12:25:06,2597,2597
3747,04/10/2025 , 13:25:06,2596,2596
3748,04/10/2025 , 14:25:06,2596,2596
3749,04/10/2025 , 15:25:06,2596,2596
3750,04/10/2025 , 16:25:06,2598,2598
3751,04/10/2025 , 17:25:06,2597,2597
3752,04/10/2025 , 18:25:06,2595,2595
3753,04/10/2025 , 19:25:06,2594,2594
3754,04/10/2025 , 20:25:06,2593,2593
3755,04/10/2025 , 21:25:06,2593,2593
3756,04/10/2025 , 22:25:06,2592,2592
3757,04/10/2025 , 23:25:06,2591,2591
3758,05/10/2025 , 00:25:06,2590,2590
3759,05/10/2025 , 01:25:06,2590,2590
3760,05/10/2025 , 02:25:06,2590,2590
3761,05/10/2025 , 03:25:06,2589,2589
3762,05/10/2025 , 04:25:06,2589,2589
3763,05/10/2025 , 05:25:06,2589,2589
3764,05/10/2025 , 06:25:06,2588,2588
3765,05/10/2025 , 07:25:06,2588,2588
3766,05/10/2025 , 08:25:06,2588,2588
3767,05/10/2025 , 09:25:06,2590,2590
3768,05/10/2025 , 10:25:06,2590,2590
3769,05/10/2025 , 11:25:06,2590,2590
3770,05/10/2025 , 12:25:06,2590,2590
3771,05/10/2025 , 13:25:06,2590,2590
3772,05/10/2025 , 14:25:06,2589,2589
3773,05/10/2025 , 15:25:06,2590,2590
3774,05/10/2025 , 16:25:06,2591,2591
3775,05/10/2025 , 17:25:06,2590,2590
3776,05/10/2025 , 18:25:06,2591,2591
3777,05/10/2025 , 19:25:06,2590,2590
3778,05/10/2025 , 20:25:06,2590,2590
3779,05/10/2025 , 21:25:06,2590,2590
3780,05/10/2025 , 22:25:06,2589,2589
3781,05/10/2025 , 23:25:06,2589,2589
3782,06/10/2025 , 00:25:06,2588,2588
3783,06/10/2025 , 01:25:06,2588,2588
3784,06/10/2025 , 02:25:06,2588,2588
3785,06/10/2025 , 03:25:06,2588,2588
3786,06/10/2025 , 04:25:06,2587,2587
3787,06/10/2025 , 05:25:06,2587,2587
3788,06/10/2025 , 06:25:06,2588,2588
3789,06/10/2025 , 07:25:06,2588,2588
3790,06/10/2025 , 08:25:06,2588,2588
3791,06/10/2025 , 09:25:06,2589,2589
3792,06/10/2025 , 10:25:06,2588,2588
3793,06/10/2025 , 11:25:06,2588,2588
3794,06/10/2025 , 12:25:06,2587,2587
3795,06/10/2025 , 13:25:06,2587,2587
3796,06/10/2025 , 14:25:06,2586,2586
3797,06/10/2025 , 15:25:06,2589,2589
3798,06/10/2025 , 16:25:06,2589,2589
3799,06/10/2025 , 17:25:06,2588,2588
3800,06/10/2025 , 18:25:06,2586,2586
3801,06/10/2025 , 19:25:06,2585,2585
3802,06/10/2025 , 20:25:06,2584,2584
3803,06/10/2025 , 21:25:06,2583,2583
3804,06/10/2025 , 22:25:06,2584,2584
3805,06/10/2025 , 23:25:06,2584,2584
3806,07/10/2025 , 00:25:06,2583,2583
3807,07/10/2025 , 01:25:06,2584,2584
3808,07/10/2025 , 02:25:06,2583,2583
3809,07/10/2025 , 03:25:06,2584,2584
3810,07/10/2025 , 04:25:06,2584,2584
3811,07/10/2025 , 05:25:06,2583,2583
3812,07/10/2025 , 06:25:06,2583,2583
3813,07/10/2025 , 07:25:06,2584,2584
3814,07/10/2025 , 08:25:06,2584,2584
3815,07/10/2025 , 09:25:06,2584,2584
3816,07/10/2025 , 10:25:06,2584,2584
3817,07/10/2025 , 11:25:06,2586,2586
3818,07/10/2025 , 12:25:06,2586,2586
3819,07/10/2025 , 13:25:06,2586,2586
3820,07/10/2025 , 14:25:06,2585,2585
3821,07/10/2025 , 15:25:06,2585,2585
3822,07/10/2025 , 16:25:06,2586,2586
3823,07/10/2025 , 17:25:06,2586,2586
3824,07/10/2025 , 18:25:06,2586,2586
3825,07/10/2025 , 19:25:06,2587,2587
3826,07/10/2025 , 20:25:06,2587,2587
3827,07/10/2025 , 21:25:06,2588,2588
3828,07/10/2025 , 22:25:06,2607,2607
3829,07/10/2025 , 23:25:06,2604,2604
3830,08/10/2025 , 00:25:06,2624,2624
3831,08/10/2025 , 01:25:06,2609,2609
3832,08/10/2025 , 02:25:06,2604,2604
3833,08/10/2025 , 03:25:06,2612,2612
3834,08/10/2025 , 04:25:06,2615,2615
3835,08/10/2025 , 05:25:06,2608,2608
3836,08/10/2025 , 06:25:06,2604,2604
3837,08/10/2025 , 07:25:06,2602,2602
3838,08/10/2025 , 08:25:06,2602,2602
3839,08/10/2025 , 09:25:06,2601,2601
3840,08/10/2025 , 10:25:06,2600,2600
3841,08/10/2025 , 11:25:06,2600,2600
3842,08/10/2025 , 12:25:06,2600,2600
3843,08/10/2025 , 13:25:06,2597,2597
3844,08/10/2025 , 14:25:06,2596,2596
3845,08/10/2025 , 15:25:06,2596,2596
3846,08/10/2025 , 16:25:06,2594,2594
3847,08/10/2025 , 17:25:06,2594,2594
3848,08/10/2025 , 18:25:06,2594,2594
3849,08/10/2025 , 19:25:06,2593,2593
3850,08/10/2025 , 20:25:06,2593,2593
3851,08/10/2025 , 21:25:06,2592,2592
3852,08/10/2025 , 22:25:06,2592,2592
3853,08/10/2025 , 23:25:06,2596,2596
3854,09/10/2025 , 00:25:06,2592,2592
3855,09/10/2025 , 01:25:06,2592,2592
3856,09/10/2025 , 02:25:06,2591,2591
3857,09/10/2025 , 03:25:06,2591,2591
3858,09/10/2025 , 04:25:06,2590,2590
3859,09/10/2025 , 05:25:06,2590,2590
3860,09/10/2025 , 06:25:06,2589,2589
3861,09/10/2025 , 07:25:06,2588,2588
3862,09/10/2025 , 08:25:06,2588,2588
3863,09/10/2025 , 09:25:06,2593,2593
3864,09/10/2025 , 10:25:06,2592,2592
3865,09/10/2025 , 11:25:06,2592,2592
3866,09/10/2025 , 12:25:06,2593,2593
3867,09/10/2025 , 13:25:06,2591,2591
3868,09/10/2025 , 14:25:06,2590,2590
3869,09/10/2025 , 15:25:06,2588,2588
3870,09/10/2025 , 16:25:06,2588,2588
3871,09/10/2025 , 17:25:06,2588,2588
3872,09/10/2025 , 18:25:06,2587,2587
3873,09/10/2025 , 19:25:06,2586,2586
3874,09/10/2025 , 20:25:06,2586,2586
3875,09/10/2025 , 21:25:06,2585,2585
3876,09/10/2025 , 22:25:06,2584,2584
3877,09/10/2025 , 23:25:06,2585,2585
3878,10/10/2025 , 00:25:06,2584,2584
3879,10/10/2025 , 01:25:06,2583,2583
3880,10/10/2025 , 02:25:06,2588,2588
3881,10/10/2025 , 03:25:06,2585,2585
3882,10/10/2025 , 04:25:06,2585,2585
3883,10/10/2025 , 05:25:06,2588,2588
3884,10/10/2025 , 06:25:06,2585,2585
3885,10/10/2025 , 07:25:06,2584,2584
3886,10/10/2025 , 08:25:06,2585,2585
3887,10/10/2025 , 09:25:06,2586,2586
3888,10/10/2025 , 10:25:06,2586,2586
3889,10/10/2025 , 11:25:06,2585,2585
3890,10/10/2025 , 12:25:06,2584,2584
3891,10/10/2025 , 13:25:06,2583,2583
3892,10/10/2025 , 14:25:06,2583,2583
3893,10/10/2025 , 15:25:06,2581,2581
3894,10/10/2025 , 16:25:06,2582,2582
3895,10/10/2025 , 17:25:06,2582,2582
3896,10/10/2025 , 18:25:06,2582,2582
3897,10/10/2025 , 19:25:06,2582,2582
3898,10/10/2025 , 20:25:06,2582,2582
3899,10/10/2025 , 21:25:06,2582,2582
3900,10/10/2025 , 22:25:06,2582,2582
3901,10/10/2025 , 23:25:06,2581,2581
3902,11/10/2025 , 00:25:06,2581,2581
3903,11/10/2025 , 01:25:06,2582,2582
3904,11/10/2025 , 02:25:06,2582,2582
3905,11/10/2025 , 03:25:06,2582,2582
3906,11/10/2025 , 04:25:06,2581,2581
3907,11/10/2025 , 05:25:06,2582,2582
3908,11/10/2025 , 06:25:06,2586,2586
3909,11/10/2025 , 07:25:06,2584,2584
3910,11/10/2025 , 08:25:06,2584,2584
3911,11/10/2025 , 09:25:06,2585,2585
3912,11/10/2025 , 10:25:06,2585,2585
3913,11/10/2025 , 11:25:06,2585,2585
3914,11/10/2025 , 12:25:06,2585,2585
3915,11/10/2025 , 13:25:06,2584,2584
3916,11/10/2025 , 14:25:06,2585,2585
3917,11/10/2025 , 15:25:06,2585,2585
3918,11/10/2025 , 16:25:06,2588,2588
3919,11/10/2025 , 17:25:06,2586,2586
3920,11/10/2025 , 18:25:06,2585,2585
3921,11/10/2025 , 19:25:06,2583,2583
3922,11/10/2025 , 20:25:06,2583,2583
3923,11/10/2025 , 21:25:06,2583,2583
3924,11/10/2025 , 22:25:06,2582,2582
3925,11/10/2025 , 23:25:06,2583,2583
3926,12/10/2025 , 00:25:06,2581,2581
3927,12/10/2025 , 01:25:06,2582,2582
3928,12/10/2025 , 02:25:06,2585,2585
3929,12/10/2025 , 03:25:06,2583,2583
3930,12/10/2025 , 04:25:06,2583,2583
3931,12/10/2025 , 05:25:06,2583,2583
3932,12/10/2025 , 06:25:06,2581,2581
3933,12/10/2025 , 07:25:06,2581,2581
3934,12/10/2025 , 08:25:06,2581,2581
3935,12/10/2025 , 09:25:06,2583,2583
3936,12/10/2025 , 10:25:06,2582,2582
3937,12/10/2025 , 11:25:06,2581,2581
3938,12/10/2025 , 12:25:06,2579,2579
3939,12/10/2025 , 13:25:06,2578,2578
3940,12/10/2025 , 14:25:06,2579,2579
3941,12/10/2025 , 15:25:06,2580,2580
3942,12/10/2025 , 16:25:06,2579,2579
3943,12/10/2025 , 17:25:06,2579,2579
3944,12/10/2025 , 18:25:06,2579,2579
3945,12/10/2025 , 19:25:06,2579,2579
3946,12/10/2025 , 20:25:06,2578,2578
3947,12/10/2025 , 21:25:06,2577,2577
3948,12/10/2025 , 22:25:06,2575,2575
3949,12/10/2025 , 23:25:06,2575,2575
3950,13/10/2025 , 00:25:06,2576,2576
3951,13/10/2025 , 01:25:06,2575,2575
3952,13/10/2025 , 02:25:06,2576,2576
3953,13/10/2025 , 03:25:06,2575,2575
3954,13/10/2025 , 04:25:06,2575,2575
3955,13/10/2025 , 05:25:06,2575,2575
3956,13/10/2025 , 06:25:06,2580,2580
3957,13/10/2025 , 07:25:06,2577,2577
3958,13/10/2025 , 08:25:06,2576,2576
3959,13/10/2025 , 09:25:06,2577,2577
3960,13/10/2025 , 10:25:06,2576,2576
3961,13/10/2025 , 11:25:06,2576,2576
3962,13/10/2025 , 12:25:06,2576,2576
3963,13/10/2025 , 13:25:06,2575,2575
3964,13/10/2025 , 14:25:06,2576,2576
3965,13/10/2025 , 15:25:06,2576,2576
3966,13/10/2025 , 16:25:06,2576,2576
3967,13/10/2025 , 17:25:06,2576,2576
3968,13/10/2025 , 18:25:06,2576,2576
3969,13/10/2025 , 19:25:06,2576,2576
3970,13/10/2025 , 20:25:06,2575,2575
3971,13/10/2025 , 21:25:06,2576,2576
3972,13/10/2025 , 22:25:06,2576,2576
3973,13/10/2025 , 23:25:06,2575,2575
3974,14/10/2025 , 00:25:06,2576,2576
3975,14/10/2025 , 01:25:06,2576,2576
3976,14/10/2025 , 02:25:06,2579,2579
3977,14/10/2025 , 03:25:06,2575,2575
3978,14/10/2025 , 04:25:06,2576,2576
3979,14/10/2025 , 05:25:06,2577,2577
3980,14/10/2025 , 06:25:06,2580,2580
3981,14/10/2025 , 07:25:06,2578,2578
3982,14/10/2025 , 08:25:06,2582,2582
3983,14/10/2025 , 09:25:06,2578,2578
3984,14/10/2025 , 10:25:06,2577,2577
3985,14/10/2025 , 11:25:06,2577,2577
3986,14/10/2025 , 12:25:06,2578,2578
3987,14/10/2025 , 13:25:06,2578,2578
3988,14/10/2025 , 14:25:06,2578,2578
3989,14/10/2025 , 15:25:06,2577,2577
3990,14/10/2025 , 16:25:06,2578,2578
3991,14/10/2025 , 17:25:06,2578,2578
3992,14/10/2025 , 18:25:06,2579,2579
3993,14/10/2025 , 19:25:06,2579,2579
3994,14/10/2025 , 20:25:06,2579,2579
3995,14/10/2025 , 21:25:06,2580,2580
3996,14/10/2025 , 22:25:06,2580,2580
3997,14/10/2025 , 23:25:06,2580,2580
3998,15/10/2025 , 00:25:06,2581,2581
3999,15/10/2025 , 01:25:06,2581,2581
4000,15/10/2025 , 02:25:06,2582,2582
4001,15/10/2025 , 03:25:06,2582,2582
4002,15/10/2025 , 04:25:06,2582,2582
4003,15/10/2025 , 05:25:06,2582,2582
4004,15/10/2025 , 06:25:06,2582,2582
4005,15/10/2025 , 07:25:06,2582,2582
4006,15/10/2025 , 08:25:06,2582,2582
4007,15/10/2025 , 09:25:06,2582,2582
4008,15/10/2025 , 10:25:06,2584,2584
4009,15/10/2025 , 11:25:06,2584,2584
4010,15/10/2025 , 12:25:06,2583,2583
4011,15/10/2025 , 13:25:06,2583,2583
4012,15/10/2025 , 14:25:06,2584,2584
4013,15/10/2025 , 15:25:06,2584,2584
4014,15/10/2025 , 16:25:06,2585,2585
4015,15/10/2025 , 17:25:06,2584,2584
4016,15/10/2025 , 18:25:06,2583,2583
4017,15/10/2025 , 19:25:06,2583,2583
4018,15/10/2025 , 20:25:06,2583,2583
4019,15/10/2025 , 21:25:06,2583,2583
4020,15/10/2025 , 22:25:06,2581,2581
4021,15/10/2025 , 23:25:06,2585,2585
4022,16/10/2025 , 00:25:06,2585,2585
4023,16/10/2025 , 01:25:06,2584,2584
4024,16/10/2025 , 02:25:06,2583,2583
4025,16/10/2025 , 03:25:06,2583,2583
4026,16/10/2025 , 04:25:06,2582,2582
4027,16/10/2025 , 05:25:06,2582,2582
4028,16/10/2025 , 06:25:06,2583,2583
4029,16/10/2025 , 07:25:06,2584,2584
4030,16/10/2025 , 08:25:06,2585,2585
4031,16/10/2025 , 09:25:06,2585,2585
4032,16/10/2025 , 10:25:06,2585,2585
4033,16/10/2025 , 11:25:06,2585,2585
4034,16/10/2025 , 12:25:06,2585,2585
4035,16/10/2025 , 13:25:06,2586,2586
4036,16/10/2025 , 14:25:06,2584,2584
4037,16/10/2025 , 15:25:06,2585,2585
4038,16/10/2025 , 16:25:06,2585,2585
4039,16/10/2025 , 17:25:06,2585,2585
4040,16/10/2025 , 18:25:06,2584,2584
4041,16/10/2025 , 19:25:06,2584,2584
4042,16/10/2025 , 20:25:06,2583,2583
4043,16/10/2025 , 21:25:06,2584,2584
4044,16/10/2025 , 22:25:06,2583,2583
4045,16/10/2025 , 23:25:06,2584,2584
4046,17/10/2025 , 00:25:06,2583,2583
4047,17/10/2025 , 01:25:06,2583,2583
4048,17/10/2025 , 02:25:06,2583,2583
4049,17/10/2025 , 03:25:06,2583,2583
4050,17/10/2025 , 04:25:06,2583,2583
4051,17/10/2025 , 05:25:06,2582,2582
4052,17/10/2025 , 06:25:06,2586,2586
4053,17/10/2025 , 07:25:06,2585,2585
4054,17/10/2025 , 08:25:06,2585,2585
4055,17/10/2025 , 09:25:06,2586,2586
4056,17/10/2025 , 10:25:06,2586,2586
4057,17/10/2025 , 11:25:06,2585,2585
4058,17/10/2025 , 12:25:06,2586,2586
4059,17/10/2025 , 13:25:06,2585,2585
4060,17/10/2025 , 14:25:06,2584,2584
4061,17/10/2025 , 15:25:06,2585,2585
4062,17/10/2025 , 16:25:06,2584,2584
4063,17/10/2025 , 17:25:06,2584,2584
4064,17/10/2025 , 18:25:06,2584,2584
4065,17/10/2025 , 19:25:06,2584,2584
4066,17/10/2025 , 20:25:06,2582,2582
4067,17/10/2025 , 21:25:06,2582,2582
4068,17/10/2025 , 22:25:06,2582,2582
4069,17/10/2025 , 23:25:06,2582,2582
4070,18/10/2025 , 00:25:06,2582,2582
4071,18/10/2025 , 01:25:06,2582,2582
4072,18/10/2025 , 02:25:06,2587,2587
4073,18/10/2025 , 03:25:06,2584,2584
4074,18/10/2025 , 04:25:06,2583,2583
4075,18/10/2025 , 05:25:06,2586,2586
4076,18/10/2025 , 06:25:06,2584,2584
4077,18/10/2025 , 07:25:06,2582,2582
4078,18/10/2025 , 08:25:06,2582,2582
4079,18/10/2025 , 09:25:06,2583,2583
4080,18/10/2025 , 10:25:06,2583,2583
4081,18/10/2025 , 11:25:06,2583,2583
4082,18/10/2025 , 12:25:06,2584,2584
4083,18/10/2025 , 13:25:06,2584,2584
4084,18/10/2025 , 14:25:06,2584,2584
4085,18/10/2025 , 15:25:06,2584,2584
4086,18/10/2025 , 16:25:06,2584,2584
4087,18/10/2025 , 17:25:06,2583,2583
4088,18/10/2025 , 18:25:06,2584,2584
4089,18/10/2025 , 19:25:06,2583,2583
4090,18/10/2025 , 20:25:06,2583,2583
4091,18/10/2025 , 21:25:06,2582,2582
4092,18/10/2025 , 22:25:06,2582,2582
4093,18/10/2025 , 23:25:06,2582,2582
4094,19/10/2025 , 00:25:06,2583,2583
4095,19/10/2025 , 01:25:06,2582,2582
4096,19/10/2025 , 02:25:06,2583,2583
4097,19/10/2025 , 03:25:06,2583,2583
4098,19/10/2025 , 04:25:06,2582,2582
4099,19/10/2025 , 05:25:06,2583,2583
4100,19/10/2025 , 06:25:06,2583,2583
4101,19/10/2025 , 07:25:06,2582,2582
4102,19/10/2025 , 08:25:06,2582,2582
4103,19/10/2025 , 09:25:06,2584,2584
4104,19/10/2025 , 10:25:06,2583,2583
4105,19/10/2025 , 11:25:06,2584,2584
4106,19/10/2025 , 12:25:06,2584,2584
4107,19/10/2025 , 13:25:06,2584,2584
4108,19/10/2025 , 14:25:06,2583,2583
4109,19/10/2025 , 15:25:06,2583,2583
4110,19/10/2025 , 16:25:06,2582,2582
4111,19/10/2025 , 17:25:06,2582,2582
4112,19/10/2025 , 18:25:06,2582,2582
4113,19/10/2025 , 19:25:06,2582,2582
4114,19/10/2025 , 20:25:06,2582,2582
4115,19/10/2025 , 21:25:06,2582,2582
4116,19/10/2025 , 22:25:06,2582,2582
4117,19/10/2025 , 23:25:06,2582,2582
4118,20/10/2025 , 00:25:06,2582,2582
4119,20/10/2025 , 01:25:06,2582,2582
4120,20/10/2025 , 02:25:06,2582,2582
4121,20/10/2025 , 03:25:06,2583,2583
4122,20/10/2025 , 04:25:06,2583,2583
4123,20/10/2025 , 05:25:06,2583,2583
4124,20/10/2025 , 06:25:06,2584,2584
4125,20/10/2025 , 07:25:06,2584,2584
4126,20/10/2025 , 08:25:06,2584,2584
4127,20/10/2025 , 09:25:06,2584,2584
4128,20/10/2025 , 10:25:06,2590,2590
4129,20/10/2025 , 11:25:06,2606,2606
4130,20/10/2025 , 12:25:06,2598,2598
4131,20/10/2025 , 13:25:06,2596,2596
4132,20/10/2025 , 14:25:06,2596,2596
4133,20/10/2025 , 15:25:06,2595,2595
4134,20/10/2025 , 16:25:06,2602,2602
4135,20/10/2025 , 17:25:06,2604,2604
4136,20/10/2025 , 18:25:06,2600,2600
4137,20/10/2025 , 19:25:06,2598,2598
4138,20/10/2025 , 20:25:06,2595,2595
4139,20/10/2025 , 21:25:06,2595,2595
4140,20/10/2025 , 22:25:06,2601,2601
4141,20/10/2025 , 23:25:06,2601,2601
4142,21/10/2025 , 00:25:06,2601,2601
4143,21/10/2025 , 01:25:06,2596,2596
4144,21/10/2025 , 02:25:06,2596,2596
4145,21/10/2025 , 03:25:06,2596,2596
4146,21/10/2025 , 04:25:06,2594,2594
4147,21/10/2025 , 05:25:06,2594,2594
4148,21/10/2025 , 06:25:06,2595,2595
4149,21/10/2025 , 07:25:06,2595,2595
4150,21/10/2025 , 08:25:06,2593,2593
4151,21/10/2025 , 09:25:06,2593,2593
4152,21/10/2025 , 10:25:06,2594,2594
4153,21/10/2025 , 11:25:06,2595,2595
4154,21/10/2025 , 12:25:06,2596,2596
4155,21/10/2025 , 13:25:06,2596,2596
4156,21/10/2025 , 14:25:06,2596,2596
4157,21/10/2025 , 15:25:06,2596,2596
4158,21/10/2025 , 16:25:06,2596,2596
4159,21/10/2025 , 17:25:06,2594,2594
4160,21/10/2025 , 18:25:06,2595,2595
4161,21/10/2025 , 19:25:06,2594,2594
4162,21/10/2025 , 20:25:06,2594,2594
4163,21/10/2025 , 21:25:06,2595,2595
4164,21/10/2025 , 22:25:06,2593,2593
4165,21/10/2025 , 23:25:06,2593,2593
4166,22/10/2025 , 00:25:06,2593,2593
4167,22/10/2025 , 01:25:06,2593,2593
4168,22/10/2025 , 02:25:06,2593,2593
4169,22/10/2025 , 03:25:06,2593,2593
4170,22/10/2025 , 04:25:06,2593,2593
4171,22/10/2025 , 05:25:06,2594,2594
4172,22/10/2025 , 06:25:06,2594,2594
4173,22/10/2025 , 07:25:06,2594,2594
4174,22/10/2025 , 08:25:06,2597,2597
4175,22/10/2025 , 09:25:06,2605,2605
4176,22/10/2025 , 10:25:06,2602,2602
4177,22/10/2025 , 11:25:06,2604,2604
4178,22/10/2025 , 12:25:06,2604,2604
4179,22/10/2025 , 13:25:06,2611,2611
4180,22/10/2025 , 14:25:06,2613,2613
4181,22/10/2025 , 15:25:06,2615,2615
4182,22/10/2025 , 16:25:06,2614,2614
4183,22/10/2025 , 17:25:06,2615,2615
4184,22/10/2025 , 18:25:06,2616,2616
4185,22/10/2025 , 19:25:06,2615,2615
4186,22/10/2025 , 20:25:06,2609,2609
4187,22/10/2025 , 21:25:06,2608,2608
4188,22/10/2025 , 22:25:06,2607,2607
4189,22/10/2025 , 23:25:06,2607,2607
4190,23/10/2025 , 00:25:06,2608,2608
4191,23/10/2025 , 01:25:06,2610,2610
4192,23/10/2025 , 02:25:06,2610,2610
4193,23/10/2025 , 03:25:06,2611,2611
4194,23/10/2025 , 04:25:06,2612,2612
4195,23/10/2025 , 05:25:06,2612,2612
4196,23/10/2025 , 06:25:06,2614,2614
4197,23/10/2025 , 07:25:06,2615,2615
4198,23/10/2025 , 08:25:06,2615,2615
4199,23/10/2025 , 09:25:06,2616,2616
4200,23/10/2025 , 10:25:06,2617,2617
4201,23/10/2025 , 11:25:06,2617,2617
4202,23/10/2025 , 12:25:06,2618,2618
4203,23/10/2025 , 13:25:06,2618,2618
4204,23/10/2025 , 14:25:06,2618,2618
4205,23/10/2025 , 15:25:06,2619,2619
4206,23/10/2025 , 16:25:06,2619,2619
4207,23/10/2025 , 17:25:06,2615,2615
4208,23/10/2025 , 18:25:06,2615,2615
4209,23/10/2025 , 19:25:06,2616,2616
4210,23/10/2025 , 20:25:06,2616,2616
4211,23/10/2025 , 21:25:06,2620,2620
4212,23/10/2025 , 22:25:06,2620,2620
4213,23/10/2025 , 23:25:06,2621,2621
4214,24/10/2025 , 00:25:06,2622,2622
4215,24/10/2025 , 01:25:06,2624,2624
4216,24/10/2025 , 02:25:06,2626,2626
4217,24/10/2025 , 03:25:06,2628,2628
4218,24/10/2025 , 04:25:06,2630,2630
4219,24/10/2025 , 05:25:06,2632,2632
4220,24/10/2025 , 06:25:06,2636,2636
4221,24/10/2025 , 07:25:06,2638,2638
4222,24/10/2025 , 08:25:06,2638,2638
4223,24/10/2025 , 09:25:06,2640,2640
4224,24/10/2025 , 10:25:06,2645,2645
4225,24/10/2025 , 11:25:06,2647,2647
4226,24/10/2025 , 12:25:06,2650,2650
4227,24/10/2025 , 13:25:06,2652,2652
4228,24/10/2025 , 14:25:06,2655,2655
4229,24/10/2025 , 15:25:06,2656,2656
4230,24/10/2025 , 16:25:06,2659,2659
4231,24/10/2025 , 17:25:06,2661,2661
4232,24/10/2025 , 18:25:06,2664,2664
4233,24/10/2025 , 19:25:06,2666,2666
4234,24/10/2025 , 20:25:06,2667,2667
4235,24/10/2025 , 21:25:06,2670,2670
4236,24/10/2025 , 22:25:06,2672,2672
4237,24/10/2025 , 23:25:06,2674,2674
4238,25/10/2025 , 00:25:06,2678,2678
4239,25/10/2025 , 01:25:06,2679,2679
4240,25/10/2025 , 02:25:06,2682,2682
4241,25/10/2025 , 03:25:06,2683,2683
4242,25/10/2025 , 04:25:06,2685,2685
4243,25/10/2025 , 05:25:06,2687,2687
4244,25/10/2025 , 06:25:06,2695,2695
4245,25/10/2025 , 07:25:06,2692,2692
4246,25/10/2025 , 08:25:06,2693,2693
4247,25/10/2025 , 09:25:06,2695,2695
4248,25/10/2025 , 10:25:06,2696,2696
4249,25/10/2025 , 11:25:06,2698,2698
4250,25/10/2025 , 12:25:06,2700,2700
4251,25/10/2025 , 13:25:06,2701,2701
4252,25/10/2025 , 14:25:06,2702,2702
4253,25/10/2025 , 15:25:06,2704,2704
4254,25/10/2025 , 16:25:06,2706,2706
4255,25/10/2025 , 17:25:06,2708,2708
4256,25/10/2025 , 18:25:06,2710,2710
4257,25/10/2025 , 19:25:06,2711,2711
4258,25/10/2025 , 20:25:06,2712,2712
4259,25/10/2025 , 21:25:06,2713,2713
4260,25/10/2025 , 22:25:06,2714,2714
4261,25/10/2025 , 23:25:06,2717,2717
4262,26/10/2025 , 00:25:06,2717,2717
4263,26/10/2025 , 01:25:06,2718,2718
4264,26/10/2025 , 02:25:06,2718,2718
4265,26/10/2025 , 03:25:06,2718,2718
4266,26/10/2025 , 04:25:06,2720,2720
4267,26/10/2025 , 05:25:06,2719,2719
4268,26/10/2025 , 06:25:06,2720,2720
4269,26/10/2025 , 07:25:06,2720,2720
4270,26/10/2025 , 08:25:06,2720,2720
4271,26/10/2025 , 09:25:06,2721,2721
4272,26/10/2025 , 10:25:06,2722,2722
4273,26/10/2025 , 11:25:06,2723,2723
4274,26/10/2025 , 12:25:06,2723,2723
4275,26/10/2025 , 13:25:06,2723,2723
4276,26/10/2025 , 14:25:06,2723,2723
4277,26/10/2025 , 15:25:06,2723,2723
4278,26/10/2025 , 16:25:06,2723,2723
4279,26/10/2025 , 17:25:06,2723,2723
4280,26/10/2025 , 18:25:06,2723,2723
4281,26/10/2025 , 19:25:06,2724,2724
4282,26/10/2025 , 20:25:06,2724,2724
4283,26/10/2025 , 21:25:06,2725,2725
4284,26/10/2025 , 22:25:06,2725,2725
4285,26/10/2025 , 23:25:06,2725,2725
4286,27/10/2025 , 00:25:06,2725,2725
4287,27/10/2025 , 01:25:06,2725,2725
4288,27/10/2025 , 02:25:06,2725,2725
4289,27/10/2025 , 03:25:06,2726,2726
4290,27/10/2025 , 04:25:06,2726,2726
4291,27/10/2025 , 05:25:06,2727,2727
4292,27/10/2025 , 06:25:06,2728,2728
4293,27/10/2025 , 07:25:06,2728,2728
4294,27/10/2025 , 08:25:06,2728,2728
4295,27/10/2025 , 09:25:06,2729,2729
4296,27/10/2025 , 10:25:06,2729,2729
4297,27/10/2025 , 11:25:06,2730,2730
4298,27/10/2025 , 12:25:06,2730,2730
4299,27/10/2025 , 13:25:06,2730,2730
4300,27/10/2025 , 14:25:06,2731,2731
4301,27/10/2025 , 15:25:06,2731,2731
4302,27/10/2025 , 16:25:06,2731,2731
4303,27/10/2025 , 17:25:06,2731,2731
4304,27/10/2025 , 18:25:06,2731,2731
4305,27/10/2025 , 19:25:06,2731,2731
4306,27/10/2025 , 20:25:06,2731,2731
4307,27/10/2025 , 21:25:06,2730,2730
4308,27/10/2025 , 22:25:06,2730,2730
4309,27/10/2025 , 23:25:06,2731,2731
4310,28/10/2025 , 00:25:06,2731,2731
4311,28/10/2025 , 01:25:06,2730,2730
4312,28/10/2025 , 02:25:06,2730,2730
4313,28/10/2025 , 03:25:06,2730,2730
4314,28/10/2025 , 04:25:06,2730,2730
4315,28/10/2025 , 05:25:06,2730,2730
4316,28/10/2025 , 06:25:06,2730,2730
4317,28/10/2025 , 07:25:06,2729,2729
4318,28/10/2025 , 08:25:06,2730,2730
4319,28/10/2025 , 09:25:06,2731,2731
4320,28/10/2025 , 10:25:06,2730,2730
4321,28/10/2025 , 11:25:06,2730,2730
4322,28/10/2025 , 12:25:06,2731,2731
4323,28/10/2025 , 13:25:06,2731,2731
4324,28/10/2025 , 14:25:06,2731,2731
4325,28/10/2025 , 15:25:06,2731,2731
4326,28/10/2025 , 16:25:06,2732,2732
4327,28/10/2025 , 17:25:06,2732,2732
4328,28/10/2025 , 18:25:06,2732,2732
4329,28/10/2025 , 19:25:06,2732,2732
4330,28/10/2025 , 20:25:06,2732,2732
4331,28/10/2025 , 21:25:06,2733,2733
4332,28/10/2025 , 22:25:06,2733,2733
4333,28/10/2025 , 23:25:06,2734,2734
4334,29/10/2025 , 00:25:06,2735,2735
4335,29/10/2025 , 01:25:06,2735,2735
4336,29/10/2025 , 02:25:06,2735,2735
4337,29/10/2025 , 03:25:06,2735,2735
4338,29/10/2025 , 04:25:06,2736,2736
4339,29/10/2025 , 05:25:06,2737,2737
4340,29/10/2025 , 06:25:06,2738,2738
4341,29/10/2025 , 07:25:06,2738,2738
4342,29/10/2025 , 08:25:06,2739,2739
4343,29/10/2025 , 09:25:06,2741,2741
4344,29/10/2025 , 10:25:06,2741,2741
4345,29/10/2025 , 11:25:06,2742,2742
4346,29/10/2025 , 12:25:06,2742,2742
4347,29/10/2025 , 13:25:06,2743,2743
4348,29/10/2025 , 14:25:06,2744,2744
4349,29/10/2025 , 15:25:06,2744,2744
4350,29/10/2025 , 16:25:06,2743,2743
4351,29/10/2025 , 17:25:06,2743,2743
4352,29/10/2025 , 18:25:06,2744,2744
4353,29/10/2025 , 19:25:06,2745,2745
4354,29/10/2025 , 20:25:06,2745,2745
4355,29/10/2025 , 21:25:06,2745,2745
4356,29/10/2025 , 22:25:06,2746,2746
4357,29/10/2025 , 23:25:06,2747,2747
4358,30/10/2025 , 00:25:06,2748,2748
4359,30/10/2025 , 01:25:06,2748,2748
4360,30/10/2025 , 02:25:06,2749,2749
4361,30/10/2025 , 03:25:06,2749,2749
4362,30/10/2025 , 04:25:06,2750,2750
4363,30/10/2025 , 05:25:06,2750,2750
4364,30/10/2025 , 06:25:06,2751,2751
4365,30/10/2025 , 07:25:06,2752,2752
4366,30/10/2025 , 08:25:06,2753,2753
4367,30/10/2025 , 09:25:06,2754,2754
4368,30/10/2025 , 10:25:06,2755,2755
4369,30/10/2025 , 11:25:06,2756,2756
4370,30/10/2025 , 12:25:06,2756,2756
4371,30/10/2025 , 13:25:06,2758,2758
4372,30/10/2025 , 14:25:06,2758,2758
4373,30/10/2025 , 15:25:06,2758,2758
4374,30/10/2025 , 16:25:06,2758,2758
4375,30/10/2025 , 17:25:06,2760,2760
4376,30/10/2025 , 18:25:06,2761,2761
4377,30/10/2025 , 19:25:06,2761,2761
4378,30/10/2025 , 20:25:06,2762,2762
4379,30/10/2025 , 21:25:06,2763,2763
4380,30/10/2025 , 22:25:06,2764,2764
4381,30/10/2025 , 23:25:06,2766,2766
4382,31/10/2025 , 00:25:06,2768,2768
4383,31/10/2025 , 01:25:06,2770,2770
4384,31/10/2025 , 02:25:06,2772,2772
4385,31/10/2025 , 03:25:06,2775,2775
4386,31/10/2025 , 04:25:06,2779,2779
4387,31/10/2025 , 05:25:06,2783,2783
4388,31/10/2025 , 06:25:06,2785,2785
4389,31/10/2025 , 07:25:06,2791,2791
4390,31/10/2025 , 08:25:06,2808,2808
4391,31/10/2025 , 09:25:06,2840,2840
4392,31/10/2025 , 10:25:06,3124,3124
4393,31/10/2025 , 11:25:06,3204,3204
4394,31/10/2025 , 12:25:06,3219,3219
4395,31/10/2025 , 13:25:06,3219,3219
4396,31/10/2025 , 14:25:06,3219,3219
4397,31/10/2025 , 15:25:06,3219,3219
4398,31/10/2025 , 16:25:06,3217,3217
4399,31/10/2025 , 17:25:06,3214,3214
4400,31/10/2025 , 18:25:06,3215,3215
4401,31/10/2025 , 19:25:06,3226,3226
4402,31/10/2025 , 20:25:06,3227,3227
4403,31/10/2025 , 21:25:06,3227,3227
4404,31/10/2025 , 22:25:06,3227,3227
4405,31/10/2025 , 23:25:06,3227,3227
4406,01/11/2025 , 00:25:06,3227,3227
4407,01/11/2025 , 01:25:06,3227,3227
4408,01/11/2025 , 02:25:06,3227,3227
4409,01/11/2025 , 03:25:06,3227,3227
4410,01/11/2025 , 04:25:06,3227,3227
4411,01/11/2025 , 05:25:06,3227,3227
4412,01/11/2025 , 06:25:06,3227,3227
4413,01/11/2025 , 07:25:06,3226,3226
4414,01/11/2025 , 08:25:06,3226,3226
4415,01/11/2025 , 09:25:06,3226,3226
4416,01/11/2025 , 10:25:06,3226,3226
4417,01/11/2025 , 11:25:06,3226,3226
4418,01/11/2025 , 12:25:06,3225,3225
4419,01/11/2025 , 13:25:06,3225,3225
4420,01/11/2025 , 14:25:06,3225,3225
4421,01/11/2025 , 15:25:06,3224,3224
4422,01/11/2025 , 16:25:06,3224,3224
4423,01/11/2025 , 17:25:06,3223,3223
4424,01/11/2025 , 18:25:06,3223,3223
4425,01/11/2025 , 19:25:06,3223,3223
4426,01/11/2025 , 20:25:06,3223,3223
4427,01/11/2025 , 21:25:06,3223,3223
4428,01/11/2025 , 22:25:06,3223,3223
4429,01/11/2025 , 23:25:06,3223,3223
4430,02/11/2025 , 00:25:06,3222,3222
4431,02/11/2025 , 01:25:06,3223,3223
4432,02/11/2025 , 02:25:06,3223,3223
4433,02/11/2025 , 03:25:06,3222,3222
4434,02/11/2025 , 04:25:06,3222,3222
4435,02/11/2025 , 05:25:06,3221,3221
4436,02/11/2025 , 06:25:06,3221,3221
4437,02/11/2025 , 07:25:06,3221,3221
4438,02/11/2025 , 08:25:06,3221,3221
4439,02/11/2025 , 09:25:06,3221,3221
4440,02/11/2025 , 10:25:06,3221,3221
4441,02/11/2025 , 11:25:06,3221,3221
4442,02/11/2025 , 12:25:06,3220,3220
4443,02/11/2025 , 13:25:06,3220,3220
4444,02/11/2025 , 14:25:06,3219,3219
4445,02/11/2025 , 15:25:06,3219,3219
4446,02/11/2025 , 16:25:06,3217,3217
4447,02/11/2025 , 17:25:06,3218,3218
4448,02/11/2025 , 18:25:06,3216,3216
4449,02/11/2025 , 19:25:06,3216,3216
4450,02/11/2025 , 20:25:06,3217,3217
4451,02/11/2025 , 21:25:06,3216,3216
4452,02/11/2025 , 22:25:06,3216,3216
4453,02/11/2025 , 23:25:06,3214,3214
4454,03/11/2025 , 00:25:06,3214,3214
4455,03/11/2025 , 01:25:06,3214,3214
4456,03/11/2025 , 02:25:06,3212,3212
4457,03/11/2025 , 03:25:06,3212,3212
4458,03/11/2025 , 04:25:06,3212,3212
4459,03/11/2025 , 05:25:06,3211,3211
4460,03/11/2025 , 06:25:06,3206,3206
4461,03/11/2025 , 07:25:06,3207,3207
4462,03/11/2025 , 08:25:06,3207,3207
4463,03/11/2025 , 09:25:06,3207,3207
4464,03/11/2025 , 10:25:06,3206,3206
4465,03/11/2025 , 11:25:06,3206,3206
4466,03/11/2025 , 12:25:06,3205,3205
4467,03/11/2025 , 13:25:06,3205,3205
4468,03/11/2025 , 14:25:06,3204,3204
4469,03/11/2025 , 15:25:06,3203,3203
4470,03/11/2025 , 16:25:06,3204,3204
4471,03/11/2025 , 17:25:06,3203,3203
4472,03/11/2025 , 18:25:06,3202,3202
4473,03/11/2025 , 19:25:06,3201,3201
4474,03/11/2025 , 20:25:06,3200,3200
4475,03/11/2025 , 21:25:06,3197,3197
4476,03/11/2025 , 22:25:06,3196,3196
4477,03/11/2025 , 23:25:06,3196,3196
4478,04/11/2025 , 00:25:06,3198,3198
4479,04/11/2025 , 01:25:06,3204,3204
4480,04/11/2025 , 02:25:06,3212,3212
4481,04/11/2025 , 03:25:06,3219,3219
4482,04/11/2025 , 04:25:06,3222,3222
4483,04/11/2025 , 05:25:06,3224,3224
4484,04/11/2025 , 06:25:06,3224,3224
4485,04/11/2025 , 07:25:06,3224,3224
4486,04/11/2025 , 08:25:06,3224,3224
4487,04/11/2025 , 09:25:06,3225,3225
4488,04/11/2025 , 10:25:06,3225,3225
4489,04/11/2025 , 11:25:06,3225,3225
4490,04/11/2025 , 12:25:06,3225,3225
4491,04/11/2025 , 13:25:06,3225,3225
4492,04/11/2025 , 14:25:06,3224,3224
4493,04/11/2025 , 15:25:06,3224,3224
4494,04/11/2025 , 16:25:06,3223,3223
4495,04/11/2025 , 17:25:06,3224,3224
4496,04/11/2025 , 18:25:06,3223,3223
4497,04/11/2025 , 19:25:06,3223,3223
4498,04/11/2025 , 20:25:06,3223,3223
4499,04/11/2025 , 21:25:06,3223,3223
4500,04/11/2025 , 22:25:06,3223,3223
4501,04/11/2025 , 23:25:06,3223,3223
4502,05/11/2025 , 00:25:06,3223,3223
4503,05/11/2025 , 01:25:06,3223,3223
4504,05/11/2025 , 02:25:06,3222,3222
4505,05/11/2025 , 03:25:06,3221,3221
4506,05/11/2025 , 04:25:06,3220,3220
4507,05/11/2025 , 05:25:06,3220,3220
4508,05/11/2025 , 06:25:06,3220,3220
4509,05/11/2025 , 07:25:06,3219,3219
4510,05/11/2025 , 08:25:06,3220,3220
4511,05/11/2025 , 09:25:06,3221,3221
4512,05/11/2025 , 10:25:06,3222,3222
4513,05/11/2025 , 11:25:06,3222,3222
4514,05/11/2025 , 12:25:06,3222,3222
4515,05/11/2025 , 13:25:06,3222,3222
4516,05/11/2025 , 14:25:06,3222,3222
4517,05/11/2025 , 15:25:06,3222,3222
4518,05/11/2025 , 16:25:06,3222,3222
4519,05/11/2025 , 17:25:06,3222,3222
4520,05/11/2025 , 18:25:06,3221,3221
4521,05/11/2025 , 19:25:06,3220,3220
4522,05/11/2025 , 20:25:06,3221,3221
4523,05/11/2025 , 21:25:06,3221,3221
4524,05/11/2025 , 22:25:06,3221,3221
4525,05/11/2025 , 23:25:06,3221,3221
4526,06/11/2025 , 00:25:06,3220,3220
4527,06/11/2025 , 01:25:06,3220,3220
4528,06/11/2025 , 02:25:06,3221,3221
4529,06/11/2025 , 03:25:06,3220,3220
4530,06/11/2025 , 04:25:06,3221,3221
4531,06/11/2025 , 05:25:06,3218,3218
4532,06/11/2025 , 06:25:06,3218,3218
4533,06/11/2025 , 07:25:06,3219,3219
4534,06/11/2025 , 08:25:06,3219,3219
4535,06/11/2025 , 09:25:06,3220,3220
4536,06/11/2025 , 10:25:06,3220,3220
4537,06/11/2025 , 11:25:06,3220,3220
4538,06/11/2025 , 12:25:06,3220,3220
4539,06/11/2025 , 13:25:06,3220,3220
4540,06/11/2025 , 14:25:06,3220,3220
4541,06/11/2025 , 15:25:06,3219,3219
4542,06/11/2025 , 16:25:06,3219,3219
4543,06/11/2025 , 17:25:06,3218,3218
4544,06/11/2025 , 18:25:06,3217,3217
4545,06/11/2025 , 19:25:06,3218,3218
4546,06/11/2025 , 20:25:06,3218,3218
4547,06/11/2025 , 21:25:06,3216,3216
4548,06/11/2025 , 22:25:06,3216,3216
4549,06/11/2025 , 23:25:06,3216,3216
4550,07/11/2025 , 00:25:06,3215,3215
4551,07/11/2025 , 01:25:06,3212,3212
4552,07/11/2025 , 02:25:06,3212,3212
4553,07/11/2025 , 03:25:06,3211,3211
4554,07/11/2025 , 04:25:06,3211,3211
4555,07/11/2025 , 05:25:06,3209,3209
4556,07/11/2025 , 06:25:06,3208,3208
4557,07/11/2025 , 07:25:06,3207,3207
4558,07/11/2025 , 08:25:06,3206,3206
4559,07/11/2025 , 09:25:06,3206,3206
4560,07/11/2025 , 10:25:06,3206,3206
4561,07/11/2025 , 11:25:06,3205,3205
4562,07/11/2025 , 12:25:06,3204,3204
4563,07/11/2025 , 13:25:06,3204,3204
4564,07/11/2025 , 14:25:06,3203,3203
4565,07/11/2025 , 15:25:06,3203,3203
4566,07/11/2025 , 16:25:06,3202,3202
4567,07/11/2025 , 17:25:06,3201,3201
4568,07/11/2025 , 18:25:06,3200,3200
4569,07/11/2025 , 19:25:06,3198,3198
4570,07/11/2025 , 20:25:06,3196,3196
4571,07/11/2025 , 21:25:06,3194,3194
4572,07/11/2025 , 22:25:06,3193,3193
4573,07/11/2025 , 23:25:06,3192,3192
4574,08/11/2025 , 00:25:06,3192,3192
4575,08/11/2025 , 01:25:06,3193,3193
4576,08/11/2025 , 02:25:06,3204,3204
4577,08/11/2025 , 03:25:06,3202,3202
4578,08/11/2025 , 04:25:06,3202,3202
4579,08/11/2025 , 05:25:06,3199,3199
4580,08/11/2025 , 06:25:06,3199,3199
4581,08/11/2025 , 07:25:06,3198,3198
4582,08/11/2025 , 08:25:06,3198,3198
4583,08/11/2025 , 09:25:06,3199,3199
4584,08/11/2025 , 10:25:06,3203,3203
4585,08/11/2025 , 11:25:06,3207,3207
4586,08/11/2025 , 12:25:06,3211,3211
4587,08/11/2025 , 13:25:06,3217,3217
4588,08/11/2025 , 14:25:06,3219,3219
4589,08/11/2025 , 15:25:06,3221,3221
4590,08/11/2025 , 16:25:06,3221,3221
4591,08/11/2025 , 17:25:06,3221,3221
4592,08/11/2025 , 18:25:06,3221,3221
4593,08/11/2025 , 19:25:06,3222,3222
4594,08/11/2025 , 20:25:06,3221,3221
4595,08/11/2025 , 21:25:06,3221,3221
4596,08/11/2025 , 22:25:06,3221,3221
4597,08/11/2025 , 23:25:06,3221,3221
4598,09/11/2025 , 00:25:06,3220,3220
4599,09/11/2025 , 01:25:06,3220,3220
4600,09/11/2025 , 02:25:06,3220,3220
4601,09/11/2025 , 03:25:06,3220,3220
4602,09/11/2025 , 04:25:06,3220,3220
4603,09/11/2025 , 05:25:06,3220,3220
4604,09/11/2025 , 06:25:06,3220,3220
4605,09/11/2025 , 07:25:06,3220,3220
4606,09/11/2025 , 08:25:06,3219,3219
4607,09/11/2025 , 09:25:06,3219,3219
4608,09/11/2025 , 10:25:06,3220,3220
4609,09/11/2025 , 11:25:06,3221,3221
4610,09/11/2025 , 12:25:06,3220,3220
4611,09/11/2025 , 13:25:06,3220,3220
4612,09/11/2025 , 14:25:06,3219,3219
4613,09/11/2025 , 15:25:06,3219,3219
4614,09/11/2025 , 16:25:06,3219,3219
4615,09/11/2025 , 17:25:06,3220,3220
4616,09/11/2025 , 18:25:06,3219,3219
4617,09/11/2025 , 19:25:06,3219,3219
4618,09/11/2025 , 20:25:06,3218,3218
4619,09/11/2025 , 21:25:06,3218,3218
4620,09/11/2025 , 22:25:06,3216,3216
4621,09/11/2025 , 23:25:06,3216,3216
4622,10/11/2025 , 00:25:06,3216,3216
4623,10/11/2025 , 01:25:06,3217,3217
4624,10/11/2025 , 02:25:06,3216,3216
4625,10/11/2025 , 03:25:06,3218,3218
4626,10/11/2025 , 04:25:06,3218,3218
4627,10/11/2025 , 05:25:06,3218,3218
4628,10/11/2025 , 06:25:06,3219,3219
4629,10/11/2025 , 07:25:06,3215,3215
4630,10/11/2025 , 08:25:06,3219,3219
4631,10/11/2025 , 09:25:06,3229,3229
4632,10/11/2025 , 10:25:06,3233,3233
4633,10/11/2025 , 11:25:06,3233,3233
4634,10/11/2025 , 12:25:06,3234,3234
4635,10/11/2025 , 13:25:06,3234,3234
4636,10/11/2025 , 14:25:06,3233,3233
4637,10/11/2025 , 15:25:06,3231,3231
4638,10/11/2025 , 16:25:06,3229,3229
4639,10/11/2025 , 17:25:06,3230,3230
4640,10/11/2025 , 18:25:06,3228,3228
4641,10/11/2025 , 19:25:06,3230,3230
4642,10/11/2025 , 20:25:06,3229,3229
4643,10/11/2025 , 21:25:06,3231,3231
4644,10/11/2025 , 22:25:06,3231,3231
4645,10/11/2025 , 23:25:06,3232,3232
4646,11/11/2025 , 00:25:06,3233,3233
4647,11/11/2025 , 01:25:06,3236,3236
4648,11/11/2025 , 02:25:06,3236,3236
4649,11/11/2025 , 03:25:06,3235,3235
4650,11/11/2025 , 04:25:06,3233,3233
4651,11/11/2025 , 05:25:06,3232,3232
4652,11/11/2025 , 06:25:06,3233,3233
4653,11/11/2025 , 07:25:06,3232,3232
4654,11/11/2025 , 08:25:06,3230,3230
4655,11/11/2025 , 09:25:06,3230,3230
4656,11/11/2025 , 10:25:06,3229,3229
4657,11/11/2025 , 11:25:06,3229,3229
4658,11/11/2025 , 12:25:06,3229,3229
4659,11/11/2025 , 13:25:06,3229,3229
4660,11/11/2025 , 14:25:06,3228,3228
4661,11/11/2025 , 15:25:06,3229,3229
4662,11/11/2025 , 16:25:06,3228,3228
4663,11/11/2025 , 17:25:06,3227,3227
4664,11/11/2025 , 18:25:06,3226,3226
4665,11/11/2025 , 19:25:06,3227,3227
4666,11/11/2025 , 20:25:06,3227,3227
4667,11/11/2025 , 21:25:06,3226,3226
4668,11/11/2025 , 22:25:06,3225,3225
4669,11/11/2025 , 23:25:06,3225,3225
4670,12/11/2025 , 00:25:06,3225,3225
4671,12/11/2025 , 01:25:06,3225,3225
4672,12/11/2025 , 02:25:06,3225,3225
4673,12/11/2025 , 03:25:06,3225,3225
4674,12/11/2025 , 04:25:06,3224,3224
4675,12/11/2025 , 05:25:06,3226,3226
4676,12/11/2025 , 06:25:06,3225,3225
4677,12/11/2025 , 07:25:06,3225,3225
4678,12/11/2025 , 08:25:06,3225,3225
4679,12/11/2025 , 09:25:06,3225,3225
4680,12/11/2025 , 10:25:06,3225,3225
4681,12/11/2025 , 11:25:06,3225,3225
4682,12/11/2025 , 12:25:06,3225,3225
4683,12/11/2025 , 13:25:06,3225,3225
4684,12/11/2025 , 14:25:06,3224,3224
4685,12/11/2025 , 15:25:06,3224,3224
4686,12/11/2025 , 16:25:06,3224,3224
4687,12/11/2025 , 17:25:06,3224,3224
4688,12/11/2025 , 18:25:06,3223,3223
4689,12/11/2025 , 19:25:06,3223,3223
4690,12/11/2025 , 20:25:06,3223,3223
4691,12/11/2025 , 21:25:06,3223,3223
4692,12/11/2025 , 22:25:06,3223,3223
4693,12/11/2025 , 23:25:06,3223,3223
4694,13/11/2025 , 00:25:06,3224,3224
4695,13/11/2025 , 01:25:06,3224,3224
4696,13/11/2025 , 02:25:06,3224,3224
4697,13/11/2025 , 03:25:06,3224,3224
4698,13/11/2025 , 04:25:06,3224,3224
4699,13/11/2025 , 05:25:06,3224,3224
4700,13/11/2025 , 06:25:06,3224,3224
4701,13/11/2025 , 07:25:06,3224,3224
4702,13/11/2025 , 08:25:06,3224,3224
4703,13/11/2025 , 09:25:06,3224,3224
4704,13/11/2025 , 10:25:06,3224,3224
4705,13/11/2025 , 11:25:06,3223,3223
4706,13/11/2025 , 12:25:06,3223,3223
4707,13/11/2025 , 13:25:06,3224,3224
4708,13/11/2025 , 14:25:06,3224,3224
4709,13/11/2025 , 15:25:06,3224,3224
4710,13/11/2025 , 16:25:06,3224,3224
4711,13/11/2025 , 17:25:06,3224,3224
4712,13/11/2025 , 18:25:06,3224,3224
4713,13/11/2025 , 19:25:06,3224,3224
4714,13/11/2025 , 20:25:06,3223,3223
4715,13/11/2025 , 21:25:06,3223,3223
4716,13/11/2025 , 22:25:06,3223,3223
4717,13/11/2025 , 23:25:06,3223,3223
4718,14/11/2025 , 00:25:06,3224,3224
4719,14/11/2025 , 01:25:06,3224,3224
4720,14/11/2025 , 02:25:06,3224,3224
4721,14/11/2025 , 03:25:06,3224,3224
4722,14/11/2025 , 04:25:06,3224,3224
4723,14/11/2025 , 05:25:06,3224,3224
4724,14/11/2025 , 06:25:06,3224,3224
4725,14/11/2025 , 07:25:06,3224,3224
4726,14/11/2025 , 08:25:06,3224,3224
4727,14/11/2025 , 09:25:06,3224,3224
4728,14/11/2025 , 10:25:06,3223,3223
4729,14/11/2025 , 11:25:06,3224,3224
4730,14/11/2025 , 12:25:06,3224,3224
4731,14/11/2025 , 13:25:06,3223,3223
4732,14/11/2025 , 14:25:06,3224,3224
4733,14/11/2025 , 15:25:06,3224,3224
4734,14/11/2025 , 16:25:06,3224,3224
4735,14/11/2025 , 17:25:06,3224,3224
4736,14/11/2025 , 18:25:06,3224,3224
4737,14/11/2025 , 19:25:06,3223,3223
4738,14/11/2025 , 20:25:06,3224,3224
4739,14/11/2025 , 21:25:06,3223,3223
4740,14/11/2025 , 22:25:06,3223,3223
4741,14/11/2025 , 23:25:06,3223,3223
4742,15/11/2025 , 00:25:06,3223,3223
4743,15/11/2025 , 01:25:06,3223,3223
4744,15/11/2025 , 02:25:06,3223,3223
4745,15/11/2025 , 03:25:06,3223,3223
4746,15/11/2025 , 04:25:06,3223,3223
4747,15/11/2025 , 05:25:06,3223,3223
4748,15/11/2025 , 06:25:06,3223,3223
4749,15/11/2025 , 07:25:06,3223,3223
4750,15/11/2025 , 08:25:06,3222,3222
4751,15/11/2025 , 09:25:06,3223,3223
4752,15/11/2025 , 10:25:06,3223,3223
4753,15/11/2025 , 11:25:06,3224,3224
4754,15/11/2025 , 12:25:06,3223,3223
4755,15/11/2025 , 13:25:06,3223,3223
4756,15/11/2025 , 14:25:06,3223,3223
4757,15/11/2025 , 15:25:06,3223,3223
4758,15/11/2025 , 16:25:06,3223,3223
4759,15/11/2025 , 17:25:06,3223,3223
4760,15/11/2025 , 18:25:06,3222,3222
4761,15/11/2025 , 19:25:06,3222,3222
4762,15/11/2025 , 20:25:06,3223,3223
4763,15/11/2025 , 21:25:06,3223,3223
4764,15/11/2025 , 22:25:06,3222,3222
4765,15/11/2025 , 23:25:06,3223,3223
4766,16/11/2025 , 00:25:06,3223,3223
4767,16/11/2025 , 01:25:06,3222,3222
4768,16/11/2025 , 02:25:06,3222,3222
4769,16/11/2025 , 03:25:06,3223,3223
4770,16/11/2025 , 04:25:06,3222,3222
4771,16/11/2025 , 05:25:06,3223,3223
4772,16/11/2025 , 06:25:06,3223,3223
4773,16/11/2025 , 07:25:06,3223,3223
4774,16/11/2025 , 08:25:06,3223,3223
4775,16/11/2025 , 09:25:06,3223,3223
4776,16/11/2025 , 10:25:06,3222,3222
4777,16/11/2025 , 11:25:06,3223,3223
4778,16/11/2025 , 12:25:06,3223,3223
4779,16/11/2025 , 13:25:06,3223,3223
4780,16/11/2025 , 14:25:06,3223,3223
4781,16/11/2025 , 15:25:06,3223,3223
4782,16/11/2025 , 16:25:06,3223,3223
4783,16/11/2025 , 17:25:06,3223,3223
4784,16/11/2025 , 18:25:06,3223,3223
4785,16/11/2025 , 19:25:06,3223,3223
4786,16/11/2025 , 20:25:06,3223,3223
4787,16/11/2025 , 21:25:06,3223,3223
4788,16/11/2025 , 22:25:06,3223,3223
4789,16/11/2025 , 23:25:06,3222,3222
4790,17/11/2025 , 00:25:06,3222,3222
4791,17/11/2025 , 01:25:06,3222,3222
4792,17/11/2025 , 02:25:06,3221,3221
4793,17/11/2025 , 03:25:06,3220,3220
4794,17/11/2025 , 04:25:06,3220,3220
4795,17/11/2025 , 05:25:06,3219,3219
4796,17/11/2025 , 06:25:06,3219,3219
4797,17/11/2025 , 07:25:06,3219,3219
4798,17/11/2025 , 08:25:06,3219,3219
4799,17/11/2025 , 09:25:06,3219,3219
4800,17/11/2025 , 10:25:06,3219,3219
4801,17/11/2025 , 11:25:06,3219,3219
4802,17/11/2025 , 12:25:06,3217,3217
4803,17/11/2025 , 13:25:06,3218,3218
4804,17/11/2025 , 14:25:06,3218,3218
4805,17/11/2025 , 15:25:06,3218,3218
4806,17/11/2025 , 16:25:06,3218,3218
4807,17/11/2025 , 17:25:06,3217,3217
4808,17/11/2025 , 18:25:06,3216,3216
4809,17/11/2025 , 19:25:06,3217,3217
4810,17/11/2025 , 20:25:06,3216,3216
4811,17/11/2025 , 21:25:06,3216,3216
4812,17/11/2025 , 22:25:06,3215,3215
4813,17/11/2025 , 23:25:06,3214,3214
4814,18/11/2025 , 00:25:06,3214,3214
4815,18/11/2025 , 01:25:06,3213,3213
4816,18/11/2025 , 02:25:06,3212,3212
4817,18/11/2025 , 03:25:06,3211,3211
4818,18/11/2025 , 04:25:06,3210,3210
4819,18/11/2025 , 05:25:06,3209,3209
4820,18/11/2025 , 06:25:06,3206,3206
4821,18/11/2025 , 07:25:06,3205,3205
4822,18/11/2025 , 08:25:06,3204,3204
4823,18/11/2025 , 09:25:06,3204,3204
4824,18/11/2025 , 10:25:06,3202,3202
4825,18/11/2025 , 11:25:06,3201,3201
4826,18/11/2025 , 12:25:06,3198,3198
4827,18/11/2025 , 13:25:06,3199,3199
4828,18/11/2025 , 14:25:06,3199,3199
4829,18/11/2025 , 15:25:06,3199,3199
4830,18/11/2025 , 16:25:06,3198,3198
4831,18/11/2025 , 17:25:06,3197,3197
4832,18/11/2025 , 18:25:06,3194,3194
4833,18/11/2025 , 19:25:06,3191,3191
4834,18/11/2025 , 20:25:06,3191,3191
4835,18/11/2025 , 21:25:06,3190,3190
4836,18/11/2025 , 22:25:06,3188,3188
4837,18/11/2025 , 23:25:06,3189,3189
4838,19/11/2025 , 00:25:06,3185,3185
4839,19/11/2025 , 01:25:06,3185,3185
4840,19/11/2025 , 02:25:06,3182,3182
4841,19/11/2025 , 03:25:06,3181,3181
4842,19/11/2025 , 04:25:06,3181,3181
4843,19/11/2025 , 05:25:06,3180,3180
4844,19/11/2025 , 06:25:06,3180,3180
4845,19/11/2025 , 07:25:06,3180,3180
4846,19/11/2025 , 08:25:06,3179,3179
4847,19/11/2025 , 09:25:06,3179,3179
4848,19/11/2025 , 10:25:06,3178,3178
4849,19/11/2025 , 11:25:06,3179,3179
4850,19/11/2025 , 12:25:06,3179,3179
4851,19/11/2025 , 13:25:06,3179,3179
4852,19/11/2025 , 14:25:06,3179,3179
4853,19/11/2025 , 15:25:06,3179,3179
4854,19/11/2025 , 16:25:06,3177,3177
4855,19/11/2025 , 17:25:06,3178,3178
4856,19/11/2025 , 18:25:06,3178,3178
4857,19/11/2025 , 19:25:06,3178,3178
4858,19/11/2025 , 20:25:06,3178,3178
4859,19/11/2025 , 21:25:06,3178,3178
4860,19/11/2025 , 22:25:06,3177,3177
4861,19/11/2025 , 23:25:06,3177,3177
4862,20/11/2025 , 00:25:06,3175,3175
4863,20/11/2025 , 01:25:06,3176,3176
4864,20/11/2025 , 02:25:06,3176,3176
4865,20/11/2025 , 03:25:06,3166,3166
4866,20/11/2025 , 04:25:06,3166,3166
4867,20/11/2025 , 05:25:06,3166,3166
4868,20/11/2025 , 06:25:06,3166,3166
4869,20/11/2025 , 07:25:06,3166,3166
4870,20/11/2025 , 08:25:06,3167,3167
4871,20/11/2025 , 09:25:06,3167,3167
4872,20/11/2025 , 10:25:06,3167,3167
4873,20/11/2025 , 11:25:06,3167,3167
4874,20/11/2025 , 12:25:06,3166,3166
4875,20/11/2025 , 13:25:06,3166,3166
4876,20/11/2025 , 14:25:06,3166,3166
4877,20/11/2025 , 15:25:06,3165,3165
4878,20/11/2025 , 16:25:06,3164,3164
4879,20/11/2025 , 17:25:06,3164,3164
4880,20/11/2025 , 18:25:06,3164,3164
4881,20/11/2025 , 19:25:06,3164,3164
4882,20/11/2025 , 20:25:06,3164,3164
4883,20/11/2025 , 21:25:06,3164,3164
4884,20/11/2025 , 22:25:06,3163,3163
4885,20/11/2025 , 23:25:06,3164,3164
4886,21/11/2025 , 00:25:06,3164,3164
4887,21/11/2025 , 01:25:06,3164,3164
4888,21/11/2025 , 02:25:06,3164,3164
4889,21/11/2025 , 03:25:06,3164,3164
4890,21/11/2025 , 04:25:06,3164,3164
4891,21/11/2025 , 05:25:06,3164,3164
4892,21/11/2025 , 06:25:06,3163,3163
4893,21/11/2025 , 07:25:06,3163,3163
4894,21/11/2025 , 08:25:06,3165,3165
4895,21/11/2025 , 09:25:06,3161,3161
4896,21/11/2025 , 10:25:06,3162,3162
4897,21/11/2025 , 11:25:06,3162,3162
4898,21/11/2025 , 12:25:06,3163,3163
4899,21/11/2025 , 13:25:06,3162,3162
4900,21/11/2025 , 14:25:06,3163,3163
4901,21/11/2025 , 15:25:06,3163,3163
4902,21/11/2025 , 16:25:06,3163,3163
4903,21/11/2025 , 17:25:06,3163,3163
4904,21/11/2025 , 18:25:06,3163,3163
4905,21/11/2025 , 19:25:06,3163,3163
4906,21/11/2025 , 20:25:06,3163,3163
4907,21/11/2025 , 21:25:06,3162,3162
4908,21/11/2025 , 22:25:06,3162,3162
4909,21/11/2025 , 23:25:06,3162,3162
4910,22/11/2025 , 00:25:06,3162,3162
4911,22/11/2025 , 01:25:06,3162,3162
4912,22/11/2025 , 02:25:06,3161,3161
4913,22/11/2025 , 03:25:06,3162,3162
4914,22/11/2025 , 04:25:06,3162,3162
4915,22/11/2025 , 05:25:06,3161,3161
4916,22/11/2025 , 06:25:06,3161,3161
4917,22/11/2025 , 07:25:06,3161,3161
4918,22/11/2025 , 08:25:06,3161,3161
4919,22/11/2025 , 09:25:06,3160,3160
4920,22/11/2025 , 10:25:06,3161,3161
4921,22/11/2025 , 11:25:06,3161,3161
4922,22/11/2025 , 12:25:06,3161,3161
4923,22/11/2025 , 13:25:06,3161,3161
4924,22/11/2025 , 14:25:06,3161,3161
4925,22/11/2025 , 15:25:06,3161,3161
4926,22/11/2025 , 16:25:06,3160,3160
4927,22/11/2025 , 17:25:06,3160,3160
4928,22/11/2025 , 18:25:06,3160,3160
4929,22/11/2025 , 19:25:06,3160,3160
4930,22/11/2025 , 20:25:06,3160,3160
4931,22/11/2025 , 21:25:06,3160,3160
4932,22/11/2025 , 22:25:06,3159,3159
4933,22/11/2025 , 23:25:06,3159,3159
4934,23/11/2025 , 00:25:06,3160,3160
4935,23/11/2025 , 01:25:06,3159,3159
4936,23/11/2025 , 02:25:06,3159,3159
4937,23/11/2025 , 03:25:06,3160,3160
4938,23/11/2025 , 04:25:06,3160,3160
4939,23/11/2025 , 05:25:06,3160,3160
4940,23/11/2025 , 06:25:06,3159,3159
4941,23/11/2025 , 07:25:06,3159,3159
4942,23/11/2025 , 08:25:06,3160,3160
4943,23/11/2025 , 09:25:06,3159,3159
4944,23/11/2025 , 10:25:06,3159,3159
4945,23/11/2025 , 11:25:06,3159,3159
4946,23/11/2025 , 12:25:06,3159,3159
4947,23/11/2025 , 13:25:06,3162,3162
4948,23/11/2025 , 14:25:06,3163,3163
4949,23/11/2025 , 15:25:06,3163,3163
4950,23/11/2025 , 16:25:06,3163,3163
4951,23/11/2025 , 17:25:06,3163,3163
4952,23/11/2025 , 18:25:06,3162,3162
4953,23/11/2025 , 19:25:06,3162,3162
4954,23/11/2025 , 20:25:06,3162,3162
4955,23/11/2025 , 21:25:06,3162,3162
4956,23/11/2025 , 22:25:06,3161,3161
4957,23/11/2025 , 23:25:06,3162,3162
4958,24/11/2025 , 00:25:06,3158,3158
4959,24/11/2025 , 01:25:06,3159,3159
4960,24/11/2025 , 02:25:06,3159,3159
4961,24/11/2025 , 03:25:06,3159,3159
4962,24/11/2025 , 04:25:06,3159,3159
4963,24/11/2025 , 05:25:06,3158,3158
4964,24/11/2025 , 06:25:06,3159,3159
4965,24/11/2025 , 07:25:06,3159,3159
4966,24/11/2025 , 08:25:06,3159,3159
4967,24/11/2025 , 09:25:06,3158,3158
4968,24/11/2025 , 10:25:06,3158,3158
4969,24/11/2025 , 11:25:06,3158,3158
4970,24/11/2025 , 12:25:06,3159,3159
4971,24/11/2025 , 13:25:06,3158,3158
4972,24/11/2025 , 14:25:06,3158,3158
4973,24/11/2025 , 15:25:06,3158,3158
4974,24/11/2025 , 16:25:06,3158,3158
4975,24/11/2025 , 17:25:06,3158,3158
4976,24/11/2025 , 18:25:06,3158,3158
4977,24/11/2025 , 19:25:06,3158,3158
4978,24/11/2025 , 20:25:06,3158,3158
4979,24/11/2025 , 21:25:06,3157,3157
4980,24/11/2025 , 22:25:06,3157,3157
4981,24/11/2025 , 23:25:06,3157,3157
4982,25/11/2025 , 00:25:06,3157,3157
4983,25/11/2025 , 01:25:06,3158,3158
4984,25/11/2025 , 02:25:06,3158,3158
4985,25/11/2025 , 03:25:06,3158,3158
4986,25/11/2025 , 04:25:06,3158,3158
4987,25/11/2025 , 05:25:06,3157,3157
4988,25/11/2025 , 06:25:06,3157,3157
4989,25/11/2025 , 07:25:06,3159,3159
4990,25/11/2025 , 08:25:06,3159,3159
4991,25/11/2025 , 09:25:06,3159,3159
4992,25/11/2025 , 10:25:06,3159,3159
4993,25/11/2025 , 11:25:06,3159,3159
4994,25/11/2025 , 12:25:06,3160,3160
4995,25/11/2025 , 13:25:06,3160,3160
4996,25/11/2025 , 14:25:06,3160,3160
4997,25/11/2025 , 15:25:06,3160,3160
4998,25/11/2025 , 16:25:06,3160,3160
4999,25/11/2025 , 17:25:06,3160,3160
5000,25/11/2025 , 18:25:06,3160,3160
5001,25/11/2025 , 19:25:06,3160,3160
5002,25/11/2025 , 20:25:06,3160,3160
5003,25/11/2025 , 21:25:06,3159,3159
5004,25/11/2025 , 22:25:06,3159,3159
5005,25/11/2025 , 23:25:06,3159,3159
5006,26/11/2025 , 00:25:06,3159,3159
5007,26/11/2025 , 01:25:06,3159,3159
5008,26/11/2025 , 02:25:06,3158,3158
5009,26/11/2025 , 03:25:06,3158,3158
5010,26/11/2025 , 04:25:06,3157,3157
5011,26/11/2025 , 05:25:06,3158,3158
5012,26/11/2025 , 06:25:06,3158,3158
5013,26/11/2025 , 07:25:06,3158,3158
5014,26/11/2025 , 08:25:06,3158,3158
5015,26/11/2025 , 09:25:06,3157,3157
5016,26/11/2025 , 10:25:06,3158,3158
5017,26/11/2025 , 11:25:06,3158,3158
5018,26/11/2025 , 12:25:06,3158,3158
5019,26/11/2025 , 13:25:06,3158,3158
5020,26/11/2025 , 14:25:06,3158,3158
5021,26/11/2025 , 15:25:06,3159,3159
5022,26/11/2025 , 16:25:06,3159,3159
5023,26/11/2025 , 17:25:06,3158,3158
5024,26/11/2025 , 18:25:06,3160,3160
5025,26/11/2025 , 19:25:06,3161,3161
5026,26/11/2025 , 20:25:06,3163,3163
5027,26/11/2025 , 21:25:06,3167,3167
5028,26/11/2025 , 22:25:06,3185,3185
5029,26/11/2025 , 23:25:06,3207,3207
5030,27/11/2025 , 00:25:06,3225,3225
5031,27/11/2025 , 01:25:06,3232,3232
5032,27/11/2025 , 02:25:06,3232,3232
5033,27/11/2025 , 03:25:06,3234,3234
5034,27/11/2025 , 04:25:06,3234,3234
5035,27/11/2025 , 05:25:06,3233,3233
5036,27/11/2025 , 06:25:06,3232,3232
5037,27/11/2025 , 07:25:06,3233,3233
5038,27/11/2025 , 08:25:06,3233,3233
5039,27/11/2025 , 09:25:06,3233,3233
5040,27/11/2025 , 10:25:06,3233,3233
5041,27/11/2025 , 11:25:06,3230,3230
5042,27/11/2025 , 12:25:06,3232,3232
5043,27/11/2025 , 13:25:06,3232,3232
5044,27/11/2025 , 14:25:06,3232,3232
5045,27/11/2025 , 15:25:06,1561,1561
5046,27/11/2025 , 16:25:06,1608,1608
5047,27/11/2025 , 17:25:06,1587,1587
5048,27/11/2025 , 18:25:06,1579,1579
5049,27/11/2025 , 19:25:06,1577,1577
5050,27/11/2025 , 20:25:06,1575,1575
5051,27/11/2025 , 21:25:06,1574,1574
5052,27/11/2025 , 22:25:06,1572,1572
5053,27/11/2025 , 23:25:06,1569,1569
5054,28/11/2025 , 00:25:06,1567,1567
5055,28/11/2025 , 01:25:06,1566,1566
5056,28/11/2025 , 02:25:06,1564,1564
5057,28/11/2025 , 03:25:06,1563,1563
5058,28/11/2025 , 04:25:06,1562,1562
5059,28/11/2025 , 05:25:06,1561,1561
5060,28/11/2025 , 06:25:06,1560,1560
5061,28/11/2025 , 07:25:06,1559,1559
5062,28/11/2025 , 08:25:06,1556,1556
5063,28/11/2025 , 09:25:06,1553,1553
5064,28/11/2025 , 10:25:06,1550,1550
5065,28/11/2025 , 11:25:06,1545,1545
5066,28/11/2025 , 12:25:06,1541,1541
5067,28/11/2025 , 13:25:06,1540,1540
5068,28/11/2025 , 14:25:06,1538,1538
5069,28/11/2025 , 15:25:06,1535,1535
5070,28/11/2025 , 16:25:06,1519,1519
5071,28/11/2025 , 17:25:06,1510,1510
