Site Name ,ST-HENRI
Site Number ,1
Logger ,Capacitive Water Level
Logger Serial Number ,42562


Scan No ,Date and Time,       Capacitive Water Level,        ,
        ,        ,RAW VALUE ,CALIBRATED VALUE,

1,01/05/2025 , 11:20:54,1557,1557
2,01/05/2025 , 12:20:54,1542,1542
3,01/05/2025 , 13:20:54,1534,1534
4,01/05/2025 , 14:20:54,1545,1545
5,01/05/2025 , 15:20:54,1626,1626
6,01/05/2025 , 16:20:54,1657,1657
7,01/05/2025 , 17:20:54,1842,1842
8,01/05/2025 , 18:20:54,2003,2003
9,01/05/2025 , 19:20:54,2152,2152
10,01/05/2025 , 20:20:54,2286,2286
11,01/05/2025 , 21:20:54,2411,2411
12,01/05/2025 , 22:20:54,2517,2517
13,01/05/2025 , 23:20:54,2626,2626
14,02/05/2025 , 00:20:54,2726,2726
15,02/05/2025 , 01:20:54,2813,2813
16,02/05/2025 , 02:20:54,2889,2889
17,02/05/2025 , 03:20:54,2954,2954
18,02/05/2025 , 04:20:54,3003,3003
19,02/05/2025 , 05:20:54,3037,3037
20,02/05/2025 , 06:20:54,3074,3074
21,02/05/2025 , 07:20:54,3107,3107
22,02/05/2025 , 08:20:54,3138,3138
23,02/05/2025 , 09:20:54,3166,3166
24,02/05/2025 , 10:20:54,3191,3191
25,02/05/2025 , 11:20:54,3272,3272
26,02/05/2025 , 12:20:54,3378,3378
27,02/05/2025 , 13:20:54,3403,3403
28,02/05/2025 , 14:20:54,3398,3398
29,02/05/2025 , 15:20:54,3394,3394
30,02/05/2025 , 16:20:54,3388,3388
31,02/05/2025 , 17:20:54,3383,3383
32,02/05/2025 , 18:20:54,3379,3379
33,02/05/2025 , 19:20:54,3375,3375
34,02/05/2025 , 20:20:54,3370,3370
35,02/05/2025 , 21:20:54,3365,3365
36,02/05/2025 , 22:20:54,3360,3360
37,02/05/2025 , 23:20:54,3355,3355
38,03/05/2025 , 00:20:54,3349,3349
39,03/05/2025 , 01:20:54,3343,3343
40,03/05/2025 , 02:20:54,3338,3338
41,03/05/2025 , 03:20:54,3332,3332
42,03/05/2025 , 04:20:54,3328,3328
43,03/05/2025 , 05:20:54,3323,3323
44,03/05/2025 , 06:20:54,3319,3319
45,03/05/2025 , 07:20:54,3317,3317
46,03/05/2025 , 08:20:54,3313,3313
47,03/05/2025 , 09:20:54,3310,3310
48,03/05/2025 , 10:20:54,3307,3307
49,03/05/2025 , 11:20:54,3307,3307
50,03/05/2025 , 12:20:54,3305,3305
51,03/05/2025 , 13:20:54,3302,3302
52,03/05/2025 , 14:20:54,3300,3300
53,03/05/2025 , 15:20:54,3300,3300
54,03/05/2025 , 16:20:54,3300,3300
55,03/05/2025 , 17:20:54,3300,3300
56,03/05/2025 , 18:20:54,3300,3300
57,03/05/2025 , 19:20:54,3299,3299
58,03/05/2025 , 20:20:54,3299,3299
59,03/05/2025 , 21:20:54,3299,3299
60,03/05/2025 , 22:20:54,3299,3299
61,03/05/2025 , 23:20:54,3299,3299
62,04/05/2025 , 00:20:54,3299,3299
63,04/05/2025 , 01:20:54,3298,3298
64,04/05/2025 , 02:20:54,3297,3297
65,04/05/2025 , 03:20:54,3296,3296
66,04/05/2025 , 04:20:54,3295,3295
67,04/05/2025 , 05:20:54,3296,3296
68,04/05/2025 , 06:20:54,3294,3294
69,04/05/2025 , 07:20:54,3291,3291
70,04/05/2025 , 08:20:54,3289,3289
71,04/05/2025 , 09:20:54,3286,3286
72,04/05/2025 , 10:20:54,3283,3283
73,04/05/2025 , 11:20:54,3281,3281
74,04/05/2025 , 12:20:54,3281,3281
75,04/05/2025 , 13:20:54,3279,3279
76,04/05/2025 , 14:20:54,3279,3279
77,04/05/2025 , 15:20:54,3277,3277
78,04/05/2025 , 16:20:54,3277,3277
79,04/05/2025 , 17:20:54,3277,3277
80,04/05/2025 , 18:20:54,3275,3275
81,04/05/2025 , 19:20:54,3274,3274
82,04/05/2025 , 20:20:54,3273,3273
83,04/05/2025 , 21:20:54,3272,3272
84,04/05/2025 , 22:20:54,3272,3272
85,04/05/2025 , 23:20:54,3271,3271
86,05/05/2025 , 00:20:54,3270,3270
87,05/05/2025 , 01:20:54,3270,3270
88,05/05/2025 , 02:20:54,3271,3271
89,05/05/2025 , 03:20:54,3270,3270
90,05/05/2025 , 04:20:54,3269,3269
91,05/05/2025 , 05:20:54,3270,3270
92,05/05/2025 , 06:20:54,3271,3271
93,05/05/2025 , 07:20:54,3270,3270
94,05/05/2025 , 08:20:54,3270,3270
95,05/05/2025 , 09:20:54,3270,3270
96,05/05/2025 , 10:20:54,3270,3270
97,05/05/2025 , 11:20:54,3271,3271
98,05/05/2025 , 12:20:54,3271,3271
99,05/05/2025 , 13:20:54,3273,3273
100,05/05/2025 , 14:20:54,3272,3272
101,05/05/2025 , 15:20:54,3273,3273
102,05/05/2025 , 16:20:54,3274,3274
103,05/05/2025 , 17:20:54,3274,3274
104,05/05/2025 , 18:20:54,3274,3274
105,05/05/2025 , 19:20:54,3273,3273
106,05/05/2025 , 20:20:54,3273,3273
107,05/05/2025 , 21:20:54,3273,3273
108,05/05/2025 , 22:20:54,3273,3273
109,05/05/2025 , 23:20:54,3272,3272
110,06/05/2025 , 00:20:54,3272,3272
111,06/05/2025 , 01:20:54,3273,3273
112,06/05/2025 , 02:20:54,3274,3274
113,06/05/2025 , 03:20:54,3273,3273
114,06/05/2025 , 04:20:54,3273,3273
115,06/05/2025 , 05:20:54,3274,3274
116,06/05/2025 , 06:20:54,3273,3273
117,06/05/2025 , 07:20:54,3274,3274
118,06/05/2025 , 08:20:54,3274,3274
119,06/05/2025 , 09:20:54,3274,3274
120,06/05/2025 , 10:20:54,3274,3274
121,06/05/2025 , 11:20:54,3274,3274
122,06/05/2025 , 12:20:54,3274,3274
123,06/05/2025 , 13:20:54,3275,3275
124,06/05/2025 , 14:20:54,3274,3274
125,06/05/2025 , 15:20:54,3275,3275
126,06/05/2025 , 16:20:54,3275,3275
127,06/05/2025 , 17:20:54,3275,3275
128,06/05/2025 , 18:20:54,3275,3275
129,06/05/2025 , 19:20:54,3275,3275
130,06/05/2025 , 20:20:54,3275,3275
131,06/05/2025 , 21:20:54,3275,3275
132,06/05/2025 , 22:20:54,3277,3277
133,06/05/2025 , 23:20:54,3277,3277
134,07/05/2025 , 00:20:54,3277,3277
135,07/05/2025 , 01:20:54,3277,3277
136,07/05/2025 , 02:20:54,3277,3277
137,07/05/2025 , 03:20:54,3278,3278
138,07/05/2025 , 04:20:54,3279,3279
139,07/05/2025 , 05:20:54,3278,3278
140,07/05/2025 , 06:20:54,3279,3279
141,07/05/2025 , 07:20:54,3278,3278
142,07/05/2025 , 08:20:54,3278,3278
143,07/05/2025 , 09:20:54,3279,3279
144,07/05/2025 , 10:20:54,3278,3278
145,07/05/2025 , 11:20:54,3278,3278
146,07/05/2025 , 12:20:54,3278,3278
147,07/05/2025 , 13:20:54,3278,3278
148,07/05/2025 , 14:20:54,3279,3279
149,07/05/2025 , 15:20:54,3279,3279
150,07/05/2025 , 16:20:54,3281,3281
151,07/05/2025 , 17:20:54,3283,3283
152,07/05/2025 , 18:20:54,3287,3287
153,07/05/2025 , 19:20:54,3293,3293
154,07/05/2025 , 20:20:54,3365,3365
155,07/05/2025 , 21:20:54,3375,3375
156,07/05/2025 , 22:20:54,3367,3367
157,07/05/2025 , 23:20:54,3356,3356
158,08/05/2025 , 00:20:54,3347,3347
159,08/05/2025 , 01:20:54,3342,3342
160,08/05/2025 , 02:20:54,3341,3341
161,08/05/2025 , 03:20:54,3341,3341
162,08/05/2025 , 04:20:54,3341,3341
163,08/05/2025 , 05:20:54,3339,3339
164,08/05/2025 , 06:20:54,3336,3336
165,08/05/2025 , 07:20:54,3332,3332
166,08/05/2025 , 08:20:54,3326,3326
167,08/05/2025 , 09:20:54,3323,3323
168,08/05/2025 , 10:20:54,3320,3320
169,08/05/2025 , 11:20:54,3319,3319
170,08/05/2025 , 12:20:54,3317,3317
171,08/05/2025 , 13:20:54,3313,3313
172,08/05/2025 , 14:20:54,3311,3311
173,08/05/2025 , 15:20:54,3308,3308
174,08/05/2025 , 16:20:54,3307,3307
175,08/05/2025 , 17:20:54,3306,3306
176,08/05/2025 , 18:20:54,3304,3304
177,08/05/2025 , 19:20:54,3302,3302
178,08/05/2025 , 20:20:54,3301,3301
179,08/05/2025 , 21:20:54,3299,3299
180,08/05/2025 , 22:20:54,3298,3298
181,08/05/2025 , 23:20:54,3298,3298
182,09/05/2025 , 00:20:54,3298,3298
183,09/05/2025 , 01:20:54,3296,3296
184,09/05/2025 , 02:20:54,3295,3295
185,09/05/2025 , 03:20:54,3295,3295
186,09/05/2025 , 04:20:54,3296,3296
187,09/05/2025 , 05:20:54,3296,3296
188,09/05/2025 , 06:20:54,3297,3297
189,09/05/2025 , 07:20:54,3304,3304
190,09/05/2025 , 08:20:54,3317,3317
191,09/05/2025 , 09:20:54,3333,3333
192,09/05/2025 , 10:20:54,3340,3340
193,09/05/2025 , 11:20:54,3339,3339
194,09/05/2025 , 12:20:54,3333,3333
195,09/05/2025 , 13:20:54,3328,3328
196,09/05/2025 , 14:20:54,3324,3324
197,09/05/2025 , 15:20:54,3322,3322
198,09/05/2025 , 16:20:54,3319,3319
199,09/05/2025 , 17:20:54,3317,3317
200,09/05/2025 , 18:20:54,3315,3315
201,09/05/2025 , 19:20:54,3314,3314
202,09/05/2025 , 20:20:54,3312,3312
203,09/05/2025 , 21:20:54,3311,3311
204,09/05/2025 , 22:20:54,3308,3308
205,09/05/2025 , 23:20:54,3308,3308
206,10/05/2025 , 00:20:54,3308,3308
207,10/05/2025 , 01:20:54,3307,3307
208,10/05/2025 , 02:20:54,3307,3307
209,10/05/2025 , 03:20:54,3306,3306
210,10/05/2025 , 04:20:54,3307,3307
211,10/05/2025 , 05:20:54,3305,3305
212,10/05/2025 , 06:20:54,3305,3305
213,10/05/2025 , 07:20:54,3304,3304
214,10/05/2025 , 08:20:54,3305,3305
215,10/05/2025 , 09:20:54,3304,3304
216,10/05/2025 , 10:20:54,3304,3304
217,10/05/2025 , 11:20:54,3304,3304
218,10/05/2025 , 12:20:54,3302,3302
219,10/05/2025 , 13:20:54,3302,3302
220,10/05/2025 , 14:20:54,3302,3302
221,10/05/2025 , 15:20:54,3301,3301
222,10/05/2025 , 16:20:54,3300,3300
223,10/05/2025 , 17:20:54,3300,3300
224,10/05/2025 , 18:20:54,3299,3299
225,10/05/2025 , 19:20:54,3298,3298
226,10/05/2025 , 20:20:54,3298,3298
227,10/05/2025 , 21:20:54,3297,3297
228,10/05/2025 , 22:20:54,3297,3297
229,10/05/2025 , 23:20:54,3296,3296
230,11/05/2025 , 00:20:54,3296,3296
231,11/05/2025 , 01:20:54,3296,3296
232,11/05/2025 , 02:20:54,3294,3294
233,11/05/2025 , 03:20:54,3293,3293
234,11/05/2025 , 04:20:54,3293,3293
235,11/05/2025 , 05:20:54,3293,3293
236,11/05/2025 , 06:20:54,3292,3292
237,11/05/2025 , 07:20:54,3292,3292
238,11/05/2025 , 08:20:54,3291,3291
239,11/05/2025 , 09:20:54,3289,3289
240,11/05/2025 , 10:20:54,3288,3288
241,11/05/2025 , 11:20:54,3287,3287
242,11/05/2025 , 12:20:54,3287,3287
243,11/05/2025 , 13:20:54,3287,3287
244,11/05/2025 , 14:20:54,3286,3286
245,11/05/2025 , 15:20:54,3286,3286
246,11/05/2025 , 16:20:54,3285,3285
247,11/05/2025 , 17:20:54,3284,3284
248,11/05/2025 , 18:20:54,3285,3285
249,11/05/2025 , 19:20:54,3284,3284
250,11/05/2025 , 20:20:54,3283,3283
251,11/05/2025 , 21:20:54,3283,3283
252,11/05/2025 , 22:20:54,3282,3282
253,11/05/2025 , 23:20:54,3282,3282
254,12/05/2025 , 00:20:54,3281,3281
255,12/05/2025 , 01:20:54,3281,3281
256,12/05/2025 , 02:20:54,3280,3280
257,12/05/2025 , 03:20:54,3281,3281
258,12/05/2025 , 04:20:54,3281,3281
259,12/05/2025 , 05:20:54,3281,3281
260,12/05/2025 , 06:20:54,3280,3280
261,12/05/2025 , 07:20:54,3280,3280
262,12/05/2025 , 08:20:54,3281,3281
263,12/05/2025 , 09:20:54,3280,3280
264,12/05/2025 , 10:20:54,3280,3280
265,12/05/2025 , 11:20:54,3281,3281
266,12/05/2025 , 12:20:54,3280,3280
267,12/05/2025 , 13:20:54,3280,3280
268,12/05/2025 , 14:20:54,3280,3280
269,12/05/2025 , 15:20:54,3280,3280
270,12/05/2025 , 16:20:54,3279,3279
271,12/05/2025 , 17:20:54,3280,3280
272,12/05/2025 , 18:20:54,3280,3280
273,12/05/2025 , 19:20:54,3280,3280
274,12/05/2025 , 20:20:54,3279,3279
275,12/05/2025 , 21:20:54,3279,3279
276,12/05/2025 , 22:20:54,3278,3278
277,12/05/2025 , 23:20:54,3278,3278
278,13/05/2025 , 00:20:54,3278,3278
279,13/05/2025 , 01:20:54,3277,3277
280,13/05/2025 , 02:20:54,3277,3277
281,13/05/2025 , 03:20:54,3277,3277
282,13/05/2025 , 04:20:54,3277,3277
283,13/05/2025 , 05:20:54,3276,3276
284,13/05/2025 , 06:20:54,3275,3275
285,13/05/2025 , 07:20:54,3274,3274
286,13/05/2025 , 08:20:54,3274,3274
287,13/05/2025 , 09:20:54,3274,3274
288,13/05/2025 , 10:20:54,3275,3275
289,13/05/2025 , 11:20:54,3275,3275
290,13/05/2025 , 12:20:54,3275,3275
291,13/05/2025 , 13:20:54,3273,3273
292,13/05/2025 , 14:20:54,3273,3273
293,13/05/2025 , 15:20:54,3274,3274
294,13/05/2025 , 16:20:54,3274,3274
295,13/05/2025 , 17:20:54,3274,3274
296,13/05/2025 , 18:20:54,3273,3273
297,13/05/2025 , 19:20:54,3274,3274
298,13/05/2025 , 20:20:54,3273,3273
299,13/05/2025 , 21:20:54,3273,3273
300,13/05/2025 , 22:20:54,3273,3273
301,13/05/2025 , 23:20:54,3274,3274
302,14/05/2025 , 00:20:54,3274,3274
303,14/05/2025 , 01:20:54,3273,3273
304,14/05/2025 , 02:20:54,3274,3274
305,14/05/2025 , 03:20:54,3273,3273
306,14/05/2025 , 04:20:54,3274,3274
307,14/05/2025 , 05:20:54,3274,3274
308,14/05/2025 , 06:20:54,3275,3275
309,14/05/2025 , 07:20:54,3274,3274
310,14/05/2025 , 08:20:54,3273,3273
311,14/05/2025 , 09:20:54,3273,3273
312,14/05/2025 , 10:20:54,3275,3275
313,14/05/2025 , 11:20:54,3274,3274
314,14/05/2025 , 12:20:54,3274,3274
315,14/05/2025 , 13:20:54,3273,3273
316,14/05/2025 , 14:20:54,3274,3274
317,14/05/2025 , 15:20:54,3274,3274
318,14/05/2025 , 16:20:54,3274,3274
319,14/05/2025 , 17:20:54,3274,3274
320,14/05/2025 , 18:20:54,3274,3274
321,14/05/2025 , 19:20:54,3274,3274
322,14/05/2025 , 20:20:54,3275,3275
323,14/05/2025 , 21:20:54,3274,3274
324,14/05/2025 , 22:20:54,3273,3273
325,14/05/2025 , 23:20:54,3274,3274
326,15/05/2025 , 00:20:54,3273,3273
327,15/05/2025 , 01:20:54,3273,3273
328,15/05/2025 , 02:20:54,3272,3272
329,15/05/2025 , 03:20:54,3272,3272
330,15/05/2025 , 04:20:54,3272,3272
331,15/05/2025 , 05:20:54,3272,3272
332,15/05/2025 , 06:20:54,3272,3272
333,15/05/2025 , 07:20:54,3271,3271
334,15/05/2025 , 08:20:54,3272,3272
335,15/05/2025 , 09:20:54,3272,3272
336,15/05/2025 , 10:20:54,3271,3271
337,15/05/2025 , 11:20:54,3271,3271
338,15/05/2025 , 12:20:54,3272,3272
339,15/05/2025 , 13:20:54,3271,3271
340,15/05/2025 , 14:20:54,3273,3273
341,15/05/2025 , 15:20:54,3271,3271
342,15/05/2025 , 16:20:54,3272,3272
343,15/05/2025 , 17:20:54,3272,3272
344,15/05/2025 , 18:20:54,3271,3271
345,15/05/2025 , 19:20:54,3272,3272
346,15/05/2025 , 20:20:54,3271,3271
347,15/05/2025 , 21:20:54,3272,3272
348,15/05/2025 , 22:20:54,3270,3270
349,15/05/2025 , 23:20:54,3270,3270
350,16/05/2025 , 00:20:54,3270,3270
351,16/05/2025 , 01:20:54,3269,3269
352,16/05/2025 , 02:20:54,3271,3271
353,16/05/2025 , 03:20:54,3271,3271
354,16/05/2025 , 04:20:54,3270,3270
355,16/05/2025 , 05:20:54,3269,3269
356,16/05/2025 , 06:20:54,3270,3270
357,16/05/2025 , 07:20:54,3268,3268
358,16/05/2025 , 08:20:54,3268,3268
359,16/05/2025 , 09:20:54,3268,3268
360,16/05/2025 , 10:20:54,3268,3268
361,16/05/2025 , 11:20:54,3268,3268
362,16/05/2025 , 12:20:54,3268,3268
363,16/05/2025 , 13:20:54,3267,3267
364,16/05/2025 , 14:20:54,3267,3267
365,16/05/2025 , 15:20:54,3267,3267
366,16/05/2025 , 16:20:54,3267,3267
367,16/05/2025 , 17:20:54,3268,3268
368,16/05/2025 , 18:20:54,3267,3267
369,16/05/2025 , 19:20:54,3267,3267
370,16/05/2025 , 20:20:54,3266,3266
371,16/05/2025 , 21:20:54,3265,3265
372,16/05/2025 , 22:20:54,3267,3267
373,16/05/2025 , 23:20:54,3267,3267
374,17/05/2025 , 00:20:54,3267,3267
375,17/05/2025 , 01:20:54,3266,3266
376,17/05/2025 , 02:20:54,3266,3266
377,17/05/2025 , 03:20:54,3266,3266
378,17/05/2025 , 04:20:54,3267,3267
379,17/05/2025 , 05:20:54,3267,3267
380,17/05/2025 , 06:20:54,3268,3268
381,17/05/2025 , 07:20:54,3268,3268
382,17/05/2025 , 08:20:54,3268,3268
383,17/05/2025 , 09:20:54,3268,3268
384,17/05/2025 , 10:20:54,3268,3268
385,17/05/2025 , 11:20:54,3268,3268
386,17/05/2025 , 12:20:54,3269,3269
387,17/05/2025 , 13:20:54,3270,3270
388,17/05/2025 , 14:20:54,3273,3273
389,17/05/2025 , 15:20:54,3304,3304
390,17/05/2025 , 16:20:54,3352,3352
391,17/05/2025 , 17:20:54,3345,3345
392,17/05/2025 , 18:20:54,3337,3337
393,17/05/2025 , 19:20:54,3331,3331
394,17/05/2025 , 20:20:54,3328,3328
395,17/05/2025 , 21:20:54,3324,3324
396,17/05/2025 , 22:20:54,3323,3323
397,17/05/2025 , 23:20:54,3323,3323
398,18/05/2025 , 00:20:54,3324,3324
399,18/05/2025 , 01:20:54,3321,3321
400,18/05/2025 , 02:20:54,3320,3320
401,18/05/2025 , 03:20:54,3320,3320
402,18/05/2025 , 04:20:54,3322,3322
403,18/05/2025 , 05:20:54,3327,3327
404,18/05/2025 , 06:20:54,3332,3332
405,18/05/2025 , 07:20:54,3343,3343
406,18/05/2025 , 08:20:54,3402,3402
407,18/05/2025 , 09:20:54,3397,3397
408,18/05/2025 , 10:20:54,3384,3384
409,18/05/2025 , 11:20:54,3377,3377
410,18/05/2025 , 12:20:54,3371,3371
411,18/05/2025 , 13:20:54,3365,3365
412,18/05/2025 , 14:20:54,3358,3358
413,18/05/2025 , 15:20:54,3352,3352
414,18/05/2025 , 16:20:54,3347,3347
415,18/05/2025 , 17:20:54,3343,3343
416,18/05/2025 , 18:20:54,3341,3341
417,18/05/2025 , 19:20:54,3340,3340
418,18/05/2025 , 20:20:54,3340,3340
419,18/05/2025 , 21:20:54,3339,3339
420,18/05/2025 , 22:20:54,3338,3338
421,18/05/2025 , 23:20:54,3336,3336
422,19/05/2025 , 00:20:54,3334,3334
423,19/05/2025 , 01:20:54,3332,3332
424,19/05/2025 , 02:20:54,3331,3331
425,19/05/2025 , 03:20:54,3329,3329
426,19/05/2025 , 04:20:54,3328,3328
427,19/05/2025 , 05:20:54,3327,3327
428,19/05/2025 , 06:20:54,3326,3326
429,19/05/2025 , 07:20:54,3340,3340
430,19/05/2025 , 08:20:54,3363,3363
431,19/05/2025 , 09:20:54,3367,3367
432,19/05/2025 , 10:20:54,3368,3368
433,19/05/2025 , 11:20:54,3365,3365
434,19/05/2025 , 12:20:54,3361,3361
435,19/05/2025 , 13:20:54,3360,3360
436,19/05/2025 , 14:20:54,3360,3360
437,19/05/2025 , 15:20:54,3358,3358
438,19/05/2025 , 16:20:54,3355,3355
439,19/05/2025 , 17:20:54,3352,3352
440,19/05/2025 , 18:20:54,3349,3349
441,19/05/2025 , 19:20:54,3349,3349
442,19/05/2025 , 20:20:54,3350,3350
443,19/05/2025 , 21:20:54,3350,3350
444,19/05/2025 , 22:20:54,3350,3350
445,19/05/2025 , 23:20:54,3349,3349
446,20/05/2025 , 00:20:54,3346,3346
447,20/05/2025 , 01:20:54,3343,3343
448,20/05/2025 , 02:20:54,3340,3340
449,20/05/2025 , 03:20:54,3337,3337
450,20/05/2025 , 04:20:54,3334,3334
451,20/05/2025 , 05:20:54,3332,3332
452,20/05/2025 , 06:20:54,3330,3330
453,20/05/2025 , 07:20:54,3329,3329
454,20/05/2025 , 08:20:54,3327,3327
455,20/05/2025 , 09:20:54,3325,3325
456,20/05/2025 , 10:20:54,3326,3326
457,20/05/2025 , 11:20:54,3323,3323
458,20/05/2025 , 12:20:54,3322,3322
459,20/05/2025 , 13:20:54,3321,3321
460,20/05/2025 , 14:20:54,3319,3319
461,20/05/2025 , 15:20:54,3317,3317
462,20/05/2025 , 16:20:54,3316,3316
463,20/05/2025 , 17:20:54,3315,3315
464,20/05/2025 , 18:20:54,3313,3313
465,20/05/2025 , 19:20:54,3312,3312
466,20/05/2025 , 20:20:54,3311,3311
467,20/05/2025 , 21:20:54,3310,3310
468,20/05/2025 , 22:20:54,3310,3310
469,20/05/2025 , 23:20:54,3310,3310
470,21/05/2025 , 00:20:54,3308,3308
471,21/05/2025 , 01:20:54,3308,3308
472,21/05/2025 , 02:20:54,3307,3307
473,21/05/2025 , 03:20:54,3306,3306
474,21/05/2025 , 04:20:54,3305,3305
475,21/05/2025 , 05:20:54,3304,3304
476,21/05/2025 , 06:20:54,3305,3305
477,21/05/2025 , 07:20:54,3304,3304
478,21/05/2025 , 08:20:54,3302,3302
479,21/05/2025 , 09:20:54,3301,3301
480,21/05/2025 , 10:20:54,3301,3301
481,21/05/2025 , 11:20:54,3301,3301
482,21/05/2025 , 12:20:54,3300,3300
483,21/05/2025 , 13:20:54,3300,3300
484,21/05/2025 , 14:20:54,3300,3300
485,21/05/2025 , 15:20:54,3299,3299
486,21/05/2025 , 16:20:54,3298,3298
487,21/05/2025 , 17:20:54,3298,3298
488,21/05/2025 , 18:20:54,3298,3298
489,21/05/2025 , 19:20:54,3296,3296
490,21/05/2025 , 20:20:54,3296,3296
491,21/05/2025 , 21:20:54,3296,3296
492,21/05/2025 , 22:20:54,3296,3296
493,21/05/2025 , 23:20:54,3295,3295
494,22/05/2025 , 00:20:54,3295,3295
495,22/05/2025 , 01:20:54,3295,3295
496,22/05/2025 , 02:20:54,3295,3295
497,22/05/2025 , 03:20:54,3294,3294
498,22/05/2025 , 04:20:54,3294,3294
499,22/05/2025 , 05:20:54,3294,3294
500,22/05/2025 , 06:20:54,3294,3294
501,22/05/2025 , 07:20:54,3294,3294
502,22/05/2025 , 08:20:54,3293,3293
503,22/05/2025 , 09:20:54,3292,3292
504,22/05/2025 , 10:20:54,3291,3291
505,22/05/2025 , 11:20:54,3291,3291
506,22/05/2025 , 12:20:54,3291,3291
507,22/05/2025 , 13:20:54,3291,3291
508,22/05/2025 , 14:20:54,3291,3291
509,22/05/2025 , 15:20:54,3291,3291
510,22/05/2025 , 16:20:54,3289,3289
511,22/05/2025 , 17:20:54,3290,3290
512,22/05/2025 , 18:20:54,3291,3291
513,22/05/2025 , 19:20:54,3289,3289
514,22/05/2025 , 20:20:54,3289,3289
515,22/05/2025 , 21:20:54,3288,3288
516,22/05/2025 , 22:20:54,3289,3289
517,22/05/2025 , 23:20:54,3288,3288
518,23/05/2025 , 00:20:54,3288,3288
519,23/05/2025 , 01:20:54,3289,3289
520,23/05/2025 , 02:20:54,3288,3288
521,23/05/2025 , 03:20:54,3289,3289
522,23/05/2025 , 04:20:54,3290,3290
523,23/05/2025 , 05:20:54,3291,3291
524,23/05/2025 , 06:20:54,3291,3291
525,23/05/2025 , 07:20:54,3290,3290
526,23/05/2025 , 08:20:54,3291,3291
527,23/05/2025 , 09:20:54,3292,3292
528,23/05/2025 , 10:20:54,3291,3291
529,23/05/2025 , 11:20:54,3292,3292
530,23/05/2025 , 12:20:54,3292,3292
531,23/05/2025 , 13:20:54,3292,3292
532,23/05/2025 , 14:20:54,3293,3293
533,23/05/2025 , 15:20:54,3293,3293
534,23/05/2025 , 16:20:54,3294,3294
535,23/05/2025 , 17:20:54,3294,3294
536,23/05/2025 , 18:20:54,3295,3295
537,23/05/2025 , 19:20:54,3297,3297
538,23/05/2025 , 20:20:54,3299,3299
539,23/05/2025 , 21:20:54,3300,3300
540,23/05/2025 , 22:20:54,3301,3301
541,23/05/2025 , 23:20:54,3301,3301
542,24/05/2025 , 00:20:54,3301,3301
543,24/05/2025 , 01:20:54,3301,3301
544,24/05/2025 , 02:20:54,3301,3301
545,24/05/2025 , 03:20:54,3301,3301
546,24/05/2025 , 04:20:54,3301,3301
547,24/05/2025 , 05:20:54,3302,3302
548,24/05/2025 , 06:20:54,3304,3304
549,24/05/2025 , 07:20:54,3306,3306
550,24/05/2025 , 08:20:54,3308,3308
551,24/05/2025 , 09:20:54,3310,3310
552,24/05/2025 , 10:20:54,3311,3311
553,24/05/2025 , 11:20:54,3312,3312
554,24/05/2025 , 12:20:54,3312,3312
555,24/05/2025 , 13:20:54,3312,3312
556,24/05/2025 , 14:20:54,3312,3312
557,24/05/2025 , 15:20:54,3312,3312
558,24/05/2025 , 16:20:54,3312,3312
559,24/05/2025 , 17:20:54,3312,3312
560,24/05/2025 , 18:20:54,3312,3312
561,24/05/2025 , 19:20:54,3311,3311
562,24/05/2025 , 20:20:54,3311,3311
563,24/05/2025 , 21:20:54,3311,3311
564,24/05/2025 , 22:20:54,3310,3310
565,24/05/2025 , 23:20:54,3309,3309
566,25/05/2025 , 00:20:54,3308,3308
567,25/05/2025 , 01:20:54,3309,3309
568,25/05/2025 , 02:20:54,3308,3308
569,25/05/2025 , 03:20:54,3309,3309
570,25/05/2025 , 04:20:54,3308,3308
571,25/05/2025 , 05:20:54,3308,3308
572,25/05/2025 , 06:20:54,3308,3308
573,25/05/2025 , 07:20:54,3308,3308
574,25/05/2025 , 08:20:54,3308,3308
575,25/05/2025 , 09:20:54,3308,3308
576,25/05/2025 , 10:20:54,3308,3308
577,25/05/2025 , 11:20:54,3307,3307
578,25/05/2025 , 12:20:54,3306,3306
579,25/05/2025 , 13:20:54,3307,3307
580,25/05/2025 , 14:20:54,3305,3305
581,25/05/2025 , 15:20:54,3305,3305
582,25/05/2025 , 16:20:54,3304,3304
583,25/05/2025 , 17:20:54,3304,3304
584,25/05/2025 , 18:20:54,3304,3304
585,25/05/2025 , 19:20:54,3302,3302
586,25/05/2025 , 20:20:54,3302,3302
587,25/05/2025 , 21:20:54,3301,3301
588,25/05/2025 , 22:20:54,3301,3301
589,25/05/2025 , 23:20:54,3301,3301
590,26/05/2025 , 00:20:54,3300,3300
591,26/05/2025 , 01:20:54,3300,3300
592,26/05/2025 , 02:20:54,3300,3300
593,26/05/2025 , 03:20:54,3299,3299
594,26/05/2025 , 04:20:54,3299,3299
595,26/05/2025 , 05:20:54,3298,3298
596,26/05/2025 , 06:20:54,3298,3298
597,26/05/2025 , 07:20:54,3298,3298
598,26/05/2025 , 08:20:54,3296,3296
599,26/05/2025 , 09:20:54,3295,3295
600,26/05/2025 , 10:20:54,3296,3296
601,26/05/2025 , 11:20:54,3295,3295
602,26/05/2025 , 12:20:54,3295,3295
603,26/05/2025 , 13:20:54,3295,3295
604,26/05/2025 , 14:20:54,3294,3294
605,26/05/2025 , 15:20:54,3294,3294
606,26/05/2025 , 16:20:54,3294,3294
607,26/05/2025 , 17:20:54,3293,3293
608,26/05/2025 , 18:20:54,3293,3293
609,26/05/2025 , 19:20:54,3291,3291
610,26/05/2025 , 20:20:54,3291,3291
611,26/05/2025 , 21:20:54,3291,3291
612,26/05/2025 , 22:20:54,3290,3290
613,26/05/2025 , 23:20:54,3290,3290
614,27/05/2025 , 00:20:54,3289,3289
615,27/05/2025 , 01:20:54,3289,3289
616,27/05/2025 , 02:20:54,3289,3289
617,27/05/2025 , 03:20:54,3289,3289
618,27/05/2025 , 04:20:54,3289,3289
619,27/05/2025 , 05:20:54,3289,3289
620,27/05/2025 , 06:20:54,3289,3289
621,27/05/2025 , 07:20:54,3288,3288
622,27/05/2025 , 08:20:54,3286,3286
623,27/05/2025 , 09:20:54,3286,3286
624,27/05/2025 , 10:20:54,3287,3287
625,27/05/2025 , 11:20:54,3287,3287
626,27/05/2025 , 12:20:54,3287,3287
627,27/05/2025 , 13:20:54,3286,3286
628,27/05/2025 , 14:20:54,3286,3286
629,27/05/2025 , 15:20:54,3284,3284
630,27/05/2025 , 16:20:54,3284,3284
631,27/05/2025 , 17:20:54,3283,3283
632,27/05/2025 , 18:20:54,3282,3282
633,27/05/2025 , 19:20:54,3282,3282
634,27/05/2025 , 20:20:54,3281,3281
635,27/05/2025 , 21:20:54,3280,3280
636,27/05/2025 , 22:20:54,3279,3279
637,27/05/2025 , 23:20:54,3278,3278
638,28/05/2025 , 00:20:54,3277,3277
639,28/05/2025 , 01:20:54,3275,3275
640,28/05/2025 , 02:20:54,3274,3274
641,28/05/2025 , 03:20:54,3273,3273
642,28/05/2025 , 04:20:54,3272,3272
643,28/05/2025 , 05:20:54,3271,3271
644,28/05/2025 , 06:20:54,3270,3270
645,28/05/2025 , 07:20:54,3268,3268
646,28/05/2025 , 08:20:54,3267,3267
647,28/05/2025 , 09:20:54,3266,3266
648,28/05/2025 , 10:20:54,3266,3266
649,28/05/2025 , 11:20:54,3265,3265
650,28/05/2025 , 12:20:54,3265,3265
651,28/05/2025 , 13:20:54,3263,3263
652,28/05/2025 , 14:20:54,3262,3262
653,28/05/2025 , 15:20:54,3262,3262
654,28/05/2025 , 16:20:54,3261,3261
655,28/05/2025 , 17:20:54,3258,3258
656,28/05/2025 , 18:20:54,3258,3258
657,28/05/2025 , 19:20:54,3257,3257
658,28/05/2025 , 20:20:54,3255,3255
659,28/05/2025 , 21:20:54,3253,3253
660,28/05/2025 , 22:20:54,3252,3252
661,28/05/2025 , 23:20:54,3251,3251
662,29/05/2025 , 00:20:54,3249,3249
663,29/05/2025 , 01:20:54,3250,3250
664,29/05/2025 , 02:20:54,3249,3249
665,29/05/2025 , 03:20:54,3248,3248
666,29/05/2025 , 04:20:54,3247,3247
667,29/05/2025 , 05:20:54,3246,3246
668,29/05/2025 , 06:20:54,3244,3244
669,29/05/2025 , 07:20:54,3244,3244
670,29/05/2025 , 08:20:54,3243,3243
671,29/05/2025 , 09:20:54,3243,3243
672,29/05/2025 , 10:20:54,3241,3241
673,29/05/2025 , 11:20:54,3240,3240
674,29/05/2025 , 12:20:54,3239,3239
675,29/05/2025 , 13:20:54,3238,3238
676,29/05/2025 , 14:20:54,3238,3238
677,29/05/2025 , 15:20:54,3236,3236
678,29/05/2025 , 16:20:54,3234,3234
679,29/05/2025 , 17:20:54,3233,3233
680,29/05/2025 , 18:20:54,3232,3232
681,29/05/2025 , 19:20:54,3231,3231
682,29/05/2025 , 20:20:54,3229,3229
683,29/05/2025 , 21:20:54,3229,3229
684,29/05/2025 , 22:20:54,3228,3228
685,29/05/2025 , 23:20:54,3227,3227
686,30/05/2025 , 00:20:54,3227,3227
687,30/05/2025 , 01:20:54,3226,3226
688,30/05/2025 , 02:20:54,3224,3224
689,30/05/2025 , 03:20:54,3224,3224
690,30/05/2025 , 04:20:54,3225,3225
691,30/05/2025 , 05:20:54,3225,3225
692,30/05/2025 , 06:20:54,3224,3224
693,30/05/2025 , 07:20:54,3223,3223
694,30/05/2025 , 08:20:54,3223,3223
695,30/05/2025 , 09:20:54,3222,3222
696,30/05/2025 , 10:20:54,3222,3222
697,30/05/2025 , 11:20:54,3221,3221
698,30/05/2025 , 12:20:54,3221,3221
699,30/05/2025 , 13:20:54,3221,3221
700,30/05/2025 , 14:20:54,3221,3221
701,30/05/2025 , 15:20:54,3221,3221
702,30/05/2025 , 16:20:54,3221,3221
703,30/05/2025 , 17:20:54,3220,3220
704,30/05/2025 , 18:20:54,3219,3219
705,30/05/2025 , 19:20:54,3218,3218
706,30/05/2025 , 20:20:54,3217,3217
707,30/05/2025 , 21:20:54,3216,3216
708,30/05/2025 , 22:20:54,3216,3216
709,30/05/2025 , 23:20:54,3216,3216
710,31/05/2025 , 00:20:54,3215,3215
711,31/05/2025 , 01:20:54,3215,3215
712,31/05/2025 , 02:20:54,3215,3215
713,31/05/2025 , 03:20:54,3215,3215
714,31/05/2025 , 04:20:54,3216,3216
715,31/05/2025 , 05:20:54,3215,3215
716,31/05/2025 , 06:20:54,3215,3215
717,31/05/2025 , 07:20:54,3214,3214
718,31/05/2025 , 08:20:54,3214,3214
719,31/05/2025 , 09:20:54,3214,3214
720,31/05/2025 , 10:20:54,3212,3212
721,31/05/2025 , 11:20:54,3212,3212
722,31/05/2025 , 12:20:54,3213,3213
723,31/05/2025 , 13:20:54,3214,3214
724,31/05/2025 , 14:20:54,3215,3215
725,31/05/2025 , 15:20:54,3216,3216
726,31/05/2025 , 16:20:54,3216,3216
727,31/05/2025 , 17:20:54,3216,3216
728,31/05/2025 , 18:20:54,3223,3223
729,31/05/2025 , 19:20:54,3227,3227
730,31/05/2025 , 20:20:54,3232,3232
731,31/05/2025 , 21:20:54,3250,3250
732,31/05/2025 , 22:20:54,3266,3266
733,31/05/2025 , 23:20:54,3300,3300
734,01/06/2025 , 00:20:54,3319,3319
735,01/06/2025 , 01:20:54,3329,3329
736,01/06/2025 , 02:20:54,3331,3331
737,01/06/2025 , 03:20:54,3331,3331
738,01/06/2025 , 04:20:54,3332,3332
739,01/06/2025 , 05:20:54,3332,3332
740,01/06/2025 , 06:20:54,3330,3330
741,01/06/2025 , 07:20:54,3327,3327
742,01/06/2025 , 08:20:54,3326,3326
743,01/06/2025 , 09:20:54,3324,3324
744,01/06/2025 , 10:20:54,3324,3324
745,01/06/2025 , 11:20:54,3322,3322
746,01/06/2025 , 12:20:54,3321,3321
747,01/06/2025 , 13:20:54,3322,3322
748,01/06/2025 , 14:20:54,3319,3319
749,01/06/2025 , 15:20:54,3318,3318
750,01/06/2025 , 16:20:54,3317,3317
751,01/06/2025 , 17:20:54,3317,3317
752,01/06/2025 , 18:20:54,3315,3315
753,01/06/2025 , 19:20:54,3315,3315
754,01/06/2025 , 20:20:54,3315,3315
755,01/06/2025 , 21:20:54,3314,3314
756,01/06/2025 , 22:20:54,3312,3312
757,01/06/2025 , 23:20:54,3312,3312
758,02/06/2025 , 00:20:54,3312,3312
759,02/06/2025 , 01:20:54,3311,3311
760,02/06/2025 , 02:20:54,3310,3310
761,02/06/2025 , 03:20:54,3309,3309
762,02/06/2025 , 04:20:54,3309,3309
763,02/06/2025 , 05:20:54,3308,3308
764,02/06/2025 , 06:20:54,3308,3308
765,02/06/2025 , 07:20:54,3309,3309
766,02/06/2025 , 08:20:54,3309,3309
767,02/06/2025 , 09:20:54,3308,3308
768,02/06/2025 , 10:20:54,3308,3308
769,02/06/2025 , 11:20:54,3307,3307
770,02/06/2025 , 12:20:54,3306,3306
771,02/06/2025 , 13:20:54,3306,3306
772,02/06/2025 , 14:20:54,3305,3305
773,02/06/2025 , 15:20:54,3304,3304
774,02/06/2025 , 16:20:54,3304,3304
775,02/06/2025 , 17:20:54,3304,3304
776,02/06/2025 , 18:20:54,3303,3303
777,02/06/2025 , 19:20:54,3301,3301
778,02/06/2025 , 20:20:54,3300,3300
779,02/06/2025 , 21:20:54,3299,3299
780,02/06/2025 , 22:20:54,3299,3299
781,02/06/2025 , 23:20:54,3298,3298
782,03/06/2025 , 00:20:54,3298,3298
783,03/06/2025 , 01:20:54,3297,3297
784,03/06/2025 , 02:20:54,3297,3297
785,03/06/2025 , 03:20:54,3296,3296
786,03/06/2025 , 04:20:54,3295,3295
787,03/06/2025 , 05:20:54,3295,3295
788,03/06/2025 , 06:20:54,3295,3295
789,03/06/2025 , 07:20:54,3295,3295
790,03/06/2025 , 08:20:54,3294,3294
791,03/06/2025 , 09:20:54,3293,3293
792,03/06/2025 , 10:20:54,3293,3293
793,03/06/2025 , 11:20:54,3292,3292
794,03/06/2025 , 12:20:54,3291,3291
795,03/06/2025 , 13:20:54,3291,3291
796,03/06/2025 , 14:20:54,3291,3291
797,03/06/2025 , 15:20:54,3290,3290
798,03/06/2025 , 16:20:54,3289,3289
799,03/06/2025 , 17:20:54,3288,3288
800,03/06/2025 , 18:20:54,3286,3286
801,03/06/2025 , 19:20:54,3286,3286
802,03/06/2025 , 20:20:54,3286,3286
803,03/06/2025 , 21:20:54,3287,3287
804,03/06/2025 , 22:20:54,3285,3285
805,03/06/2025 , 23:20:54,3285,3285
806,04/06/2025 , 00:20:54,3283,3283
807,04/06/2025 , 01:20:54,3283,3283
808,04/06/2025 , 02:20:54,3282,3282
809,04/06/2025 , 03:20:54,3281,3281
810,04/06/2025 , 04:20:54,3280,3280
811,04/06/2025 , 05:20:54,3279,3279
812,04/06/2025 , 06:20:54,3278,3278
813,04/06/2025 , 07:20:54,3277,3277
814,04/06/2025 , 08:20:54,3274,3274
815,04/06/2025 , 09:20:54,3272,3272
816,04/06/2025 , 10:20:54,3272,3272
817,04/06/2025 , 11:20:54,3270,3270
818,04/06/2025 , 12:20:54,3267,3267
819,04/06/2025 , 13:20:54,3265,3265
820,04/06/2025 , 14:20:54,3264,3264
821,04/06/2025 , 15:20:54,3262,3262
822,04/06/2025 , 16:20:54,3260,3260
823,04/06/2025 , 17:20:54,3259,3259
824,04/06/2025 , 18:20:54,3257,3257
825,04/06/2025 , 19:20:54,3255,3255
826,04/06/2025 , 20:20:54,3253,3253
827,04/06/2025 , 21:20:54,3251,3251
828,04/06/2025 , 22:20:54,3248,3248
829,04/06/2025 , 23:20:54,3247,3247
830,05/06/2025 , 00:20:54,3246,3246
831,05/06/2025 , 01:20:54,3245,3245
832,05/06/2025 , 02:20:54,3243,3243
833,05/06/2025 , 03:20:54,3241,3241
834,05/06/2025 , 04:20:54,3240,3240
835,05/06/2025 , 05:20:54,3240,3240
836,05/06/2025 , 06:20:54,3239,3239
837,05/06/2025 , 07:20:54,3237,3237
838,05/06/2025 , 08:20:54,3236,3236
839,05/06/2025 , 09:20:54,3235,3235
840,05/06/2025 , 10:20:54,3234,3234
841,05/06/2025 , 11:20:54,3232,3232
842,05/06/2025 , 12:20:54,3231,3231
843,05/06/2025 , 13:20:54,3229,3229
844,05/06/2025 , 14:20:54,3227,3227
845,05/06/2025 , 15:20:54,3221,3221
846,05/06/2025 , 16:20:54,3219,3219
847,05/06/2025 , 17:20:54,3222,3222
848,05/06/2025 , 18:20:54,3222,3222
849,05/06/2025 , 19:20:54,3221,3221
850,05/06/2025 , 20:20:54,3219,3219
851,05/06/2025 , 21:20:54,3219,3219
852,05/06/2025 , 22:20:54,3216,3216
853,05/06/2025 , 23:20:54,3215,3215
854,06/06/2025 , 00:20:54,3215,3215
855,06/06/2025 , 01:20:54,3213,3213
856,06/06/2025 , 02:20:54,3212,3212
857,06/06/2025 , 03:20:54,3212,3212
858,06/06/2025 , 04:20:54,3211,3211
859,06/06/2025 , 05:20:54,3210,3210
860,06/06/2025 , 06:20:54,3211,3211
861,06/06/2025 , 07:20:54,3210,3210
862,06/06/2025 , 08:20:54,3209,3209
863,06/06/2025 , 09:20:54,3208,3208
864,06/06/2025 , 10:20:54,3207,3207
865,06/06/2025 , 11:20:54,3206,3206
866,06/06/2025 , 12:20:54,3206,3206
867,06/06/2025 , 13:20:54,3206,3206
868,06/06/2025 , 14:20:54,3204,3204
869,06/06/2025 , 15:20:54,3204,3204
870,06/06/2025 , 16:20:54,3202,3202
871,06/06/2025 , 17:20:54,3202,3202
872,06/06/2025 , 18:20:54,3201,3201
873,06/06/2025 , 19:20:54,3201,3201
874,06/06/2025 , 20:20:54,3199,3199
875,06/06/2025 , 21:20:54,3198,3198
876,06/06/2025 , 22:20:54,3197,3197
877,06/06/2025 , 23:20:54,3197,3197
878,07/06/2025 , 00:20:54,3196,3196
879,07/06/2025 , 01:20:54,3195,3195
880,07/06/2025 , 02:20:54,3195,3195
881,07/06/2025 , 03:20:54,3194,3194
882,07/06/2025 , 04:20:54,3195,3195
883,07/06/2025 , 05:20:54,3194,3194
884,07/06/2025 , 06:20:54,3194,3194
885,07/06/2025 , 07:20:54,3194,3194
886,07/06/2025 , 08:20:54,3193,3193
887,07/06/2025 , 09:20:54,3192,3192
888,07/06/2025 , 10:20:54,3192,3192
889,07/06/2025 , 11:20:54,3191,3191
890,07/06/2025 , 12:20:54,3046,3046
891,07/06/2025 , 13:20:54,3190,3190
892,07/06/2025 , 14:20:54,3190,3190
893,07/06/2025 , 15:20:54,3189,3189
894,07/06/2025 , 16:20:54,3188,3188
895,07/06/2025 , 17:20:54,3187,3187
896,07/06/2025 , 18:20:54,3186,3186
897,07/06/2025 , 19:20:54,3186,3186
898,07/06/2025 , 20:20:54,3185,3185
899,07/06/2025 , 21:20:54,3183,3183
900,07/06/2025 , 22:20:54,3183,3183
901,07/06/2025 , 23:20:54,3181,3181
902,08/06/2025 , 00:20:54,3181,3181
903,08/06/2025 , 01:20:54,3179,3179
904,08/06/2025 , 02:20:54,3180,3180
905,08/06/2025 , 03:20:54,3179,3179
906,08/06/2025 , 04:20:54,3177,3177
907,08/06/2025 , 05:20:54,3177,3177
908,08/06/2025 , 06:20:54,3176,3176
909,08/06/2025 , 07:20:54,3175,3175
910,08/06/2025 , 08:20:54,3175,3175
911,08/06/2025 , 09:20:54,3174,3174
912,08/06/2025 , 10:20:54,3173,3173
913,08/06/2025 , 11:20:54,3172,3172
914,08/06/2025 , 12:20:54,3172,3172
915,08/06/2025 , 13:20:54,3171,3171
916,08/06/2025 , 14:20:54,3171,3171
917,08/06/2025 , 15:20:54,3169,3169
918,08/06/2025 , 16:20:54,3169,3169
919,08/06/2025 , 17:20:54,3168,3168
920,08/06/2025 , 18:20:54,3167,3167
921,08/06/2025 , 19:20:54,3167,3167
922,08/06/2025 , 20:20:54,3165,3165
923,08/06/2025 , 21:20:54,3165,3165
924,08/06/2025 , 22:20:54,3164,3164
925,08/06/2025 , 23:20:54,3163,3163
926,09/06/2025 , 00:20:54,3161,3161
927,09/06/2025 , 01:20:54,3162,3162
928,09/06/2025 , 02:20:54,3161,3161
929,09/06/2025 , 03:20:54,3159,3159
930,09/06/2025 , 04:20:54,3159,3159
931,09/06/2025 , 05:20:54,3158,3158
932,09/06/2025 , 06:20:54,3158,3158
933,09/06/2025 , 07:20:54,3157,3157
934,09/06/2025 , 08:20:54,3156,3156
935,09/06/2025 , 09:20:54,3156,3156
936,09/06/2025 , 10:20:54,3155,3155
937,09/06/2025 , 11:20:54,3149,3149
938,09/06/2025 , 12:20:54,3154,3154
939,09/06/2025 , 13:20:54,3154,3154
940,09/06/2025 , 14:20:54,3152,3152
941,09/06/2025 , 15:20:54,3152,3152
942,09/06/2025 , 16:20:54,3151,3151
943,09/06/2025 , 17:20:54,3150,3150
944,09/06/2025 , 18:20:54,3148,3148
945,09/06/2025 , 19:20:54,3149,3149
946,09/06/2025 , 20:20:54,3149,3149
947,09/06/2025 , 21:20:54,3148,3148
948,09/06/2025 , 22:20:54,3147,3147
949,09/06/2025 , 23:20:54,3146,3146
950,10/06/2025 , 00:20:54,3146,3146
951,10/06/2025 , 01:20:54,3145,3145
952,10/06/2025 , 02:20:54,3144,3144
953,10/06/2025 , 03:20:54,3144,3144
954,10/06/2025 , 04:20:54,3144,3144
955,10/06/2025 , 05:20:54,3143,3143
956,10/06/2025 , 06:20:54,3143,3143
957,10/06/2025 , 07:20:54,3143,3143
958,10/06/2025 , 08:20:54,3142,3142
959,10/06/2025 , 09:20:54,3142,3142
960,10/06/2025 , 10:20:54,3142,3142
961,10/06/2025 , 11:20:54,3142,3142
962,10/06/2025 , 12:20:54,3144,3144
963,10/06/2025 , 13:20:54,3142,3142
964,10/06/2025 , 14:20:54,3144,3144
965,10/06/2025 , 15:20:54,3142,3142
966,10/06/2025 , 16:20:54,3142,3142
967,10/06/2025 , 17:20:54,3142,3142
968,10/06/2025 , 18:20:54,3141,3141
969,10/06/2025 , 19:20:54,3141,3141
970,10/06/2025 , 20:20:54,3141,3141
971,10/06/2025 , 21:20:54,3141,3141
972,10/06/2025 , 22:20:54,3140,3140
973,10/06/2025 , 23:20:54,3140,3140
974,11/06/2025 , 00:20:54,3139,3139
975,11/06/2025 , 01:20:54,3140,3140
976,11/06/2025 , 02:20:54,3139,3139
977,11/06/2025 , 03:20:54,3138,3138
978,11/06/2025 , 04:20:54,3138,3138
979,11/06/2025 , 05:20:54,3137,3137
980,11/06/2025 , 06:20:54,3137,3137
981,11/06/2025 , 07:20:54,3135,3135
982,11/06/2025 , 08:20:54,3134,3134
983,11/06/2025 , 09:20:54,3133,3133
984,11/06/2025 , 10:20:54,3133,3133
985,11/06/2025 , 11:20:54,3132,3132
986,11/06/2025 , 12:20:54,3131,3131
987,11/06/2025 , 13:20:54,3131,3131
988,11/06/2025 , 14:20:54,3129,3129
989,11/06/2025 , 15:20:54,3129,3129
990,11/06/2025 , 16:20:54,3128,3128
991,11/06/2025 , 17:20:54,3126,3126
992,11/06/2025 , 18:20:54,3029,3029
993,11/06/2025 , 19:20:54,3124,3124
994,11/06/2025 , 20:20:54,3126,3126
995,11/06/2025 , 21:20:54,3125,3125
996,11/06/2025 , 22:20:54,3125,3125
997,11/06/2025 , 23:20:54,3124,3124
998,12/06/2025 , 00:20:54,3124,3124
999,12/06/2025 , 01:20:54,3124,3124
1000,12/06/2025 , 02:20:54,3123,3123
1001,12/06/2025 , 03:20:54,3122,3122
1002,12/06/2025 , 04:20:54,3122,3122
1003,12/06/2025 , 05:20:54,3122,3122
1004,12/06/2025 , 06:20:54,3121,3121
1005,12/06/2025 , 07:20:54,3120,3120
1006,12/06/2025 , 08:20:54,3118,3118
1007,12/06/2025 , 09:20:54,3118,3118
1008,12/06/2025 , 10:20:54,3116,3116
1009,12/06/2025 , 11:20:54,3113,3113
1010,12/06/2025 , 12:20:54,3112,3112
1011,12/06/2025 , 13:20:54,3112,3112
1012,12/06/2025 , 14:20:54,3111,3111
1013,12/06/2025 , 15:20:54,3111,3111
1014,12/06/2025 , 16:20:54,3110,3110
1015,12/06/2025 , 17:20:54,3110,3110
1016,12/06/2025 , 18:20:54,3109,3109
1017,12/06/2025 , 19:20:54,3108,3108
1018,12/06/2025 , 20:20:54,3106,3106
1019,12/06/2025 , 21:20:54,3105,3105
1020,12/06/2025 , 22:20:54,3104,3104
1021,12/06/2025 , 23:20:54,3103,3103
1022,13/06/2025 , 00:20:54,3101,3101
1023,13/06/2025 , 01:20:54,3101,3101
1024,13/06/2025 , 02:20:54,3100,3100
1025,13/06/2025 , 03:20:54,3099,3099
1026,13/06/2025 , 04:20:54,3098,3098
1027,13/06/2025 , 05:20:54,3097,3097
1028,13/06/2025 , 06:20:54,3097,3097
1029,13/06/2025 , 07:20:54,3097,3097
1030,13/06/2025 , 08:20:54,3096,3096
1031,13/06/2025 , 09:20:54,3095,3095
1032,13/06/2025 , 10:20:54,3094,3094
1033,13/06/2025 , 11:20:54,3092,3092
1034,13/06/2025 , 12:20:54,3091,3091
1035,13/06/2025 , 13:20:54,3090,3090
1036,13/06/2025 , 14:20:54,3089,3089
1037,13/06/2025 , 15:20:54,3088,3088
1038,13/06/2025 , 16:20:54,3087,3087
1039,13/06/2025 , 17:20:54,3087,3087
1040,13/06/2025 , 18:20:54,3086,3086
1041,13/06/2025 , 19:20:54,3085,3085
1042,13/06/2025 , 20:20:54,3084,3084
1043,13/06/2025 , 21:20:54,3084,3084
1044,13/06/2025 , 22:20:54,3083,3083
1045,13/06/2025 , 23:20:54,3082,3082
1046,14/06/2025 , 00:20:54,3081,3081
1047,14/06/2025 , 01:20:54,3080,3080
1048,14/06/2025 , 02:20:54,3080,3080
1049,14/06/2025 , 03:20:54,3079,3079
1050,14/06/2025 , 04:20:54,3079,3079
1051,14/06/2025 , 05:20:54,3078,3078
1052,14/06/2025 , 06:20:54,3077,3077
1053,14/06/2025 , 07:20:54,3077,3077
1054,14/06/2025 , 08:20:54,3076,3076
1055,14/06/2025 , 09:20:54,3076,3076
1056,14/06/2025 , 10:20:54,3075,3075
1057,14/06/2025 , 11:20:54,3075,3075
1058,14/06/2025 , 12:20:54,3074,3074
1059,14/06/2025 , 13:20:54,3073,3073
1060,14/06/2025 , 14:20:54,3073,3073
1061,14/06/2025 , 15:20:54,3072,3072
1062,14/06/2025 , 16:20:54,3072,3072
1063,14/06/2025 , 17:20:54,3071,3071
1064,14/06/2025 , 18:20:54,3071,3071
1065,14/06/2025 , 19:20:54,3070,3070
1066,14/06/2025 , 20:20:54,3069,3069
1067,14/06/2025 , 21:20:54,3069,3069
1068,14/06/2025 , 22:20:54,3069,3069
1069,14/06/2025 , 23:20:54,3068,3068
1070,15/06/2025 , 00:20:54,3068,3068
1071,15/06/2025 , 01:20:54,3067,3067
1072,15/06/2025 , 02:20:54,3066,3066
1073,15/06/2025 , 03:20:54,3066,3066
1074,15/06/2025 , 04:20:54,3065,3065
1075,15/06/2025 , 05:20:54,3065,3065
1076,15/06/2025 , 06:20:54,3065,3065
1077,15/06/2025 , 07:20:54,3065,3065
1078,15/06/2025 , 08:20:54,3064,3064
1079,15/06/2025 , 09:20:54,3063,3063
1080,15/06/2025 , 10:20:54,3063,3063
1081,15/06/2025 , 11:20:54,3062,3062
1082,15/06/2025 , 12:20:54,3062,3062
1083,15/06/2025 , 13:20:54,3061,3061
1084,15/06/2025 , 14:20:54,3061,3061
1085,15/06/2025 , 15:20:54,3061,3061
1086,15/06/2025 , 16:20:54,3060,3060
1087,15/06/2025 , 17:20:54,3060,3060
1088,15/06/2025 , 18:20:54,3060,3060
1089,15/06/2025 , 19:20:54,3060,3060
1090,15/06/2025 , 20:20:54,3059,3059
1091,15/06/2025 , 21:20:54,3059,3059
1092,15/06/2025 , 22:20:54,3058,3058
1093,15/06/2025 , 23:20:54,3058,3058
1094,16/06/2025 , 00:20:54,3057,3057
1095,16/06/2025 , 01:20:54,3058,3058
1096,16/06/2025 , 02:20:54,3057,3057
1097,16/06/2025 , 03:20:54,3056,3056
1098,16/06/2025 , 04:20:54,3056,3056
1099,16/06/2025 , 05:20:54,3056,3056
1100,16/06/2025 , 06:20:54,3056,3056
1101,16/06/2025 , 07:20:54,3055,3055
1102,16/06/2025 , 08:20:54,3056,3056
1103,16/06/2025 , 09:20:54,3056,3056
1104,16/06/2025 , 10:20:54,3055,3055
1105,16/06/2025 , 11:20:54,316,316
1106,16/06/2025 , 12:20:54,3055,3055
1107,16/06/2025 , 13:20:54,3053,3053
1108,16/06/2025 , 14:20:54,3054,3054
1109,16/06/2025 , 15:20:54,3054,3054
1110,16/06/2025 , 16:20:54,3054,3054
1111,16/06/2025 , 17:20:54,3054,3054
1112,16/06/2025 , 18:20:54,3054,3054
1113,16/06/2025 , 19:20:54,3053,3053
1114,16/06/2025 , 20:20:54,3054,3054
1115,16/06/2025 , 21:20:54,3053,3053
1116,16/06/2025 , 22:20:54,3053,3053
1117,16/06/2025 , 23:20:54,3053,3053
1118,17/06/2025 , 00:20:54,3053,3053
1119,17/06/2025 , 01:20:54,3053,3053
1120,17/06/2025 , 02:20:54,3053,3053
1121,17/06/2025 , 03:20:54,3053,3053
1122,17/06/2025 , 04:20:54,3053,3053
1123,17/06/2025 , 05:20:54,3053,3053
1124,17/06/2025 , 06:20:54,3053,3053
1125,17/06/2025 , 07:20:54,3052,3052
1126,17/06/2025 , 08:20:54,3052,3052
1127,17/06/2025 , 09:20:54,3051,3051
1128,17/06/2025 , 10:20:54,3050,3050
1129,17/06/2025 , 11:20:54,329,329
1130,17/06/2025 , 12:20:54,358,358
1131,17/06/2025 , 13:20:54,370,370
1132,17/06/2025 , 14:20:54,3050,3050
1133,17/06/2025 , 15:20:54,3050,3050
1134,17/06/2025 , 16:20:54,3050,3050
1135,17/06/2025 , 17:20:54,3050,3050
1136,17/06/2025 , 18:20:54,3050,3050
1137,17/06/2025 , 19:20:54,3050,3050
1138,17/06/2025 , 20:20:54,3050,3050
1139,17/06/2025 , 21:20:54,3050,3050
1140,17/06/2025 , 22:20:54,3050,3050
1141,17/06/2025 , 23:20:54,3049,3049
1142,18/06/2025 , 00:20:54,3049,3049
1143,18/06/2025 , 01:20:54,3049,3049
1144,18/06/2025 , 02:20:54,3049,3049
1145,18/06/2025 , 03:20:54,3049,3049
1146,18/06/2025 , 04:20:54,3048,3048
1147,18/06/2025 , 05:20:54,3048,3048
1148,18/06/2025 , 06:20:54,3048,3048
1149,18/06/2025 , 07:20:54,3048,3048
1150,18/06/2025 , 08:20:54,451,451
1151,18/06/2025 , 09:20:54,465,465
1152,18/06/2025 , 10:20:54,3051,3051
1153,18/06/2025 , 11:20:54,3050,3050
1154,18/06/2025 , 12:20:54,3049,3049
1155,18/06/2025 , 13:20:54,2514,2514
1156,18/06/2025 , 14:20:54,2527,2527
1157,18/06/2025 , 15:20:54,2610,2610
1158,18/06/2025 , 16:20:54,2668,2668
1159,18/06/2025 , 17:20:54,813,813
1160,18/06/2025 , 18:20:54,496,496
1161,18/06/2025 , 19:20:54,516,516
1162,18/06/2025 , 20:20:54,657,657
1163,18/06/2025 , 21:20:54,1264,1264
1164,18/06/2025 , 22:20:54,2986,2986
1165,18/06/2025 , 23:20:54,3044,3044
1166,19/06/2025 , 00:20:54,3047,3047
1167,19/06/2025 , 01:20:54,3046,3046
1168,19/06/2025 , 02:20:54,3045,3045
1169,19/06/2025 , 03:20:54,3046,3046
1170,19/06/2025 , 04:20:54,3046,3046
1171,19/06/2025 , 05:20:54,3046,3046
1172,19/06/2025 , 06:20:54,3046,3046
1173,19/06/2025 , 07:20:54,3044,3044
1174,19/06/2025 , 08:20:54,3047,3047
1175,19/06/2025 , 09:20:54,3042,3042
1176,19/06/2025 , 10:20:54,3043,3043
1177,19/06/2025 , 11:20:54,3046,3046
1178,19/06/2025 , 12:20:54,3047,3047
1179,19/06/2025 , 13:20:54,3048,3048
1180,19/06/2025 , 14:20:54,3049,3049
1181,19/06/2025 , 15:20:54,3052,3052
1182,19/06/2025 , 16:20:54,3056,3056
1183,19/06/2025 , 17:20:54,3063,3063
1184,19/06/2025 , 18:20:54,3077,3077
1185,19/06/2025 , 19:20:54,3147,3147
1186,19/06/2025 , 20:20:54,3175,3175
1187,19/06/2025 , 21:20:54,3184,3184
1188,19/06/2025 , 22:20:54,3189,3189
1189,19/06/2025 , 23:20:54,3199,3199
1190,20/06/2025 , 00:20:54,3209,3209
1191,20/06/2025 , 01:20:54,3219,3219
1192,20/06/2025 , 02:20:54,3230,3230
1193,20/06/2025 , 03:20:54,3239,3239
1194,20/06/2025 , 04:20:54,3420,3420
1195,20/06/2025 , 05:20:54,3405,3405
1196,20/06/2025 , 06:20:54,3394,3394
1197,20/06/2025 , 07:20:54,3391,3391
1198,20/06/2025 , 08:20:54,3387,3387
1199,20/06/2025 , 09:20:54,3406,3406
1200,20/06/2025 , 10:20:54,3395,3395
1201,20/06/2025 , 11:20:54,3388,3388
1202,20/06/2025 , 12:20:54,3385,3385
1203,20/06/2025 , 13:20:54,3382,3382
1204,20/06/2025 , 14:20:54,3382,3382
1205,20/06/2025 , 15:20:54,3383,3383
1206,20/06/2025 , 16:20:54,3378,3378
1207,20/06/2025 , 17:20:54,3371,3371
1208,20/06/2025 , 18:20:54,3362,3362
1209,20/06/2025 , 19:20:54,3353,3353
1210,20/06/2025 , 20:20:54,3345,3345
1211,20/06/2025 , 21:20:54,3338,3338
1212,20/06/2025 , 22:20:54,3332,3332
1213,20/06/2025 , 23:20:54,3327,3327
1214,21/06/2025 , 00:20:54,3323,3323
1215,21/06/2025 , 01:20:54,3321,3321
1216,21/06/2025 , 02:20:54,3318,3318
1217,21/06/2025 , 03:20:54,3316,3316
1218,21/06/2025 , 04:20:54,3315,3315
1219,21/06/2025 , 05:20:54,3313,3313
1220,21/06/2025 , 06:20:54,3311,3311
1221,21/06/2025 , 07:20:54,3310,3310
1222,21/06/2025 , 08:20:54,3308,3308
1223,21/06/2025 , 09:20:54,3307,3307
1224,21/06/2025 , 10:20:54,3305,3305
1225,21/06/2025 , 11:20:54,3304,3304
1226,21/06/2025 , 12:20:54,3301,3301
1227,21/06/2025 , 13:20:54,3300,3300
1228,21/06/2025 , 14:20:54,3299,3299
1229,21/06/2025 , 15:20:54,3299,3299
1230,21/06/2025 , 16:20:54,3297,3297
1231,21/06/2025 , 17:20:54,3297,3297
1232,21/06/2025 , 18:20:54,3297,3297
1233,21/06/2025 , 19:20:54,3298,3298
1234,21/06/2025 , 20:20:54,3298,3298
1235,21/06/2025 , 21:20:54,3297,3297
1236,21/06/2025 , 22:20:54,3298,3298
1237,21/06/2025 , 23:20:54,3298,3298
1238,22/06/2025 , 00:20:54,3299,3299
1239,22/06/2025 , 01:20:54,3299,3299
1240,22/06/2025 , 02:20:54,3299,3299
1241,22/06/2025 , 03:20:54,3301,3301
1242,22/06/2025 , 04:20:54,3302,3302
1243,22/06/2025 , 05:20:54,3313,3313
1244,22/06/2025 , 06:20:54,3333,3333
1245,22/06/2025 , 07:20:54,3352,3352
1246,22/06/2025 , 08:20:54,3355,3355
1247,22/06/2025 , 09:20:54,3353,3353
1248,22/06/2025 , 10:20:54,3346,3346
1249,22/06/2025 , 11:20:54,3340,3340
1250,22/06/2025 , 12:20:54,3333,3333
1251,22/06/2025 , 13:20:54,3317,3317
1252,22/06/2025 , 14:20:54,428,428
1253,22/06/2025 , 15:20:54,2112,2112
1254,22/06/2025 , 16:20:54,417,417
1255,22/06/2025 , 17:20:54,428,428
1256,22/06/2025 , 18:20:54,3313,3313
1257,22/06/2025 , 19:20:54,3285,3285
1258,22/06/2025 , 20:20:54,3306,3306
1259,22/06/2025 , 21:20:54,3315,3315
1260,22/06/2025 , 22:20:54,3313,3313
1261,22/06/2025 , 23:20:54,3312,3312
1262,23/06/2025 , 00:20:54,3312,3312
1263,23/06/2025 , 01:20:54,3311,3311
1264,23/06/2025 , 02:20:54,3310,3310
1265,23/06/2025 , 03:20:54,3310,3310
1266,23/06/2025 , 04:20:54,3308,3308
1267,23/06/2025 , 05:20:54,3307,3307
1268,23/06/2025 , 06:20:54,3307,3307
1269,23/06/2025 , 07:20:54,3305,3305
1270,23/06/2025 , 08:20:54,3304,3304
1271,23/06/2025 , 09:20:54,3306,3306
1272,23/06/2025 , 10:20:54,3306,3306
1273,23/06/2025 , 11:20:54,3305,3305
1274,23/06/2025 , 12:20:54,3305,3305
1275,23/06/2025 , 13:20:54,3302,3302
1276,23/06/2025 , 14:20:54,3302,3302
1277,23/06/2025 , 15:20:54,3301,3301
1278,23/06/2025 , 16:20:54,3301,3301
1279,23/06/2025 , 17:20:54,3300,3300
1280,23/06/2025 , 18:20:54,3300,3300
1281,23/06/2025 , 19:20:54,3299,3299
1282,23/06/2025 , 20:20:54,3299,3299
1283,23/06/2025 , 21:20:54,3299,3299
1284,23/06/2025 , 22:20:54,3432,3432
1285,23/06/2025 , 23:20:54,3415,3415
1286,24/06/2025 , 00:20:54,3403,3403
1287,24/06/2025 , 01:20:54,3423,3423
1288,24/06/2025 , 02:20:54,3408,3408
1289,24/06/2025 , 03:20:54,3399,3399
1290,24/06/2025 , 04:20:54,3391,3391
1291,24/06/2025 , 05:20:54,3385,3385
1292,24/06/2025 , 06:20:54,3378,3378
1293,24/06/2025 , 07:20:54,3369,3369
1294,24/06/2025 , 08:20:54,3362,3362
1295,24/06/2025 , 09:20:54,3356,3356
1296,24/06/2025 , 10:20:54,417,417
1297,24/06/2025 , 11:20:54,3343,3343
1298,24/06/2025 , 12:20:54,3338,3338
1299,24/06/2025 , 13:20:54,3336,3336
1300,24/06/2025 , 14:20:54,3333,3333
1301,24/06/2025 , 15:20:54,3331,3331
1302,24/06/2025 , 16:20:54,3329,3329
1303,24/06/2025 , 17:20:54,3327,3327
1304,24/06/2025 , 18:20:54,3326,3326
1305,24/06/2025 , 19:20:54,3323,3323
1306,24/06/2025 , 20:20:54,3322,3322
1307,24/06/2025 , 21:20:54,3320,3320
1308,24/06/2025 , 22:20:54,3319,3319
1309,24/06/2025 , 23:20:54,3319,3319
1310,25/06/2025 , 00:20:54,3317,3317
1311,25/06/2025 , 01:20:54,3316,3316
1312,25/06/2025 , 02:20:54,3316,3316
1313,25/06/2025 , 03:20:54,3314,3314
1314,25/06/2025 , 04:20:54,3313,3313
1315,25/06/2025 , 05:20:54,3312,3312
1316,25/06/2025 , 06:20:54,3311,3311
1317,25/06/2025 , 07:20:54,3310,3310
1318,25/06/2025 , 08:20:54,3302,3302
1319,25/06/2025 , 09:20:54,3307,3307
1320,25/06/2025 , 10:20:54,3299,3299
1321,25/06/2025 , 11:20:54,3305,3305
1322,25/06/2025 , 12:20:54,3305,3305
1323,25/06/2025 , 13:20:54,3302,3302
1324,25/06/2025 , 14:20:54,3301,3301
1325,25/06/2025 , 15:20:54,3300,3300
1326,25/06/2025 , 16:20:54,3299,3299
1327,25/06/2025 , 17:20:54,3298,3298
1328,25/06/2025 , 18:20:54,3297,3297
1329,25/06/2025 , 19:20:54,3297,3297
1330,25/06/2025 , 20:20:54,3297,3297
1331,25/06/2025 , 21:20:54,3297,3297
1332,25/06/2025 , 22:20:54,3297,3297
1333,25/06/2025 , 23:20:54,3296,3296
1334,26/06/2025 , 00:20:54,3296,3296
1335,26/06/2025 , 01:20:54,3296,3296
1336,26/06/2025 , 02:20:54,3295,3295
1337,26/06/2025 , 03:20:54,3294,3294
1338,26/06/2025 , 04:20:54,3293,3293
1339,26/06/2025 , 05:20:54,3293,3293
1340,26/06/2025 , 06:20:54,3291,3291
1341,26/06/2025 , 07:20:54,3291,3291
1342,26/06/2025 , 08:20:54,3289,3289
1343,26/06/2025 , 09:20:54,3287,3287
1344,26/06/2025 , 10:20:54,3286,3286
1345,26/06/2025 , 11:20:54,3284,3284
1346,26/06/2025 , 12:20:54,3282,3282
1347,26/06/2025 , 13:20:54,3279,3279
1348,26/06/2025 , 14:20:54,3277,3277
1349,26/06/2025 , 15:20:54,3275,3275
1350,26/06/2025 , 16:20:54,3273,3273
1351,26/06/2025 , 17:20:54,3270,3270
1352,26/06/2025 , 18:20:54,3268,3268
1353,26/06/2025 , 19:20:54,3266,3266
1354,26/06/2025 , 20:20:54,3262,3262
1355,26/06/2025 , 21:20:54,3258,3258
1356,26/06/2025 , 22:20:54,3255,3255
1357,26/06/2025 , 23:20:54,3253,3253
1358,27/06/2025 , 00:20:54,3251,3251
1359,27/06/2025 , 01:20:54,3250,3250
1360,27/06/2025 , 02:20:54,3249,3249
1361,27/06/2025 , 03:20:54,3247,3247
1362,27/06/2025 , 04:20:54,3246,3246
1363,27/06/2025 , 05:20:54,3244,3244
1364,27/06/2025 , 06:20:54,3243,3243
1365,27/06/2025 , 07:20:54,3243,3243
1366,27/06/2025 , 08:20:54,3240,3240
1367,27/06/2025 , 09:20:54,3240,3240
1368,27/06/2025 , 10:20:54,3238,3238
1369,27/06/2025 , 11:20:54,331,331
1370,27/06/2025 , 12:20:54,3236,3236
1371,27/06/2025 , 13:20:54,3235,3235
1372,27/06/2025 , 14:20:54,3233,3233
1373,27/06/2025 , 15:20:54,3232,3232
1374,27/06/2025 , 16:20:54,3230,3230
1375,27/06/2025 , 17:20:54,3230,3230
1376,27/06/2025 , 18:20:54,3229,3229
1377,27/06/2025 , 19:20:54,3228,3228
1378,27/06/2025 , 20:20:54,3228,3228
1379,27/06/2025 , 21:20:54,3227,3227
1380,27/06/2025 , 22:20:54,3226,3226
1381,27/06/2025 , 23:20:54,3226,3226
1382,28/06/2025 , 00:20:54,3226,3226
1383,28/06/2025 , 01:20:54,3226,3226
1384,28/06/2025 , 02:20:54,3227,3227
1385,28/06/2025 , 03:20:54,3228,3228
1386,28/06/2025 , 04:20:54,3230,3230
1387,28/06/2025 , 05:20:54,3232,3232
1388,28/06/2025 , 06:20:54,3240,3240
1389,28/06/2025 , 07:20:54,3265,3265
1390,28/06/2025 , 08:20:54,3281,3281
1391,28/06/2025 , 09:20:54,3289,3289
1392,28/06/2025 , 10:20:54,3296,3296
1393,28/06/2025 , 11:20:54,3302,3302
1394,28/06/2025 , 12:20:54,3308,3308
1395,28/06/2025 , 13:20:54,3313,3313
1396,28/06/2025 , 14:20:54,3317,3317
1397,28/06/2025 , 15:20:54,3320,3320
1398,28/06/2025 , 16:20:54,3324,3324
1399,28/06/2025 , 17:20:54,3327,3327
1400,28/06/2025 , 18:20:54,3331,3331
1401,28/06/2025 , 19:20:54,3335,3335
1402,28/06/2025 , 20:20:54,3335,3335
1403,28/06/2025 , 21:20:54,3335,3335
1404,28/06/2025 , 22:20:54,3336,3336
1405,28/06/2025 , 23:20:54,3411,3411
1406,29/06/2025 , 00:20:54,3397,3397
1407,29/06/2025 , 01:20:54,3397,3397
1408,29/06/2025 , 02:20:54,3389,3389
1409,29/06/2025 , 03:20:54,3383,3383
1410,29/06/2025 , 04:20:54,3377,3377
1411,29/06/2025 , 05:20:54,3371,3371
1412,29/06/2025 , 06:20:54,3366,3366
1413,29/06/2025 , 07:20:54,3361,3361
1414,29/06/2025 , 08:20:54,3357,3357
1415,29/06/2025 , 09:20:54,3353,3353
1416,29/06/2025 , 10:20:54,3349,3349
1417,29/06/2025 , 11:20:54,3346,3346
1418,29/06/2025 , 12:20:54,3344,3344
1419,29/06/2025 , 13:20:54,3342,3342
1420,29/06/2025 , 14:20:54,3340,3340
1421,29/06/2025 , 15:20:54,3338,3338
1422,29/06/2025 , 16:20:54,3336,3336
1423,29/06/2025 , 17:20:54,3332,3332
1424,29/06/2025 , 18:20:54,3331,3331
1425,29/06/2025 , 19:20:54,3329,3329
1426,29/06/2025 , 20:20:54,3328,3328
1427,29/06/2025 , 21:20:54,3329,3329
1428,29/06/2025 , 22:20:54,3327,3327
1429,29/06/2025 , 23:20:54,3327,3327
1430,30/06/2025 , 00:20:54,3326,3326
1431,30/06/2025 , 01:20:54,3324,3324
1432,30/06/2025 , 02:20:54,3323,3323
1433,30/06/2025 , 03:20:54,3323,3323
1434,30/06/2025 , 04:20:54,3322,3322
1435,30/06/2025 , 05:20:54,3322,3322
1436,30/06/2025 , 06:20:54,3323,3323
1437,30/06/2025 , 07:20:54,3320,3320
1438,30/06/2025 , 08:20:54,3319,3319
1439,30/06/2025 , 09:20:54,3318,3318
1440,30/06/2025 , 10:20:54,3300,3300
1441,30/06/2025 , 11:20:54,3316,3316
1442,30/06/2025 , 12:20:54,3311,3311
1443,30/06/2025 , 13:20:54,3313,3313
1444,30/06/2025 , 14:20:54,3312,3312
1445,30/06/2025 , 15:20:54,3311,3311
1446,30/06/2025 , 16:20:54,3310,3310
1447,30/06/2025 , 17:20:54,3308,3308
1448,30/06/2025 , 18:20:54,3308,3308
1449,30/06/2025 , 19:20:54,3307,3307
1450,30/06/2025 , 20:20:54,3307,3307
1451,30/06/2025 , 21:20:54,3308,3308
1452,30/06/2025 , 22:20:54,3308,3308
1453,30/06/2025 , 23:20:54,3308,3308
1454,01/07/2025 , 00:20:54,3308,3308
1455,01/07/2025 , 01:20:54,3307,3307
1456,01/07/2025 , 02:20:54,3307,3307
1457,01/07/2025 , 03:20:54,3307,3307
1458,01/07/2025 , 04:20:54,3306,3306
1459,01/07/2025 , 05:20:54,3307,3307
1460,01/07/2025 , 06:20:54,3307,3307
1461,01/07/2025 , 07:20:54,3306,3306
1462,01/07/2025 , 08:20:54,3307,3307
1463,01/07/2025 , 09:20:54,3310,3310
1464,01/07/2025 , 10:20:54,3310,3310
1465,01/07/2025 , 11:20:54,3308,3308
1466,01/07/2025 , 12:20:54,3162,3162
1467,01/07/2025 , 13:20:54,3174,3174
1468,01/07/2025 , 14:20:54,3321,3321
1469,01/07/2025 , 15:20:54,3323,3323
1470,01/07/2025 , 16:20:54,3324,3324
1471,01/07/2025 , 17:20:54,3324,3324
1472,01/07/2025 , 18:20:54,3324,3324
1473,01/07/2025 , 19:20:54,3308,3308
1474,01/07/2025 , 20:20:54,3318,3318
1475,01/07/2025 , 21:20:54,3331,3331
1476,01/07/2025 , 22:20:54,3347,3347
1477,01/07/2025 , 23:20:54,3347,3347
1478,02/07/2025 , 00:20:54,3347,3347
1479,02/07/2025 , 01:20:54,3344,3344
1480,02/07/2025 , 02:20:54,3342,3342
1481,02/07/2025 , 03:20:54,3341,3341
1482,02/07/2025 , 04:20:54,3339,3339
1483,02/07/2025 , 05:20:54,3339,3339
1484,02/07/2025 , 06:20:54,3337,3337
1485,02/07/2025 , 07:20:54,3335,3335
1486,02/07/2025 , 08:20:54,3333,3333
1487,02/07/2025 , 09:20:54,3332,3332
1488,02/07/2025 , 10:20:54,3331,3331
1489,02/07/2025 , 11:20:54,3329,3329
1490,02/07/2025 , 12:20:54,3327,3327
1491,02/07/2025 , 13:20:54,3326,3326
1492,02/07/2025 , 14:20:54,3323,3323
1493,02/07/2025 , 15:20:54,3322,3322
1494,02/07/2025 , 16:20:54,3321,3321
1495,02/07/2025 , 17:20:54,3319,3319
1496,02/07/2025 , 18:20:54,3317,3317
1497,02/07/2025 , 19:20:54,968,968
1498,02/07/2025 , 20:20:54,3315,3315
1499,02/07/2025 , 21:20:54,3315,3315
1500,02/07/2025 , 22:20:54,3315,3315
1501,02/07/2025 , 23:20:54,3313,3313
1502,03/07/2025 , 00:20:54,3315,3315
1503,03/07/2025 , 01:20:54,3314,3314
1504,03/07/2025 , 02:20:54,3313,3313
1505,03/07/2025 , 03:20:54,3313,3313
1506,03/07/2025 , 04:20:54,3314,3314
1507,03/07/2025 , 05:20:54,3312,3312
1508,03/07/2025 , 06:20:54,3312,3312
1509,03/07/2025 , 07:20:54,3311,3311
1510,03/07/2025 , 08:20:54,3312,3312
1511,03/07/2025 , 09:20:54,3312,3312
1512,03/07/2025 , 10:20:54,3309,3309
1513,03/07/2025 , 11:20:54,3309,3309
1514,03/07/2025 , 12:20:54,3302,3302
1515,03/07/2025 , 13:20:54,3304,3304
1516,03/07/2025 , 14:20:54,3307,3307
1517,03/07/2025 , 15:20:54,3308,3308
1518,03/07/2025 , 16:20:54,3307,3307
1519,03/07/2025 , 17:20:54,3308,3308
1520,03/07/2025 , 18:20:54,3309,3309
1521,03/07/2025 , 19:20:54,3308,3308
1522,03/07/2025 , 20:20:54,3304,3304
1523,03/07/2025 , 21:20:54,3296,3296
1524,03/07/2025 , 22:20:54,3298,3298
1525,03/07/2025 , 23:20:54,3307,3307
1526,04/07/2025 , 00:20:54,3308,3308
1527,04/07/2025 , 01:20:54,3308,3308
1528,04/07/2025 , 02:20:54,3308,3308
1529,04/07/2025 , 03:20:54,3308,3308
1530,04/07/2025 , 04:20:54,3308,3308
1531,04/07/2025 , 05:20:54,3307,3307
1532,04/07/2025 , 06:20:54,3307,3307
1533,04/07/2025 , 07:20:54,3306,3306
1534,04/07/2025 , 08:20:54,3306,3306
1535,04/07/2025 , 09:20:54,3305,3305
1536,04/07/2025 , 10:20:54,3304,3304
1537,04/07/2025 , 11:20:54,3303,3303
1538,04/07/2025 , 12:20:54,3303,3303
1539,04/07/2025 , 13:20:54,3302,3302
1540,04/07/2025 , 14:20:54,3302,3302
1541,04/07/2025 , 15:20:54,3300,3300
1542,04/07/2025 , 16:20:54,3301,3301
1543,04/07/2025 , 17:20:54,3300,3300
1544,04/07/2025 , 18:20:54,3299,3299
1545,04/07/2025 , 19:20:54,3298,3298
1546,04/07/2025 , 20:20:54,3295,3295
1547,04/07/2025 , 21:20:54,3291,3291
1548,04/07/2025 , 22:20:54,3240,3240
1549,04/07/2025 , 23:20:54,3286,3286
1550,05/07/2025 , 00:20:54,3292,3292
1551,05/07/2025 , 01:20:54,3291,3291
1552,05/07/2025 , 02:20:54,3289,3289
1553,05/07/2025 , 03:20:54,3288,3288
1554,05/07/2025 , 04:20:54,3287,3287
1555,05/07/2025 , 05:20:54,3286,3286
1556,05/07/2025 , 06:20:54,3286,3286
1557,05/07/2025 , 07:20:54,3285,3285
1558,05/07/2025 , 08:20:54,3283,3283
1559,05/07/2025 , 09:20:54,3274,3274
1560,05/07/2025 , 10:20:54,3279,3279
1561,05/07/2025 , 11:20:54,3277,3277
1562,05/07/2025 , 12:20:54,3274,3274
1563,05/07/2025 , 13:20:54,3273,3273
1564,05/07/2025 , 14:20:54,3271,3271
1565,05/07/2025 , 15:20:54,3271,3271
1566,05/07/2025 , 16:20:54,3267,3267
1567,05/07/2025 , 17:20:54,3265,3265
1568,05/07/2025 , 18:20:54,3263,3263
1569,05/07/2025 , 19:20:54,3262,3262
1570,05/07/2025 , 20:20:54,3262,3262
1571,05/07/2025 , 21:20:54,3262,3262
1572,05/07/2025 , 22:20:54,3261,3261
1573,05/07/2025 , 23:20:54,3259,3259
1574,06/07/2025 , 00:20:54,3259,3259
1575,06/07/2025 , 01:20:54,3259,3259
1576,06/07/2025 , 02:20:54,3259,3259
1577,06/07/2025 , 03:20:54,3260,3260
1578,06/07/2025 , 04:20:54,3259,3259
1579,06/07/2025 , 05:20:54,3259,3259
1580,06/07/2025 , 06:20:54,3259,3259
1581,06/07/2025 , 07:20:54,3258,3258
1582,06/07/2025 , 08:20:54,3258,3258
1583,06/07/2025 , 09:20:54,3259,3259
1584,06/07/2025 , 10:20:54,3258,3258
1585,06/07/2025 , 11:20:54,3259,3259
1586,06/07/2025 , 12:20:54,1361,1361
1587,06/07/2025 , 13:20:54,1467,1467
1588,06/07/2025 , 14:20:54,3262,3262
1589,06/07/2025 , 15:20:54,3263,3263
1590,06/07/2025 , 16:20:54,3263,3263
1591,06/07/2025 , 17:20:54,1910,1910
1592,06/07/2025 , 18:20:54,1405,1405
1593,06/07/2025 , 19:20:54,1389,1389
1594,06/07/2025 , 20:20:54,2693,2693
1595,06/07/2025 , 21:20:54,3087,3087
1596,06/07/2025 , 22:20:54,3213,3213
1597,06/07/2025 , 23:20:54,3213,3213
1598,07/07/2025 , 00:20:54,2847,2847
1599,07/07/2025 , 01:20:54,3342,3342
1600,07/07/2025 , 02:20:54,3413,3413
1601,07/07/2025 , 03:20:54,3418,3418
1602,07/07/2025 , 04:20:54,3416,3416
1603,07/07/2025 , 05:20:54,3410,3410
1604,07/07/2025 , 06:20:54,3412,3412
1605,07/07/2025 , 07:20:54,3407,3407
1606,07/07/2025 , 08:20:54,3403,3403
1607,07/07/2025 , 09:20:54,3397,3397
1608,07/07/2025 , 10:20:54,3391,3391
1609,07/07/2025 , 11:20:54,3387,3387
1610,07/07/2025 , 12:20:54,3380,3380
1611,07/07/2025 , 13:20:54,3374,3374
1612,07/07/2025 , 14:20:54,3371,3371
1613,07/07/2025 , 15:20:54,3363,3363
1614,07/07/2025 , 16:20:54,3360,3360
1615,07/07/2025 , 17:20:54,3355,3355
1616,07/07/2025 , 18:20:54,3351,3351
1617,07/07/2025 , 19:20:54,3312,3312
1618,07/07/2025 , 20:20:54,3330,3330
1619,07/07/2025 , 21:20:54,3366,3366
1620,07/07/2025 , 22:20:54,3365,3365
1621,07/07/2025 , 23:20:54,3353,3353
1622,08/07/2025 , 00:20:54,3348,3348
1623,08/07/2025 , 01:20:54,3342,3342
1624,08/07/2025 , 02:20:54,3334,3334
1625,08/07/2025 , 03:20:54,3362,3362
1626,08/07/2025 , 04:20:54,3356,3356
1627,08/07/2025 , 05:20:54,3353,3353
1628,08/07/2025 , 06:20:54,3350,3350
1629,08/07/2025 , 07:20:54,3346,3346
1630,08/07/2025 , 08:20:54,3343,3343
1631,08/07/2025 , 09:20:54,3339,3339
1632,08/07/2025 , 10:20:54,416,416
1633,08/07/2025 , 11:20:54,3337,3337
1634,08/07/2025 , 12:20:54,3335,3335
1635,08/07/2025 , 13:20:54,3332,3332
1636,08/07/2025 , 14:20:54,3329,3329
1637,08/07/2025 , 15:20:54,3329,3329
1638,08/07/2025 , 16:20:54,3327,3327
1639,08/07/2025 , 17:20:54,3324,3324
1640,08/07/2025 , 18:20:54,3320,3320
1641,08/07/2025 , 19:20:54,3319,3319
1642,08/07/2025 , 20:20:54,3320,3320
1643,08/07/2025 , 21:20:54,3319,3319
1644,08/07/2025 , 22:20:54,3317,3317
1645,08/07/2025 , 23:20:54,3317,3317
1646,09/07/2025 , 00:20:54,3315,3315
1647,09/07/2025 , 01:20:54,3313,3313
1648,09/07/2025 , 02:20:54,3316,3316
1649,09/07/2025 , 03:20:54,3316,3316
1650,09/07/2025 , 04:20:54,3315,3315
1651,09/07/2025 , 05:20:54,3315,3315
1652,09/07/2025 , 06:20:54,3314,3314
1653,09/07/2025 , 07:20:54,3313,3313
1654,09/07/2025 , 08:20:54,3313,3313
1655,09/07/2025 , 09:20:54,3312,3312
1656,09/07/2025 , 10:20:54,3311,3311
1657,09/07/2025 , 11:20:54,3311,3311
1658,09/07/2025 , 12:20:54,3308,3308
1659,09/07/2025 , 13:20:54,3307,3307
1660,09/07/2025 , 14:20:54,3307,3307
1661,09/07/2025 , 15:20:54,3306,3306
1662,09/07/2025 , 16:20:54,3305,3305
1663,09/07/2025 , 17:20:54,3305,3305
1664,09/07/2025 , 18:20:54,3304,3304
1665,09/07/2025 , 19:20:54,3303,3303
1666,09/07/2025 , 20:20:54,3298,3298
1667,09/07/2025 , 21:20:54,3302,3302
1668,09/07/2025 , 22:20:54,3300,3300
1669,09/07/2025 , 23:20:54,3301,3301
1670,10/07/2025 , 00:20:54,3301,3301
1671,10/07/2025 , 01:20:54,3300,3300
1672,10/07/2025 , 02:20:54,3300,3300
1673,10/07/2025 , 03:20:54,3300,3300
1674,10/07/2025 , 04:20:54,3300,3300
1675,10/07/2025 , 05:20:54,3299,3299
1676,10/07/2025 , 06:20:54,2087,2087
1677,10/07/2025 , 07:20:54,3295,3295
1678,10/07/2025 , 08:20:54,425,425
1679,10/07/2025 , 09:20:54,426,426
1680,10/07/2025 , 10:20:54,490,490
1681,10/07/2025 , 11:20:54,1256,1256
1682,10/07/2025 , 12:20:54,1671,1671
1683,10/07/2025 , 13:20:54,3288,3288
1684,10/07/2025 , 14:20:54,1841,1841
1685,10/07/2025 , 15:20:54,1790,1790
1686,10/07/2025 , 16:20:54,1783,1783
1687,10/07/2025 , 17:20:54,1776,1776
1688,10/07/2025 , 18:20:54,1761,1761
1689,10/07/2025 , 19:20:54,1735,1735
1690,10/07/2025 , 20:20:54,1782,1782
1691,10/07/2025 , 21:20:54,2255,2255
1692,10/07/2025 , 22:20:54,2376,2376
1693,10/07/2025 , 23:20:54,3210,3210
1694,11/07/2025 , 00:20:54,3238,3238
1695,11/07/2025 , 01:20:54,3083,3083
1696,11/07/2025 , 02:20:54,3370,3370
1697,11/07/2025 , 03:20:54,3371,3371
1698,11/07/2025 , 04:20:54,3363,3363
1699,11/07/2025 , 05:20:54,3357,3357
1700,11/07/2025 , 06:20:54,3352,3352
1701,11/07/2025 , 07:20:54,3348,3348
1702,11/07/2025 , 08:20:54,3344,3344
1703,11/07/2025 , 09:20:54,3343,3343
1704,11/07/2025 , 10:20:54,481,481
1705,11/07/2025 , 11:20:54,545,545
1706,11/07/2025 , 12:20:54,410,410
1707,11/07/2025 , 13:20:54,3328,3328
1708,11/07/2025 , 14:20:54,3326,3326
1709,11/07/2025 , 15:20:54,3326,3326
1710,11/07/2025 , 16:20:54,3321,3321
1711,11/07/2025 , 17:20:54,3318,3318
1712,11/07/2025 , 18:20:54,3316,3316
1713,11/07/2025 , 19:20:54,3317,3317
1714,11/07/2025 , 20:20:54,3323,3323
1715,11/07/2025 , 21:20:54,3322,3322
1716,11/07/2025 , 22:20:54,3321,3321
1717,11/07/2025 , 23:20:54,3320,3320
1718,12/07/2025 , 00:20:54,3319,3319
1719,12/07/2025 , 01:20:54,3319,3319
1720,12/07/2025 , 02:20:54,3318,3318
1721,12/07/2025 , 03:20:54,3318,3318
1722,12/07/2025 , 04:20:54,3317,3317
1723,12/07/2025 , 05:20:54,3315,3315
1724,12/07/2025 , 06:20:54,3315,3315
1725,12/07/2025 , 07:20:54,3308,3308
1726,12/07/2025 , 08:20:54,3310,3310
1727,12/07/2025 , 09:20:54,3312,3312
1728,12/07/2025 , 10:20:54,3311,3311
1729,12/07/2025 , 11:20:54,3274,3274
1730,12/07/2025 , 12:20:54,360,360
1731,12/07/2025 , 13:20:54,379,379
1732,12/07/2025 , 14:20:54,3307,3307
1733,12/07/2025 , 15:20:54,3306,3306
1734,12/07/2025 , 16:20:54,3306,3306
1735,12/07/2025 , 17:20:54,3305,3305
1736,12/07/2025 , 18:20:54,3305,3305
1737,12/07/2025 , 19:20:54,3304,3304
1738,12/07/2025 , 20:20:54,3302,3302
1739,12/07/2025 , 21:20:54,3302,3302
1740,12/07/2025 , 22:20:54,3302,3302
1741,12/07/2025 , 23:20:54,3302,3302
1742,13/07/2025 , 00:20:54,3302,3302
1743,13/07/2025 , 01:20:54,3301,3301
1744,13/07/2025 , 02:20:54,3301,3301
1745,13/07/2025 , 03:20:54,3300,3300
1746,13/07/2025 , 04:20:54,3300,3300
1747,13/07/2025 , 05:20:54,3300,3300
1748,13/07/2025 , 06:20:54,3299,3299
1749,13/07/2025 , 07:20:54,3291,3291
1750,13/07/2025 , 08:20:54,3294,3294
1751,13/07/2025 , 09:20:54,3295,3295
1752,13/07/2025 , 10:20:54,3295,3295
1753,13/07/2025 , 11:20:54,3294,3294
1754,13/07/2025 , 12:20:54,3224,3224
1755,13/07/2025 , 13:20:54,3288,3288
1756,13/07/2025 , 14:20:54,3286,3286
1757,13/07/2025 , 15:20:54,3287,3287
1758,13/07/2025 , 16:20:54,3283,3283
1759,13/07/2025 , 17:20:54,3282,3282
1760,13/07/2025 , 18:20:54,3280,3280
1761,13/07/2025 , 19:20:54,3278,3278
1762,13/07/2025 , 20:20:54,3287,3287
1763,13/07/2025 , 21:20:54,3313,3313
1764,13/07/2025 , 22:20:54,3329,3329
1765,13/07/2025 , 23:20:54,3337,3337
1766,14/07/2025 , 00:20:54,3339,3339
1767,14/07/2025 , 01:20:54,3340,3340
1768,14/07/2025 , 02:20:54,3344,3344
1769,14/07/2025 , 03:20:54,3483,3483
1770,14/07/2025 , 04:20:54,3453,3453
1771,14/07/2025 , 05:20:54,3438,3438
1772,14/07/2025 , 06:20:54,3425,3425
1773,14/07/2025 , 07:20:54,3411,3411
1774,14/07/2025 , 08:20:54,3403,3403
1775,14/07/2025 , 09:20:54,3396,3396
1776,14/07/2025 , 10:20:54,3391,3391
1777,14/07/2025 , 11:20:54,3386,3386
1778,14/07/2025 , 12:20:54,3378,3378
1779,14/07/2025 , 13:20:54,3371,3371
1780,14/07/2025 , 14:20:54,3365,3365
1781,14/07/2025 , 15:20:54,1158,1158
1782,14/07/2025 , 16:20:54,3353,3353
1783,14/07/2025 , 17:20:54,3349,3349
1784,14/07/2025 , 18:20:54,3342,3342
1785,14/07/2025 , 19:20:54,3343,3343
1786,14/07/2025 , 20:20:54,3343,3343
1787,14/07/2025 , 21:20:54,3342,3342
1788,14/07/2025 , 22:20:54,3341,3341
1789,14/07/2025 , 23:20:54,3339,3339
1790,15/07/2025 , 00:20:54,3338,3338
1791,15/07/2025 , 01:20:54,3336,3336
1792,15/07/2025 , 02:20:54,3334,3334
1793,15/07/2025 , 03:20:54,3333,3333
1794,15/07/2025 , 04:20:54,3331,3331
1795,15/07/2025 , 05:20:54,3329,3329
1796,15/07/2025 , 06:20:54,3328,3328
1797,15/07/2025 , 07:20:54,3328,3328
1798,15/07/2025 , 08:20:54,3328,3328
1799,15/07/2025 , 09:20:54,3326,3326
1800,15/07/2025 , 10:20:54,3326,3326
1801,15/07/2025 , 11:20:54,3323,3323
1802,15/07/2025 , 12:20:54,3322,3322
1803,15/07/2025 , 13:20:54,3322,3322
1804,15/07/2025 , 14:20:54,3320,3320
1805,15/07/2025 , 15:20:54,3317,3317
1806,15/07/2025 , 16:20:54,3317,3317
1807,15/07/2025 , 17:20:54,3315,3315
1808,15/07/2025 , 18:20:54,3315,3315
1809,15/07/2025 , 19:20:54,3313,3313
1810,15/07/2025 , 20:20:54,3311,3311
1811,15/07/2025 , 21:20:54,3311,3311
1812,15/07/2025 , 22:20:54,3312,3312
1813,15/07/2025 , 23:20:54,3312,3312
1814,16/07/2025 , 00:20:54,3312,3312
1815,16/07/2025 , 01:20:54,3312,3312
1816,16/07/2025 , 02:20:54,3311,3311
1817,16/07/2025 , 03:20:54,3311,3311
1818,16/07/2025 , 04:20:54,3311,3311
1819,16/07/2025 , 05:20:54,3311,3311
1820,16/07/2025 , 06:20:54,3311,3311
1821,16/07/2025 , 07:20:54,3310,3310
1822,16/07/2025 , 08:20:54,3310,3310
1823,16/07/2025 , 09:20:54,3308,3308
1824,16/07/2025 , 10:20:54,3308,3308
1825,16/07/2025 , 11:20:54,3305,3305
1826,16/07/2025 , 12:20:54,344,344
1827,16/07/2025 , 13:20:54,3304,3304
1828,16/07/2025 , 14:20:54,3303,3303
1829,16/07/2025 , 15:20:54,3302,3302
1830,16/07/2025 , 16:20:54,3300,3300
1831,16/07/2025 , 17:20:54,3299,3299
1832,16/07/2025 , 18:20:54,3298,3298
1833,16/07/2025 , 19:20:54,3297,3297
1834,16/07/2025 , 20:20:54,3295,3295
1835,16/07/2025 , 21:20:54,3294,3294
1836,16/07/2025 , 22:20:54,3291,3291
1837,16/07/2025 , 23:20:54,3289,3289
1838,17/07/2025 , 00:20:54,3290,3290
1839,17/07/2025 , 01:20:54,3289,3289
1840,17/07/2025 , 02:20:54,3286,3286
1841,17/07/2025 , 03:20:54,3285,3285
1842,17/07/2025 , 04:20:54,3282,3282
1843,17/07/2025 , 05:20:54,3282,3282
1844,17/07/2025 , 06:20:54,3280,3280
1845,17/07/2025 , 07:20:54,3280,3280
1846,17/07/2025 , 08:20:54,3278,3278
1847,17/07/2025 , 09:20:54,3278,3278
1848,17/07/2025 , 10:20:54,3277,3277
1849,17/07/2025 , 11:20:54,3276,3276
1850,17/07/2025 , 12:20:54,3280,3280
1851,17/07/2025 , 13:20:54,3313,3313
1852,17/07/2025 , 14:20:54,3327,3327
1853,17/07/2025 , 15:20:54,3329,3329
1854,17/07/2025 , 16:20:54,3329,3329
1855,17/07/2025 , 17:20:54,3329,3329
1856,17/07/2025 , 18:20:54,3329,3329
1857,17/07/2025 , 19:20:54,3349,3349
1858,17/07/2025 , 20:20:54,3355,3355
1859,17/07/2025 , 21:20:54,3355,3355
1860,17/07/2025 , 22:20:54,3353,3353
1861,17/07/2025 , 23:20:54,3351,3351
1862,18/07/2025 , 00:20:54,3348,3348
1863,18/07/2025 , 01:20:54,3346,3346
1864,18/07/2025 , 02:20:54,3344,3344
1865,18/07/2025 , 03:20:54,3342,3342
1866,18/07/2025 , 04:20:54,3340,3340
1867,18/07/2025 , 05:20:54,3339,3339
1868,18/07/2025 , 06:20:54,3337,3337
1869,18/07/2025 , 07:20:54,3336,3336
1870,18/07/2025 , 08:20:54,3333,3333
1871,18/07/2025 , 09:20:54,3332,3332
1872,18/07/2025 , 10:20:54,3329,3329
1873,18/07/2025 , 11:20:54,3325,3325
1874,18/07/2025 , 12:20:54,356,356
1875,18/07/2025 , 13:20:54,3324,3324
1876,18/07/2025 , 14:20:54,3324,3324
1877,18/07/2025 , 15:20:54,3322,3322
1878,18/07/2025 , 16:20:54,3321,3321
1879,18/07/2025 , 17:20:54,3320,3320
1880,18/07/2025 , 18:20:54,3318,3318
1881,18/07/2025 , 19:20:54,3317,3317
1882,18/07/2025 , 20:20:54,3316,3316
1883,18/07/2025 , 21:20:54,3315,3315
1884,18/07/2025 , 22:20:54,3313,3313
1885,18/07/2025 , 23:20:54,3312,3312
1886,19/07/2025 , 00:20:54,3312,3312
1887,19/07/2025 , 01:20:54,3312,3312
1888,19/07/2025 , 02:20:54,3311,3311
1889,19/07/2025 , 03:20:54,3312,3312
1890,19/07/2025 , 04:20:54,3311,3311
1891,19/07/2025 , 05:20:54,3311,3311
1892,19/07/2025 , 06:20:54,3311,3311
1893,19/07/2025 , 07:20:54,3310,3310
1894,19/07/2025 , 08:20:54,3310,3310
1895,19/07/2025 , 09:20:54,3308,3308
1896,19/07/2025 , 10:20:54,3307,3307
1897,19/07/2025 , 11:20:54,3307,3307
1898,19/07/2025 , 12:20:54,3306,3306
1899,19/07/2025 , 13:20:54,3306,3306
1900,19/07/2025 , 14:20:54,3305,3305
1901,19/07/2025 , 15:20:54,3304,3304
1902,19/07/2025 , 16:20:54,3304,3304
1903,19/07/2025 , 17:20:54,3302,3302
1904,19/07/2025 , 18:20:54,3301,3301
1905,19/07/2025 , 19:20:54,3300,3300
1906,19/07/2025 , 20:20:54,3299,3299
1907,19/07/2025 , 21:20:54,3299,3299
1908,19/07/2025 , 22:20:54,3298,3298
1909,19/07/2025 , 23:20:54,3297,3297
1910,20/07/2025 , 00:20:54,3296,3296
1911,20/07/2025 , 01:20:54,3295,3295
1912,20/07/2025 , 02:20:54,3293,3293
1913,20/07/2025 , 03:20:54,3292,3292
1914,20/07/2025 , 04:20:54,3291,3291
1915,20/07/2025 , 05:20:54,3289,3289
1916,20/07/2025 , 06:20:54,3288,3288
1917,20/07/2025 , 07:20:54,3287,3287
1918,20/07/2025 , 08:20:54,3285,3285
1919,20/07/2025 , 09:20:54,3283,3283
1920,20/07/2025 , 10:20:54,3282,3282
1921,20/07/2025 , 11:20:54,3280,3280
1922,20/07/2025 , 12:20:54,3279,3279
1923,20/07/2025 , 13:20:54,3277,3277
1924,20/07/2025 , 14:20:54,3275,3275
1925,20/07/2025 , 15:20:54,3274,3274
1926,20/07/2025 , 16:20:54,3271,3271
1927,20/07/2025 , 17:20:54,3271,3271
1928,20/07/2025 , 18:20:54,3268,3268
1929,20/07/2025 , 19:20:54,3267,3267
1930,20/07/2025 , 20:20:54,3266,3266
1931,20/07/2025 , 21:20:54,3264,3264
1932,20/07/2025 , 22:20:54,3263,3263
1933,20/07/2025 , 23:20:54,3263,3263
1934,21/07/2025 , 00:20:54,3261,3261
1935,21/07/2025 , 01:20:54,3259,3259
1936,21/07/2025 , 02:20:54,3258,3258
1937,21/07/2025 , 03:20:54,3257,3257
1938,21/07/2025 , 04:20:54,3256,3256
1939,21/07/2025 , 05:20:54,3255,3255
1940,21/07/2025 , 06:20:54,3254,3254
1941,21/07/2025 , 07:20:54,3253,3253
1942,21/07/2025 , 08:20:54,3251,3251
1943,21/07/2025 , 09:20:54,888,888
1944,21/07/2025 , 10:20:54,365,365
1945,21/07/2025 , 11:20:54,3021,3021
1946,21/07/2025 , 12:20:54,3245,3245
1947,21/07/2025 , 13:20:54,3245,3245
1948,21/07/2025 , 14:20:54,3243,3243
1949,21/07/2025 , 15:20:54,3240,3240
1950,21/07/2025 , 16:20:54,3239,3239
1951,21/07/2025 , 17:20:54,3237,3237
1952,21/07/2025 , 18:20:54,3235,3235
1953,21/07/2025 , 19:20:54,3233,3233
1954,21/07/2025 , 20:20:54,3232,3232
1955,21/07/2025 , 21:20:54,3230,3230
1956,21/07/2025 , 22:20:54,3230,3230
1957,21/07/2025 , 23:20:54,3229,3229
1958,22/07/2025 , 00:20:54,3229,3229
1959,22/07/2025 , 01:20:54,3228,3228
1960,22/07/2025 , 02:20:54,3227,3227
1961,22/07/2025 , 03:20:54,3227,3227
1962,22/07/2025 , 04:20:54,3223,3223
1963,22/07/2025 , 05:20:54,3223,3223
1964,22/07/2025 , 06:20:54,3223,3223
1965,22/07/2025 , 07:20:54,3221,3221
1966,22/07/2025 , 08:20:54,3221,3221
1967,22/07/2025 , 09:20:54,3219,3219
1968,22/07/2025 , 10:20:54,3219,3219
1969,22/07/2025 , 11:20:54,3218,3218
1970,22/07/2025 , 12:20:54,3216,3216
1971,22/07/2025 , 13:20:54,3216,3216
1972,22/07/2025 , 14:20:54,3214,3214
1973,22/07/2025 , 15:20:54,3214,3214
1974,22/07/2025 , 16:20:54,3213,3213
1975,22/07/2025 , 17:20:54,3211,3211
1976,22/07/2025 , 18:20:54,3210,3210
1977,22/07/2025 , 19:20:54,3208,3208
1978,22/07/2025 , 20:20:54,3208,3208
1979,22/07/2025 , 21:20:54,3206,3206
1980,22/07/2025 , 22:20:54,3206,3206
1981,22/07/2025 , 23:20:54,3204,3204
1982,23/07/2025 , 00:20:54,3204,3204
1983,23/07/2025 , 01:20:54,3203,3203
1984,23/07/2025 , 02:20:54,3201,3201
1985,23/07/2025 , 03:20:54,3200,3200
1986,23/07/2025 , 04:20:54,3200,3200
1987,23/07/2025 , 05:20:54,3199,3199
1988,23/07/2025 , 06:20:54,3198,3198
1989,23/07/2025 , 07:20:54,3197,3197
1990,23/07/2025 , 08:20:54,3196,3196
1991,23/07/2025 , 09:20:54,3196,3196
1992,23/07/2025 , 10:20:54,3194,3194
1993,23/07/2025 , 11:20:54,3188,3188
1994,23/07/2025 , 12:20:54,3192,3192
1995,23/07/2025 , 13:20:54,3192,3192
1996,23/07/2025 , 14:20:54,3192,3192
1997,23/07/2025 , 15:20:54,3190,3190
1998,23/07/2025 , 16:20:54,3190,3190
1999,23/07/2025 , 17:20:54,3189,3189
2000,23/07/2025 , 18:20:54,3187,3187
2001,23/07/2025 , 19:20:54,3184,3184
2002,23/07/2025 , 20:20:54,3184,3184
2003,23/07/2025 , 21:20:54,3183,3183
2004,23/07/2025 , 22:20:54,3182,3182
2005,23/07/2025 , 23:20:54,3181,3181
2006,24/07/2025 , 00:20:54,3180,3180
2007,24/07/2025 , 01:20:54,3179,3179
2008,24/07/2025 , 02:20:54,3178,3178
2009,24/07/2025 , 03:20:54,3177,3177
2010,24/07/2025 , 04:20:54,3177,3177
2011,24/07/2025 , 05:20:54,3176,3176
2012,24/07/2025 , 06:20:54,3176,3176
2013,24/07/2025 , 07:20:54,3175,3175
2014,24/07/2025 , 08:20:54,3174,3174
2015,24/07/2025 , 09:20:54,3174,3174
2016,24/07/2025 , 10:20:54,3174,3174
2017,24/07/2025 , 11:20:54,3174,3174
2018,24/07/2025 , 12:20:54,3173,3173
2019,24/07/2025 , 13:20:54,3171,3171
2020,24/07/2025 , 14:20:54,3151,3151
2021,24/07/2025 , 15:20:54,3153,3153
2022,24/07/2025 , 16:20:54,3151,3151
2023,24/07/2025 , 17:20:54,3150,3150
2024,24/07/2025 , 18:20:54,3151,3151
2025,24/07/2025 , 19:20:54,3146,3146
2026,24/07/2025 , 20:20:54,3165,3165
2027,24/07/2025 , 21:20:54,3163,3163
2028,24/07/2025 , 22:20:54,3164,3164
2029,24/07/2025 , 23:20:54,3163,3163
2030,25/07/2025 , 00:20:54,3162,3162
2031,25/07/2025 , 01:20:54,3161,3161
2032,25/07/2025 , 02:20:54,3159,3159
2033,25/07/2025 , 03:20:54,3159,3159
2034,25/07/2025 , 04:20:54,3159,3159
2035,25/07/2025 , 05:20:54,3169,3169
2036,25/07/2025 , 06:20:54,3186,3186
2037,25/07/2025 , 07:20:54,3198,3198
2038,25/07/2025 , 08:20:54,3212,3212
2039,25/07/2025 , 09:20:54,3228,3228
2040,25/07/2025 , 10:20:54,3240,3240
2041,25/07/2025 , 11:20:54,3248,3248
2042,25/07/2025 , 12:20:54,3256,3256
2043,25/07/2025 , 13:20:54,3260,3260
2044,25/07/2025 , 14:20:54,3266,3266
2045,25/07/2025 , 15:20:54,3270,3270
2046,25/07/2025 , 16:20:54,3273,3273
2047,25/07/2025 , 17:20:54,3276,3276
2048,25/07/2025 , 18:20:54,3278,3278
2049,25/07/2025 , 19:20:54,3278,3278
2050,25/07/2025 , 20:20:54,3278,3278
2051,25/07/2025 , 21:20:54,3279,3279
2052,25/07/2025 , 22:20:54,3280,3280
2053,25/07/2025 , 23:20:54,3280,3280
2054,26/07/2025 , 00:20:54,3281,3281
2055,26/07/2025 , 01:20:54,3281,3281
2056,26/07/2025 , 02:20:54,3281,3281
2057,26/07/2025 , 03:20:54,3281,3281
2058,26/07/2025 , 04:20:54,3280,3280
2059,26/07/2025 , 05:20:54,3281,3281
2060,26/07/2025 , 06:20:54,3280,3280
2061,26/07/2025 , 07:20:54,3281,3281
2062,26/07/2025 , 08:20:54,3280,3280
2063,26/07/2025 , 09:20:54,3280,3280
2064,26/07/2025 , 10:20:54,3279,3279
2065,26/07/2025 , 11:20:54,3277,3277
2066,26/07/2025 , 12:20:54,3275,3275
2067,26/07/2025 , 13:20:54,3274,3274
2068,26/07/2025 , 14:20:54,3271,3271
2069,26/07/2025 , 15:20:54,3268,3268
2070,26/07/2025 , 16:20:54,3265,3265
2071,26/07/2025 , 17:20:54,3263,3263
2072,26/07/2025 , 18:20:54,3260,3260
2073,26/07/2025 , 19:20:54,3259,3259
2074,26/07/2025 , 20:20:54,3257,3257
2075,26/07/2025 , 21:20:54,3255,3255
2076,26/07/2025 , 22:20:54,3254,3254
2077,26/07/2025 , 23:20:54,3253,3253
2078,27/07/2025 , 00:20:54,3251,3251
2079,27/07/2025 , 01:20:54,3250,3250
2080,27/07/2025 , 02:20:54,3249,3249
2081,27/07/2025 , 03:20:54,3249,3249
2082,27/07/2025 , 04:20:54,3247,3247
2083,27/07/2025 , 05:20:54,3245,3245
2084,27/07/2025 , 06:20:54,3245,3245
2085,27/07/2025 , 07:20:54,3244,3244
2086,27/07/2025 , 08:20:54,3243,3243
2087,27/07/2025 , 09:20:54,3242,3242
2088,27/07/2025 , 10:20:54,3239,3239
2089,27/07/2025 , 11:20:54,3238,3238
2090,27/07/2025 , 12:20:54,3235,3235
2091,27/07/2025 , 13:20:54,3233,3233
2092,27/07/2025 , 14:20:54,3231,3231
2093,27/07/2025 , 15:20:54,3228,3228
2094,27/07/2025 , 16:20:54,3226,3226
2095,27/07/2025 , 17:20:54,3224,3224
2096,27/07/2025 , 18:20:54,3223,3223
2097,27/07/2025 , 19:20:54,3221,3221
2098,27/07/2025 , 20:20:54,3219,3219
2099,27/07/2025 , 21:20:54,3216,3216
2100,27/07/2025 , 22:20:54,3215,3215
2101,27/07/2025 , 23:20:54,3219,3219
2102,28/07/2025 , 00:20:54,3220,3220
2103,28/07/2025 , 01:20:54,3221,3221
2104,28/07/2025 , 02:20:54,3222,3222
2105,28/07/2025 , 03:20:54,3222,3222
2106,28/07/2025 , 04:20:54,3223,3223
2107,28/07/2025 , 05:20:54,3223,3223
2108,28/07/2025 , 06:20:54,3223,3223
2109,28/07/2025 , 07:20:54,3224,3224
2110,28/07/2025 , 08:20:54,3224,3224
2111,28/07/2025 , 09:20:54,3223,3223
2112,28/07/2025 , 10:20:54,3223,3223
2113,28/07/2025 , 11:20:54,3223,3223
2114,28/07/2025 , 12:20:54,3223,3223
2115,28/07/2025 , 13:20:54,3223,3223
2116,28/07/2025 , 14:20:54,3222,3222
2117,28/07/2025 , 15:20:54,3222,3222
2118,28/07/2025 , 16:20:54,3222,3222
2119,28/07/2025 , 17:20:54,3222,3222
2120,28/07/2025 , 18:20:54,3221,3221
2121,28/07/2025 , 19:20:54,3219,3219
2122,28/07/2025 , 20:20:54,3219,3219
2123,28/07/2025 , 21:20:54,3218,3218
2124,28/07/2025 , 22:20:54,3218,3218
2125,28/07/2025 , 23:20:54,3217,3217
2126,29/07/2025 , 00:20:54,3216,3216
2127,29/07/2025 , 01:20:54,3215,3215
2128,29/07/2025 , 02:20:54,3214,3214
2129,29/07/2025 , 03:20:54,3212,3212
2130,29/07/2025 , 04:20:54,3212,3212
2131,29/07/2025 , 05:20:54,3212,3212
2132,29/07/2025 , 06:20:54,3211,3211
2133,29/07/2025 , 07:20:54,3208,3208
2134,29/07/2025 , 08:20:54,3208,3208
2135,29/07/2025 , 09:20:54,3208,3208
2136,29/07/2025 , 10:20:54,3205,3205
2137,29/07/2025 , 11:20:54,3205,3205
2138,29/07/2025 , 12:20:54,3203,3203
2139,29/07/2025 , 13:20:54,3202,3202
2140,29/07/2025 , 14:20:54,3200,3200
2141,29/07/2025 , 15:20:54,3198,3198
2142,29/07/2025 , 16:20:54,3197,3197
2143,29/07/2025 , 17:20:54,3195,3195
2144,29/07/2025 , 18:20:54,3193,3193
2145,29/07/2025 , 19:20:54,3192,3192
2146,29/07/2025 , 20:20:54,3188,3188
2147,29/07/2025 , 21:20:54,3187,3187
2148,29/07/2025 , 22:20:54,3187,3187
2149,29/07/2025 , 23:20:54,3185,3185
2150,30/07/2025 , 00:20:54,3185,3185
2151,30/07/2025 , 01:20:54,3184,3184
2152,30/07/2025 , 02:20:54,3182,3182
2153,30/07/2025 , 03:20:54,3183,3183
2154,30/07/2025 , 04:20:54,3182,3182
2155,30/07/2025 , 05:20:54,3181,3181
2156,30/07/2025 , 06:20:54,3181,3181
2157,30/07/2025 , 07:20:54,3180,3180
2158,30/07/2025 , 08:20:54,3179,3179
2159,30/07/2025 , 09:20:54,3177,3177
2160,30/07/2025 , 10:20:54,3177,3177
2161,30/07/2025 , 11:20:54,3177,3177
2162,30/07/2025 , 12:20:54,3176,3176
2163,30/07/2025 , 13:20:54,3176,3176
2164,30/07/2025 , 14:20:54,3173,3173
2165,30/07/2025 , 15:20:54,3171,3171
2166,30/07/2025 , 16:20:54,3169,3169
2167,30/07/2025 , 17:20:54,3167,3167
2168,30/07/2025 , 18:20:54,3167,3167
2169,30/07/2025 , 19:20:54,3165,3165
2170,30/07/2025 , 20:20:54,3164,3164
2171,30/07/2025 , 21:20:54,3163,3163
2172,30/07/2025 , 22:20:54,3162,3162
2173,30/07/2025 , 23:20:54,3161,3161
2174,31/07/2025 , 00:20:54,3160,3160
2175,31/07/2025 , 01:20:54,3158,3158
2176,31/07/2025 , 02:20:54,3157,3157
2177,31/07/2025 , 03:20:54,3156,3156
2178,31/07/2025 , 04:20:54,3155,3155
2179,31/07/2025 , 05:20:54,3154,3154
2180,31/07/2025 , 06:20:54,3153,3153
2181,31/07/2025 , 07:20:54,3151,3151
2182,31/07/2025 , 08:20:54,3151,3151
2183,31/07/2025 , 09:20:54,3153,3153
2184,31/07/2025 , 10:20:54,3156,3156
2185,31/07/2025 , 11:20:54,3152,3152
2186,31/07/2025 , 12:20:54,3149,3149
2187,31/07/2025 , 13:20:54,3147,3147
2188,31/07/2025 , 14:20:54,3145,3145
2189,31/07/2025 , 15:20:54,3143,3143
2190,31/07/2025 , 16:20:54,3142,3142
2191,31/07/2025 , 17:20:54,3140,3140
2192,31/07/2025 , 18:20:54,3138,3138
2193,31/07/2025 , 19:20:54,3136,3136
2194,31/07/2025 , 20:20:54,3135,3135
2195,31/07/2025 , 21:20:54,3133,3133
2196,31/07/2025 , 22:20:54,3132,3132
2197,31/07/2025 , 23:20:54,3131,3131
2198,01/08/2025 , 00:20:54,3129,3129
2199,01/08/2025 , 01:20:54,3128,3128
2200,01/08/2025 , 02:20:54,3127,3127
2201,01/08/2025 , 03:20:54,3126,3126
2202,01/08/2025 , 04:20:54,3125,3125
2203,01/08/2025 , 05:20:54,3124,3124
2204,01/08/2025 , 06:20:54,3123,3123
2205,01/08/2025 , 07:20:54,3122,3122
2206,01/08/2025 , 08:20:54,3121,3121
2207,01/08/2025 , 09:20:54,3120,3120
2208,01/08/2025 , 10:20:54,3120,3120
2209,01/08/2025 , 11:20:54,3118,3118
2210,01/08/2025 , 12:20:54,3116,3116
2211,01/08/2025 , 13:20:54,3116,3116
2212,01/08/2025 , 14:20:54,3115,3115
2213,01/08/2025 , 15:20:54,3114,3114
2214,01/08/2025 , 16:20:54,3114,3114
2215,01/08/2025 , 17:20:54,3113,3113
2216,01/08/2025 , 18:20:54,3112,3112
2217,01/08/2025 , 19:20:54,3111,3111
2218,01/08/2025 , 20:20:54,3110,3110
2219,01/08/2025 , 21:20:54,3109,3109
2220,01/08/2025 , 22:20:54,3108,3108
2221,01/08/2025 , 23:20:54,3107,3107
2222,02/08/2025 , 00:20:54,3106,3106
2223,02/08/2025 , 01:20:54,3105,3105
2224,02/08/2025 , 02:20:54,3104,3104
2225,02/08/2025 , 03:20:54,3104,3104
2226,02/08/2025 , 04:20:54,3103,3103
2227,02/08/2025 , 05:20:54,3102,3102
2228,02/08/2025 , 06:20:54,3101,3101
2229,02/08/2025 , 07:20:54,3100,3100
2230,02/08/2025 , 08:20:54,3099,3099
2231,02/08/2025 , 09:20:54,3099,3099
2232,02/08/2025 , 10:20:54,3097,3097
2233,02/08/2025 , 11:20:54,3096,3096
2234,02/08/2025 , 12:20:54,3093,3093
2235,02/08/2025 , 13:20:54,3094,3094
2236,02/08/2025 , 14:20:54,3094,3094
2237,02/08/2025 , 15:20:54,3094,3094
2238,02/08/2025 , 16:20:54,3093,3093
2239,02/08/2025 , 17:20:54,3093,3093
2240,02/08/2025 , 18:20:54,3096,3096
2241,02/08/2025 , 19:20:54,3096,3096
2242,02/08/2025 , 20:20:54,3101,3101
2243,02/08/2025 , 21:20:54,3110,3110
2244,02/08/2025 , 22:20:54,3121,3121
2245,02/08/2025 , 23:20:54,3132,3132
2246,03/08/2025 , 00:20:54,3145,3145
2247,03/08/2025 , 01:20:54,3157,3157
2248,03/08/2025 , 02:20:54,3168,3168
2249,03/08/2025 , 03:20:54,3177,3177
2250,03/08/2025 , 04:20:54,3185,3185
2251,03/08/2025 , 05:20:54,3194,3194
2252,03/08/2025 , 06:20:54,3203,3203
2253,03/08/2025 , 07:20:54,3211,3211
2254,03/08/2025 , 08:20:54,3219,3219
2255,03/08/2025 , 09:20:54,3227,3227
2256,03/08/2025 , 10:20:54,3235,3235
2257,03/08/2025 , 11:20:54,3239,3239
2258,03/08/2025 , 12:20:54,3245,3245
2259,03/08/2025 , 13:20:54,3249,3249
2260,03/08/2025 , 14:20:54,3254,3254
2261,03/08/2025 , 15:20:54,3255,3255
2262,03/08/2025 , 16:20:54,3257,3257
2263,03/08/2025 , 17:20:54,3257,3257
2264,03/08/2025 , 18:20:54,3257,3257
2265,03/08/2025 , 19:20:54,3257,3257
2266,03/08/2025 , 20:20:54,3259,3259
2267,03/08/2025 , 21:20:54,3259,3259
2268,03/08/2025 , 22:20:54,3258,3258
2269,03/08/2025 , 23:20:54,3258,3258
2270,04/08/2025 , 00:20:54,3260,3260
2271,04/08/2025 , 01:20:54,3259,3259
2272,04/08/2025 , 02:20:54,3258,3258
2273,04/08/2025 , 03:20:54,3258,3258
2274,04/08/2025 , 04:20:54,3258,3258
2275,04/08/2025 , 05:20:54,3258,3258
2276,04/08/2025 , 06:20:54,3257,3257
2277,04/08/2025 , 07:20:54,3255,3255
2278,04/08/2025 , 08:20:54,3253,3253
2279,04/08/2025 , 09:20:54,3253,3253
2280,04/08/2025 , 10:20:54,3251,3251
2281,04/08/2025 , 11:20:54,306,306
2282,04/08/2025 , 12:20:54,3250,3250
2283,04/08/2025 , 13:20:54,307,307
2284,04/08/2025 , 14:20:54,338,338
2285,04/08/2025 , 15:20:54,517,517
2286,04/08/2025 , 16:20:54,1650,1650
2287,04/08/2025 , 17:20:54,1368,1368
2288,04/08/2025 , 18:20:54,1696,1696
2289,04/08/2025 , 19:20:54,3236,3236
2290,04/08/2025 , 20:20:54,3234,3234
2291,04/08/2025 , 21:20:54,3230,3230
2292,04/08/2025 , 22:20:54,3228,3228
2293,04/08/2025 , 23:20:54,3226,3226
2294,05/08/2025 , 00:20:54,3223,3223
2295,05/08/2025 , 01:20:54,3222,3222
2296,05/08/2025 , 02:20:54,3219,3219
2297,05/08/2025 , 03:20:54,3218,3218
2298,05/08/2025 , 04:20:54,3217,3217
2299,05/08/2025 , 05:20:54,3214,3214
2300,05/08/2025 , 06:20:54,3214,3214
2301,05/08/2025 , 07:20:54,3212,3212
2302,05/08/2025 , 08:20:54,3209,3209
2303,05/08/2025 , 09:20:54,3209,3209
2304,05/08/2025 , 10:20:54,3207,3207
2305,05/08/2025 , 11:20:54,3207,3207
2306,05/08/2025 , 12:20:54,3206,3206
2307,05/08/2025 , 13:20:54,3206,3206
2308,05/08/2025 , 14:20:54,3204,3204
2309,05/08/2025 , 15:20:54,3202,3202
2310,05/08/2025 , 16:20:54,3199,3199
2311,05/08/2025 , 17:20:54,3198,3198
2312,05/08/2025 , 18:20:54,3196,3196
2313,05/08/2025 , 19:20:54,3194,3194
2314,05/08/2025 , 20:20:54,3192,3192
2315,05/08/2025 , 21:20:54,3191,3191
2316,05/08/2025 , 22:20:54,3189,3189
2317,05/08/2025 , 23:20:54,3187,3187
2318,06/08/2025 , 00:20:54,3186,3186
2319,06/08/2025 , 01:20:54,3184,3184
2320,06/08/2025 , 02:20:54,3182,3182
2321,06/08/2025 , 03:20:54,3182,3182
2322,06/08/2025 , 04:20:54,3181,3181
2323,06/08/2025 , 05:20:54,3179,3179
2324,06/08/2025 , 06:20:54,3178,3178
2325,06/08/2025 , 07:20:54,3176,3176
2326,06/08/2025 , 08:20:54,3173,3173
2327,06/08/2025 , 09:20:54,3173,3173
2328,06/08/2025 , 10:20:54,3174,3174
2329,06/08/2025 , 11:20:54,3173,3173
2330,06/08/2025 , 12:20:54,3171,3171
2331,06/08/2025 , 13:20:54,3170,3170
2332,06/08/2025 , 14:20:54,3168,3168
2333,06/08/2025 , 15:20:54,3167,3167
2334,06/08/2025 , 16:20:54,3166,3166
2335,06/08/2025 , 17:20:54,3165,3165
2336,06/08/2025 , 18:20:54,3163,3163
2337,06/08/2025 , 19:20:54,3162,3162
2338,06/08/2025 , 20:20:54,3160,3160
2339,06/08/2025 , 21:20:54,3160,3160
2340,06/08/2025 , 22:20:54,3158,3158
2341,06/08/2025 , 23:20:54,3157,3157
2342,07/08/2025 , 00:20:54,3156,3156
2343,07/08/2025 , 01:20:54,3155,3155
2344,07/08/2025 , 02:20:54,3154,3154
2345,07/08/2025 , 03:20:54,3154,3154
2346,07/08/2025 , 04:20:54,3153,3153
2347,07/08/2025 , 05:20:54,3152,3152
2348,07/08/2025 , 06:20:54,3151,3151
2349,07/08/2025 , 07:20:54,3149,3149
2350,07/08/2025 , 08:20:54,3096,3096
2351,07/08/2025 , 09:20:54,3136,3136
2352,07/08/2025 , 10:20:54,3147,3147
2353,07/08/2025 , 11:20:54,3146,3146
2354,07/08/2025 , 12:20:54,3145,3145
2355,07/08/2025 , 13:20:54,3143,3143
2356,07/08/2025 , 14:20:54,3142,3142
2357,07/08/2025 , 15:20:54,3141,3141
2358,07/08/2025 , 16:20:54,3139,3139
2359,07/08/2025 , 17:20:54,3138,3138
2360,07/08/2025 , 18:20:54,3137,3137
2361,07/08/2025 , 19:20:54,3136,3136
2362,07/08/2025 , 20:20:54,3135,3135
2363,07/08/2025 , 21:20:54,3133,3133
2364,07/08/2025 , 22:20:54,3132,3132
2365,07/08/2025 , 23:20:54,3131,3131
2366,08/08/2025 , 00:20:54,3129,3129
2367,08/08/2025 , 01:20:54,3128,3128
2368,08/08/2025 , 02:20:54,3127,3127
2369,08/08/2025 , 03:20:54,3126,3126
2370,08/08/2025 , 04:20:54,3126,3126
2371,08/08/2025 , 05:20:54,3125,3125
2372,08/08/2025 , 06:20:54,3124,3124
2373,08/08/2025 , 07:20:54,306,306
2374,08/08/2025 , 08:20:54,3122,3122
2375,08/08/2025 , 09:20:54,3120,3120
2376,08/08/2025 , 10:20:54,3119,3119
2377,08/08/2025 , 11:20:54,3118,3118
2378,08/08/2025 , 12:20:54,3117,3117
2379,08/08/2025 , 13:20:54,3115,3115
2380,08/08/2025 , 14:20:54,3114,3114
2381,08/08/2025 , 15:20:54,3113,3113
2382,08/08/2025 , 16:20:54,3113,3113
2383,08/08/2025 , 17:20:54,3112,3112
2384,08/08/2025 , 18:20:54,3111,3111
2385,08/08/2025 , 19:20:54,2544,2544
2386,08/08/2025 , 20:20:54,3110,3110
2387,08/08/2025 , 21:20:54,3109,3109
2388,08/08/2025 , 22:20:54,3108,3108
2389,08/08/2025 , 23:20:54,3107,3107
2390,09/08/2025 , 00:20:54,3106,3106
2391,09/08/2025 , 01:20:54,3105,3105
2392,09/08/2025 , 02:20:54,3104,3104
2393,09/08/2025 , 03:20:54,3104,3104
2394,09/08/2025 , 04:20:54,3104,3104
2395,09/08/2025 , 05:20:54,3103,3103
2396,09/08/2025 , 06:20:54,3102,3102
2397,09/08/2025 , 07:20:54,3096,3096
2398,09/08/2025 , 08:20:54,3098,3098
2399,09/08/2025 , 09:20:54,3097,3097
2400,09/08/2025 , 10:20:54,3075,3075
2401,09/08/2025 , 11:20:54,3073,3073
2402,09/08/2025 , 12:20:54,3063,3063
2403,09/08/2025 , 13:20:54,306,306
2404,09/08/2025 , 14:20:54,306,306
2405,09/08/2025 , 15:20:54,310,310
2406,09/08/2025 , 16:20:54,3090,3090
2407,09/08/2025 , 17:20:54,2549,2549
2408,09/08/2025 , 18:20:54,3091,3091
2409,09/08/2025 , 19:20:54,3089,3089
2410,09/08/2025 , 20:20:54,3090,3090
2411,09/08/2025 , 21:20:54,3088,3088
2412,09/08/2025 , 22:20:54,3088,3088
2413,09/08/2025 , 23:20:54,3086,3086
2414,10/08/2025 , 00:20:54,3086,3086
2415,10/08/2025 , 01:20:54,3085,3085
2416,10/08/2025 , 02:20:54,3085,3085
2417,10/08/2025 , 03:20:54,3084,3084
2418,10/08/2025 , 04:20:54,3083,3083
2419,10/08/2025 , 05:20:54,3082,3082
2420,10/08/2025 , 06:20:54,3082,3082
2421,10/08/2025 , 07:20:54,306,306
2422,10/08/2025 , 08:20:54,306,306
2423,10/08/2025 , 09:20:54,306,306
2424,10/08/2025 , 10:20:54,306,306
2425,10/08/2025 , 11:20:54,3074,3074
2426,10/08/2025 , 12:20:54,3072,3072
2427,10/08/2025 , 13:20:54,306,306
2428,10/08/2025 , 14:20:54,649,649
2429,10/08/2025 , 15:20:54,956,956
2430,10/08/2025 , 16:20:54,1128,1128
2431,10/08/2025 , 17:20:54,1318,1318
2432,10/08/2025 , 18:20:54,1702,1702
2433,10/08/2025 , 19:20:54,3067,3067
2434,10/08/2025 , 20:20:54,3069,3069
2435,10/08/2025 , 21:20:54,3068,3068
2436,10/08/2025 , 22:20:54,3067,3067
2437,10/08/2025 , 23:20:54,3066,3066
2438,11/08/2025 , 00:20:54,3065,3065
2439,11/08/2025 , 01:20:54,3064,3064
2440,11/08/2025 , 02:20:54,3063,3063
2441,11/08/2025 , 03:20:54,3063,3063
2442,11/08/2025 , 04:20:54,3062,3062
2443,11/08/2025 , 05:20:54,3062,3062
2444,11/08/2025 , 06:20:54,3061,3061
2445,11/08/2025 , 07:20:54,3061,3061
2446,11/08/2025 , 08:20:54,3059,3059
2447,11/08/2025 , 09:20:54,306,306
2448,11/08/2025 , 10:20:54,306,306
2449,11/08/2025 , 11:20:54,306,306
2450,11/08/2025 , 12:20:54,306,306
2451,11/08/2025 , 13:20:54,306,306
2452,11/08/2025 , 14:20:54,306,306
2453,11/08/2025 , 15:20:54,306,306
2454,11/08/2025 , 16:20:54,352,352
2455,11/08/2025 , 17:20:54,1892,1892
2456,11/08/2025 , 18:20:54,3052,3052
2457,11/08/2025 , 19:20:54,3052,3052
2458,11/08/2025 , 20:20:54,3050,3050
2459,11/08/2025 , 21:20:54,3050,3050
2460,11/08/2025 , 22:20:54,3049,3049
2461,11/08/2025 , 23:20:54,3048,3048
2462,12/08/2025 , 00:20:54,3047,3047
2463,12/08/2025 , 01:20:54,3046,3046
2464,12/08/2025 , 02:20:54,3046,3046
2465,12/08/2025 , 03:20:54,3045,3045
2466,12/08/2025 , 04:20:54,3045,3045
2467,12/08/2025 , 05:20:54,3044,3044
2468,12/08/2025 , 06:20:54,3043,3043
2469,12/08/2025 , 07:20:54,306,306
2470,12/08/2025 , 08:20:54,306,306
2471,12/08/2025 , 09:20:54,306,306
2472,12/08/2025 , 10:20:54,3040,3040
2473,12/08/2025 , 11:20:54,3039,3039
2474,12/08/2025 , 12:20:54,3038,3038
2475,12/08/2025 , 13:20:54,396,396
2476,12/08/2025 , 14:20:54,1371,1371
2477,12/08/2025 , 15:20:54,1399,1399
2478,12/08/2025 , 16:20:54,1582,1582
2479,12/08/2025 , 17:20:54,1724,1724
2480,12/08/2025 , 18:20:54,2840,2840
2481,12/08/2025 , 19:20:54,3032,3032
2482,12/08/2025 , 20:20:54,3033,3033
2483,12/08/2025 , 21:20:54,3032,3032
2484,12/08/2025 , 22:20:54,3032,3032
2485,12/08/2025 , 23:20:54,3031,3031
2486,13/08/2025 , 00:20:54,3030,3030
2487,13/08/2025 , 01:20:54,3030,3030
2488,13/08/2025 , 02:20:54,3030,3030
2489,13/08/2025 , 03:20:54,3030,3030
2490,13/08/2025 , 04:20:54,3029,3029
2491,13/08/2025 , 05:20:54,3029,3029
2492,13/08/2025 , 06:20:54,3029,3029
2493,13/08/2025 , 07:20:54,3028,3028
2494,13/08/2025 , 08:20:54,3028,3028
2495,13/08/2025 , 09:20:54,3028,3028
2496,13/08/2025 , 10:20:54,3028,3028
2497,13/08/2025 , 11:20:54,3027,3027
2498,13/08/2025 , 12:20:54,306,306
2499,13/08/2025 , 13:20:54,306,306
2500,13/08/2025 , 14:20:54,306,306
2501,13/08/2025 , 15:20:54,3027,3027
2502,13/08/2025 , 16:20:54,3027,3027
2503,13/08/2025 , 17:20:54,3027,3027
2504,13/08/2025 , 18:20:54,3026,3026
2505,13/08/2025 , 19:20:54,3025,3025
2506,13/08/2025 , 20:20:54,3024,3024
2507,13/08/2025 , 21:20:54,3024,3024
2508,13/08/2025 , 22:20:54,3023,3023
2509,13/08/2025 , 23:20:54,3024,3024
2510,14/08/2025 , 00:20:54,3023,3023
2511,14/08/2025 , 01:20:54,3023,3023
2512,14/08/2025 , 02:20:54,3032,3032
2513,14/08/2025 , 03:20:54,3032,3032
2514,14/08/2025 , 04:20:54,3031,3031
2515,14/08/2025 , 05:20:54,3030,3030
2516,14/08/2025 , 06:20:54,3029,3029
2517,14/08/2025 , 07:20:54,3030,3030
2518,14/08/2025 , 08:20:54,3029,3029
2519,14/08/2025 , 09:20:54,2987,2987
2520,14/08/2025 , 10:20:54,3013,3013
2521,14/08/2025 , 11:20:54,306,306
2522,14/08/2025 , 12:20:54,306,306
2523,14/08/2025 , 13:20:54,2999,2999
2524,14/08/2025 , 14:20:54,3024,3024
2525,14/08/2025 , 15:20:54,2175,2175
2526,14/08/2025 , 16:20:54,3024,3024
2527,14/08/2025 , 17:20:54,3024,3024
2528,14/08/2025 , 18:20:54,3024,3024
2529,14/08/2025 , 19:20:54,3024,3024
2530,14/08/2025 , 20:20:54,3023,3023
2531,14/08/2025 , 21:20:54,3023,3023
2532,14/08/2025 , 22:20:54,3022,3022
2533,14/08/2025 , 23:20:54,3022,3022
2534,15/08/2025 , 00:20:54,3021,3021
2535,15/08/2025 , 01:20:54,3020,3020
2536,15/08/2025 , 02:20:54,3020,3020
2537,15/08/2025 , 03:20:54,3020,3020
2538,15/08/2025 , 04:20:54,3019,3019
2539,15/08/2025 , 05:20:54,3019,3019
2540,15/08/2025 , 06:20:54,3018,3018
2541,15/08/2025 , 07:20:54,3018,3018
2542,15/08/2025 , 08:20:54,3018,3018
2543,15/08/2025 , 09:20:54,3016,3016
2544,15/08/2025 , 10:20:54,3016,3016
2545,15/08/2025 , 11:20:54,3016,3016
2546,15/08/2025 , 12:20:54,3015,3015
2547,15/08/2025 , 13:20:54,3016,3016
2548,15/08/2025 , 14:20:54,3015,3015
2549,15/08/2025 , 15:20:54,3015,3015
2550,15/08/2025 , 16:20:54,3014,3014
2551,15/08/2025 , 17:20:54,3014,3014
2552,15/08/2025 , 18:20:54,3013,3013
2553,15/08/2025 , 19:20:54,3013,3013
2554,15/08/2025 , 20:20:54,3013,3013
2555,15/08/2025 , 21:20:54,3012,3012
2556,15/08/2025 , 22:20:54,3012,3012
2557,15/08/2025 , 23:20:54,3011,3011
2558,16/08/2025 , 00:20:54,3011,3011
2559,16/08/2025 , 01:20:54,3011,3011
2560,16/08/2025 , 02:20:54,3010,3010
2561,16/08/2025 , 03:20:54,3010,3010
2562,16/08/2025 , 04:20:54,3009,3009
2563,16/08/2025 , 05:20:54,3009,3009
2564,16/08/2025 , 06:20:54,3009,3009
2565,16/08/2025 , 07:20:54,3009,3009
2566,16/08/2025 , 08:20:54,3009,3009
2567,16/08/2025 , 09:20:54,3007,3007
2568,16/08/2025 , 10:20:54,306,306
2569,16/08/2025 , 11:20:54,306,306
2570,16/08/2025 , 12:20:54,306,306
2571,16/08/2025 , 13:20:54,306,306
2572,16/08/2025 , 14:20:54,306,306
2573,16/08/2025 , 15:20:54,306,306
2574,16/08/2025 , 16:20:54,449,449
2575,16/08/2025 , 17:20:54,3007,3007
2576,16/08/2025 , 18:20:54,3007,3007
2577,16/08/2025 , 19:20:54,3006,3006
2578,16/08/2025 , 20:20:54,3006,3006
2579,16/08/2025 , 21:20:54,3006,3006
2580,16/08/2025 , 22:20:54,3006,3006
2581,16/08/2025 , 23:20:54,3006,3006
2582,17/08/2025 , 00:20:54,3006,3006
2583,17/08/2025 , 01:20:54,3006,3006
2584,17/08/2025 , 02:20:54,3007,3007
2585,17/08/2025 , 03:20:54,3008,3008
2586,17/08/2025 , 04:20:54,3007,3007
2587,17/08/2025 , 05:20:54,3007,3007
2588,17/08/2025 , 06:20:54,3007,3007
2589,17/08/2025 , 07:20:54,3009,3009
2590,17/08/2025 , 08:20:54,3009,3009
2591,17/08/2025 , 09:20:54,3013,3013
2592,17/08/2025 , 10:20:54,3015,3015
2593,17/08/2025 , 11:20:54,3014,3014
2594,17/08/2025 , 12:20:54,3013,3013
2595,17/08/2025 , 13:20:54,3012,3012
2596,17/08/2025 , 14:20:54,3011,3011
2597,17/08/2025 , 15:20:54,3010,3010
2598,17/08/2025 , 16:20:54,3009,3009
2599,17/08/2025 , 17:20:54,3009,3009
2600,17/08/2025 , 18:20:54,3009,3009
2601,17/08/2025 , 19:20:54,3008,3008
2602,17/08/2025 , 20:20:54,3008,3008
2603,17/08/2025 , 21:20:54,3007,3007
2604,17/08/2025 , 22:20:54,3007,3007
2605,17/08/2025 , 23:20:54,3006,3006
2606,18/08/2025 , 00:20:54,3006,3006
2607,18/08/2025 , 01:20:54,3006,3006
2608,18/08/2025 , 02:20:54,3006,3006
2609,18/08/2025 , 03:20:54,3005,3005
2610,18/08/2025 , 04:20:54,3005,3005
2611,18/08/2025 , 05:20:54,3005,3005
2612,18/08/2025 , 06:20:54,3005,3005
2613,18/08/2025 , 07:20:54,3006,3006
2614,18/08/2025 , 08:20:54,3006,3006
2615,18/08/2025 , 09:20:54,3004,3004
2616,18/08/2025 , 10:20:54,3004,3004
2617,18/08/2025 , 11:20:54,306,306
2618,18/08/2025 , 12:20:54,310,310
2619,18/08/2025 , 13:20:54,3005,3005
2620,18/08/2025 , 14:20:54,3005,3005
2621,18/08/2025 , 15:20:54,3005,3005
2622,18/08/2025 , 16:20:54,3005,3005
2623,18/08/2025 , 17:20:54,3005,3005
2624,18/08/2025 , 18:20:54,3005,3005
2625,18/08/2025 , 19:20:54,3005,3005
2626,18/08/2025 , 20:20:54,3005,3005
2627,18/08/2025 , 21:20:54,3005,3005
2628,18/08/2025 , 22:20:54,3004,3004
2629,18/08/2025 , 23:20:54,3004,3004
2630,19/08/2025 , 00:20:54,3004,3004
2631,19/08/2025 , 01:20:54,3004,3004
2632,19/08/2025 , 02:20:54,3004,3004
2633,19/08/2025 , 03:20:54,3004,3004
2634,19/08/2025 , 04:20:54,3004,3004
2635,19/08/2025 , 05:20:54,3004,3004
2636,19/08/2025 , 06:20:54,3003,3003
2637,19/08/2025 , 07:20:54,3004,3004
2638,19/08/2025 , 08:20:54,3003,3003
2639,19/08/2025 , 09:20:54,1596,1596
2640,19/08/2025 , 10:20:54,2998,2998
2641,19/08/2025 , 11:20:54,306,306
2642,19/08/2025 , 12:20:54,2930,2930
2643,19/08/2025 , 13:20:54,3000,3000
2644,19/08/2025 , 14:20:54,2929,2929
2645,19/08/2025 , 15:20:54,3002,3002
2646,19/08/2025 , 16:20:54,3002,3002
2647,19/08/2025 , 17:20:54,3001,3001
2648,19/08/2025 , 18:20:54,3002,3002
2649,19/08/2025 , 19:20:54,3002,3002
2650,19/08/2025 , 20:20:54,3002,3002
2651,19/08/2025 , 21:20:54,3002,3002
2652,19/08/2025 , 22:20:54,3002,3002
2653,19/08/2025 , 23:20:54,3002,3002
2654,20/08/2025 , 00:20:54,3001,3001
2655,20/08/2025 , 01:20:54,3001,3001
2656,20/08/2025 , 02:20:54,3001,3001
2657,20/08/2025 , 03:20:54,3000,3000
2658,20/08/2025 , 04:20:54,3000,3000
2659,20/08/2025 , 05:20:54,3000,3000
2660,20/08/2025 , 06:20:54,3000,3000
2661,20/08/2025 , 07:20:54,3000,3000
2662,20/08/2025 , 08:20:54,3000,3000
2663,20/08/2025 , 09:20:54,306,306
2664,20/08/2025 , 10:20:54,306,306
2665,20/08/2025 , 11:20:54,2995,2995
2666,20/08/2025 , 12:20:54,306,306
2667,20/08/2025 , 13:20:54,306,306
2668,20/08/2025 , 14:20:54,306,306
2669,20/08/2025 , 15:20:54,306,306
2670,20/08/2025 , 16:20:54,361,361
2671,20/08/2025 , 17:20:54,376,376
2672,20/08/2025 , 18:20:54,361,361
2673,20/08/2025 , 19:20:54,2998,2998
2674,20/08/2025 , 20:20:54,2998,2998
2675,20/08/2025 , 21:20:54,2998,2998
2676,20/08/2025 , 22:20:54,2993,2993
2677,20/08/2025 , 23:20:54,2993,2993
2678,21/08/2025 , 00:20:54,2992,2992
2679,21/08/2025 , 01:20:54,2991,2991
2680,21/08/2025 , 02:20:54,2991,2991
2681,21/08/2025 , 03:20:54,2995,2995
2682,21/08/2025 , 04:20:54,2990,2990
2683,21/08/2025 , 05:20:54,2990,2990
2684,21/08/2025 , 06:20:54,2989,2989
2685,21/08/2025 , 07:20:54,2990,2990
2686,21/08/2025 , 08:20:54,306,306
2687,21/08/2025 , 09:20:54,2990,2990
2688,21/08/2025 , 10:20:54,2990,2990
2689,21/08/2025 , 11:20:54,2990,2990
2690,21/08/2025 , 12:20:54,2987,2987
2691,21/08/2025 , 13:20:54,2987,2987
2692,21/08/2025 , 14:20:54,2987,2987
2693,21/08/2025 , 15:20:54,2987,2987
2694,21/08/2025 , 16:20:54,2987,2987
2695,21/08/2025 , 17:20:54,2986,2986
2696,21/08/2025 , 18:20:54,2986,2986
2697,21/08/2025 , 19:20:54,2986,2986
2698,21/08/2025 , 20:20:54,2985,2985
2699,21/08/2025 , 21:20:54,2985,2985
2700,21/08/2025 , 22:20:54,2984,2984
2701,21/08/2025 , 23:20:54,2983,2983
2702,22/08/2025 , 00:20:54,2982,2982
2703,22/08/2025 , 01:20:54,2982,2982
2704,22/08/2025 , 02:20:54,2982,2982
2705,22/08/2025 , 03:20:54,2982,2982
2706,22/08/2025 , 04:20:54,2982,2982
2707,22/08/2025 , 05:20:54,2981,2981
2708,22/08/2025 , 06:20:54,2980,2980
2709,22/08/2025 , 07:20:54,2979,2979
2710,22/08/2025 , 08:20:54,2978,2978
2711,22/08/2025 , 09:20:54,2978,2978
2712,22/08/2025 , 10:20:54,2977,2977
2713,22/08/2025 , 11:20:54,2978,2978
2714,22/08/2025 , 12:20:54,2976,2976
2715,22/08/2025 , 13:20:54,2974,2974
2716,22/08/2025 , 14:20:54,2973,2973
2717,22/08/2025 , 15:20:54,2973,2973
2718,22/08/2025 , 16:20:54,2971,2971
2719,22/08/2025 , 17:20:54,2971,2971
2720,22/08/2025 , 18:20:54,1721,1721
2721,22/08/2025 , 19:20:54,2973,2973
2722,22/08/2025 , 20:20:54,2971,2971
2723,22/08/2025 , 21:20:54,2971,2971
2724,22/08/2025 , 22:20:54,2967,2967
2725,22/08/2025 , 23:20:54,2966,2966
2726,23/08/2025 , 00:20:54,2964,2964
2727,23/08/2025 , 01:20:54,2892,2892
2728,23/08/2025 , 02:20:54,2344,2344
2729,23/08/2025 , 03:20:54,2305,2305
2730,23/08/2025 , 04:20:54,2956,2956
2731,23/08/2025 , 05:20:54,2956,2956
2732,23/08/2025 , 06:20:54,2957,2957
2733,23/08/2025 , 07:20:54,2944,2944
2734,23/08/2025 , 08:20:54,306,306
2735,23/08/2025 , 09:20:54,306,306
2736,23/08/2025 , 10:20:54,306,306
2737,23/08/2025 , 11:20:54,2953,2953
2738,23/08/2025 , 12:20:54,306,306
2739,23/08/2025 , 13:20:54,306,306
2740,23/08/2025 , 14:20:54,2951,2951
2741,23/08/2025 , 15:20:54,2951,2951
2742,23/08/2025 , 16:20:54,2950,2950
2743,23/08/2025 , 17:20:54,2946,2946
2744,23/08/2025 , 18:20:54,2943,2943
2745,23/08/2025 , 19:20:54,2949,2949
2746,23/08/2025 , 20:20:54,2950,2950
2747,23/08/2025 , 21:20:54,2948,2948
2748,23/08/2025 , 22:20:54,2948,2948
2749,23/08/2025 , 23:20:54,2947,2947
2750,24/08/2025 , 00:20:54,2946,2946
2751,24/08/2025 , 01:20:54,2946,2946
2752,24/08/2025 , 02:20:54,2944,2944
2753,24/08/2025 , 03:20:54,2944,2944
2754,24/08/2025 , 04:20:54,2944,2944
2755,24/08/2025 , 05:20:54,2943,2943
2756,24/08/2025 , 06:20:54,2943,2943
2757,24/08/2025 , 07:20:54,2946,2946
2758,24/08/2025 , 08:20:54,2943,2943
2759,24/08/2025 , 09:20:54,2941,2941
2760,24/08/2025 , 10:20:54,2937,2937
2761,24/08/2025 , 11:20:54,2938,2938
2762,24/08/2025 , 12:20:54,2938,2938
2763,24/08/2025 , 13:20:54,314,314
2764,24/08/2025 , 14:20:54,2138,2138
2765,24/08/2025 , 15:20:54,313,313
2766,24/08/2025 , 16:20:54,317,317
2767,24/08/2025 , 17:20:54,323,323
2768,24/08/2025 , 18:20:54,326,326
2769,24/08/2025 , 19:20:54,344,344
2770,24/08/2025 , 20:20:54,363,363
2771,24/08/2025 , 21:20:54,2933,2933
2772,24/08/2025 , 22:20:54,2932,2932
2773,24/08/2025 , 23:20:54,2931,2931
2774,25/08/2025 , 00:20:54,2930,2930
2775,25/08/2025 , 01:20:54,2928,2928
2776,25/08/2025 , 02:20:54,2929,2929
2777,25/08/2025 , 03:20:54,2930,2930
2778,25/08/2025 , 04:20:54,2928,2928
2779,25/08/2025 , 05:20:54,2928,2928
2780,25/08/2025 , 06:20:54,2927,2927
2781,25/08/2025 , 07:20:54,2927,2927
2782,25/08/2025 , 08:20:54,2927,2927
2783,25/08/2025 , 09:20:54,2927,2927
2784,25/08/2025 , 10:20:54,2927,2927
2785,25/08/2025 , 11:20:54,2927,2927
2786,25/08/2025 , 12:20:54,635,635
2787,25/08/2025 , 13:20:54,327,327
2788,25/08/2025 , 14:20:54,321,321
2789,25/08/2025 , 15:20:54,357,357
2790,25/08/2025 , 16:20:54,354,354
2791,25/08/2025 , 17:20:54,352,352
2792,25/08/2025 , 18:20:54,401,401
2793,25/08/2025 , 19:20:54,2920,2920
2794,25/08/2025 , 20:20:54,2922,2922
2795,25/08/2025 , 21:20:54,2921,2921
2796,25/08/2025 , 22:20:54,2921,2921
2797,25/08/2025 , 23:20:54,2921,2921
2798,26/08/2025 , 00:20:54,2920,2920
2799,26/08/2025 , 01:20:54,2920,2920
2800,26/08/2025 , 02:20:54,2919,2919
2801,26/08/2025 , 03:20:54,2918,2918
2802,26/08/2025 , 04:20:54,2917,2917
2803,26/08/2025 , 05:20:54,2916,2916
2804,26/08/2025 , 06:20:54,2916,2916
2805,26/08/2025 , 07:20:54,2915,2915
2806,26/08/2025 , 08:20:54,2914,2914
2807,26/08/2025 , 09:20:54,389,389
2808,26/08/2025 , 10:20:54,2913,2913
2809,26/08/2025 , 11:20:54,2908,2908
2810,26/08/2025 , 12:20:54,346,346
2811,26/08/2025 , 13:20:54,359,359
2812,26/08/2025 , 14:20:54,363,363
2813,26/08/2025 , 15:20:54,369,369
2814,26/08/2025 , 16:20:54,379,379
2815,26/08/2025 , 17:20:54,397,397
2816,26/08/2025 , 18:20:54,2197,2197
2817,26/08/2025 , 19:20:54,2908,2908
2818,26/08/2025 , 20:20:54,2908,2908
2819,26/08/2025 , 21:20:54,2908,2908
2820,26/08/2025 , 22:20:54,2907,2907
2821,26/08/2025 , 23:20:54,2906,2906
2822,27/08/2025 , 00:20:54,2907,2907
2823,27/08/2025 , 01:20:54,2906,2906
2824,27/08/2025 , 02:20:54,2905,2905
2825,27/08/2025 , 03:20:54,2905,2905
2826,27/08/2025 , 04:20:54,2904,2904
2827,27/08/2025 , 05:20:54,2902,2902
2828,27/08/2025 , 06:20:54,2903,2903
2829,27/08/2025 , 07:20:54,2903,2903
2830,27/08/2025 , 08:20:54,2902,2902
2831,27/08/2025 , 09:20:54,2892,2892
2832,27/08/2025 , 10:20:54,2890,2890
2833,27/08/2025 , 11:20:54,2889,2889
2834,27/08/2025 , 12:20:54,2882,2882
2835,27/08/2025 , 13:20:54,2898,2898
2836,27/08/2025 , 14:20:54,2837,2837
2837,27/08/2025 , 15:20:54,1228,1228
2838,27/08/2025 , 16:20:54,2872,2872
2839,27/08/2025 , 17:20:54,423,423
2840,27/08/2025 , 18:20:54,1144,1144
2841,27/08/2025 , 19:20:54,1725,1725
2842,27/08/2025 , 20:20:54,2895,2895
2843,27/08/2025 , 21:20:54,2894,2894
2844,27/08/2025 , 22:20:54,2894,2894
2845,27/08/2025 , 23:20:54,2893,2893
2846,28/08/2025 , 00:20:54,2892,2892
2847,28/08/2025 , 01:20:54,2891,2891
2848,28/08/2025 , 02:20:54,2890,2890
2849,28/08/2025 , 03:20:54,2890,2890
2850,28/08/2025 , 04:20:54,2889,2889
2851,28/08/2025 , 05:20:54,2889,2889
2852,28/08/2025 , 06:20:54,2887,2887
2853,28/08/2025 , 07:20:54,2888,2888
2854,28/08/2025 , 08:20:54,2887,2887
2855,28/08/2025 , 09:20:54,329,329
2856,28/08/2025 , 10:20:54,306,306
2857,28/08/2025 , 11:20:54,2872,2872
2858,28/08/2025 , 12:20:54,2695,2695
2859,28/08/2025 , 13:20:54,394,394
2860,28/08/2025 , 14:20:54,405,405
2861,28/08/2025 , 15:20:54,404,404
2862,28/08/2025 , 16:20:54,996,996
2863,28/08/2025 , 17:20:54,1161,1161
2864,28/08/2025 , 18:20:54,2365,2365
2865,28/08/2025 , 19:20:54,2879,2879
2866,28/08/2025 , 20:20:54,2880,2880
2867,28/08/2025 , 21:20:54,2882,2882
2868,28/08/2025 , 22:20:54,2879,2879
2869,28/08/2025 , 23:20:54,2879,2879
2870,29/08/2025 , 00:20:54,2880,2880
2871,29/08/2025 , 01:20:54,2879,2879
2872,29/08/2025 , 02:20:54,2877,2877
2873,29/08/2025 , 03:20:54,2879,2879
2874,29/08/2025 , 04:20:54,2877,2877
2875,29/08/2025 , 05:20:54,2877,2877
2876,29/08/2025 , 06:20:54,2878,2878
2877,29/08/2025 , 07:20:54,2879,2879
2878,29/08/2025 , 08:20:54,2877,2877
2879,29/08/2025 , 09:20:54,2876,2876
2880,29/08/2025 , 10:20:54,1627,1627
2881,29/08/2025 , 11:20:54,2875,2875
2882,29/08/2025 , 12:20:54,2824,2824
2883,29/08/2025 , 13:20:54,2876,2876
2884,29/08/2025 , 14:20:54,2877,2877
2885,29/08/2025 , 15:20:54,2872,2872
2886,29/08/2025 , 16:20:54,2873,2873
2887,29/08/2025 , 17:20:54,2874,2874
2888,29/08/2025 , 18:20:54,2875,2875
2889,29/08/2025 , 19:20:54,2876,2876
2890,29/08/2025 , 20:20:54,2877,2877
2891,29/08/2025 , 21:20:54,2875,2875
2892,29/08/2025 , 22:20:54,2877,2877
2893,29/08/2025 , 23:20:54,2874,2874
2894,30/08/2025 , 00:20:54,2875,2875
2895,30/08/2025 , 01:20:54,2875,2875
2896,30/08/2025 , 02:20:54,2874,2874
2897,30/08/2025 , 03:20:54,2871,2871
2898,30/08/2025 , 04:20:54,2871,2871
2899,30/08/2025 , 05:20:54,2872,2872
2900,30/08/2025 , 06:20:54,2872,2872
2901,30/08/2025 , 07:20:54,2869,2869
2902,30/08/2025 , 08:20:54,2869,2869
2903,30/08/2025 , 09:20:54,2869,2869
2904,30/08/2025 , 10:20:54,2868,2868
2905,30/08/2025 , 11:20:54,602,602
2906,30/08/2025 , 12:20:54,306,306
2907,30/08/2025 , 13:20:54,317,317
2908,30/08/2025 , 14:20:54,327,327
2909,30/08/2025 , 15:20:54,384,384
2910,30/08/2025 , 16:20:54,349,349
2911,30/08/2025 , 17:20:54,397,397
2912,30/08/2025 , 18:20:54,2833,2833
2913,30/08/2025 , 19:20:54,2863,2863
2914,30/08/2025 , 20:20:54,2863,2863
2915,30/08/2025 , 21:20:54,2863,2863
2916,30/08/2025 , 22:20:54,2863,2863
2917,30/08/2025 , 23:20:54,2863,2863
2918,31/08/2025 , 00:20:54,2863,2863
2919,31/08/2025 , 01:20:54,2863,2863
2920,31/08/2025 , 02:20:54,2860,2860
2921,31/08/2025 , 03:20:54,2861,2861
2922,31/08/2025 , 04:20:54,2861,2861
2923,31/08/2025 , 05:20:54,2860,2860
2924,31/08/2025 , 06:20:54,2860,2860
2925,31/08/2025 , 07:20:54,2859,2859
2926,31/08/2025 , 08:20:54,2859,2859
2927,31/08/2025 , 09:20:54,2858,2858
2928,31/08/2025 , 10:20:54,2855,2855
2929,31/08/2025 , 11:20:54,306,306
2930,31/08/2025 , 12:20:54,306,306
2931,31/08/2025 , 13:20:54,320,320
2932,31/08/2025 , 14:20:54,307,307
2933,31/08/2025 , 15:20:54,306,306
2934,31/08/2025 , 16:20:54,306,306
2935,31/08/2025 , 17:20:54,306,306
2936,31/08/2025 , 18:20:54,329,329
2937,31/08/2025 , 19:20:54,396,396
2938,31/08/2025 , 20:20:54,2847,2847
2939,31/08/2025 , 21:20:54,2848,2848
2940,31/08/2025 , 22:20:54,2849,2849
2941,31/08/2025 , 23:20:54,2846,2846
2942,01/09/2025 , 00:20:54,2846,2846
2943,01/09/2025 , 01:20:54,2846,2846
2944,01/09/2025 , 02:20:54,2846,2846
2945,01/09/2025 , 03:20:54,2846,2846
2946,01/09/2025 , 04:20:54,2846,2846
2947,01/09/2025 , 05:20:54,2845,2845
2948,01/09/2025 , 06:20:54,2845,2845
2949,01/09/2025 , 07:20:54,2844,2844
2950,01/09/2025 , 08:20:54,319,319
2951,01/09/2025 , 09:20:54,2835,2835
2952,01/09/2025 , 10:20:54,306,306
2953,01/09/2025 , 11:20:54,306,306
2954,01/09/2025 , 12:20:54,2841,2841
2955,01/09/2025 , 13:20:54,2837,2837
2956,01/09/2025 , 14:20:54,2838,2838
2957,01/09/2025 , 15:20:54,2838,2838
2958,01/09/2025 , 16:20:54,2837,2837
2959,01/09/2025 , 17:20:54,2837,2837
2960,01/09/2025 , 18:20:54,2837,2837
2961,01/09/2025 , 19:20:54,2837,2837
2962,01/09/2025 , 20:20:54,2837,2837
2963,01/09/2025 , 21:20:54,2837,2837
2964,01/09/2025 , 22:20:54,2837,2837
2965,01/09/2025 , 23:20:54,2837,2837
2966,02/09/2025 , 00:20:54,2837,2837
2967,02/09/2025 , 01:20:54,2836,2836
2968,02/09/2025 , 02:20:54,2836,2836
2969,02/09/2025 , 03:20:54,2836,2836
2970,02/09/2025 , 04:20:54,2835,2835
2971,02/09/2025 , 05:20:54,2835,2835
2972,02/09/2025 , 06:20:54,2835,2835
2973,02/09/2025 , 07:20:54,2834,2834
2974,02/09/2025 , 08:20:54,2834,2834
2975,02/09/2025 , 09:20:54,306,306
2976,02/09/2025 , 10:20:54,306,306
2977,02/09/2025 , 11:20:54,306,306
2978,02/09/2025 , 12:20:54,2832,2832
2979,02/09/2025 , 13:20:54,2827,2827
2980,02/09/2025 , 14:20:54,2827,2827
2981,02/09/2025 , 15:20:54,2827,2827
2982,02/09/2025 , 16:20:54,306,306
2983,02/09/2025 , 17:20:54,315,315
2984,02/09/2025 , 18:20:54,2829,2829
2985,02/09/2025 , 19:20:54,2830,2830
2986,02/09/2025 , 20:20:54,2832,2832
2987,02/09/2025 , 21:20:54,2832,2832
2988,02/09/2025 , 22:20:54,2832,2832
2989,02/09/2025 , 23:20:54,2832,2832
2990,03/09/2025 , 00:20:54,2832,2832
2991,03/09/2025 , 01:20:54,2832,2832
2992,03/09/2025 , 02:20:54,2831,2831
2993,03/09/2025 , 03:20:54,2831,2831
2994,03/09/2025 , 04:20:54,2783,2783
2995,03/09/2025 , 05:20:54,2768,2768
2996,03/09/2025 , 06:20:54,2755,2755
2997,03/09/2025 , 07:20:54,2760,2760
2998,03/09/2025 , 08:20:54,322,322
2999,03/09/2025 , 09:20:54,317,317
3000,03/09/2025 , 10:20:54,319,319
3001,03/09/2025 , 11:20:54,306,306
3002,03/09/2025 , 12:20:54,306,306
3003,03/09/2025 , 13:20:54,317,317
3004,03/09/2025 , 14:20:54,330,330
3005,03/09/2025 , 15:20:54,341,341
3006,03/09/2025 , 16:20:54,334,334
3007,03/09/2025 , 17:20:54,341,341
3008,03/09/2025 , 18:20:54,345,345
3009,03/09/2025 , 19:20:54,2842,2842
3010,03/09/2025 , 20:20:54,1453,1453
3011,03/09/2025 , 21:20:54,2854,2854
3012,03/09/2025 , 22:20:54,2854,2854
3013,03/09/2025 , 23:20:54,2853,2853
3014,04/09/2025 , 00:20:54,2854,2854
3015,04/09/2025 , 01:20:54,2854,2854
3016,04/09/2025 , 02:20:54,2853,2853
3017,04/09/2025 , 03:20:54,2853,2853
3018,04/09/2025 , 04:20:54,2852,2852
3019,04/09/2025 , 05:20:54,2853,2853
3020,04/09/2025 , 06:20:54,2854,2854
3021,04/09/2025 , 07:20:54,2853,2853
3022,04/09/2025 , 08:20:54,313,313
3023,04/09/2025 , 09:20:54,306,306
3024,04/09/2025 , 10:20:54,306,306
3025,04/09/2025 , 11:20:54,306,306
3026,04/09/2025 , 12:20:54,2854,2854
3027,04/09/2025 , 13:20:54,2849,2849
3028,04/09/2025 , 14:20:54,306,306
3029,04/09/2025 , 15:20:54,306,306
3030,04/09/2025 , 16:20:54,306,306
3031,04/09/2025 , 17:20:54,306,306
3032,04/09/2025 , 18:20:54,381,381
3033,04/09/2025 , 19:20:54,761,761
3034,04/09/2025 , 20:20:54,1342,1342
3035,04/09/2025 , 21:20:54,2854,2854
3036,04/09/2025 , 22:20:54,2852,2852
3037,04/09/2025 , 23:20:54,2852,2852
3038,05/09/2025 , 00:20:54,1719,1719
3039,05/09/2025 , 01:20:54,1821,1821
3040,05/09/2025 , 02:20:54,2845,2845
3041,05/09/2025 , 03:20:54,2849,2849
3042,05/09/2025 , 04:20:54,2850,2850
3043,05/09/2025 , 05:20:54,2850,2850
3044,05/09/2025 , 06:20:54,2849,2849
3045,05/09/2025 , 07:20:54,2848,2848
3046,05/09/2025 , 08:20:54,2848,2848
3047,05/09/2025 , 09:20:54,1794,1794
3048,05/09/2025 , 10:20:54,1510,1510
3049,05/09/2025 , 11:20:54,307,307
3050,05/09/2025 , 12:20:54,312,312
3051,05/09/2025 , 13:20:54,323,323
3052,05/09/2025 , 14:20:54,330,330
3053,05/09/2025 , 15:20:54,328,328
3054,05/09/2025 , 16:20:54,320,320
3055,05/09/2025 , 17:20:54,317,317
3056,05/09/2025 , 18:20:54,333,333
3057,05/09/2025 , 19:20:54,481,481
3058,05/09/2025 , 20:20:54,2849,2849
3059,05/09/2025 , 21:20:54,2847,2847
3060,05/09/2025 , 22:20:54,2845,2845
3061,05/09/2025 , 23:20:54,2830,2830
3062,06/09/2025 , 00:20:54,1517,1517
3063,06/09/2025 , 01:20:54,1555,1555
3064,06/09/2025 , 02:20:54,1617,1617
3065,06/09/2025 , 03:20:54,2846,2846
3066,06/09/2025 , 04:20:54,2847,2847
3067,06/09/2025 , 05:20:54,2846,2846
3068,06/09/2025 , 06:20:54,2845,2845
3069,06/09/2025 , 07:20:54,2845,2845
3070,06/09/2025 , 08:20:54,2843,2843
3071,06/09/2025 , 09:20:54,2842,2842
3072,06/09/2025 , 10:20:54,2841,2841
3073,06/09/2025 , 11:20:54,2841,2841
3074,06/09/2025 , 12:20:54,2840,2840
3075,06/09/2025 , 13:20:54,2839,2839
3076,06/09/2025 , 14:20:54,2839,2839
3077,06/09/2025 , 15:20:54,2839,2839
3078,06/09/2025 , 16:20:54,2840,2840
3079,06/09/2025 , 17:20:54,2840,2840
3080,06/09/2025 , 18:20:54,2840,2840
3081,06/09/2025 , 19:20:54,2839,2839
3082,06/09/2025 , 20:20:54,2839,2839
3083,06/09/2025 , 21:20:54,2839,2839
3084,06/09/2025 , 22:20:54,2839,2839
3085,06/09/2025 , 23:20:54,2839,2839
3086,07/09/2025 , 00:20:54,2838,2838
3087,07/09/2025 , 01:20:54,2838,2838
3088,07/09/2025 , 02:20:54,2839,2839
3089,07/09/2025 , 03:20:54,2379,2379
3090,07/09/2025 , 04:20:54,2409,2409
3091,07/09/2025 , 05:20:54,2438,2438
3092,07/09/2025 , 06:20:54,2437,2437
3093,07/09/2025 , 07:20:54,2420,2420
3094,07/09/2025 , 08:20:54,2429,2429
3095,07/09/2025 , 09:20:54,2838,2838
3096,07/09/2025 , 10:20:54,336,336
3097,07/09/2025 , 11:20:54,2838,2838
3098,07/09/2025 , 12:20:54,329,329
3099,07/09/2025 , 13:20:54,334,334
3100,07/09/2025 , 14:20:54,382,382
3101,07/09/2025 , 15:20:54,345,345
3102,07/09/2025 , 16:20:54,345,345
3103,07/09/2025 , 17:20:54,355,355
3104,07/09/2025 , 18:20:54,2841,2841
3105,07/09/2025 , 19:20:54,2841,2841
3106,07/09/2025 , 20:20:54,2842,2842
3107,07/09/2025 , 21:20:54,2842,2842
3108,07/09/2025 , 22:20:54,2841,2841
3109,07/09/2025 , 23:20:54,2841,2841
3110,08/09/2025 , 00:20:54,2841,2841
3111,08/09/2025 , 01:20:54,2840,2840
3112,08/09/2025 , 02:20:54,2840,2840
3113,08/09/2025 , 03:20:54,2840,2840
3114,08/09/2025 , 04:20:54,2840,2840
3115,08/09/2025 , 05:20:54,2840,2840
3116,08/09/2025 , 06:20:54,2839,2839
3117,08/09/2025 , 07:20:54,2839,2839
3118,08/09/2025 , 08:20:54,1405,1405
3119,08/09/2025 , 09:20:54,339,339
3120,08/09/2025 , 10:20:54,2829,2829
3121,08/09/2025 , 11:20:54,316,316
3122,08/09/2025 , 12:20:54,340,340
3123,08/09/2025 , 13:20:54,2833,2833
3124,08/09/2025 , 14:20:54,2829,2829
3125,08/09/2025 , 15:20:54,458,458
3126,08/09/2025 , 16:20:54,1743,1743
3127,08/09/2025 , 17:20:54,2832,2832
3128,08/09/2025 , 18:20:54,2832,2832
3129,08/09/2025 , 19:20:54,2832,2832
3130,08/09/2025 , 20:20:54,2831,2831
3131,08/09/2025 , 21:20:54,2831,2831
3132,08/09/2025 , 22:20:54,2831,2831
3133,08/09/2025 , 23:20:54,2831,2831
3134,09/09/2025 , 00:20:54,2831,2831
3135,09/09/2025 , 01:20:54,2831,2831
3136,09/09/2025 , 02:20:54,2831,2831
3137,09/09/2025 , 03:20:54,2831,2831
3138,09/09/2025 , 04:20:54,2831,2831
3139,09/09/2025 , 05:20:54,2829,2829
3140,09/09/2025 , 06:20:54,2829,2829
3141,09/09/2025 , 07:20:54,2830,2830
3142,09/09/2025 , 08:20:54,2828,2828
3143,09/09/2025 , 09:20:54,307,307
3144,09/09/2025 , 10:20:54,315,315
3145,09/09/2025 , 11:20:54,2829,2829
3146,09/09/2025 , 12:20:54,2657,2657
3147,09/09/2025 , 13:20:54,2831,2831
3148,09/09/2025 , 14:20:54,2831,2831
3149,09/09/2025 , 15:20:54,2830,2830
3150,09/09/2025 , 16:20:54,2831,2831
3151,09/09/2025 , 17:20:54,480,480
3152,09/09/2025 , 18:20:54,2828,2828
3153,09/09/2025 , 19:20:54,2833,2833
3154,09/09/2025 , 20:20:54,2827,2827
3155,09/09/2025 , 21:20:54,2827,2827
3156,09/09/2025 , 22:20:54,2827,2827
3157,09/09/2025 , 23:20:54,2827,2827
3158,10/09/2025 , 00:20:54,2829,2829
3159,10/09/2025 , 01:20:54,2830,2830
3160,10/09/2025 , 02:20:54,2830,2830
3161,10/09/2025 , 03:20:54,2830,2830
3162,10/09/2025 , 04:20:54,2830,2830
3163,10/09/2025 , 05:20:54,2830,2830
3164,10/09/2025 , 06:20:54,2831,2831
3165,10/09/2025 , 07:20:54,2831,2831
3166,10/09/2025 , 08:20:54,382,382
3167,10/09/2025 , 09:20:54,313,313
3168,10/09/2025 , 10:20:54,306,306
3169,10/09/2025 , 11:20:54,306,306
3170,10/09/2025 , 12:20:54,306,306
3171,10/09/2025 , 13:20:54,306,306
3172,10/09/2025 , 14:20:54,313,313
3173,10/09/2025 , 15:20:54,314,314
3174,10/09/2025 , 16:20:54,329,329
3175,10/09/2025 , 17:20:54,340,340
3176,10/09/2025 , 18:20:54,2825,2825
3177,10/09/2025 , 19:20:54,2746,2746
3178,10/09/2025 , 20:20:54,2829,2829
3179,10/09/2025 , 21:20:54,2829,2829
3180,10/09/2025 , 22:20:54,2829,2829
3181,10/09/2025 , 23:20:54,2829,2829
3182,11/09/2025 , 00:20:54,2829,2829
3183,11/09/2025 , 01:20:54,2829,2829
3184,11/09/2025 , 02:20:54,2829,2829
3185,11/09/2025 , 03:20:54,2829,2829
3186,11/09/2025 , 04:20:54,2829,2829
3187,11/09/2025 , 05:20:54,2829,2829
3188,11/09/2025 , 06:20:54,2829,2829
3189,11/09/2025 , 07:20:54,2829,2829
3190,11/09/2025 , 08:20:54,336,336
3191,11/09/2025 , 09:20:54,306,306
3192,11/09/2025 , 10:20:54,306,306
3193,11/09/2025 , 11:20:54,306,306
3194,11/09/2025 , 12:20:54,306,306
3195,11/09/2025 , 13:20:54,306,306
3196,11/09/2025 , 14:20:54,315,315
3197,11/09/2025 , 15:20:54,330,330
3198,11/09/2025 , 16:20:54,355,355
3199,11/09/2025 , 17:20:54,2823,2823
3200,11/09/2025 , 18:20:54,2822,2822
3201,11/09/2025 , 19:20:54,2821,2821
3202,11/09/2025 , 20:20:54,2821,2821
3203,11/09/2025 , 21:20:54,2820,2820
3204,11/09/2025 , 22:20:54,2819,2819
3205,11/09/2025 , 23:20:54,2819,2819
3206,12/09/2025 , 00:20:54,2817,2817
3207,12/09/2025 , 01:20:54,2817,2817
3208,12/09/2025 , 02:20:54,2816,2816
3209,12/09/2025 , 03:20:54,2816,2816
3210,12/09/2025 , 04:20:54,2816,2816
3211,12/09/2025 , 05:20:54,2814,2814
3212,12/09/2025 , 06:20:54,2813,2813
3213,12/09/2025 , 07:20:54,2813,2813
3214,12/09/2025 , 08:20:54,2802,2802
3215,12/09/2025 , 09:20:54,306,306
3216,12/09/2025 , 10:20:54,325,325
3217,12/09/2025 , 11:20:54,2811,2811
3218,12/09/2025 , 12:20:54,2809,2809
3219,12/09/2025 , 13:20:54,2810,2810
3220,12/09/2025 , 14:20:54,2809,2809
3221,12/09/2025 , 15:20:54,2809,2809
3222,12/09/2025 , 16:20:54,2809,2809
3223,12/09/2025 , 17:20:54,2809,2809
3224,12/09/2025 , 18:20:54,2799,2799
3225,12/09/2025 , 19:20:54,2810,2810
3226,12/09/2025 , 20:20:54,2809,2809
3227,12/09/2025 , 21:20:54,2809,2809
3228,12/09/2025 , 22:20:54,2809,2809
3229,12/09/2025 , 23:20:54,2808,2808
3230,13/09/2025 , 00:20:54,2809,2809
3231,13/09/2025 , 01:20:54,2808,2808
3232,13/09/2025 , 02:20:54,2808,2808
3233,13/09/2025 , 03:20:54,2808,2808
3234,13/09/2025 , 04:20:54,2808,2808
3235,13/09/2025 , 05:20:54,2808,2808
3236,13/09/2025 , 06:20:54,2808,2808
3237,13/09/2025 , 07:20:54,2808,2808
3238,13/09/2025 , 08:20:54,2807,2807
3239,13/09/2025 , 09:20:54,2807,2807
3240,13/09/2025 , 10:20:54,2805,2805
3241,13/09/2025 , 11:20:54,2802,2802
3242,13/09/2025 , 12:20:54,2800,2800
3243,13/09/2025 , 13:20:54,2800,2800
3244,13/09/2025 , 14:20:54,2802,2802
3245,13/09/2025 , 15:20:54,2802,2802
3246,13/09/2025 , 16:20:54,2802,2802
3247,13/09/2025 , 17:20:54,2807,2807
3248,13/09/2025 , 18:20:54,2808,2808
3249,13/09/2025 , 19:20:54,2807,2807
3250,13/09/2025 , 20:20:54,2806,2806
3251,13/09/2025 , 21:20:54,2806,2806
3252,13/09/2025 , 22:20:54,2806,2806
3253,13/09/2025 , 23:20:54,2806,2806
3254,14/09/2025 , 00:20:54,2806,2806
3255,14/09/2025 , 01:20:54,2806,2806
3256,14/09/2025 , 02:20:54,2807,2807
3257,14/09/2025 , 03:20:54,2806,2806
3258,14/09/2025 , 04:20:54,2806,2806
3259,14/09/2025 , 05:20:54,2806,2806
3260,14/09/2025 , 06:20:54,2806,2806
3261,14/09/2025 , 07:20:54,2799,2799
3262,14/09/2025 , 08:20:54,2800,2800
3263,14/09/2025 , 09:20:54,2793,2793
3264,14/09/2025 , 10:20:54,2792,2792
3265,14/09/2025 , 11:20:54,306,306
3266,14/09/2025 , 12:20:54,306,306
3267,14/09/2025 , 13:20:54,306,306
3268,14/09/2025 , 14:20:54,306,306
3269,14/09/2025 , 15:20:54,306,306
3270,14/09/2025 , 16:20:54,306,306
3271,14/09/2025 , 17:20:54,307,307
3272,14/09/2025 , 18:20:54,2744,2744
3273,14/09/2025 , 19:20:54,2787,2787
3274,14/09/2025 , 20:20:54,2785,2785
3275,14/09/2025 , 21:20:54,2784,2784
3276,14/09/2025 , 22:20:54,2783,2783
3277,14/09/2025 , 23:20:54,2782,2782
3278,15/09/2025 , 00:20:54,2781,2781
3279,15/09/2025 , 01:20:54,2780,2780
3280,15/09/2025 , 02:20:54,2779,2779
3281,15/09/2025 , 03:20:54,2778,2778
3282,15/09/2025 , 04:20:54,2778,2778
3283,15/09/2025 , 05:20:54,2776,2776
3284,15/09/2025 , 06:20:54,2775,2775
3285,15/09/2025 , 07:20:54,2774,2774
3286,15/09/2025 , 08:20:54,2768,2768
3287,15/09/2025 , 09:20:54,306,306
3288,15/09/2025 , 10:20:54,306,306
3289,15/09/2025 , 11:20:54,306,306
3290,15/09/2025 , 12:20:54,2768,2768
3291,15/09/2025 , 13:20:54,2767,2767
3292,15/09/2025 , 14:20:54,2766,2766
3293,15/09/2025 , 15:20:54,2765,2765
3294,15/09/2025 , 16:20:54,2765,2765
3295,15/09/2025 , 17:20:54,2764,2764
3296,15/09/2025 , 18:20:54,2762,2762
3297,15/09/2025 , 19:20:54,2763,2763
3298,15/09/2025 , 20:20:54,2766,2766
3299,15/09/2025 , 21:20:54,2766,2766
3300,15/09/2025 , 22:20:54,2765,2765
3301,15/09/2025 , 23:20:54,2765,2765
3302,16/09/2025 , 00:20:54,2764,2764
3303,16/09/2025 , 01:20:54,2764,2764
3304,16/09/2025 , 02:20:54,2763,2763
3305,16/09/2025 , 03:20:54,2763,2763
3306,16/09/2025 , 04:20:54,2763,2763
3307,16/09/2025 , 05:20:54,2762,2762
3308,16/09/2025 , 06:20:54,2761,2761
3309,16/09/2025 , 07:20:54,2761,2761
3310,16/09/2025 , 08:20:54,2760,2760
3311,16/09/2025 , 09:20:54,306,306
3312,16/09/2025 , 10:20:54,306,306
3313,16/09/2025 , 11:20:54,306,306
3314,16/09/2025 , 12:20:54,2758,2758
3315,16/09/2025 , 13:20:54,2755,2755
3316,16/09/2025 , 14:20:54,2755,2755
3317,16/09/2025 , 15:20:54,2755,2755
3318,16/09/2025 , 16:20:54,2755,2755
3319,16/09/2025 , 17:20:54,2754,2754
3320,16/09/2025 , 18:20:54,399,399
3321,16/09/2025 , 19:20:54,2670,2670
3322,16/09/2025 , 20:20:54,2756,2756
3323,16/09/2025 , 21:20:54,2755,2755
3324,16/09/2025 , 22:20:54,2755,2755
3325,16/09/2025 , 23:20:54,2754,2754
3326,17/09/2025 , 00:20:54,2754,2754
3327,17/09/2025 , 01:20:54,2754,2754
3328,17/09/2025 , 02:20:54,2753,2753
3329,17/09/2025 , 03:20:54,2753,2753
3330,17/09/2025 , 04:20:54,2754,2754
3331,17/09/2025 , 05:20:54,2752,2752
3332,17/09/2025 , 06:20:54,2752,2752
3333,17/09/2025 , 07:20:54,2752,2752
3334,17/09/2025 , 08:20:54,2752,2752
3335,17/09/2025 , 09:20:54,306,306
3336,17/09/2025 , 10:20:54,306,306
3337,17/09/2025 , 11:20:54,306,306
3338,17/09/2025 , 12:20:54,306,306
3339,17/09/2025 , 13:20:54,306,306
3340,17/09/2025 , 14:20:54,306,306
3341,17/09/2025 , 15:20:54,306,306
3342,17/09/2025 , 16:20:54,306,306
3343,17/09/2025 , 17:20:54,312,312
3344,17/09/2025 , 18:20:54,359,359
3345,17/09/2025 , 19:20:54,1038,1038
3346,17/09/2025 , 20:20:54,2748,2748
3347,17/09/2025 , 21:20:54,2752,2752
3348,17/09/2025 , 22:20:54,2752,2752
3349,17/09/2025 , 23:20:54,2752,2752
3350,18/09/2025 , 00:20:54,2752,2752
3351,18/09/2025 , 01:20:54,2752,2752
3352,18/09/2025 , 02:20:54,2752,2752
3353,18/09/2025 , 03:20:54,2752,2752
3354,18/09/2025 , 04:20:54,2751,2751
3355,18/09/2025 , 05:20:54,2750,2750
3356,18/09/2025 , 06:20:54,2750,2750
3357,18/09/2025 , 07:20:54,2750,2750
3358,18/09/2025 , 08:20:54,2745,2745
3359,18/09/2025 , 09:20:54,306,306
3360,18/09/2025 , 10:20:54,309,309
3361,18/09/2025 , 11:20:54,306,306
3362,18/09/2025 , 12:20:54,2749,2749
3363,18/09/2025 , 13:20:54,306,306
3364,18/09/2025 , 14:20:54,306,306
3365,18/09/2025 , 15:20:54,306,306
3366,18/09/2025 , 16:20:54,2764,2764
3367,18/09/2025 , 17:20:54,2764,2764
3368,18/09/2025 , 18:20:54,2763,2763
3369,18/09/2025 , 19:20:54,2763,2763
3370,18/09/2025 , 20:20:54,2761,2761
3371,18/09/2025 , 21:20:54,2761,2761
3372,18/09/2025 , 22:20:54,2760,2760
3373,18/09/2025 , 23:20:54,2758,2758
3374,19/09/2025 , 00:20:54,2756,2756
3375,19/09/2025 , 01:20:54,2754,2754
3376,19/09/2025 , 02:20:54,2752,2752
3377,19/09/2025 , 03:20:54,2751,2751
3378,19/09/2025 , 04:20:54,2750,2750
3379,19/09/2025 , 05:20:54,2749,2749
3380,19/09/2025 , 06:20:54,2748,2748
3381,19/09/2025 , 07:20:54,2747,2747
3382,19/09/2025 , 08:20:54,2746,2746
3383,19/09/2025 , 09:20:54,2744,2744
3384,19/09/2025 , 10:20:54,2743,2743
3385,19/09/2025 , 11:20:54,2742,2742
3386,19/09/2025 , 12:20:54,2741,2741
3387,19/09/2025 , 13:20:54,2740,2740
3388,19/09/2025 , 14:20:54,2739,2739
3389,19/09/2025 , 15:20:54,2739,2739
3390,19/09/2025 , 16:20:54,2738,2738
3391,19/09/2025 , 17:20:54,2737,2737
3392,19/09/2025 , 18:20:54,2736,2736
3393,19/09/2025 , 19:20:54,2735,2735
3394,19/09/2025 , 20:20:54,2733,2733
3395,19/09/2025 , 21:20:54,2732,2732
3396,19/09/2025 , 22:20:54,2731,2731
3397,19/09/2025 , 23:20:54,2730,2730
3398,20/09/2025 , 00:20:54,2729,2729
3399,20/09/2025 , 01:20:54,2728,2728
3400,20/09/2025 , 02:20:54,2728,2728
3401,20/09/2025 , 03:20:54,2725,2725
3402,20/09/2025 , 04:20:54,2724,2724
3403,20/09/2025 , 05:20:54,2723,2723
3404,20/09/2025 , 06:20:54,2723,2723
3405,20/09/2025 , 07:20:54,2722,2722
3406,20/09/2025 , 08:20:54,2721,2721
3407,20/09/2025 , 09:20:54,2720,2720
3408,20/09/2025 , 10:20:54,2719,2719
3409,20/09/2025 , 11:20:54,2719,2719
3410,20/09/2025 , 12:20:54,2718,2718
3411,20/09/2025 , 13:20:54,2717,2717
3412,20/09/2025 , 14:20:54,2717,2717
3413,20/09/2025 , 15:20:54,2716,2716
3414,20/09/2025 , 16:20:54,2716,2716
3415,20/09/2025 , 17:20:54,2715,2715
3416,20/09/2025 , 18:20:54,2715,2715
3417,20/09/2025 , 19:20:54,2714,2714
3418,20/09/2025 , 20:20:54,2713,2713
3419,20/09/2025 , 21:20:54,2712,2712
3420,20/09/2025 , 22:20:54,2712,2712
3421,20/09/2025 , 23:20:54,2711,2711
3422,21/09/2025 , 00:20:54,2711,2711
3423,21/09/2025 , 01:20:54,2710,2710
3424,21/09/2025 , 02:20:54,2709,2709
3425,21/09/2025 , 03:20:54,2709,2709
3426,21/09/2025 , 04:20:54,2708,2708
3427,21/09/2025 , 05:20:54,2708,2708
3428,21/09/2025 , 06:20:54,2707,2707
3429,21/09/2025 , 07:20:54,2707,2707
3430,21/09/2025 , 08:20:54,2706,2706
3431,21/09/2025 , 09:20:54,2706,2706
3432,21/09/2025 , 10:20:54,2705,2705
3433,21/09/2025 , 11:20:54,2696,2696
3434,21/09/2025 , 12:20:54,2705,2705
3435,21/09/2025 , 13:20:54,2705,2705
3436,21/09/2025 , 14:20:54,2706,2706
3437,21/09/2025 , 15:20:54,2706,2706
3438,21/09/2025 , 16:20:54,2706,2706
3439,21/09/2025 , 17:20:54,2707,2707
3440,21/09/2025 , 18:20:54,2708,2708
3441,21/09/2025 , 19:20:54,2708,2708
3442,21/09/2025 , 20:20:54,2708,2708
3443,21/09/2025 , 21:20:54,2708,2708
3444,21/09/2025 , 22:20:54,2708,2708
3445,21/09/2025 , 23:20:54,2708,2708
3446,22/09/2025 , 00:20:54,2708,2708
3447,22/09/2025 , 01:20:54,2708,2708
3448,22/09/2025 , 02:20:54,2708,2708
3449,22/09/2025 , 03:20:54,2709,2709
3450,22/09/2025 , 04:20:54,2709,2709
3451,22/09/2025 , 05:20:54,2709,2709
3452,22/09/2025 , 06:20:54,2709,2709
3453,22/09/2025 , 07:20:54,2709,2709
3454,22/09/2025 , 08:20:54,2709,2709
3455,22/09/2025 , 09:20:54,2708,2708
3456,22/09/2025 , 10:20:54,2709,2709
3457,22/09/2025 , 11:20:54,2709,2709
3458,22/09/2025 , 12:20:54,306,306
3459,22/09/2025 , 13:20:54,306,306
3460,22/09/2025 , 14:20:54,306,306
3461,22/09/2025 , 15:20:54,306,306
3462,22/09/2025 , 16:20:54,306,306
3463,22/09/2025 , 17:20:54,2723,2723
3464,22/09/2025 , 18:20:54,2723,2723
3465,22/09/2025 , 19:20:54,2723,2723
3466,22/09/2025 , 20:20:54,2725,2725
3467,22/09/2025 , 21:20:54,2724,2724
3468,22/09/2025 , 22:20:54,2727,2727
3469,22/09/2025 , 23:20:54,2728,2728
3470,23/09/2025 , 00:20:54,2727,2727
3471,23/09/2025 , 01:20:54,2727,2727
3472,23/09/2025 , 02:20:54,2726,2726
3473,23/09/2025 , 03:20:54,2726,2726
3474,23/09/2025 , 04:20:54,2726,2726
3475,23/09/2025 , 05:20:54,2726,2726
3476,23/09/2025 , 06:20:54,2725,2725
3477,23/09/2025 , 07:20:54,2724,2724
3478,23/09/2025 , 08:20:54,2724,2724
3479,23/09/2025 , 09:20:54,306,306
3480,23/09/2025 , 10:20:54,306,306
3481,23/09/2025 , 11:20:54,306,306
3482,23/09/2025 , 12:20:54,306,306
3483,23/09/2025 , 13:20:54,306,306
3484,23/09/2025 , 14:20:54,306,306
3485,23/09/2025 , 15:20:54,306,306
3486,23/09/2025 , 16:20:54,330,330
3487,23/09/2025 , 17:20:54,306,306
3488,23/09/2025 , 18:20:54,306,306
3489,23/09/2025 , 19:20:54,1060,1060
3490,23/09/2025 , 20:20:54,2717,2717
3491,23/09/2025 , 21:20:54,2715,2715
3492,23/09/2025 , 22:20:54,2713,2713
3493,23/09/2025 , 23:20:54,2711,2711
3494,24/09/2025 , 00:20:54,2710,2710
3495,24/09/2025 , 01:20:54,2709,2709
3496,24/09/2025 , 02:20:54,2708,2708
3497,24/09/2025 , 03:20:54,2706,2706
3498,24/09/2025 , 04:20:54,2706,2706
3499,24/09/2025 , 05:20:54,2706,2706
3500,24/09/2025 , 06:20:54,2705,2705
3501,24/09/2025 , 07:20:54,2704,2704
3502,24/09/2025 , 08:20:54,2705,2705
3503,24/09/2025 , 09:20:54,2690,2690
3504,24/09/2025 , 10:20:54,2694,2694
3505,24/09/2025 , 11:20:54,2694,2694
3506,24/09/2025 , 12:20:54,2693,2693
3507,24/09/2025 , 13:20:54,2692,2692
3508,24/09/2025 , 14:20:54,2692,2692
3509,24/09/2025 , 15:20:54,2690,2690
3510,24/09/2025 , 16:20:54,2690,2690
3511,24/09/2025 , 17:20:54,2699,2699
3512,24/09/2025 , 18:20:54,2698,2698
3513,24/09/2025 , 19:20:54,2698,2698
3514,24/09/2025 , 20:20:54,2697,2697
3515,24/09/2025 , 21:20:54,2697,2697
3516,24/09/2025 , 22:20:54,2696,2696
3517,24/09/2025 , 23:20:54,2696,2696
3518,25/09/2025 , 00:20:54,2695,2695
3519,25/09/2025 , 01:20:54,2695,2695
3520,25/09/2025 , 02:20:54,2694,2694
3521,25/09/2025 , 03:20:54,2694,2694
3522,25/09/2025 , 04:20:54,2694,2694
3523,25/09/2025 , 05:20:54,2694,2694
3524,25/09/2025 , 06:20:54,2694,2694
3525,25/09/2025 , 07:20:54,2694,2694
3526,25/09/2025 , 08:20:54,2694,2694
3527,25/09/2025 , 09:20:54,2694,2694
3528,25/09/2025 , 10:20:54,2696,2696
3529,25/09/2025 , 11:20:54,2697,2697
3530,25/09/2025 , 12:20:54,2700,2700
3531,25/09/2025 , 13:20:54,2701,2701
3532,25/09/2025 , 14:20:54,2701,2701
3533,25/09/2025 , 15:20:54,2703,2703
3534,25/09/2025 , 16:20:54,2704,2704
3535,25/09/2025 , 17:20:54,2709,2709
3536,25/09/2025 , 18:20:54,2724,2724
3537,25/09/2025 , 19:20:54,2729,2729
3538,25/09/2025 , 20:20:54,2732,2732
3539,25/09/2025 , 21:20:54,2732,2732
3540,25/09/2025 , 22:20:54,2733,2733
3541,25/09/2025 , 23:20:54,2733,2733
3542,26/09/2025 , 00:20:54,2735,2735
3543,26/09/2025 , 01:20:54,2741,2741
3544,26/09/2025 , 02:20:54,2739,2739
3545,26/09/2025 , 03:20:54,2739,2739
3546,26/09/2025 , 04:20:54,2739,2739
3547,26/09/2025 , 05:20:54,2739,2739
3548,26/09/2025 , 06:20:54,2738,2738
3549,26/09/2025 , 07:20:54,2738,2738
3550,26/09/2025 , 08:20:54,2727,2727
3551,26/09/2025 , 09:20:54,2726,2726
3552,26/09/2025 , 10:20:54,2726,2726
3553,26/09/2025 , 11:20:54,2725,2725
3554,26/09/2025 , 12:20:54,2724,2724
3555,26/09/2025 , 13:20:54,2723,2723
3556,26/09/2025 , 14:20:54,2723,2723
3557,26/09/2025 , 15:20:54,2727,2727
3558,26/09/2025 , 16:20:54,2726,2726
3559,26/09/2025 , 17:20:54,2725,2725
3560,26/09/2025 , 18:20:54,2733,2733
3561,26/09/2025 , 19:20:54,2733,2733
3562,26/09/2025 , 20:20:54,2733,2733
3563,26/09/2025 , 21:20:54,2730,2730
3564,26/09/2025 , 22:20:54,2728,2728
3565,26/09/2025 , 23:20:54,2728,2728
3566,27/09/2025 , 00:20:54,2727,2727
3567,27/09/2025 , 01:20:54,2731,2731
3568,27/09/2025 , 02:20:54,2726,2726
3569,27/09/2025 , 03:20:54,2726,2726
3570,27/09/2025 , 04:20:54,2725,2725
3571,27/09/2025 , 05:20:54,2725,2725
3572,27/09/2025 , 06:20:54,2725,2725
3573,27/09/2025 , 07:20:54,2725,2725
3574,27/09/2025 , 08:20:54,2723,2723
3575,27/09/2025 , 09:20:54,2714,2714
3576,27/09/2025 , 10:20:54,2722,2722
3577,27/09/2025 , 11:20:54,2714,2714
3578,27/09/2025 , 12:20:54,2722,2722
3579,27/09/2025 , 13:20:54,2722,2722
3580,27/09/2025 , 14:20:54,2722,2722
3581,27/09/2025 , 15:20:54,2722,2722
3582,27/09/2025 , 16:20:54,2723,2723
3583,27/09/2025 , 17:20:54,2723,2723
3584,27/09/2025 , 18:20:54,2718,2718
3585,27/09/2025 , 19:20:54,2718,2718
3586,27/09/2025 , 20:20:54,2718,2718
3587,27/09/2025 , 21:20:54,2718,2718
3588,27/09/2025 , 22:20:54,2719,2719
3589,27/09/2025 , 23:20:54,2719,2719
3590,28/09/2025 , 00:20:54,2719,2719
3591,28/09/2025 , 01:20:54,2729,2729
3592,28/09/2025 , 02:20:54,2727,2727
3593,28/09/2025 , 03:20:54,2727,2727
3594,28/09/2025 , 04:20:54,2729,2729
3595,28/09/2025 , 05:20:54,2729,2729
3596,28/09/2025 , 06:20:54,2731,2731
3597,28/09/2025 , 07:20:54,2732,2732
3598,28/09/2025 , 08:20:54,2733,2733
3599,28/09/2025 , 09:20:54,2724,2724
3600,28/09/2025 , 10:20:54,2724,2724
3601,28/09/2025 , 11:20:54,2725,2725
3602,28/09/2025 , 12:20:54,2725,2725
3603,28/09/2025 , 13:20:54,2725,2725
3604,28/09/2025 , 14:20:54,2729,2729
3605,28/09/2025 , 15:20:54,2729,2729
3606,28/09/2025 , 16:20:54,2729,2729
3607,28/09/2025 , 17:20:54,2728,2728
3608,28/09/2025 , 18:20:54,2728,2728
3609,28/09/2025 , 19:20:54,2729,2729
3610,28/09/2025 , 20:20:54,2727,2727
3611,28/09/2025 , 21:20:54,2733,2733
3612,28/09/2025 , 22:20:54,2726,2726
3613,28/09/2025 , 23:20:54,2734,2734
3614,29/09/2025 , 00:20:54,2733,2733
3615,29/09/2025 , 01:20:54,2733,2733
3616,29/09/2025 , 02:20:54,2732,2732
3617,29/09/2025 , 03:20:54,2732,2732
3618,29/09/2025 , 04:20:54,2731,2731
3619,29/09/2025 , 05:20:54,2731,2731
3620,29/09/2025 , 06:20:54,2736,2736
3621,29/09/2025 , 07:20:54,2736,2736
3622,29/09/2025 , 08:20:54,2736,2736
3623,29/09/2025 , 09:20:54,2135,2135
3624,29/09/2025 , 10:20:54,306,306
3625,29/09/2025 , 11:20:54,306,306
3626,29/09/2025 , 12:20:54,306,306
3627,29/09/2025 , 13:20:54,306,306
3628,29/09/2025 , 14:20:54,306,306
3629,29/09/2025 , 15:20:54,306,306
3630,29/09/2025 , 16:20:54,306,306
3631,29/09/2025 , 17:20:54,306,306
3632,29/09/2025 , 18:20:54,2734,2734
3633,29/09/2025 , 19:20:54,2736,2736
3634,29/09/2025 , 20:20:54,2736,2736
3635,29/09/2025 , 21:20:54,2736,2736
3636,29/09/2025 , 22:20:54,2734,2734
3637,29/09/2025 , 23:20:54,2733,2733
3638,30/09/2025 , 00:20:54,2733,2733
3639,30/09/2025 , 01:20:54,2707,2707
3640,30/09/2025 , 02:20:54,2732,2732
3641,30/09/2025 , 03:20:54,2731,2731
3642,30/09/2025 , 04:20:54,2731,2731
3643,30/09/2025 , 05:20:54,2730,2730
3644,30/09/2025 , 06:20:54,2729,2729
3645,30/09/2025 , 07:20:54,2728,2728
3646,30/09/2025 , 08:20:54,2728,2728
3647,30/09/2025 , 09:20:54,306,306
3648,30/09/2025 , 10:20:54,2666,2666
3649,30/09/2025 , 11:20:54,306,306
3650,30/09/2025 , 12:20:54,2710,2710
3651,30/09/2025 , 13:20:54,2715,2715
3652,30/09/2025 , 14:20:54,2721,2721
3653,30/09/2025 , 15:20:54,2721,2721
3654,30/09/2025 , 16:20:54,2722,2722
3655,30/09/2025 , 17:20:54,2721,2721
3656,30/09/2025 , 18:20:54,2720,2720
3657,30/09/2025 , 19:20:54,2720,2720
3658,30/09/2025 , 20:20:54,2719,2719
3659,30/09/2025 , 21:20:54,2719,2719
3660,30/09/2025 , 22:20:54,2718,2718
3661,30/09/2025 , 23:20:54,2719,2719
3662,01/10/2025 , 00:20:54,2720,2720
3663,01/10/2025 , 01:20:54,2720,2720
3664,01/10/2025 , 02:20:54,2721,2721
3665,01/10/2025 , 03:20:54,2721,2721
3666,01/10/2025 , 04:20:54,2721,2721
3667,01/10/2025 , 05:20:54,2721,2721
3668,01/10/2025 , 06:20:54,2721,2721
3669,01/10/2025 , 07:20:54,2721,2721
3670,01/10/2025 , 08:20:54,2722,2722
3671,01/10/2025 , 09:20:54,2724,2724
3672,01/10/2025 , 10:20:54,2724,2724
3673,01/10/2025 , 11:20:54,2723,2723
3674,01/10/2025 , 12:20:54,2722,2722
3675,01/10/2025 , 13:20:54,2722,2722
3676,01/10/2025 , 14:20:54,2720,2720
3677,01/10/2025 , 15:20:54,2711,2711
3678,01/10/2025 , 16:20:54,2705,2705
3679,01/10/2025 , 17:20:54,2719,2719
3680,01/10/2025 , 18:20:54,2722,2722
3681,01/10/2025 , 19:20:54,2721,2721
3682,01/10/2025 , 20:20:54,2721,2721
3683,01/10/2025 , 21:20:54,2720,2720
3684,01/10/2025 , 22:20:54,2720,2720
3685,01/10/2025 , 23:20:54,2719,2719
3686,02/10/2025 , 00:20:54,2719,2719
3687,02/10/2025 , 01:20:54,2718,2718
3688,02/10/2025 , 02:20:54,2718,2718
3689,02/10/2025 , 03:20:54,2717,2717
3690,02/10/2025 , 04:20:54,2717,2717
3691,02/10/2025 , 05:20:54,2716,2716
3692,02/10/2025 , 06:20:54,2716,2716
3693,02/10/2025 , 07:20:54,2715,2715
3694,02/10/2025 , 08:20:54,2715,2715
3695,02/10/2025 , 09:20:54,2715,2715
3696,02/10/2025 , 10:20:54,2713,2713
3697,02/10/2025 , 11:20:54,2714,2714
3698,02/10/2025 , 12:20:54,2714,2714
3699,02/10/2025 , 13:20:54,2714,2714
3700,02/10/2025 , 14:20:54,2714,2714
3701,02/10/2025 , 15:20:54,2715,2715
3702,02/10/2025 , 16:20:54,2715,2715
3703,02/10/2025 , 17:20:54,2715,2715
3704,02/10/2025 , 18:20:54,2715,2715
3705,02/10/2025 , 19:20:54,2715,2715
3706,02/10/2025 , 20:20:54,2715,2715
3707,02/10/2025 , 21:20:54,2715,2715
3708,02/10/2025 , 22:20:54,2715,2715
3709,02/10/2025 , 23:20:54,2715,2715
3710,03/10/2025 , 00:20:54,2712,2712
3711,03/10/2025 , 01:20:54,2712,2712
3712,03/10/2025 , 02:20:54,2713,2713
3713,03/10/2025 , 03:20:54,2713,2713
3714,03/10/2025 , 04:20:54,2713,2713
3715,03/10/2025 , 05:20:54,2713,2713
3716,03/10/2025 , 06:20:54,2713,2713
3717,03/10/2025 , 07:20:54,2713,2713
3718,03/10/2025 , 08:20:54,2714,2714
3719,03/10/2025 , 09:20:54,2711,2711
3720,03/10/2025 , 10:20:54,2714,2714
3721,03/10/2025 , 11:20:54,2713,2713
3722,03/10/2025 , 12:20:54,306,306
3723,03/10/2025 , 13:20:54,306,306
3724,03/10/2025 , 14:20:54,306,306
3725,03/10/2025 , 15:20:54,306,306
3726,03/10/2025 , 16:20:54,306,306
3727,03/10/2025 , 17:20:54,306,306
3728,03/10/2025 , 18:20:54,324,324
3729,03/10/2025 , 19:20:54,2716,2716
3730,03/10/2025 , 20:20:54,2715,2715
3731,03/10/2025 , 21:20:54,2717,2717
3732,03/10/2025 , 22:20:54,2717,2717
3733,03/10/2025 , 23:20:54,2716,2716
3734,04/10/2025 , 00:20:54,2716,2716
3735,04/10/2025 , 01:20:54,2716,2716
3736,04/10/2025 , 02:20:54,2716,2716
3737,04/10/2025 , 03:20:54,2716,2716
3738,04/10/2025 , 04:20:54,2716,2716
3739,04/10/2025 , 05:20:54,2715,2715
3740,04/10/2025 , 06:20:54,2715,2715
3741,04/10/2025 , 07:20:54,2714,2714
3742,04/10/2025 , 08:20:54,2674,2674
3743,04/10/2025 , 09:20:54,306,306
3744,04/10/2025 , 10:20:54,306,306
3745,04/10/2025 , 11:20:54,306,306
3746,04/10/2025 , 12:20:54,306,306
3747,04/10/2025 , 13:20:54,306,306
3748,04/10/2025 , 14:20:54,2710,2710
3749,04/10/2025 , 15:20:54,2710,2710
3750,04/10/2025 , 16:20:54,2709,2709
3751,04/10/2025 , 17:20:54,306,306
3752,04/10/2025 , 18:20:54,2697,2697
3753,04/10/2025 , 19:20:54,1852,1852
3754,04/10/2025 , 20:20:54,2707,2707
3755,04/10/2025 , 21:20:54,2707,2707
3756,04/10/2025 , 22:20:54,2706,2706
3757,04/10/2025 , 23:20:54,2706,2706
3758,05/10/2025 , 00:20:54,2706,2706
3759,05/10/2025 , 01:20:54,2706,2706
3760,05/10/2025 , 02:20:54,2706,2706
3761,05/10/2025 , 03:20:54,2706,2706
3762,05/10/2025 , 04:20:54,2706,2706
3763,05/10/2025 , 05:20:54,2706,2706
3764,05/10/2025 , 06:20:54,2706,2706
3765,05/10/2025 , 07:20:54,2705,2705
3766,05/10/2025 , 08:20:54,306,306
3767,05/10/2025 , 09:20:54,306,306
3768,05/10/2025 , 10:20:54,306,306
3769,05/10/2025 , 11:20:54,2706,2706
3770,05/10/2025 , 12:20:54,2706,2706
3771,05/10/2025 , 13:20:54,2706,2706
3772,05/10/2025 , 14:20:54,2705,2705
3773,05/10/2025 , 15:20:54,2705,2705
3774,05/10/2025 , 16:20:54,2705,2705
3775,05/10/2025 , 17:20:54,2705,2705
3776,05/10/2025 , 18:20:54,2702,2702
3777,05/10/2025 , 19:20:54,2605,2605
3778,05/10/2025 , 20:20:54,2703,2703
3779,05/10/2025 , 21:20:54,2701,2701
3780,05/10/2025 , 22:20:54,2704,2704
3781,05/10/2025 , 23:20:54,2702,2702
3782,06/10/2025 , 00:20:54,2703,2703
3783,06/10/2025 , 01:20:54,2703,2703
3784,06/10/2025 , 02:20:54,2698,2698
3785,06/10/2025 , 03:20:54,2659,2659
3786,06/10/2025 , 04:20:54,2695,2695
3787,06/10/2025 , 05:20:54,2701,2701
3788,06/10/2025 , 06:20:54,2700,2700
3789,06/10/2025 , 07:20:54,2700,2700
3790,06/10/2025 , 08:20:54,2700,2700
3791,06/10/2025 , 09:20:54,306,306
3792,06/10/2025 , 10:20:54,306,306
3793,06/10/2025 , 11:20:54,306,306
3794,06/10/2025 , 12:20:54,306,306
3795,06/10/2025 , 13:20:54,306,306
3796,06/10/2025 , 14:20:54,2697,2697
3797,06/10/2025 , 15:20:54,2697,2697
3798,06/10/2025 , 16:20:54,2697,2697
3799,06/10/2025 , 17:20:54,2696,2696
3800,06/10/2025 , 18:20:54,306,306
3801,06/10/2025 , 19:20:54,966,966
3802,06/10/2025 , 20:20:54,2648,2648
3803,06/10/2025 , 21:20:54,2680,2680
3804,06/10/2025 , 22:20:54,2670,2670
3805,06/10/2025 , 23:20:54,2655,2655
3806,07/10/2025 , 00:20:54,2643,2643
3807,07/10/2025 , 01:20:54,2655,2655
3808,07/10/2025 , 02:20:54,2695,2695
3809,07/10/2025 , 03:20:54,1963,1963
3810,07/10/2025 , 04:20:54,1961,1961
3811,07/10/2025 , 05:20:54,2661,2661
3812,07/10/2025 , 06:20:54,2674,2674
3813,07/10/2025 , 07:20:54,2032,2032
3814,07/10/2025 , 08:20:54,306,306
3815,07/10/2025 , 09:20:54,2693,2693
3816,07/10/2025 , 10:20:54,306,306
3817,07/10/2025 , 11:20:54,2694,2694
3818,07/10/2025 , 12:20:54,2693,2693
3819,07/10/2025 , 13:20:54,2692,2692
3820,07/10/2025 , 14:20:54,306,306
3821,07/10/2025 , 15:20:54,2671,2671
3822,07/10/2025 , 16:20:54,931,931
3823,07/10/2025 , 17:20:54,1181,1181
3824,07/10/2025 , 18:20:54,940,940
3825,07/10/2025 , 19:20:54,990,990
3826,07/10/2025 , 20:20:54,991,991
3827,07/10/2025 , 21:20:54,1041,1041
3828,07/10/2025 , 22:20:54,1050,1050
3829,07/10/2025 , 23:20:54,1605,1605
3830,08/10/2025 , 00:20:54,2697,2697
3831,08/10/2025 , 01:20:54,2690,2690
3832,08/10/2025 , 02:20:54,2518,2518
3833,08/10/2025 , 03:20:54,1659,1659
3834,08/10/2025 , 04:20:54,2697,2697
3835,08/10/2025 , 05:20:54,2700,2700
3836,08/10/2025 , 06:20:54,2696,2696
3837,08/10/2025 , 07:20:54,2698,2698
3838,08/10/2025 , 08:20:54,2697,2697
3839,08/10/2025 , 09:20:54,2697,2697
3840,08/10/2025 , 10:20:54,1818,1818
3841,08/10/2025 , 11:20:54,2129,2129
3842,08/10/2025 , 12:20:54,1910,1910
3843,08/10/2025 , 13:20:54,1957,1957
3844,08/10/2025 , 14:20:54,1994,1994
3845,08/10/2025 , 15:20:54,1999,1999
3846,08/10/2025 , 16:20:54,2172,2172
3847,08/10/2025 , 17:20:54,2693,2693
3848,08/10/2025 , 18:20:54,2693,2693
3849,08/10/2025 , 19:20:54,2692,2692
3850,08/10/2025 , 20:20:54,2692,2692
3851,08/10/2025 , 21:20:54,2692,2692
3852,08/10/2025 , 22:20:54,2691,2691
3853,08/10/2025 , 23:20:54,2691,2691
3854,09/10/2025 , 00:20:54,2690,2690
3855,09/10/2025 , 01:20:54,2690,2690
3856,09/10/2025 , 02:20:54,2690,2690
3857,09/10/2025 , 03:20:54,2690,2690
3858,09/10/2025 , 04:20:54,2690,2690
3859,09/10/2025 , 05:20:54,2690,2690
3860,09/10/2025 , 06:20:54,2689,2689
3861,09/10/2025 , 07:20:54,2689,2689
3862,09/10/2025 , 08:20:54,2689,2689
3863,09/10/2025 , 09:20:54,2689,2689
3864,09/10/2025 , 10:20:54,2689,2689
3865,09/10/2025 , 11:20:54,2689,2689
3866,09/10/2025 , 12:20:54,2689,2689
3867,09/10/2025 , 13:20:54,2689,2689
3868,09/10/2025 , 14:20:54,2688,2688
3869,09/10/2025 , 15:20:54,2689,2689
3870,09/10/2025 , 16:20:54,2688,2688
3871,09/10/2025 , 17:20:54,2688,2688
3872,09/10/2025 , 18:20:54,2688,2688
3873,09/10/2025 , 19:20:54,2688,2688
3874,09/10/2025 , 20:20:54,2688,2688
3875,09/10/2025 , 21:20:54,2688,2688
3876,09/10/2025 , 22:20:54,2688,2688
3877,09/10/2025 , 23:20:54,2689,2689
3878,10/10/2025 , 00:20:54,2689,2689
3879,10/10/2025 , 01:20:54,2688,2688
3880,10/10/2025 , 02:20:54,2688,2688
3881,10/10/2025 , 03:20:54,2690,2690
3882,10/10/2025 , 04:20:54,2690,2690
3883,10/10/2025 , 05:20:54,2691,2691
3884,10/10/2025 , 06:20:54,2691,2691
3885,10/10/2025 , 07:20:54,2692,2692
3886,10/10/2025 , 08:20:54,2693,2693
3887,10/10/2025 , 09:20:54,2693,2693
3888,10/10/2025 , 10:20:54,2694,2694
3889,10/10/2025 , 11:20:54,306,306
3890,10/10/2025 , 12:20:54,2666,2666
3891,10/10/2025 , 13:20:54,2698,2698
3892,10/10/2025 , 14:20:54,2698,2698
3893,10/10/2025 , 15:20:54,2699,2699
3894,10/10/2025 , 16:20:54,2699,2699
3895,10/10/2025 , 17:20:54,2701,2701
3896,10/10/2025 , 18:20:54,2702,2702
3897,10/10/2025 , 19:20:54,2702,2702
3898,10/10/2025 , 20:20:54,2704,2704
3899,10/10/2025 , 21:20:54,2705,2705
3900,10/10/2025 , 22:20:54,2705,2705
3901,10/10/2025 , 23:20:54,2706,2706
3902,11/10/2025 , 00:20:54,2708,2708
3903,11/10/2025 , 01:20:54,2708,2708
3904,11/10/2025 , 02:20:54,2708,2708
3905,11/10/2025 , 03:20:54,2708,2708
3906,11/10/2025 , 04:20:54,2709,2709
3907,11/10/2025 , 05:20:54,2709,2709
3908,11/10/2025 , 06:20:54,2709,2709
3909,11/10/2025 , 07:20:54,2710,2710
3910,11/10/2025 , 08:20:54,2711,2711
3911,11/10/2025 , 09:20:54,2710,2710
3912,11/10/2025 , 10:20:54,2633,2633
3913,11/10/2025 , 11:20:54,2710,2710
3914,11/10/2025 , 12:20:54,2711,2711
3915,11/10/2025 , 13:20:54,2710,2710
3916,11/10/2025 , 14:20:54,2710,2710
3917,11/10/2025 , 15:20:54,2711,2711
3918,11/10/2025 , 16:20:54,2711,2711
3919,11/10/2025 , 17:20:54,2712,2712
3920,11/10/2025 , 18:20:54,2712,2712
3921,11/10/2025 , 19:20:54,2712,2712
3922,11/10/2025 , 20:20:54,2712,2712
3923,11/10/2025 , 21:20:54,2712,2712
3924,11/10/2025 , 22:20:54,2712,2712
3925,11/10/2025 , 23:20:54,2711,2711
3926,12/10/2025 , 00:20:54,2711,2711
3927,12/10/2025 , 01:20:54,2712,2712
3928,12/10/2025 , 02:20:54,2711,2711
3929,12/10/2025 , 03:20:54,2711,2711
3930,12/10/2025 , 04:20:54,2711,2711
3931,12/10/2025 , 05:20:54,2711,2711
3932,12/10/2025 , 06:20:54,2710,2710
3933,12/10/2025 , 07:20:54,2709,2709
3934,12/10/2025 , 08:20:54,2709,2709
3935,12/10/2025 , 09:20:54,2709,2709
3936,12/10/2025 , 10:20:54,2709,2709
3937,12/10/2025 , 11:20:54,2708,2708
3938,12/10/2025 , 12:20:54,2708,2708
3939,12/10/2025 , 13:20:54,2708,2708
3940,12/10/2025 , 14:20:54,2708,2708
3941,12/10/2025 , 15:20:54,2708,2708
3942,12/10/2025 , 16:20:54,2711,2711
3943,12/10/2025 , 17:20:54,2711,2711
3944,12/10/2025 , 18:20:54,2711,2711
3945,12/10/2025 , 19:20:54,2711,2711
3946,12/10/2025 , 20:20:54,2711,2711
3947,12/10/2025 , 21:20:54,2710,2710
3948,12/10/2025 , 22:20:54,2710,2710
3949,12/10/2025 , 23:20:54,2710,2710
3950,13/10/2025 , 00:20:54,2710,2710
3951,13/10/2025 , 01:20:54,2710,2710
3952,13/10/2025 , 02:20:54,2710,2710
3953,13/10/2025 , 03:20:54,2710,2710
3954,13/10/2025 , 04:20:54,2709,2709
3955,13/10/2025 , 05:20:54,2710,2710
3956,13/10/2025 , 06:20:54,2709,2709
3957,13/10/2025 , 07:20:54,2709,2709
3958,13/10/2025 , 08:20:54,2709,2709
3959,13/10/2025 , 09:20:54,2711,2711
3960,13/10/2025 , 10:20:54,2708,2708
3961,13/10/2025 , 11:20:54,306,306
3962,13/10/2025 , 12:20:54,2708,2708
3963,13/10/2025 , 13:20:54,2567,2567
3964,13/10/2025 , 14:20:54,2369,2369
3965,13/10/2025 , 15:20:54,2280,2280
3966,13/10/2025 , 16:20:54,2709,2709
3967,13/10/2025 , 17:20:54,2709,2709
3968,13/10/2025 , 18:20:54,2709,2709
3969,13/10/2025 , 19:20:54,2709,2709
3970,13/10/2025 , 20:20:54,2710,2710
3971,13/10/2025 , 21:20:54,2710,2710
3972,13/10/2025 , 22:20:54,2710,2710
3973,13/10/2025 , 23:20:54,2711,2711
3974,14/10/2025 , 00:20:54,2711,2711
3975,14/10/2025 , 01:20:54,2711,2711
3976,14/10/2025 , 02:20:54,2711,2711
3977,14/10/2025 , 03:20:54,2712,2712
3978,14/10/2025 , 04:20:54,2712,2712
3979,14/10/2025 , 05:20:54,2712,2712
3980,14/10/2025 , 06:20:54,2712,2712
3981,14/10/2025 , 07:20:54,2713,2713
3982,14/10/2025 , 08:20:54,2714,2714
3983,14/10/2025 , 09:20:54,2714,2714
3984,14/10/2025 , 10:20:54,2714,2714
3985,14/10/2025 , 11:20:54,306,306
3986,14/10/2025 , 12:20:54,306,306
3987,14/10/2025 , 13:20:54,306,306
3988,14/10/2025 , 14:20:54,306,306
3989,14/10/2025 , 15:20:54,306,306
3990,14/10/2025 , 16:20:54,2481,2481
3991,14/10/2025 , 17:20:54,2719,2719
3992,14/10/2025 , 18:20:54,2720,2720
3993,14/10/2025 , 19:20:54,2720,2720
3994,14/10/2025 , 20:20:54,2721,2721
3995,14/10/2025 , 21:20:54,2721,2721
3996,14/10/2025 , 22:20:54,2721,2721
3997,14/10/2025 , 23:20:54,2722,2722
3998,15/10/2025 , 00:20:54,2722,2722
3999,15/10/2025 , 01:20:54,2723,2723
4000,15/10/2025 , 02:20:54,2723,2723
4001,15/10/2025 , 03:20:54,2723,2723
4002,15/10/2025 , 04:20:54,2723,2723
4003,15/10/2025 , 05:20:54,2723,2723
4004,15/10/2025 , 06:20:54,2723,2723
4005,15/10/2025 , 07:20:54,2723,2723
4006,15/10/2025 , 08:20:54,2723,2723
4007,15/10/2025 , 09:20:54,2723,2723
4008,15/10/2025 , 10:20:54,2723,2723
4009,15/10/2025 , 11:20:54,306,306
4010,15/10/2025 , 12:20:54,306,306
4011,15/10/2025 , 13:20:54,2723,2723
4012,15/10/2025 , 14:20:54,2723,2723
4013,15/10/2025 , 15:20:54,2723,2723
4014,15/10/2025 , 16:20:54,2723,2723
4015,15/10/2025 , 17:20:54,2723,2723
4016,15/10/2025 , 18:20:54,2723,2723
4017,15/10/2025 , 19:20:54,2723,2723
4018,15/10/2025 , 20:20:54,2723,2723
4019,15/10/2025 , 21:20:54,2723,2723
4020,15/10/2025 , 22:20:54,2723,2723
4021,15/10/2025 , 23:20:54,2724,2724
4022,16/10/2025 , 00:20:54,2724,2724
4023,16/10/2025 , 01:20:54,2724,2724
4024,16/10/2025 , 02:20:54,2724,2724
4025,16/10/2025 , 03:20:54,2724,2724
4026,16/10/2025 , 04:20:54,2724,2724
4027,16/10/2025 , 05:20:54,2724,2724
4028,16/10/2025 , 06:20:54,2724,2724
4029,16/10/2025 , 07:20:54,2724,2724
4030,16/10/2025 , 08:20:54,2724,2724
4031,16/10/2025 , 09:20:54,2725,2725
4032,16/10/2025 , 10:20:54,2724,2724
4033,16/10/2025 , 11:20:54,2724,2724
4034,16/10/2025 , 12:20:54,2723,2723
4035,16/10/2025 , 13:20:54,2723,2723
4036,16/10/2025 , 14:20:54,2724,2724
4037,16/10/2025 , 15:20:54,2723,2723
4038,16/10/2025 , 16:20:54,2723,2723
4039,16/10/2025 , 17:20:54,2722,2722
4040,16/10/2025 , 18:20:54,2722,2722
4041,16/10/2025 , 19:20:54,2722,2722
4042,16/10/2025 , 20:20:54,2721,2721
4043,16/10/2025 , 21:20:54,2721,2721
4044,16/10/2025 , 22:20:54,2720,2720
4045,16/10/2025 , 23:20:54,2720,2720
4046,17/10/2025 , 00:20:54,2720,2720
4047,17/10/2025 , 01:20:54,2720,2720
4048,17/10/2025 , 02:20:54,2719,2719
4049,17/10/2025 , 03:20:54,2719,2719
4050,17/10/2025 , 04:20:54,2719,2719
4051,17/10/2025 , 05:20:54,2718,2718
4052,17/10/2025 , 06:20:54,2718,2718
4053,17/10/2025 , 07:20:54,2716,2716
4054,17/10/2025 , 08:20:54,2716,2716
4055,17/10/2025 , 09:20:54,2714,2714
4056,17/10/2025 , 10:20:54,2716,2716
4057,17/10/2025 , 11:20:54,2715,2715
4058,17/10/2025 , 12:20:54,2715,2715
4059,17/10/2025 , 13:20:54,306,306
4060,17/10/2025 , 14:20:54,323,323
4061,17/10/2025 , 15:20:54,606,606
4062,17/10/2025 , 16:20:54,2713,2713
4063,17/10/2025 , 17:20:54,2715,2715
4064,17/10/2025 , 18:20:54,2714,2714
4065,17/10/2025 , 19:20:54,2714,2714
4066,17/10/2025 , 20:20:54,2714,2714
4067,17/10/2025 , 21:20:54,2714,2714
4068,17/10/2025 , 22:20:54,2713,2713
4069,17/10/2025 , 23:20:54,2713,2713
4070,18/10/2025 , 00:20:54,2713,2713
4071,18/10/2025 , 01:20:54,2713,2713
4072,18/10/2025 , 02:20:54,2712,2712
4073,18/10/2025 , 03:20:54,2712,2712
4074,18/10/2025 , 04:20:54,2712,2712
4075,18/10/2025 , 05:20:54,2712,2712
4076,18/10/2025 , 06:20:54,2711,2711
4077,18/10/2025 , 07:20:54,2711,2711
4078,18/10/2025 , 08:20:54,2712,2712
4079,18/10/2025 , 09:20:54,2713,2713
4080,18/10/2025 , 10:20:54,1363,1363
4081,18/10/2025 , 11:20:54,306,306
4082,18/10/2025 , 12:20:54,306,306
4083,18/10/2025 , 13:20:54,306,306
4084,18/10/2025 , 14:20:54,306,306
4085,18/10/2025 , 15:20:54,306,306
4086,18/10/2025 , 16:20:54,2703,2703
4087,18/10/2025 , 17:20:54,2704,2704
4088,18/10/2025 , 18:20:54,2704,2704
4089,18/10/2025 , 19:20:54,2704,2704
4090,18/10/2025 , 20:20:54,2704,2704
4091,18/10/2025 , 21:20:54,2704,2704
4092,18/10/2025 , 22:20:54,2704,2704
4093,18/10/2025 , 23:20:54,2704,2704
4094,19/10/2025 , 00:20:54,2704,2704
4095,19/10/2025 , 01:20:54,2704,2704
4096,19/10/2025 , 02:20:54,2705,2705
4097,19/10/2025 , 03:20:54,2703,2703
4098,19/10/2025 , 04:20:54,2703,2703
4099,19/10/2025 , 05:20:54,2703,2703
4100,19/10/2025 , 06:20:54,2703,2703
4101,19/10/2025 , 07:20:54,2703,2703
4102,19/10/2025 , 08:20:54,2703,2703
4103,19/10/2025 , 09:20:54,306,306
4104,19/10/2025 , 10:20:54,306,306
4105,19/10/2025 , 11:20:54,306,306
4106,19/10/2025 , 12:20:54,306,306
4107,19/10/2025 , 13:20:54,306,306
4108,19/10/2025 , 14:20:54,306,306
4109,19/10/2025 , 15:20:54,306,306
4110,19/10/2025 , 16:20:54,306,306
4111,19/10/2025 , 17:20:54,2704,2704
4112,19/10/2025 , 18:20:54,2704,2704
4113,19/10/2025 , 19:20:54,2706,2706
4114,19/10/2025 , 20:20:54,2702,2702
4115,19/10/2025 , 21:20:54,2702,2702
4116,19/10/2025 , 22:20:54,2703,2703
4117,19/10/2025 , 23:20:54,2703,2703
4118,20/10/2025 , 00:20:54,2703,2703
4119,20/10/2025 , 01:20:54,2703,2703
4120,20/10/2025 , 02:20:54,2703,2703
4121,20/10/2025 , 03:20:54,2702,2702
4122,20/10/2025 , 04:20:54,2703,2703
4123,20/10/2025 , 05:20:54,2703,2703
4124,20/10/2025 , 06:20:54,306,306
4125,20/10/2025 , 07:20:54,306,306
4126,20/10/2025 , 08:20:54,306,306
4127,20/10/2025 , 09:20:54,306,306
4128,20/10/2025 , 10:20:54,306,306
4129,20/10/2025 , 11:20:54,306,306
4130,20/10/2025 , 12:20:54,306,306
4131,20/10/2025 , 13:20:54,306,306
4132,20/10/2025 , 14:20:54,306,306
4133,20/10/2025 , 15:20:54,306,306
4134,20/10/2025 , 16:20:54,306,306
4135,20/10/2025 , 17:20:54,306,306
4136,20/10/2025 , 18:20:54,312,312
4137,20/10/2025 , 19:20:54,394,394
4138,20/10/2025 , 20:20:54,2604,2604
4139,20/10/2025 , 21:20:54,2586,2586
4140,20/10/2025 , 22:20:54,2579,2579
4141,20/10/2025 , 23:20:54,2640,2640
4142,21/10/2025 , 00:20:54,2647,2647
4143,21/10/2025 , 01:20:54,2661,2661
4144,21/10/2025 , 02:20:54,2680,2680
4145,21/10/2025 , 03:20:54,2712,2712
4146,21/10/2025 , 04:20:54,2711,2711
4147,21/10/2025 , 05:20:54,2711,2711
4148,21/10/2025 , 06:20:54,2712,2712
4149,21/10/2025 , 07:20:54,2712,2712
4150,21/10/2025 , 08:20:54,2713,2713
4151,21/10/2025 , 09:20:54,2713,2713
4152,21/10/2025 , 10:20:54,2714,2714
4153,21/10/2025 , 11:20:54,367,367
4154,21/10/2025 , 12:20:54,361,361
4155,21/10/2025 , 13:20:54,306,306
4156,21/10/2025 , 14:20:54,306,306
4157,21/10/2025 , 15:20:54,306,306
4158,21/10/2025 , 16:20:54,324,324
4159,21/10/2025 , 17:20:54,354,354
4160,21/10/2025 , 18:20:54,2133,2133
4161,21/10/2025 , 19:20:54,2720,2720
4162,21/10/2025 , 20:20:54,2722,2722
4163,21/10/2025 , 21:20:54,2716,2716
4164,21/10/2025 , 22:20:54,2717,2717
4165,21/10/2025 , 23:20:54,2718,2718
4166,22/10/2025 , 00:20:54,2718,2718
4167,22/10/2025 , 01:20:54,2719,2719
4168,22/10/2025 , 02:20:54,2720,2720
4169,22/10/2025 , 03:20:54,2722,2722
4170,22/10/2025 , 04:20:54,2723,2723
4171,22/10/2025 , 05:20:54,2724,2724
4172,22/10/2025 , 06:20:54,2725,2725
4173,22/10/2025 , 07:20:54,2726,2726
4174,22/10/2025 , 08:20:54,2737,2737
4175,22/10/2025 , 09:20:54,2732,2732
4176,22/10/2025 , 10:20:54,2733,2733
4177,22/10/2025 , 11:20:54,2727,2727
4178,22/10/2025 , 12:20:54,2668,2668
4179,22/10/2025 , 13:20:54,1997,1997
4180,22/10/2025 , 14:20:54,1903,1903
4181,22/10/2025 , 15:20:54,1873,1873
4182,22/10/2025 , 16:20:54,1297,1297
4183,22/10/2025 , 17:20:54,839,839
4184,22/10/2025 , 18:20:54,534,534
4185,22/10/2025 , 19:20:54,2822,2822
4186,22/10/2025 , 20:20:54,2823,2823
4187,22/10/2025 , 21:20:54,2842,2842
4188,22/10/2025 , 22:20:54,2872,2872
4189,22/10/2025 , 23:20:54,2886,2886
4190,23/10/2025 , 00:20:54,2895,2895
4191,23/10/2025 , 01:20:54,2905,2905
4192,23/10/2025 , 02:20:54,2915,2915
4193,23/10/2025 , 03:20:54,2923,2923
4194,23/10/2025 , 04:20:54,2930,2930
4195,23/10/2025 , 05:20:54,2938,2938
4196,23/10/2025 , 06:20:54,2943,2943
4197,23/10/2025 , 07:20:54,2949,2949
4198,23/10/2025 , 08:20:54,2954,2954
4199,23/10/2025 , 09:20:54,2953,2953
4200,23/10/2025 , 10:20:54,2957,2957
4201,23/10/2025 , 11:20:54,306,306
4202,23/10/2025 , 12:20:54,306,306
4203,23/10/2025 , 13:20:54,313,313
4204,23/10/2025 , 14:20:54,2978,2978
4205,23/10/2025 , 15:20:54,2980,2980
4206,23/10/2025 , 16:20:54,2983,2983
4207,23/10/2025 , 17:20:54,2987,2987
4208,23/10/2025 , 18:20:54,2989,2989
4209,23/10/2025 , 19:20:54,2989,2989
4210,23/10/2025 , 20:20:54,2990,2990
4211,23/10/2025 , 21:20:54,2991,2991
4212,23/10/2025 , 22:20:54,2993,2993
4213,23/10/2025 , 23:20:54,2993,2993
4214,24/10/2025 , 00:20:54,2994,2994
4215,24/10/2025 , 01:20:54,2994,2994
4216,24/10/2025 , 02:20:54,2996,2996
4217,24/10/2025 , 03:20:54,2996,2996
4218,24/10/2025 , 04:20:54,2996,2996
4219,24/10/2025 , 05:20:54,2996,2996
4220,24/10/2025 , 06:20:54,2997,2997
4221,24/10/2025 , 07:20:54,2997,2997
4222,24/10/2025 , 08:20:54,2996,2996
4223,24/10/2025 , 09:20:54,2996,2996
4224,24/10/2025 , 10:20:54,2996,2996
4225,24/10/2025 , 11:20:54,2996,2996
4226,24/10/2025 , 12:20:54,2992,2992
4227,24/10/2025 , 13:20:54,2996,2996
4228,24/10/2025 , 14:20:54,2995,2995
4229,24/10/2025 , 15:20:54,2996,2996
4230,24/10/2025 , 16:20:54,2996,2996
4231,24/10/2025 , 17:20:54,2996,2996
4232,24/10/2025 , 18:20:54,2996,2996
4233,24/10/2025 , 19:20:54,2995,2995
4234,24/10/2025 , 20:20:54,2995,2995
4235,24/10/2025 , 21:20:54,2995,2995
4236,24/10/2025 , 22:20:54,2995,2995
4237,24/10/2025 , 23:20:54,2995,2995
4238,25/10/2025 , 00:20:54,2994,2994
4239,25/10/2025 , 01:20:54,2995,2995
4240,25/10/2025 , 02:20:54,2995,2995
4241,25/10/2025 , 03:20:54,2994,2994
4242,25/10/2025 , 04:20:54,2993,2993
4243,25/10/2025 , 05:20:54,2993,2993
4244,25/10/2025 , 06:20:54,2992,2992
4245,25/10/2025 , 07:20:54,2991,2991
4246,25/10/2025 , 08:20:54,2990,2990
4247,25/10/2025 , 09:20:54,2989,2989
4248,25/10/2025 , 10:20:54,2989,2989
4249,25/10/2025 , 11:20:54,2982,2982
4250,25/10/2025 , 12:20:54,2980,2980
4251,25/10/2025 , 13:20:54,2980,2980
4252,25/10/2025 , 14:20:54,2982,2982
4253,25/10/2025 , 15:20:54,2982,2982
4254,25/10/2025 , 16:20:54,2980,2980
4255,25/10/2025 , 17:20:54,2984,2984
4256,25/10/2025 , 18:20:54,2985,2985
4257,25/10/2025 , 19:20:54,2984,2984
4258,25/10/2025 , 20:20:54,2983,2983
4259,25/10/2025 , 21:20:54,2982,2982
4260,25/10/2025 , 22:20:54,2982,2982
4261,25/10/2025 , 23:20:54,2982,2982
4262,26/10/2025 , 00:20:54,2980,2980
4263,26/10/2025 , 01:20:54,2980,2980
4264,26/10/2025 , 02:20:54,2979,2979
4265,26/10/2025 , 03:20:54,2978,2978
4266,26/10/2025 , 04:20:54,2978,2978
4267,26/10/2025 , 05:20:54,2978,2978
4268,26/10/2025 , 06:20:54,2978,2978
4269,26/10/2025 , 07:20:54,2976,2976
4270,26/10/2025 , 08:20:54,2978,2978
4271,26/10/2025 , 09:20:54,2977,2977
4272,26/10/2025 , 10:20:54,2976,2976
4273,26/10/2025 , 11:20:54,2973,2973
4274,26/10/2025 , 12:20:54,2969,2969
4275,26/10/2025 , 13:20:54,2920,2920
4276,26/10/2025 , 14:20:54,2865,2865
4277,26/10/2025 , 15:20:54,2859,2859
4278,26/10/2025 , 16:20:54,2969,2969
4279,26/10/2025 , 17:20:54,2973,2973
4280,26/10/2025 , 18:20:54,2974,2974
4281,26/10/2025 , 19:20:54,2974,2974
4282,26/10/2025 , 20:20:54,2974,2974
4283,26/10/2025 , 21:20:54,2974,2974
4284,26/10/2025 , 22:20:54,2974,2974
4285,26/10/2025 , 23:20:54,2974,2974
4286,27/10/2025 , 00:20:54,2973,2973
4287,27/10/2025 , 01:20:54,2972,2972
4288,27/10/2025 , 02:20:54,2972,2972
4289,27/10/2025 , 03:20:54,2971,2971
4290,27/10/2025 , 04:20:54,2971,2971
4291,27/10/2025 , 05:20:54,2971,2971
4292,27/10/2025 , 06:20:54,2971,2971
4293,27/10/2025 , 07:20:54,2968,2968
4294,27/10/2025 , 08:20:54,2969,2969
4295,27/10/2025 , 09:20:54,2969,2969
4296,27/10/2025 , 10:20:54,2967,2967
4297,27/10/2025 , 11:20:54,2966,2966
4298,27/10/2025 , 12:20:54,2966,2966
4299,27/10/2025 , 13:20:54,2966,2966
4300,27/10/2025 , 14:20:54,2966,2966
4301,27/10/2025 , 15:20:54,2967,2967
4302,27/10/2025 , 16:20:54,2966,2966
4303,27/10/2025 , 17:20:54,2965,2965
4304,27/10/2025 , 18:20:54,2965,2965
4305,27/10/2025 , 19:20:54,2964,2964
4306,27/10/2025 , 20:20:54,2965,2965
4307,27/10/2025 , 21:20:54,2964,2964
4308,27/10/2025 , 22:20:54,2964,2964
4309,27/10/2025 , 23:20:54,2963,2963
4310,28/10/2025 , 00:20:54,2963,2963
4311,28/10/2025 , 01:20:54,2963,2963
4312,28/10/2025 , 02:20:54,2959,2959
4313,28/10/2025 , 03:20:54,2958,2958
4314,28/10/2025 , 04:20:54,2958,2958
4315,28/10/2025 , 05:20:54,2957,2957
4316,28/10/2025 , 06:20:54,2956,2956
4317,28/10/2025 , 07:20:54,2956,2956
4318,28/10/2025 , 08:20:54,2956,2956
4319,28/10/2025 , 09:20:54,2955,2955
4320,28/10/2025 , 10:20:54,2953,2953
4321,28/10/2025 , 11:20:54,2937,2937
4322,28/10/2025 , 12:20:54,2954,2954
4323,28/10/2025 , 13:20:54,2956,2956
4324,28/10/2025 , 14:20:54,2956,2956
4325,28/10/2025 , 15:20:54,2956,2956
4326,28/10/2025 , 16:20:54,2956,2956
4327,28/10/2025 , 17:20:54,2956,2956
4328,28/10/2025 , 18:20:54,2956,2956
4329,28/10/2025 , 19:20:54,2954,2954
4330,28/10/2025 , 20:20:54,2953,2953
4331,28/10/2025 , 21:20:54,2953,2953
4332,28/10/2025 , 22:20:54,2954,2954
4333,28/10/2025 , 23:20:54,2955,2955
4334,29/10/2025 , 00:20:54,2955,2955
4335,29/10/2025 , 01:20:54,2955,2955
4336,29/10/2025 , 02:20:54,2954,2954
4337,29/10/2025 , 03:20:54,2953,2953
4338,29/10/2025 , 04:20:54,2954,2954
4339,29/10/2025 , 05:20:54,2954,2954
4340,29/10/2025 , 06:20:54,2956,2956
4341,29/10/2025 , 07:20:54,2955,2955
4342,29/10/2025 , 08:20:54,2953,2953
4343,29/10/2025 , 09:20:54,2953,2953
4344,29/10/2025 , 10:20:54,2956,2956
4345,29/10/2025 , 11:20:54,2952,2952
4346,29/10/2025 , 12:20:54,2949,2949
4347,29/10/2025 , 13:20:54,2950,2950
4348,29/10/2025 , 14:20:54,2950,2950
4349,29/10/2025 , 15:20:54,2951,2951
4350,29/10/2025 , 16:20:54,2952,2952
4351,29/10/2025 , 17:20:54,2952,2952
4352,29/10/2025 , 18:20:54,2953,2953
4353,29/10/2025 , 19:20:54,2953,2953
4354,29/10/2025 , 20:20:54,2953,2953
4355,29/10/2025 , 21:20:54,2954,2954
4356,29/10/2025 , 22:20:54,2953,2953
4357,29/10/2025 , 23:20:54,2954,2954
4358,30/10/2025 , 00:20:54,2954,2954
4359,30/10/2025 , 01:20:54,2956,2956
4360,30/10/2025 , 02:20:54,2955,2955
4361,30/10/2025 , 03:20:54,2956,2956
4362,30/10/2025 , 04:20:54,2957,2957
4363,30/10/2025 , 05:20:54,2952,2952
4364,30/10/2025 , 06:20:54,2953,2953
4365,30/10/2025 , 07:20:54,2954,2954
4366,30/10/2025 , 08:20:54,2953,2953
4367,30/10/2025 , 09:20:54,2954,2954
4368,30/10/2025 , 10:20:54,492,492
4369,30/10/2025 , 11:20:54,2953,2953
4370,30/10/2025 , 12:20:54,2926,2926
4371,30/10/2025 , 13:20:54,2948,2948
4372,30/10/2025 , 14:20:54,2949,2949
4373,30/10/2025 , 15:20:54,2956,2956
4374,30/10/2025 , 16:20:54,2957,2957
4375,30/10/2025 , 17:20:54,2959,2959
4376,30/10/2025 , 18:20:54,2957,2957
4377,30/10/2025 , 19:20:54,2957,2957
4378,30/10/2025 , 20:20:54,2958,2958
4379,30/10/2025 , 21:20:54,2959,2959
4380,30/10/2025 , 22:20:54,2960,2960
4381,30/10/2025 , 23:20:54,2961,2961
4382,31/10/2025 , 00:20:54,2962,2962
4383,31/10/2025 , 01:20:54,2964,2964
4384,31/10/2025 , 02:20:54,2967,2967
4385,31/10/2025 , 03:20:54,2971,2971
4386,31/10/2025 , 04:20:54,2973,2973
4387,31/10/2025 , 05:20:54,2976,2976
4388,31/10/2025 , 06:20:54,2984,2984
4389,31/10/2025 , 07:20:54,3026,3026
4390,31/10/2025 , 08:20:54,3058,3058
4391,31/10/2025 , 09:20:54,3188,3188
4392,31/10/2025 , 10:20:54,3219,3219
4393,31/10/2025 , 11:20:54,3224,3224
4394,31/10/2025 , 12:20:54,3240,3240
4395,31/10/2025 , 13:20:54,3247,3247
4396,31/10/2025 , 14:20:54,3246,3246
4397,31/10/2025 , 15:20:54,3241,3241
4398,31/10/2025 , 16:20:54,3234,3234
4399,31/10/2025 , 17:20:54,3229,3229
4400,31/10/2025 , 18:20:54,3233,3233
4401,31/10/2025 , 19:20:54,3286,3286
4402,31/10/2025 , 20:20:54,3307,3307
4403,31/10/2025 , 21:20:54,3306,3306
4404,31/10/2025 , 22:20:54,3305,3305
4405,31/10/2025 , 23:20:54,3306,3306
4406,01/11/2025 , 00:20:54,3306,3306
4407,01/11/2025 , 01:20:54,3306,3306
4408,01/11/2025 , 02:20:54,3305,3305
4409,01/11/2025 , 03:20:54,3304,3304
4410,01/11/2025 , 04:20:54,3304,3304
4411,01/11/2025 , 05:20:54,3304,3304
4412,01/11/2025 , 06:20:54,3302,3302
4413,01/11/2025 , 07:20:54,3301,3301
4414,01/11/2025 , 08:20:54,3298,3298
4415,01/11/2025 , 09:20:54,3295,3295
4416,01/11/2025 , 10:20:54,3293,3293
4417,01/11/2025 , 11:20:54,3291,3291
4418,01/11/2025 , 12:20:54,3288,3288
4419,01/11/2025 , 13:20:54,3286,3286
4420,01/11/2025 , 14:20:54,3285,3285
4421,01/11/2025 , 15:20:54,3283,3283
4422,01/11/2025 , 16:20:54,3282,3282
4423,01/11/2025 , 17:20:54,3281,3281
4424,01/11/2025 , 18:20:54,3279,3279
4425,01/11/2025 , 19:20:54,3279,3279
4426,01/11/2025 , 20:20:54,3278,3278
4427,01/11/2025 , 21:20:54,3277,3277
4428,01/11/2025 , 22:20:54,3274,3274
4429,01/11/2025 , 23:20:54,3274,3274
4430,02/11/2025 , 00:20:54,3274,3274
4431,02/11/2025 , 01:20:54,3272,3272
4432,02/11/2025 , 02:20:54,3270,3270
4433,02/11/2025 , 03:20:54,3268,3268
4434,02/11/2025 , 04:20:54,3266,3266
4435,02/11/2025 , 05:20:54,3266,3266
4436,02/11/2025 , 06:20:54,3266,3266
4437,02/11/2025 , 07:20:54,3266,3266
4438,02/11/2025 , 08:20:54,3264,3264
4439,02/11/2025 , 09:20:54,3263,3263
4440,02/11/2025 , 10:20:54,3260,3260
4441,02/11/2025 , 11:20:54,3259,3259
4442,02/11/2025 , 12:20:54,3257,3257
4443,02/11/2025 , 13:20:54,3256,3256
4444,02/11/2025 , 14:20:54,3257,3257
4445,02/11/2025 , 15:20:54,3256,3256
4446,02/11/2025 , 16:20:54,3257,3257
4447,02/11/2025 , 17:20:54,3257,3257
4448,02/11/2025 , 18:20:54,3257,3257
4449,02/11/2025 , 19:20:54,3255,3255
4450,02/11/2025 , 20:20:54,3252,3252
4451,02/11/2025 , 21:20:54,3250,3250
4452,02/11/2025 , 22:20:54,3249,3249
4453,02/11/2025 , 23:20:54,3248,3248
4454,03/11/2025 , 00:20:54,3245,3245
4455,03/11/2025 , 01:20:54,3244,3244
4456,03/11/2025 , 02:20:54,3242,3242
4457,03/11/2025 , 03:20:54,3240,3240
4458,03/11/2025 , 04:20:54,3237,3237
4459,03/11/2025 , 05:20:54,3234,3234
4460,03/11/2025 , 06:20:54,3233,3233
4461,03/11/2025 , 07:20:54,3230,3230
4462,03/11/2025 , 08:20:54,3229,3229
4463,03/11/2025 , 09:20:54,3228,3228
4464,03/11/2025 , 10:20:54,3227,3227
4465,03/11/2025 , 11:20:54,3225,3225
4466,03/11/2025 , 12:20:54,306,306
4467,03/11/2025 , 13:20:54,306,306
4468,03/11/2025 , 14:20:54,306,306
4469,03/11/2025 , 15:20:54,3210,3210
4470,03/11/2025 , 16:20:54,3220,3220
4471,03/11/2025 , 17:20:54,3219,3219
4472,03/11/2025 , 18:20:54,3216,3216
4473,03/11/2025 , 19:20:54,3217,3217
4474,03/11/2025 , 20:20:54,3218,3218
4475,03/11/2025 , 21:20:54,3218,3218
4476,03/11/2025 , 22:20:54,3217,3217
4477,03/11/2025 , 23:20:54,3219,3219
4478,04/11/2025 , 00:20:54,3224,3224
4479,04/11/2025 , 01:20:54,3239,3239
4480,04/11/2025 , 02:20:54,3251,3251
4481,04/11/2025 , 03:20:54,3264,3264
4482,04/11/2025 , 04:20:54,3277,3277
4483,04/11/2025 , 05:20:54,3286,3286
4484,04/11/2025 , 06:20:54,3291,3291
4485,04/11/2025 , 07:20:54,3294,3294
4486,04/11/2025 , 08:20:54,3295,3295
4487,04/11/2025 , 09:20:54,3295,3295
4488,04/11/2025 , 10:20:54,3296,3296
4489,04/11/2025 , 11:20:54,3295,3295
4490,04/11/2025 , 12:20:54,3295,3295
4491,04/11/2025 , 13:20:54,3296,3296
4492,04/11/2025 , 14:20:54,3296,3296
4493,04/11/2025 , 15:20:54,3296,3296
4494,04/11/2025 , 16:20:54,3296,3296
4495,04/11/2025 , 17:20:54,3295,3295
4496,04/11/2025 , 18:20:54,3294,3294
4497,04/11/2025 , 19:20:54,3293,3293
4498,04/11/2025 , 20:20:54,3293,3293
4499,04/11/2025 , 21:20:54,3293,3293
4500,04/11/2025 , 22:20:54,3292,3292
4501,04/11/2025 , 23:20:54,3291,3291
4502,05/11/2025 , 00:20:54,3290,3290
4503,05/11/2025 , 01:20:54,3289,3289
4504,05/11/2025 , 02:20:54,3289,3289
4505,05/11/2025 , 03:20:54,3287,3287
4506,05/11/2025 , 04:20:54,3288,3288
4507,05/11/2025 , 05:20:54,3287,3287
4508,05/11/2025 , 06:20:54,3285,3285
4509,05/11/2025 , 07:20:54,3283,3283
4510,05/11/2025 , 08:20:54,3282,3282
4511,05/11/2025 , 09:20:54,3281,3281
4512,05/11/2025 , 10:20:54,3281,3281
4513,05/11/2025 , 11:20:54,3280,3280
4514,05/11/2025 , 12:20:54,3279,3279
4515,05/11/2025 , 13:20:54,3278,3278
4516,05/11/2025 , 14:20:54,3276,3276
4517,05/11/2025 , 15:20:54,3274,3274
4518,05/11/2025 , 16:20:54,3273,3273
4519,05/11/2025 , 17:20:54,3272,3272
4520,05/11/2025 , 18:20:54,3272,3272
4521,05/11/2025 , 19:20:54,3271,3271
4522,05/11/2025 , 20:20:54,3269,3269
4523,05/11/2025 , 21:20:54,3269,3269
4524,05/11/2025 , 22:20:54,3270,3270
4525,05/11/2025 , 23:20:54,3268,3268
4526,06/11/2025 , 00:20:54,3268,3268
4527,06/11/2025 , 01:20:54,3268,3268
4528,06/11/2025 , 02:20:54,3267,3267
4529,06/11/2025 , 03:20:54,3268,3268
4530,06/11/2025 , 04:20:54,3267,3267
4531,06/11/2025 , 05:20:54,3267,3267
4532,06/11/2025 , 06:20:54,3267,3267
4533,06/11/2025 , 07:20:54,3267,3267
4534,06/11/2025 , 08:20:54,3266,3266
4535,06/11/2025 , 09:20:54,3266,3266
4536,06/11/2025 , 10:20:54,3265,3265
4537,06/11/2025 , 11:20:54,3265,3265
4538,06/11/2025 , 12:20:54,3264,3264
4539,06/11/2025 , 13:20:54,3262,3262
4540,06/11/2025 , 14:20:54,3260,3260
4541,06/11/2025 , 15:20:54,3260,3260
4542,06/11/2025 , 16:20:54,3259,3259
4543,06/11/2025 , 17:20:54,3259,3259
4544,06/11/2025 , 18:20:54,3256,3256
4545,06/11/2025 , 19:20:54,3256,3256
4546,06/11/2025 , 20:20:54,3255,3255
4547,06/11/2025 , 21:20:54,3254,3254
4548,06/11/2025 , 22:20:54,3251,3251
4549,06/11/2025 , 23:20:54,3250,3250
4550,07/11/2025 , 00:20:54,3249,3249
4551,07/11/2025 , 01:20:54,3246,3246
4552,07/11/2025 , 02:20:54,3245,3245
4553,07/11/2025 , 03:20:54,3244,3244
4554,07/11/2025 , 04:20:54,3242,3242
4555,07/11/2025 , 05:20:54,3241,3241
4556,07/11/2025 , 06:20:54,3241,3241
4557,07/11/2025 , 07:20:54,3239,3239
4558,07/11/2025 , 08:20:54,3236,3236
4559,07/11/2025 , 09:20:54,3237,3237
4560,07/11/2025 , 10:20:54,3236,3236
4561,07/11/2025 , 11:20:54,3235,3235
4562,07/11/2025 , 12:20:54,3234,3234
4563,07/11/2025 , 13:20:54,3233,3233
4564,07/11/2025 , 14:20:54,3230,3230
4565,07/11/2025 , 15:20:54,3228,3228
4566,07/11/2025 , 16:20:54,3229,3229
4567,07/11/2025 , 17:20:54,3228,3228
4568,07/11/2025 , 18:20:54,3227,3227
4569,07/11/2025 , 19:20:54,3227,3227
4570,07/11/2025 , 20:20:54,3226,3226
4571,07/11/2025 , 21:20:54,3225,3225
4572,07/11/2025 , 22:20:54,3226,3226
4573,07/11/2025 , 23:20:54,3226,3226
4574,08/11/2025 , 00:20:54,3226,3226
4575,08/11/2025 , 01:20:54,3226,3226
4576,08/11/2025 , 02:20:54,3227,3227
4577,08/11/2025 , 03:20:54,3227,3227
4578,08/11/2025 , 04:20:54,3227,3227
4579,08/11/2025 , 05:20:54,3227,3227
4580,08/11/2025 , 06:20:54,3227,3227
4581,08/11/2025 , 07:20:54,3227,3227
4582,08/11/2025 , 08:20:54,3229,3229
4583,08/11/2025 , 09:20:54,3230,3230
4584,08/11/2025 , 10:20:54,3232,3232
4585,08/11/2025 , 11:20:54,3237,3237
4586,08/11/2025 , 12:20:54,3243,3243
4587,08/11/2025 , 13:20:54,3249,3249
4588,08/11/2025 , 14:20:54,3255,3255
4589,08/11/2025 , 15:20:54,3259,3259
4590,08/11/2025 , 16:20:54,3263,3263
4591,08/11/2025 , 17:20:54,3267,3267
4592,08/11/2025 , 18:20:54,3268,3268
4593,08/11/2025 , 19:20:54,3270,3270
4594,08/11/2025 , 20:20:54,3270,3270
4595,08/11/2025 , 21:20:54,3270,3270
4596,08/11/2025 , 22:20:54,3271,3271
4597,08/11/2025 , 23:20:54,3272,3272
4598,09/11/2025 , 00:20:54,3272,3272
4599,09/11/2025 , 01:20:54,3270,3270
4600,09/11/2025 , 02:20:54,3270,3270
4601,09/11/2025 , 03:20:54,3270,3270
4602,09/11/2025 , 04:20:54,3269,3269
4603,09/11/2025 , 05:20:54,3268,3268
4604,09/11/2025 , 06:20:54,3267,3267
4605,09/11/2025 , 07:20:54,3266,3266
4606,09/11/2025 , 08:20:54,3265,3265
4607,09/11/2025 , 09:20:54,3264,3264
4608,09/11/2025 , 10:20:54,3264,3264
4609,09/11/2025 , 11:20:54,3263,3263
4610,09/11/2025 , 12:20:54,3262,3262
4611,09/11/2025 , 13:20:54,3259,3259
4612,09/11/2025 , 14:20:54,3258,3258
4613,09/11/2025 , 15:20:54,3256,3256
4614,09/11/2025 , 16:20:54,3255,3255
4615,09/11/2025 , 17:20:54,3254,3254
4616,09/11/2025 , 18:20:54,3254,3254
4617,09/11/2025 , 19:20:54,3251,3251
4618,09/11/2025 , 20:20:54,3251,3251
4619,09/11/2025 , 21:20:54,3250,3250
4620,09/11/2025 , 22:20:54,3250,3250
4621,09/11/2025 , 23:20:54,3250,3250
4622,10/11/2025 , 00:20:54,3249,3249
4623,10/11/2025 , 01:20:54,3248,3248
4624,10/11/2025 , 02:20:54,3248,3248
4625,10/11/2025 , 03:20:54,3248,3248
4626,10/11/2025 , 04:20:54,3249,3249
4627,10/11/2025 , 05:20:54,3250,3250
4628,10/11/2025 , 06:20:54,3253,3253
4629,10/11/2025 , 07:20:54,3257,3257
4630,10/11/2025 , 08:20:54,3260,3260
4631,10/11/2025 , 09:20:54,3291,3291
4632,10/11/2025 , 10:20:54,3330,3330
4633,10/11/2025 , 11:20:54,3343,3343
4634,10/11/2025 , 12:20:54,3347,3347
4635,10/11/2025 , 13:20:54,3356,3356
4636,10/11/2025 , 14:20:54,3351,3351
4637,10/11/2025 , 15:20:54,3339,3339
4638,10/11/2025 , 16:20:54,3334,3334
4639,10/11/2025 , 17:20:54,3331,3331
4640,10/11/2025 , 18:20:54,3331,3331
4641,10/11/2025 , 19:20:54,3329,3329
4642,10/11/2025 , 20:20:54,3330,3330
4643,10/11/2025 , 21:20:54,3336,3336
4644,10/11/2025 , 22:20:54,3337,3337
4645,10/11/2025 , 23:20:54,3344,3344
4646,11/11/2025 , 00:20:54,3358,3358
4647,11/11/2025 , 01:20:54,3362,3362
4648,11/11/2025 , 02:20:54,3367,3367
4649,11/11/2025 , 03:20:54,3365,3365
4650,11/11/2025 , 04:20:54,3362,3362
4651,11/11/2025 , 05:20:54,3358,3358
4652,11/11/2025 , 06:20:54,3355,3355
4653,11/11/2025 , 07:20:54,3352,3352
4654,11/11/2025 , 08:20:54,3347,3347
4655,11/11/2025 , 09:20:54,3343,3343
4656,11/11/2025 , 10:20:54,3339,3339
4657,11/11/2025 , 11:20:54,3336,3336
4658,11/11/2025 , 12:20:54,3332,3332
4659,11/11/2025 , 13:20:54,3329,3329
4660,11/11/2025 , 14:20:54,3328,3328
4661,11/11/2025 , 15:20:54,3326,3326
4662,11/11/2025 , 16:20:54,3324,3324
4663,11/11/2025 , 17:20:54,3323,3323
4664,11/11/2025 , 18:20:54,3322,3322
4665,11/11/2025 , 19:20:54,3321,3321
4666,11/11/2025 , 20:20:54,3318,3318
4667,11/11/2025 , 21:20:54,3316,3316
4668,11/11/2025 , 22:20:54,3314,3314
4669,11/11/2025 , 23:20:54,3312,3312
4670,12/11/2025 , 00:20:54,3312,3312
4671,12/11/2025 , 01:20:54,3311,3311
4672,12/11/2025 , 02:20:54,3311,3311
4673,12/11/2025 , 03:20:54,3310,3310
4674,12/11/2025 , 04:20:54,3310,3310
4675,12/11/2025 , 05:20:54,3309,3309
4676,12/11/2025 , 06:20:54,3307,3307
4677,12/11/2025 , 07:20:54,3306,3306
4678,12/11/2025 , 08:20:54,3304,3304
4679,12/11/2025 , 09:20:54,3302,3302
4680,12/11/2025 , 10:20:54,3302,3302
4681,12/11/2025 , 11:20:54,3301,3301
4682,12/11/2025 , 12:20:54,3299,3299
4683,12/11/2025 , 13:20:54,3298,3298
4684,12/11/2025 , 14:20:54,3298,3298
4685,12/11/2025 , 15:20:54,3297,3297
4686,12/11/2025 , 16:20:54,3296,3296
4687,12/11/2025 , 17:20:54,3296,3296
4688,12/11/2025 , 18:20:54,3295,3295
4689,12/11/2025 , 19:20:54,3294,3294
4690,12/11/2025 , 20:20:54,3294,3294
4691,12/11/2025 , 21:20:54,3293,3293
4692,12/11/2025 , 22:20:54,3293,3293
4693,12/11/2025 , 23:20:54,3292,3292
4694,13/11/2025 , 00:20:54,3291,3291
4695,13/11/2025 , 01:20:54,3289,3289
4696,13/11/2025 , 02:20:54,3288,3288
4697,13/11/2025 , 03:20:54,3287,3287
4698,13/11/2025 , 04:20:54,3286,3286
4699,13/11/2025 , 05:20:54,3286,3286
4700,13/11/2025 , 06:20:54,3286,3286
4701,13/11/2025 , 07:20:54,3284,3284
4702,13/11/2025 , 08:20:54,3283,3283
4703,13/11/2025 , 09:20:54,3283,3283
4704,13/11/2025 , 10:20:54,3283,3283
4705,13/11/2025 , 11:20:54,3282,3282
4706,13/11/2025 , 12:20:54,3281,3281
4707,13/11/2025 , 13:20:54,3281,3281
4708,13/11/2025 , 14:20:54,3281,3281
4709,13/11/2025 , 15:20:54,3281,3281
4710,13/11/2025 , 16:20:54,3281,3281
4711,13/11/2025 , 17:20:54,3281,3281
4712,13/11/2025 , 18:20:54,3280,3280
4713,13/11/2025 , 19:20:54,3281,3281
4714,13/11/2025 , 20:20:54,3282,3282
4715,13/11/2025 , 21:20:54,3282,3282
4716,13/11/2025 , 22:20:54,3282,3282
4717,13/11/2025 , 23:20:54,3282,3282
4718,14/11/2025 , 00:20:54,3282,3282
4719,14/11/2025 , 01:20:54,3282,3282
4720,14/11/2025 , 02:20:54,3282,3282
4721,14/11/2025 , 03:20:54,3281,3281
4722,14/11/2025 , 04:20:54,3282,3282
4723,14/11/2025 , 05:20:54,3281,3281
4724,14/11/2025 , 06:20:54,3281,3281
4725,14/11/2025 , 07:20:54,3280,3280
4726,14/11/2025 , 08:20:54,3280,3280
4727,14/11/2025 , 09:20:54,3279,3279
4728,14/11/2025 , 10:20:54,3280,3280
4729,14/11/2025 , 11:20:54,3281,3281
4730,14/11/2025 , 12:20:54,3281,3281
4731,14/11/2025 , 13:20:54,3283,3283
4732,14/11/2025 , 14:20:54,3283,3283
4733,14/11/2025 , 15:20:54,3282,3282
4734,14/11/2025 , 16:20:54,3282,3282
4735,14/11/2025 , 17:20:54,3282,3282
4736,14/11/2025 , 18:20:54,3282,3282
4737,14/11/2025 , 19:20:54,3282,3282
4738,14/11/2025 , 20:20:54,3282,3282
4739,14/11/2025 , 21:20:54,3281,3281
4740,14/11/2025 , 22:20:54,3281,3281
4741,14/11/2025 , 23:20:54,3281,3281
4742,15/11/2025 , 00:20:54,3281,3281
4743,15/11/2025 , 01:20:54,3281,3281
4744,15/11/2025 , 02:20:54,3281,3281
4745,15/11/2025 , 03:20:54,3281,3281
4746,15/11/2025 , 04:20:54,3281,3281
4747,15/11/2025 , 05:20:54,3280,3280
4748,15/11/2025 , 06:20:54,3280,3280
4749,15/11/2025 , 07:20:54,3280,3280
4750,15/11/2025 , 08:20:54,3280,3280
4751,15/11/2025 , 09:20:54,3280,3280
4752,15/11/2025 , 10:20:54,3280,3280
4753,15/11/2025 , 11:20:54,3281,3281
4754,15/11/2025 , 12:20:54,3280,3280
4755,15/11/2025 , 13:20:54,3280,3280
4756,15/11/2025 , 14:20:54,3280,3280
4757,15/11/2025 , 15:20:54,3279,3279
4758,15/11/2025 , 16:20:54,3279,3279
4759,15/11/2025 , 17:20:54,3278,3278
4760,15/11/2025 , 18:20:54,3277,3277
4761,15/11/2025 , 19:20:54,3277,3277
4762,15/11/2025 , 20:20:54,3275,3275
4763,15/11/2025 , 21:20:54,3274,3274
4764,15/11/2025 , 22:20:54,3274,3274
4765,15/11/2025 , 23:20:54,3275,3275
4766,16/11/2025 , 00:20:54,3273,3273
4767,16/11/2025 , 01:20:54,3273,3273
4768,16/11/2025 , 02:20:54,3272,3272
4769,16/11/2025 , 03:20:54,3274,3274
4770,16/11/2025 , 04:20:54,3274,3274
4771,16/11/2025 , 05:20:54,3274,3274
4772,16/11/2025 , 06:20:54,3275,3275
4773,16/11/2025 , 07:20:54,3275,3275
4774,16/11/2025 , 08:20:54,3274,3274
4775,16/11/2025 , 09:20:54,3272,3272
4776,16/11/2025 , 10:20:54,3273,3273
4777,16/11/2025 , 11:20:54,3273,3273
4778,16/11/2025 , 12:20:54,3272,3272
4779,16/11/2025 , 13:20:54,3271,3271
4780,16/11/2025 , 14:20:54,3272,3272
4781,16/11/2025 , 15:20:54,3272,3272
4782,16/11/2025 , 16:20:54,3272,3272
4783,16/11/2025 , 17:20:54,3271,3271
4784,16/11/2025 , 18:20:54,3270,3270
4785,16/11/2025 , 19:20:54,3270,3270
4786,16/11/2025 , 20:20:54,3269,3269
4787,16/11/2025 , 21:20:54,3268,3268
4788,16/11/2025 , 22:20:54,3267,3267
4789,16/11/2025 , 23:20:54,3266,3266
4790,17/11/2025 , 00:20:54,3264,3264
4791,17/11/2025 , 01:20:54,3264,3264
4792,17/11/2025 , 02:20:54,3267,3267
4793,17/11/2025 , 03:20:54,3267,3267
4794,17/11/2025 , 04:20:54,3267,3267
4795,17/11/2025 , 05:20:54,3267,3267
4796,17/11/2025 , 06:20:54,3266,3266
4797,17/11/2025 , 07:20:54,3265,3265
4798,17/11/2025 , 08:20:54,3264,3264
4799,17/11/2025 , 09:20:54,3262,3262
4800,17/11/2025 , 10:20:54,3262,3262
4801,17/11/2025 , 11:20:54,3260,3260
4802,17/11/2025 , 12:20:54,3259,3259
4803,17/11/2025 , 13:20:54,3257,3257
4804,17/11/2025 , 14:20:54,3257,3257
4805,17/11/2025 , 15:20:54,3256,3256
4806,17/11/2025 , 16:20:54,3254,3254
4807,17/11/2025 , 17:20:54,3253,3253
4808,17/11/2025 , 18:20:54,3253,3253
4809,17/11/2025 , 19:20:54,3250,3250
4810,17/11/2025 , 20:20:54,3248,3248
4811,17/11/2025 , 21:20:54,3246,3246
4812,17/11/2025 , 22:20:54,3245,3245
4813,17/11/2025 , 23:20:54,3244,3244
4814,18/11/2025 , 00:20:54,3243,3243
4815,18/11/2025 , 01:20:54,3242,3242
4816,18/11/2025 , 02:20:54,3240,3240
4817,18/11/2025 , 03:20:54,3239,3239
4818,18/11/2025 , 04:20:54,3238,3238
4819,18/11/2025 , 05:20:54,3236,3236
4820,18/11/2025 , 06:20:54,3236,3236
4821,18/11/2025 , 07:20:54,3233,3233
4822,18/11/2025 , 08:20:54,3234,3234
4823,18/11/2025 , 09:20:54,3232,3232
4824,18/11/2025 , 10:20:54,3233,3233
4825,18/11/2025 , 11:20:54,3233,3233
4826,18/11/2025 , 12:20:54,3231,3231
4827,18/11/2025 , 13:20:54,3230,3230
4828,18/11/2025 , 14:20:54,3231,3231
4829,18/11/2025 , 15:20:54,3229,3229
4830,18/11/2025 , 16:20:54,3229,3229
4831,18/11/2025 , 17:20:54,3227,3227
4832,18/11/2025 , 18:20:54,3227,3227
4833,18/11/2025 , 19:20:54,3225,3225
4834,18/11/2025 , 20:20:54,3224,3224
4835,18/11/2025 , 21:20:54,3224,3224
4836,18/11/2025 , 22:20:54,3222,3222
4837,18/11/2025 , 23:20:54,3222,3222
4838,19/11/2025 , 00:20:54,3221,3221
4839,19/11/2025 , 01:20:54,3221,3221
4840,19/11/2025 , 02:20:54,3220,3220
4841,19/11/2025 , 03:20:54,3219,3219
4842,19/11/2025 , 04:20:54,3219,3219
4843,19/11/2025 , 05:20:54,3218,3218
4844,19/11/2025 , 06:20:54,3217,3217
4845,19/11/2025 , 07:20:54,3217,3217
4846,19/11/2025 , 08:20:54,3216,3216
4847,19/11/2025 , 09:20:54,3215,3215
4848,19/11/2025 , 10:20:54,3214,3214
4849,19/11/2025 , 11:20:54,3214,3214
4850,19/11/2025 , 12:20:54,3214,3214
4851,19/11/2025 , 13:20:54,3214,3214
4852,19/11/2025 , 14:20:54,3214,3214
4853,19/11/2025 , 15:20:54,3214,3214
4854,19/11/2025 , 16:20:54,3211,3211
4855,19/11/2025 , 17:20:54,3212,3212
4856,19/11/2025 , 18:20:54,3212,3212
4857,19/11/2025 , 19:20:54,3211,3211
4858,19/11/2025 , 20:20:54,3211,3211
4859,19/11/2025 , 21:20:54,3210,3210
4860,19/11/2025 , 22:20:54,3210,3210
4861,19/11/2025 , 23:20:54,3209,3209
4862,20/11/2025 , 00:20:54,3208,3208
4863,20/11/2025 , 01:20:54,3208,3208
4864,20/11/2025 , 02:20:54,3208,3208
4865,20/11/2025 , 03:20:54,3207,3207
4866,20/11/2025 , 04:20:54,3209,3209
4867,20/11/2025 , 05:20:54,3207,3207
4868,20/11/2025 , 06:20:54,3206,3206
4869,20/11/2025 , 07:20:54,3206,3206
4870,20/11/2025 , 08:20:54,3204,3204
4871,20/11/2025 , 09:20:54,3205,3205
4872,20/11/2025 , 10:20:54,3205,3205
4873,20/11/2025 , 11:20:54,3205,3205
4874,20/11/2025 , 12:20:54,3205,3205
4875,20/11/2025 , 13:20:54,3206,3206
4876,20/11/2025 , 14:20:54,3207,3207
4877,20/11/2025 , 15:20:54,3207,3207
4878,20/11/2025 , 16:20:54,3206,3206
4879,20/11/2025 , 17:20:54,3206,3206
4880,20/11/2025 , 18:20:54,3206,3206
4881,20/11/2025 , 19:20:54,3206,3206
4882,20/11/2025 , 20:20:54,3205,3205
4883,20/11/2025 , 21:20:54,3204,3204
4884,20/11/2025 , 22:20:54,3206,3206
4885,20/11/2025 , 23:20:54,3205,3205
4886,21/11/2025 , 00:20:54,3206,3206
4887,21/11/2025 , 01:20:54,3204,3204
4888,21/11/2025 , 02:20:54,3205,3205
4889,21/11/2025 , 03:20:54,3205,3205
4890,21/11/2025 , 04:20:54,3204,3204
4891,21/11/2025 , 05:20:54,3206,3206
4892,21/11/2025 , 06:20:54,3204,3204
4893,21/11/2025 , 07:20:54,3206,3206
4894,21/11/2025 , 08:20:54,3205,3205
4895,21/11/2025 , 09:20:54,3205,3205
4896,21/11/2025 , 10:20:54,3204,3204
4897,21/11/2025 , 11:20:54,3206,3206
4898,21/11/2025 , 12:20:54,3206,3206
4899,21/11/2025 , 13:20:54,3206,3206
4900,21/11/2025 , 14:20:54,3206,3206
4901,21/11/2025 , 15:20:54,3207,3207
4902,21/11/2025 , 16:20:54,3207,3207
4903,21/11/2025 , 17:20:54,3207,3207
4904,21/11/2025 , 18:20:54,3208,3208
4905,21/11/2025 , 19:20:54,3206,3206
4906,21/11/2025 , 20:20:54,3206,3206
4907,21/11/2025 , 21:20:54,3206,3206
4908,21/11/2025 , 22:20:54,3206,3206
4909,21/11/2025 , 23:20:54,3205,3205
4910,22/11/2025 , 00:20:54,3206,3206
4911,22/11/2025 , 01:20:54,3205,3205
4912,22/11/2025 , 02:20:54,3205,3205
4913,22/11/2025 , 03:20:54,3205,3205
4914,22/11/2025 , 04:20:54,3204,3204
4915,22/11/2025 , 05:20:54,3204,3204
4916,22/11/2025 , 06:20:54,3204,3204
4917,22/11/2025 , 07:20:54,3203,3203
4918,22/11/2025 , 08:20:54,3203,3203
4919,22/11/2025 , 09:20:54,3203,3203
4920,22/11/2025 , 10:20:54,3202,3202
4921,22/11/2025 , 11:20:54,3203,3203
4922,22/11/2025 , 12:20:54,3202,3202
4923,22/11/2025 , 13:20:54,3202,3202
4924,22/11/2025 , 14:20:54,3202,3202
4925,22/11/2025 , 15:20:54,3202,3202
4926,22/11/2025 , 16:20:54,3202,3202
4927,22/11/2025 , 17:20:54,3202,3202
4928,22/11/2025 , 18:20:54,3200,3200
4929,22/11/2025 , 19:20:54,3200,3200
4930,22/11/2025 , 20:20:54,3199,3199
4931,22/11/2025 , 21:20:54,3199,3199
4932,22/11/2025 , 22:20:54,3198,3198
4933,22/11/2025 , 23:20:54,3198,3198
4934,23/11/2025 , 00:20:54,3198,3198
4935,23/11/2025 , 01:20:54,3199,3199
4936,23/11/2025 , 02:20:54,3198,3198
4937,23/11/2025 , 03:20:54,3198,3198
4938,23/11/2025 , 04:20:54,3198,3198
4939,23/11/2025 , 05:20:54,3197,3197
4940,23/11/2025 , 06:20:54,3197,3197
4941,23/11/2025 , 07:20:54,3194,3194
4942,23/11/2025 , 08:20:54,3193,3193
4943,23/11/2025 , 09:20:54,3193,3193
4944,23/11/2025 , 10:20:54,3193,3193
4945,23/11/2025 , 11:20:54,3193,3193
4946,23/11/2025 , 12:20:54,3194,3194
4947,23/11/2025 , 13:20:54,3197,3197
4948,23/11/2025 , 14:20:54,3196,3196
4949,23/11/2025 , 15:20:54,3196,3196
4950,23/11/2025 , 16:20:54,3195,3195
4951,23/11/2025 , 17:20:54,3194,3194
4952,23/11/2025 , 18:20:54,3194,3194
4953,23/11/2025 , 19:20:54,3193,3193
4954,23/11/2025 , 20:20:54,3194,3194
4955,23/11/2025 , 21:20:54,3194,3194
4956,23/11/2025 , 22:20:54,3194,3194
4957,23/11/2025 , 23:20:54,3194,3194
4958,24/11/2025 , 00:20:54,3194,3194
4959,24/11/2025 , 01:20:54,3194,3194
4960,24/11/2025 , 02:20:54,3192,3192
4961,24/11/2025 , 03:20:54,3192,3192
4962,24/11/2025 , 04:20:54,3191,3191
4963,24/11/2025 , 05:20:54,3192,3192
4964,24/11/2025 , 06:20:54,3192,3192
4965,24/11/2025 , 07:20:54,3190,3190
4966,24/11/2025 , 08:20:54,3189,3189
4967,24/11/2025 , 09:20:54,3189,3189
4968,24/11/2025 , 10:20:54,3187,3187
4969,24/11/2025 , 11:20:54,3188,3188
4970,24/11/2025 , 12:20:54,3189,3189
4971,24/11/2025 , 13:20:54,3190,3190
4972,24/11/2025 , 14:20:54,3190,3190
4973,24/11/2025 , 15:20:54,3190,3190
4974,24/11/2025 , 16:20:54,3189,3189
4975,24/11/2025 , 17:20:54,3190,3190
4976,24/11/2025 , 18:20:54,3189,3189
4977,24/11/2025 , 19:20:54,3188,3188
4978,24/11/2025 , 20:20:54,3187,3187
4979,24/11/2025 , 21:20:54,3186,3186
4980,24/11/2025 , 22:20:54,3187,3187
4981,24/11/2025 , 23:20:54,3188,3188
4982,25/11/2025 , 00:20:54,3187,3187
4983,25/11/2025 , 01:20:54,3188,3188
4984,25/11/2025 , 02:20:54,3188,3188
4985,25/11/2025 , 03:20:54,3188,3188
4986,25/11/2025 , 04:20:54,3187,3187
4987,25/11/2025 , 05:20:54,3188,3188
4988,25/11/2025 , 06:20:54,3187,3187
4989,25/11/2025 , 07:20:54,3188,3188
4990,25/11/2025 , 08:20:54,3186,3186
4991,25/11/2025 , 09:20:54,3187,3187
4992,25/11/2025 , 10:20:54,3187,3187
4993,25/11/2025 , 11:20:54,3187,3187
4994,25/11/2025 , 12:20:54,3186,3186
4995,25/11/2025 , 13:20:54,3186,3186
4996,25/11/2025 , 14:20:54,3186,3186
4997,25/11/2025 , 15:20:54,3186,3186
4998,25/11/2025 , 16:20:54,3186,3186
4999,25/11/2025 , 17:20:54,3186,3186
5000,25/11/2025 , 18:20:54,3186,3186
5001,25/11/2025 , 19:20:54,3186,3186
5002,25/11/2025 , 20:20:54,3185,3185
5003,25/11/2025 , 21:20:54,3185,3185
5004,25/11/2025 , 22:20:54,3185,3185
5005,25/11/2025 , 23:20:54,3186,3186
5006,26/11/2025 , 00:20:54,3186,3186
5007,26/11/2025 , 01:20:54,3186,3186
5008,26/11/2025 , 02:20:54,3186,3186
5009,26/11/2025 , 03:20:54,3186,3186
5010,26/11/2025 , 04:20:54,3185,3185
5011,26/11/2025 , 05:20:54,3186,3186
5012,26/11/2025 , 06:20:54,3185,3185
5013,26/11/2025 , 07:20:54,3184,3184
5014,26/11/2025 , 08:20:54,3185,3185
5015,26/11/2025 , 09:20:54,3185,3185
5016,26/11/2025 , 10:20:54,3185,3185
5017,26/11/2025 , 11:20:54,3185,3185
5018,26/11/2025 , 12:20:54,3185,3185
5019,26/11/2025 , 13:20:54,3185,3185
5020,26/11/2025 , 14:20:54,3187,3187
5021,26/11/2025 , 15:20:54,3192,3192
5022,26/11/2025 , 16:20:54,3198,3198
5023,26/11/2025 , 17:20:54,3207,3207
5024,26/11/2025 , 18:20:54,3214,3214
5025,26/11/2025 , 19:20:54,3220,3220
5026,26/11/2025 , 20:20:54,3230,3230
5027,26/11/2025 , 21:20:54,3238,3238
5028,26/11/2025 , 22:20:54,3249,3249
5029,26/11/2025 , 23:20:54,3268,3268
5030,27/11/2025 , 00:20:54,3286,3286
5031,27/11/2025 , 01:20:54,3323,3323
5032,27/11/2025 , 02:20:54,3343,3343
5033,27/11/2025 , 03:20:54,3344,3344
5034,27/11/2025 , 04:20:54,3346,3346
5035,27/11/2025 , 05:20:54,3345,3345
5036,27/11/2025 , 06:20:54,3342,3342
5037,27/11/2025 , 07:20:54,3338,3338
5038,27/11/2025 , 08:20:54,3336,3336
5039,27/11/2025 , 09:20:54,3333,3333
5040,27/11/2025 , 10:20:54,3331,3331
5041,27/11/2025 , 11:20:54,3329,3329
5042,27/11/2025 , 12:20:54,3327,3327
5043,27/11/2025 , 13:20:54,3326,3326
5044,27/11/2025 , 14:20:54,3324,3324
5045,27/11/2025 , 15:20:54,1568,1568
5046,27/11/2025 , 16:20:54,1632,1632
5047,27/11/2025 , 17:20:54,1573,1573
5048,27/11/2025 , 18:20:54,1571,1571
5049,27/11/2025 , 19:20:54,1568,1568
5050,27/11/2025 , 20:20:54,1569,1569
5051,27/11/2025 , 21:20:54,1570,1570
5052,27/11/2025 , 22:20:54,1572,1572
5053,27/11/2025 , 23:20:54,1572,1572
5054,28/11/2025 , 00:20:54,1572,1572
5055,28/11/2025 , 01:20:54,1571,1571
5056,28/11/2025 , 02:20:54,1570,1570
5057,28/11/2025 , 03:20:54,1570,1570
5058,28/11/2025 , 04:20:54,1570,1570
5059,28/11/2025 , 05:20:54,1570,1570
5060,28/11/2025 , 06:20:54,1570,1570
5061,28/11/2025 , 07:20:54,1571,1571
5062,28/11/2025 , 08:20:54,1571,1571
5063,28/11/2025 , 09:20:54,1567,1567
5064,28/11/2025 , 10:20:54,1567,1567
5065,28/11/2025 , 11:20:54,1567,1567
5066,28/11/2025 , 12:20:54,1567,1567
5067,28/11/2025 , 13:20:54,1568,1568
5068,28/11/2025 , 14:20:54,1567,1567
5069,28/11/2025 , 15:20:54,1568,1568
5070,28/11/2025 , 16:20:54,1560,1560
5071,28/11/2025 , 17:20:54,1543,1543