Site Name ,ST-HENRI
Site Number ,100
Logger ,Capacitive Water Level
Logger Serial Number ,42565


Scan No ,Date and Time,       Capacitive Water Level,        ,
        ,        ,RAW VALUE ,CALIBRATED VALUE,

1,01/05/2025 , 11:30:24,1554,1554
2,01/05/2025 , 12:30:24,1529,1529
3,01/05/2025 , 13:30:24,1500,1500
4,01/05/2025 , 14:30:24,1525,1525
5,01/05/2025 , 15:30:24,3021,3021
6,01/05/2025 , 16:30:24,3019,3019
7,01/05/2025 , 17:30:24,3017,3017
8,01/05/2025 , 18:30:24,3014,3014
9,01/05/2025 , 19:30:24,3011,3011
10,01/05/2025 , 20:30:24,3008,3008
11,01/05/2025 , 21:30:24,3007,3007
12,01/05/2025 , 22:30:24,3005,3005
13,01/05/2025 , 23:30:24,3004,3004
14,02/05/2025 , 00:30:24,3002,3002
15,02/05/2025 , 01:30:24,3001,3001
16,02/05/2025 , 02:30:24,2999,2999
17,02/05/2025 , 03:30:24,2999,2999
18,02/05/2025 , 04:30:24,2997,2997
19,02/05/2025 , 05:30:24,2996,2996
20,02/05/2025 , 06:30:24,2997,2997
21,02/05/2025 , 07:30:24,2996,2996
22,02/05/2025 , 08:30:24,2994,2994
23,02/05/2025 , 09:30:24,2995,2995
24,02/05/2025 , 10:30:24,3031,3031
25,02/05/2025 , 11:30:24,3142,3142
26,02/05/2025 , 12:30:24,3206,3206
27,02/05/2025 , 13:30:24,3181,3181
28,02/05/2025 , 14:30:24,3160,3160
29,02/05/2025 , 15:30:24,3144,3144
30,02/05/2025 , 16:30:24,3130,3130
31,02/05/2025 , 17:30:24,3120,3120
32,02/05/2025 , 18:30:24,3111,3111
33,02/05/2025 , 19:30:24,3105,3105
34,02/05/2025 , 20:30:24,3098,3098
35,02/05/2025 , 21:30:24,3091,3091
36,02/05/2025 , 22:30:24,3087,3087
37,02/05/2025 , 23:30:24,3082,3082
38,03/05/2025 , 00:30:24,3077,3077
39,03/05/2025 , 01:30:24,3072,3072
40,03/05/2025 , 02:30:24,3068,3068
41,03/05/2025 , 03:30:24,3064,3064
42,03/05/2025 , 04:30:24,3060,3060
43,03/05/2025 , 05:30:24,3056,3056
44,03/05/2025 , 06:30:24,3053,3053
45,03/05/2025 , 07:30:24,3051,3051
46,03/05/2025 , 08:30:24,3051,3051
47,03/05/2025 , 09:30:24,3049,3049
48,03/05/2025 , 10:30:24,3046,3046
49,03/05/2025 , 11:30:24,3045,3045
50,03/05/2025 , 12:30:24,3043,3043
51,03/05/2025 , 13:30:24,3040,3040
52,03/05/2025 , 14:30:24,3038,3038
53,03/05/2025 , 15:30:24,3036,3036
54,03/05/2025 , 16:30:24,3034,3034
55,03/05/2025 , 17:30:24,3032,3032
56,03/05/2025 , 18:30:24,3032,3032
57,03/05/2025 , 19:30:24,3030,3030
58,03/05/2025 , 20:30:24,3029,3029
59,03/05/2025 , 21:30:24,3029,3029
60,03/05/2025 , 22:30:24,3027,3027
61,03/05/2025 , 23:30:24,3025,3025
62,04/05/2025 , 00:30:24,3025,3025
63,04/05/2025 , 01:30:24,3023,3023
64,04/05/2025 , 02:30:24,3021,3021
65,04/05/2025 , 03:30:24,3021,3021
66,04/05/2025 , 04:30:24,3019,3019
67,04/05/2025 , 05:30:24,3018,3018
68,04/05/2025 , 06:30:24,3016,3016
69,04/05/2025 , 07:30:24,3015,3015
70,04/05/2025 , 08:30:24,3013,3013
71,04/05/2025 , 09:30:24,3013,3013
72,04/05/2025 , 10:30:24,3012,3012
73,04/05/2025 , 11:30:24,3013,3013
74,04/05/2025 , 12:30:24,3012,3012
75,04/05/2025 , 13:30:24,3009,3009
76,04/05/2025 , 14:30:24,3008,3008
77,04/05/2025 , 15:30:24,3007,3007
78,04/05/2025 , 16:30:24,3006,3006
79,04/05/2025 , 17:30:24,3005,3005
80,04/05/2025 , 18:30:24,3004,3004
81,04/05/2025 , 19:30:24,3004,3004
82,04/05/2025 , 20:30:24,3002,3002
83,04/05/2025 , 21:30:24,3002,3002
84,04/05/2025 , 22:30:24,3001,3001
85,04/05/2025 , 23:30:24,2999,2999
86,05/05/2025 , 00:30:24,2998,2998
87,05/05/2025 , 01:30:24,2997,2997
88,05/05/2025 , 02:30:24,2996,2996
89,05/05/2025 , 03:30:24,2996,2996
90,05/05/2025 , 04:30:24,2994,2994
91,05/05/2025 , 05:30:24,2993,2993
92,05/05/2025 , 06:30:24,2992,2992
93,05/05/2025 , 07:30:24,2992,2992
94,05/05/2025 , 08:30:24,2991,2991
95,05/05/2025 , 09:30:24,2990,2990
96,05/05/2025 , 10:30:24,2988,2988
97,05/05/2025 , 11:30:24,2987,2987
98,05/05/2025 , 12:30:24,2986,2986
99,05/05/2025 , 13:30:24,2986,2986
100,05/05/2025 , 14:30:24,2984,2984
101,05/05/2025 , 15:30:24,2985,2985
102,05/05/2025 , 16:30:24,2985,2985
103,05/05/2025 , 17:30:24,2984,2984
104,05/05/2025 , 18:30:24,2983,2983
105,05/05/2025 , 19:30:24,2983,2983
106,05/05/2025 , 20:30:24,2982,2982
107,05/05/2025 , 21:30:24,2982,2982
108,05/05/2025 , 22:30:24,2981,2981
109,05/05/2025 , 23:30:24,2980,2980
110,06/05/2025 , 00:30:24,2979,2979
111,06/05/2025 , 01:30:24,2979,2979
112,06/05/2025 , 02:30:24,2977,2977
113,06/05/2025 , 03:30:24,2978,2978
114,06/05/2025 , 04:30:24,2978,2978
115,06/05/2025 , 05:30:24,2978,2978
116,06/05/2025 , 06:30:24,2977,2977
117,06/05/2025 , 07:30:24,2977,2977
118,06/05/2025 , 08:30:24,2977,2977
119,06/05/2025 , 09:30:24,2977,2977
120,06/05/2025 , 10:30:24,2977,2977
121,06/05/2025 , 11:30:24,2977,2977
122,06/05/2025 , 12:30:24,2977,2977
123,06/05/2025 , 13:30:24,2977,2977
124,06/05/2025 , 14:30:24,2977,2977
125,06/05/2025 , 15:30:24,2978,2978
126,06/05/2025 , 16:30:24,2977,2977
127,06/05/2025 , 17:30:24,2977,2977
128,06/05/2025 , 18:30:24,2976,2976
129,06/05/2025 , 19:30:24,2975,2975
130,06/05/2025 , 20:30:24,2976,2976
131,06/05/2025 , 21:30:24,2976,2976
132,06/05/2025 , 22:30:24,2975,2975
133,06/05/2025 , 23:30:24,2975,2975
134,07/05/2025 , 00:30:24,2975,2975
135,07/05/2025 , 01:30:24,2975,2975
136,07/05/2025 , 02:30:24,2975,2975
137,07/05/2025 , 03:30:24,2975,2975
138,07/05/2025 , 04:30:24,2975,2975
139,07/05/2025 , 05:30:24,2975,2975
140,07/05/2025 , 06:30:24,2975,2975
141,07/05/2025 , 07:30:24,2975,2975
142,07/05/2025 , 08:30:24,2976,2976
143,07/05/2025 , 09:30:24,2976,2976
144,07/05/2025 , 10:30:24,2978,2978
145,07/05/2025 , 11:30:24,2976,2976
146,07/05/2025 , 12:30:24,2976,2976
147,07/05/2025 , 13:30:24,2976,2976
148,07/05/2025 , 14:30:24,2976,2976
149,07/05/2025 , 15:30:24,2977,2977
150,07/05/2025 , 16:30:24,2979,2979
151,07/05/2025 , 17:30:24,2986,2986
152,07/05/2025 , 18:30:24,2999,2999
153,07/05/2025 , 19:30:24,3023,3023
154,07/05/2025 , 20:30:24,3136,3136
155,07/05/2025 , 21:30:24,3163,3163
156,07/05/2025 , 22:30:24,3150,3150
157,07/05/2025 , 23:30:24,3133,3133
158,08/05/2025 , 00:30:24,3120,3120
159,08/05/2025 , 01:30:24,3109,3109
160,08/05/2025 , 02:30:24,3105,3105
161,08/05/2025 , 03:30:24,3105,3105
162,08/05/2025 , 04:30:24,3102,3102
163,08/05/2025 , 05:30:24,3098,3098
164,08/05/2025 , 06:30:24,3092,3092
165,08/05/2025 , 07:30:24,3086,3086
166,08/05/2025 , 08:30:24,3080,3080
167,08/05/2025 , 09:30:24,3074,3074
168,08/05/2025 , 10:30:24,3069,3069
169,08/05/2025 , 11:30:24,3065,3065
170,08/05/2025 , 12:30:24,3060,3060
171,08/05/2025 , 13:30:24,3058,3058
172,08/05/2025 , 14:30:24,3054,3054
173,08/05/2025 , 15:30:24,3052,3052
174,08/05/2025 , 16:30:24,3050,3050
175,08/05/2025 , 17:30:24,3047,3047
176,08/05/2025 , 18:30:24,3045,3045
177,08/05/2025 , 19:30:24,3042,3042
178,08/05/2025 , 20:30:24,3041,3041
179,08/05/2025 , 21:30:24,3039,3039
180,08/05/2025 , 22:30:24,3037,3037
181,08/05/2025 , 23:30:24,3035,3035
182,09/05/2025 , 00:30:24,3029,3029
183,09/05/2025 , 01:30:24,3028,3028
184,09/05/2025 , 02:30:24,3027,3027
185,09/05/2025 , 03:30:24,3025,3025
186,09/05/2025 , 04:30:24,3023,3023
187,09/05/2025 , 05:30:24,3023,3023
188,09/05/2025 , 06:30:24,3023,3023
189,09/05/2025 , 07:30:24,3031,3031
190,09/05/2025 , 08:30:24,3055,3055
191,09/05/2025 , 09:30:24,3087,3087
192,09/05/2025 , 10:30:24,3104,3104
193,09/05/2025 , 11:30:24,3107,3107
194,09/05/2025 , 12:30:24,3106,3106
195,09/05/2025 , 13:30:24,3098,3098
196,09/05/2025 , 14:30:24,3090,3090
197,09/05/2025 , 15:30:24,3084,3084
198,09/05/2025 , 16:30:24,3076,3076
199,09/05/2025 , 17:30:24,3070,3070
200,09/05/2025 , 18:30:24,3065,3065
201,09/05/2025 , 19:30:24,3060,3060
202,09/05/2025 , 20:30:24,3055,3055
203,09/05/2025 , 21:30:24,3053,3053
204,09/05/2025 , 22:30:24,3050,3050
205,09/05/2025 , 23:30:24,3048,3048
206,10/05/2025 , 00:30:24,3046,3046
207,10/05/2025 , 01:30:24,3045,3045
208,10/05/2025 , 02:30:24,3043,3043
209,10/05/2025 , 03:30:24,3042,3042
210,10/05/2025 , 04:30:24,3040,3040
211,10/05/2025 , 05:30:24,3034,3034
212,10/05/2025 , 06:30:24,3033,3033
213,10/05/2025 , 07:30:24,3030,3030
214,10/05/2025 , 08:30:24,3030,3030
215,10/05/2025 , 09:30:24,3029,3029
216,10/05/2025 , 10:30:24,3027,3027
217,10/05/2025 , 11:30:24,3026,3026
218,10/05/2025 , 12:30:24,3024,3024
219,10/05/2025 , 13:30:24,3023,3023
220,10/05/2025 , 14:30:24,3022,3022
221,10/05/2025 , 15:30:24,3021,3021
222,10/05/2025 , 16:30:24,3019,3019
223,10/05/2025 , 17:30:24,3018,3018
224,10/05/2025 , 18:30:24,3017,3017
225,10/05/2025 , 19:30:24,3015,3015
226,10/05/2025 , 20:30:24,3014,3014
227,10/05/2025 , 21:30:24,3012,3012
228,10/05/2025 , 22:30:24,3010,3010
229,10/05/2025 , 23:30:24,3011,3011
230,11/05/2025 , 00:30:24,3010,3010
231,11/05/2025 , 01:30:24,3009,3009
232,11/05/2025 , 02:30:24,3008,3008
233,11/05/2025 , 03:30:24,3006,3006
234,11/05/2025 , 04:30:24,3006,3006
235,11/05/2025 , 05:30:24,3006,3006
236,11/05/2025 , 06:30:24,3006,3006
237,11/05/2025 , 07:30:24,3006,3006
238,11/05/2025 , 08:30:24,3005,3005
239,11/05/2025 , 09:30:24,3005,3005
240,11/05/2025 , 10:30:24,3004,3004
241,11/05/2025 , 11:30:24,3004,3004
242,11/05/2025 , 12:30:24,3003,3003
243,11/05/2025 , 13:30:24,3001,3001
244,11/05/2025 , 14:30:24,2998,2998
245,11/05/2025 , 15:30:24,2997,2997
246,11/05/2025 , 16:30:24,2991,2991
247,11/05/2025 , 17:30:24,2991,2991
248,11/05/2025 , 18:30:24,2990,2990
249,11/05/2025 , 19:30:24,2989,2989
250,11/05/2025 , 20:30:24,2987,2987
251,11/05/2025 , 21:30:24,2987,2987
252,11/05/2025 , 22:30:24,2986,2986
253,11/05/2025 , 23:30:24,2985,2985
254,12/05/2025 , 00:30:24,2984,2984
255,12/05/2025 , 01:30:24,2983,2983
256,12/05/2025 , 02:30:24,2981,2981
257,12/05/2025 , 03:30:24,2981,2981
258,12/05/2025 , 04:30:24,2980,2980
259,12/05/2025 , 05:30:24,2979,2979
260,12/05/2025 , 06:30:24,2978,2978
261,12/05/2025 , 07:30:24,2977,2977
262,12/05/2025 , 08:30:24,2978,2978
263,12/05/2025 , 09:30:24,2977,2977
264,12/05/2025 , 10:30:24,2977,2977
265,12/05/2025 , 11:30:24,2978,2978
266,12/05/2025 , 12:30:24,2977,2977
267,12/05/2025 , 13:30:24,2975,2975
268,12/05/2025 , 14:30:24,2974,2974
269,12/05/2025 , 15:30:24,2974,2974
270,12/05/2025 , 16:30:24,2973,2973
271,12/05/2025 , 17:30:24,2973,2973
272,12/05/2025 , 18:30:24,2972,2972
273,12/05/2025 , 19:30:24,2971,2971
274,12/05/2025 , 20:30:24,2971,2971
275,12/05/2025 , 21:30:24,2836,2836
276,12/05/2025 , 22:30:24,2827,2827
277,12/05/2025 , 23:30:24,2825,2825
278,13/05/2025 , 00:30:24,2825,2825
279,13/05/2025 , 01:30:24,2827,2827
280,13/05/2025 , 02:30:24,2827,2827
281,13/05/2025 , 03:30:24,2821,2821
282,13/05/2025 , 04:30:24,2819,2819
283,13/05/2025 , 05:30:24,2819,2819
284,13/05/2025 , 06:30:24,2822,2822
285,13/05/2025 , 07:30:24,2826,2826
286,13/05/2025 , 08:30:24,2827,2827
287,13/05/2025 , 09:30:24,2833,2833
288,13/05/2025 , 10:30:24,2824,2824
289,13/05/2025 , 11:30:24,2827,2827
290,13/05/2025 , 12:30:24,2827,2827
291,13/05/2025 , 13:30:24,2825,2825
292,13/05/2025 , 14:30:24,2823,2823
293,13/05/2025 , 15:30:24,2819,2819
294,13/05/2025 , 16:30:24,2821,2821
295,13/05/2025 , 17:30:24,2821,2821
296,13/05/2025 , 18:30:24,2818,2818
297,13/05/2025 , 19:30:24,2817,2817
298,13/05/2025 , 20:30:24,2816,2816
299,13/05/2025 , 21:30:24,2812,2812
300,13/05/2025 , 22:30:24,2808,2808
301,13/05/2025 , 23:30:24,2811,2811
302,14/05/2025 , 00:30:24,2811,2811
303,14/05/2025 , 01:30:24,2807,2807
304,14/05/2025 , 02:30:24,2806,2806
305,14/05/2025 , 03:30:24,2806,2806
306,14/05/2025 , 04:30:24,2804,2804
307,14/05/2025 , 05:30:24,2800,2800
308,14/05/2025 , 06:30:24,2804,2804
309,14/05/2025 , 07:30:24,2812,2812
310,14/05/2025 , 08:30:24,2812,2812
311,14/05/2025 , 09:30:24,2818,2818
312,14/05/2025 , 10:30:24,2827,2827
313,14/05/2025 , 11:30:24,2840,2840
314,14/05/2025 , 12:30:24,2847,2847
315,14/05/2025 , 13:30:24,2844,2844
316,14/05/2025 , 14:30:24,2839,2839
317,14/05/2025 , 15:30:24,2840,2840
318,14/05/2025 , 16:30:24,2837,2837
319,14/05/2025 , 17:30:24,2835,2835
320,14/05/2025 , 18:30:24,2828,2828
321,14/05/2025 , 19:30:24,2833,2833
322,14/05/2025 , 20:30:24,2833,2833
323,14/05/2025 , 21:30:24,2823,2823
324,14/05/2025 , 22:30:24,2827,2827
325,14/05/2025 , 23:30:24,2818,2818
326,15/05/2025 , 00:30:24,2818,2818
327,15/05/2025 , 01:30:24,2815,2815
328,15/05/2025 , 02:30:24,2817,2817
329,15/05/2025 , 03:30:24,2825,2825
330,15/05/2025 , 04:30:24,2820,2820
331,15/05/2025 , 05:30:24,2823,2823
332,15/05/2025 , 06:30:24,2843,2843
333,15/05/2025 , 07:30:24,2824,2824
334,15/05/2025 , 08:30:24,2819,2819
335,15/05/2025 , 09:30:24,2823,2823
336,15/05/2025 , 10:30:24,2822,2822
337,15/05/2025 , 11:30:24,2827,2827
338,15/05/2025 , 12:30:24,2829,2829
339,15/05/2025 , 13:30:24,2829,2829
340,15/05/2025 , 14:30:24,2823,2823
341,15/05/2025 , 15:30:24,2826,2826
342,15/05/2025 , 16:30:24,2823,2823
343,15/05/2025 , 17:30:24,2821,2821
344,15/05/2025 , 18:30:24,2822,2822
345,15/05/2025 , 19:30:24,2818,2818
346,15/05/2025 , 20:30:24,2819,2819
347,15/05/2025 , 21:30:24,2816,2816
348,15/05/2025 , 22:30:24,2818,2818
349,15/05/2025 , 23:30:24,2817,2817
350,16/05/2025 , 00:30:24,2815,2815
351,16/05/2025 , 01:30:24,2812,2812
352,16/05/2025 , 02:30:24,2812,2812
353,16/05/2025 , 03:30:24,2814,2814
354,16/05/2025 , 04:30:24,2815,2815
355,16/05/2025 , 05:30:24,2812,2812
356,16/05/2025 , 06:30:24,2807,2807
357,16/05/2025 , 07:30:24,2811,2811
358,16/05/2025 , 08:30:24,2817,2817
359,16/05/2025 , 09:30:24,2818,2818
360,16/05/2025 , 10:30:24,2820,2820
361,16/05/2025 , 11:30:24,2815,2815
362,16/05/2025 , 12:30:24,2815,2815
363,16/05/2025 , 13:30:24,2814,2814
364,16/05/2025 , 14:30:24,2816,2816
365,16/05/2025 , 15:30:24,2814,2814
366,16/05/2025 , 16:30:24,2816,2816
367,16/05/2025 , 17:30:24,2847,2847
368,16/05/2025 , 18:30:24,2808,2808
369,16/05/2025 , 19:30:24,2803,2803
370,16/05/2025 , 20:30:24,2801,2801
371,16/05/2025 , 21:30:24,2798,2798
372,16/05/2025 , 22:30:24,2800,2800
373,16/05/2025 , 23:30:24,2806,2806
374,17/05/2025 , 00:30:24,2802,2802
375,17/05/2025 , 01:30:24,2802,2802
376,17/05/2025 , 02:30:24,2809,2809
377,17/05/2025 , 03:30:24,2807,2807
378,17/05/2025 , 04:30:24,2807,2807
379,17/05/2025 , 05:30:24,2806,2806
380,17/05/2025 , 06:30:24,2804,2804
381,17/05/2025 , 07:30:24,2808,2808
382,17/05/2025 , 08:30:24,2808,2808
383,17/05/2025 , 09:30:24,2805,2805
384,17/05/2025 , 10:30:24,2809,2809
385,17/05/2025 , 11:30:24,2810,2810
386,17/05/2025 , 12:30:24,2813,2813
387,17/05/2025 , 13:30:24,2811,2811
388,17/05/2025 , 14:30:24,2816,2816
389,17/05/2025 , 15:30:24,2876,2876
390,17/05/2025 , 16:30:24,2952,2952
391,17/05/2025 , 17:30:24,2968,2968
392,17/05/2025 , 18:30:24,2971,2971
393,17/05/2025 , 19:30:24,2964,2964
394,17/05/2025 , 20:30:24,2952,2952
395,17/05/2025 , 21:30:24,2950,2950
396,17/05/2025 , 22:30:24,2938,2938
397,17/05/2025 , 23:30:24,2939,2939
398,18/05/2025 , 00:30:24,2927,2927
399,18/05/2025 , 01:30:24,2923,2923
400,18/05/2025 , 02:30:24,2921,2921
401,18/05/2025 , 03:30:24,2926,2926
402,18/05/2025 , 04:30:24,2924,2924
403,18/05/2025 , 05:30:24,2928,2928
404,18/05/2025 , 06:30:24,2931,2931
405,18/05/2025 , 07:30:24,2946,2946
406,18/05/2025 , 08:30:24,3023,3023
407,18/05/2025 , 09:30:24,3017,3017
408,18/05/2025 , 10:30:24,2991,2991
409,18/05/2025 , 11:30:24,2975,2975
410,18/05/2025 , 12:30:24,2967,2967
411,18/05/2025 , 13:30:24,2947,2947
412,18/05/2025 , 14:30:24,2948,2948
413,18/05/2025 , 15:30:24,2937,2937
414,18/05/2025 , 16:30:24,2935,2935
415,18/05/2025 , 17:30:24,2925,2925
416,18/05/2025 , 18:30:24,2925,2925
417,18/05/2025 , 19:30:24,2923,2923
418,18/05/2025 , 20:30:24,2920,2920
419,18/05/2025 , 21:30:24,2922,2922
420,18/05/2025 , 22:30:24,2926,2926
421,18/05/2025 , 23:30:24,2922,2922
422,19/05/2025 , 00:30:24,2919,2919
423,19/05/2025 , 01:30:24,2915,2915
424,19/05/2025 , 02:30:24,2914,2914
425,19/05/2025 , 03:30:24,2907,2907
426,19/05/2025 , 04:30:24,2908,2908
427,19/05/2025 , 05:30:24,2904,2904
428,19/05/2025 , 06:30:24,2909,2909
429,19/05/2025 , 07:30:24,2917,2917
430,19/05/2025 , 08:30:24,2937,2937
431,19/05/2025 , 09:30:24,2947,2947
432,19/05/2025 , 10:30:24,2948,2948
433,19/05/2025 , 11:30:24,2953,2953
434,19/05/2025 , 12:30:24,2952,2952
435,19/05/2025 , 13:30:24,2945,2945
436,19/05/2025 , 14:30:24,2946,2946
437,19/05/2025 , 15:30:24,2936,2936
438,19/05/2025 , 16:30:24,2930,2930
439,19/05/2025 , 17:30:24,2928,2928
440,19/05/2025 , 18:30:24,2929,2929
441,19/05/2025 , 19:30:24,2930,2930
442,19/05/2025 , 20:30:24,2931,2931
443,19/05/2025 , 21:30:24,2929,2929
444,19/05/2025 , 22:30:24,2931,2931
445,19/05/2025 , 23:30:24,2931,2931
446,20/05/2025 , 00:30:24,2926,2926
447,20/05/2025 , 01:30:24,2926,2926
448,20/05/2025 , 02:30:24,2923,2923
449,20/05/2025 , 03:30:24,2919,2919
450,20/05/2025 , 04:30:24,2916,2916
451,20/05/2025 , 05:30:24,2910,2910
452,20/05/2025 , 06:30:24,2900,2900
453,20/05/2025 , 07:30:24,2897,2897
454,20/05/2025 , 08:30:24,2894,2894
455,20/05/2025 , 09:30:24,2886,2886
456,20/05/2025 , 10:30:24,2885,2885
457,20/05/2025 , 11:30:24,2880,2880
458,20/05/2025 , 12:30:24,2885,2885
459,20/05/2025 , 13:30:24,2883,2883
460,20/05/2025 , 14:30:24,2874,2874
461,20/05/2025 , 15:30:24,2887,2887
462,20/05/2025 , 16:30:24,2881,2881
463,20/05/2025 , 17:30:24,2877,2877
464,20/05/2025 , 18:30:24,2877,2877
465,20/05/2025 , 19:30:24,3038,3038
466,20/05/2025 , 20:30:24,2867,2867
467,20/05/2025 , 21:30:24,2856,2856
468,20/05/2025 , 22:30:24,2858,2858
469,20/05/2025 , 23:30:24,2866,2866
470,21/05/2025 , 00:30:24,2860,2860
471,21/05/2025 , 01:30:24,2865,2865
472,21/05/2025 , 02:30:24,2852,2852
473,21/05/2025 , 03:30:24,2858,2858
474,21/05/2025 , 04:30:24,2856,2856
475,21/05/2025 , 05:30:24,2847,2847
476,21/05/2025 , 06:30:24,2854,2854
477,21/05/2025 , 07:30:24,2853,2853
478,21/05/2025 , 08:30:24,2854,2854
479,21/05/2025 , 09:30:24,2845,2845
480,21/05/2025 , 10:30:24,2847,2847
481,21/05/2025 , 11:30:24,2842,2842
482,21/05/2025 , 12:30:24,2838,2838
483,21/05/2025 , 13:30:24,2936,2936
484,21/05/2025 , 14:30:24,2840,2840
485,21/05/2025 , 15:30:24,3011,3011
486,21/05/2025 , 16:30:24,2970,2970
487,21/05/2025 , 17:30:24,2978,2978
488,21/05/2025 , 18:30:24,2829,2829
489,21/05/2025 , 19:30:24,2831,2831
490,21/05/2025 , 20:30:24,2834,2834
491,21/05/2025 , 21:30:24,2849,2849
492,21/05/2025 , 22:30:24,2850,2850
493,21/05/2025 , 23:30:24,2842,2842
494,22/05/2025 , 00:30:24,2919,2919
495,22/05/2025 , 01:30:24,2907,2907
496,22/05/2025 , 02:30:24,2901,2901
497,22/05/2025 , 03:30:24,2919,2919
498,22/05/2025 , 04:30:24,2953,2953
499,22/05/2025 , 05:30:24,2991,2991
500,22/05/2025 , 06:30:24,2999,2999
501,22/05/2025 , 07:30:24,2833,2833
502,22/05/2025 , 08:30:24,2824,2824
503,22/05/2025 , 09:30:24,2820,2820
504,22/05/2025 , 10:30:24,2824,2824
505,22/05/2025 , 11:30:24,2825,2825
506,22/05/2025 , 12:30:24,2827,2827
507,22/05/2025 , 13:30:24,2829,2829
508,22/05/2025 , 14:30:24,2827,2827
509,22/05/2025 , 15:30:24,2831,2831
510,22/05/2025 , 16:30:24,2828,2828
511,22/05/2025 , 17:30:24,2825,2825
512,22/05/2025 , 18:30:24,2829,2829
513,22/05/2025 , 19:30:24,2824,2824
514,22/05/2025 , 20:30:24,2821,2821
515,22/05/2025 , 21:30:24,2822,2822
516,22/05/2025 , 22:30:24,2815,2815
517,22/05/2025 , 23:30:24,2807,2807
518,23/05/2025 , 00:30:24,2810,2810
519,23/05/2025 , 01:30:24,2815,2815
520,23/05/2025 , 02:30:24,2811,2811
521,23/05/2025 , 03:30:24,2802,2802
522,23/05/2025 , 04:30:24,2808,2808
523,23/05/2025 , 05:30:24,2806,2806
524,23/05/2025 , 06:30:24,2808,2808
525,23/05/2025 , 07:30:24,2811,2811
526,23/05/2025 , 08:30:24,2806,2806
527,23/05/2025 , 09:30:24,2813,2813
528,23/05/2025 , 10:30:24,2820,2820
529,23/05/2025 , 11:30:24,2857,2857
530,23/05/2025 , 12:30:24,2824,2824
531,23/05/2025 , 13:30:24,2821,2821
532,23/05/2025 , 14:30:24,2827,2827
533,23/05/2025 , 15:30:24,2828,2828
534,23/05/2025 , 16:30:24,2829,2829
535,23/05/2025 , 17:30:24,2830,2830
536,23/05/2025 , 18:30:24,2839,2839
537,23/05/2025 , 19:30:24,2835,2835
538,23/05/2025 , 20:30:24,2831,2831
539,23/05/2025 , 21:30:24,2963,2963
540,23/05/2025 , 22:30:24,3014,3014
541,23/05/2025 , 23:30:24,3018,3018
542,24/05/2025 , 00:30:24,3021,3021
543,24/05/2025 , 01:30:24,3023,3023
544,24/05/2025 , 02:30:24,3025,3025
545,24/05/2025 , 03:30:24,3026,3026
546,24/05/2025 , 04:30:24,3027,3027
547,24/05/2025 , 05:30:24,3030,3030
548,24/05/2025 , 06:30:24,3032,3032
549,24/05/2025 , 07:30:24,3037,3037
550,24/05/2025 , 08:30:24,3043,3043
551,24/05/2025 , 09:30:24,3047,3047
552,24/05/2025 , 10:30:24,3050,3050
553,24/05/2025 , 11:30:24,3050,3050
554,24/05/2025 , 12:30:24,3036,3036
555,24/05/2025 , 13:30:24,2962,2962
556,24/05/2025 , 14:30:24,2919,2919
557,24/05/2025 , 15:30:24,2871,2871
558,24/05/2025 , 16:30:24,2869,2869
559,24/05/2025 , 17:30:24,2871,2871
560,24/05/2025 , 18:30:24,2875,2875
561,24/05/2025 , 19:30:24,2894,2894
562,24/05/2025 , 20:30:24,2919,2919
563,24/05/2025 , 21:30:24,2963,2963
564,24/05/2025 , 22:30:24,2994,2994
565,24/05/2025 , 23:30:24,3004,3004
566,25/05/2025 , 00:30:24,2999,2999
567,25/05/2025 , 01:30:24,2992,2992
568,25/05/2025 , 02:30:24,2996,2996
569,25/05/2025 , 03:30:24,3001,3001
570,25/05/2025 , 04:30:24,3005,3005
571,25/05/2025 , 05:30:24,2998,2998
572,25/05/2025 , 06:30:24,3008,3008
573,25/05/2025 , 07:30:24,3021,3021
574,25/05/2025 , 08:30:24,2913,2913
575,25/05/2025 , 09:30:24,2847,2847
576,25/05/2025 , 10:30:24,2848,2848
577,25/05/2025 , 11:30:24,2856,2856
578,25/05/2025 , 12:30:24,2855,2855
579,25/05/2025 , 13:30:24,2852,2852
580,25/05/2025 , 14:30:24,2846,2846
581,25/05/2025 , 15:30:24,2845,2845
582,25/05/2025 , 16:30:24,2845,2845
583,25/05/2025 , 17:30:24,2841,2841
584,25/05/2025 , 18:30:24,2838,2838
585,25/05/2025 , 19:30:24,2837,2837
586,25/05/2025 , 20:30:24,2838,2838
587,25/05/2025 , 21:30:24,3022,3022
588,25/05/2025 , 22:30:24,3019,3019
589,25/05/2025 , 23:30:24,3011,3011
590,26/05/2025 , 00:30:24,3003,3003
591,26/05/2025 , 01:30:24,3002,3002
592,26/05/2025 , 02:30:24,3001,3001
593,26/05/2025 , 03:30:24,2999,2999
594,26/05/2025 , 04:30:24,3004,3004
595,26/05/2025 , 05:30:24,3003,3003
596,26/05/2025 , 06:30:24,2824,2824
597,26/05/2025 , 07:30:24,2828,2828
598,26/05/2025 , 08:30:24,2827,2827
599,26/05/2025 , 09:30:24,2829,2829
600,26/05/2025 , 10:30:24,2837,2837
601,26/05/2025 , 11:30:24,2848,2848
602,26/05/2025 , 12:30:24,2838,2838
603,26/05/2025 , 13:30:24,2824,2824
604,26/05/2025 , 14:30:24,2827,2827
605,26/05/2025 , 15:30:24,2824,2824
606,26/05/2025 , 16:30:24,2822,2822
607,26/05/2025 , 17:30:24,2817,2817
608,26/05/2025 , 18:30:24,2816,2816
609,26/05/2025 , 19:30:24,2801,2801
610,26/05/2025 , 20:30:24,2793,2793
611,26/05/2025 , 21:30:24,2798,2798
612,26/05/2025 , 22:30:24,2785,2785
613,26/05/2025 , 23:30:24,2778,2778
614,27/05/2025 , 00:30:24,2779,2779
615,27/05/2025 , 01:30:24,2780,2780
616,27/05/2025 , 02:30:24,2782,2782
617,27/05/2025 , 03:30:24,2781,2781
618,27/05/2025 , 04:30:24,2774,2774
619,27/05/2025 , 05:30:24,2781,2781
620,27/05/2025 , 06:30:24,2788,2788
621,27/05/2025 , 07:30:24,2781,2781
622,27/05/2025 , 08:30:24,2783,2783
623,27/05/2025 , 09:30:24,2795,2795
624,27/05/2025 , 10:30:24,2791,2791
625,27/05/2025 , 11:30:24,2800,2800
626,27/05/2025 , 12:30:24,2803,2803
627,27/05/2025 , 13:30:24,2801,2801
628,27/05/2025 , 14:30:24,2793,2793
629,27/05/2025 , 15:30:24,2784,2784
630,27/05/2025 , 16:30:24,2783,2783
631,27/05/2025 , 17:30:24,2789,2789
632,27/05/2025 , 18:30:24,2769,2769
633,27/05/2025 , 19:30:24,2764,2764
634,27/05/2025 , 20:30:24,2965,2965
635,27/05/2025 , 21:30:24,2752,2752
636,27/05/2025 , 22:30:24,2742,2742
637,27/05/2025 , 23:30:24,2733,2733
638,28/05/2025 , 00:30:24,2731,2731
639,28/05/2025 , 01:30:24,2743,2743
640,28/05/2025 , 02:30:24,2736,2736
641,28/05/2025 , 03:30:24,2736,2736
642,28/05/2025 , 04:30:24,2736,2736
643,28/05/2025 , 05:30:24,2734,2734
644,28/05/2025 , 06:30:24,2745,2745
645,28/05/2025 , 07:30:24,2744,2744
646,28/05/2025 , 08:30:24,2744,2744
647,28/05/2025 , 09:30:24,2735,2735
648,28/05/2025 , 10:30:24,2759,2759
649,28/05/2025 , 11:30:24,2770,2770
650,28/05/2025 , 12:30:24,2770,2770
651,28/05/2025 , 13:30:24,2776,2776
652,28/05/2025 , 14:30:24,2771,2771
653,28/05/2025 , 15:30:24,2759,2759
654,28/05/2025 , 16:30:24,2766,2766
655,28/05/2025 , 17:30:24,2758,2758
656,28/05/2025 , 18:30:24,2754,2754
657,28/05/2025 , 19:30:24,2749,2749
658,28/05/2025 , 20:30:24,2750,2750
659,28/05/2025 , 21:30:24,2742,2742
660,28/05/2025 , 22:30:24,2743,2743
661,28/05/2025 , 23:30:24,2741,2741
662,29/05/2025 , 00:30:24,2741,2741
663,29/05/2025 , 01:30:24,2746,2746
664,29/05/2025 , 02:30:24,2761,2761
665,29/05/2025 , 03:30:24,2767,2767
666,29/05/2025 , 04:30:24,2760,2760
667,29/05/2025 , 05:30:24,2774,2774
668,29/05/2025 , 06:30:24,2810,2810
669,29/05/2025 , 07:30:24,2902,2902
670,29/05/2025 , 08:30:24,2914,2914
671,29/05/2025 , 09:30:24,2917,2917
672,29/05/2025 , 10:30:24,2743,2743
673,29/05/2025 , 11:30:24,2739,2739
674,29/05/2025 , 12:30:24,2740,2740
675,29/05/2025 , 13:30:24,2729,2729
676,29/05/2025 , 14:30:24,2732,2732
677,29/05/2025 , 15:30:24,2729,2729
678,29/05/2025 , 16:30:24,2723,2723
679,29/05/2025 , 17:30:24,2728,2728
680,29/05/2025 , 18:30:24,2716,2716
681,29/05/2025 , 19:30:24,2706,2706
682,29/05/2025 , 20:30:24,2713,2713
683,29/05/2025 , 21:30:24,2927,2927
684,29/05/2025 , 22:30:24,2719,2719
685,29/05/2025 , 23:30:24,2731,2731
686,30/05/2025 , 00:30:24,2750,2750
687,30/05/2025 , 01:30:24,2752,2752
688,30/05/2025 , 02:30:24,2734,2734
689,30/05/2025 , 03:30:24,2741,2741
690,30/05/2025 , 04:30:24,2739,2739
691,30/05/2025 , 05:30:24,2728,2728
692,30/05/2025 , 06:30:24,2730,2730
693,30/05/2025 , 07:30:24,2729,2729
694,30/05/2025 , 08:30:24,2724,2724
695,30/05/2025 , 09:30:24,2727,2727
696,30/05/2025 , 10:30:24,2922,2922
697,30/05/2025 , 11:30:24,2739,2739
698,30/05/2025 , 12:30:24,2745,2745
699,30/05/2025 , 13:30:24,2740,2740
700,30/05/2025 , 14:30:24,2739,2739
701,30/05/2025 , 15:30:24,2732,2732
702,30/05/2025 , 16:30:24,2741,2741
703,30/05/2025 , 17:30:24,2735,2735
704,30/05/2025 , 18:30:24,2740,2740
705,30/05/2025 , 19:30:24,2741,2741
706,30/05/2025 , 20:30:24,2737,2737
707,30/05/2025 , 21:30:24,2739,2739
708,30/05/2025 , 22:30:24,2740,2740
709,30/05/2025 , 23:30:24,2755,2755
710,31/05/2025 , 00:30:24,2749,2749
711,31/05/2025 , 01:30:24,2755,2755
712,31/05/2025 , 02:30:24,2761,2761
713,31/05/2025 , 03:30:24,2777,2777
714,31/05/2025 , 04:30:24,2779,2779
715,31/05/2025 , 05:30:24,2779,2779
716,31/05/2025 , 06:30:24,2777,2777
717,31/05/2025 , 07:30:24,2751,2751
718,31/05/2025 , 08:30:24,2747,2747
719,31/05/2025 , 09:30:24,2750,2750
720,31/05/2025 , 10:30:24,2750,2750
721,31/05/2025 , 11:30:24,2750,2750
722,31/05/2025 , 12:30:24,2744,2744
723,31/05/2025 , 13:30:24,2748,2748
724,31/05/2025 , 14:30:24,2745,2745
725,31/05/2025 , 15:30:24,2750,2750
726,31/05/2025 , 16:30:24,2743,2743
727,31/05/2025 , 17:30:24,2749,2749
728,31/05/2025 , 18:30:24,2756,2756
729,31/05/2025 , 19:30:24,2764,2764
730,31/05/2025 , 20:30:24,2774,2774
731,31/05/2025 , 21:30:24,2789,2789
732,31/05/2025 , 22:30:24,2799,2799
733,31/05/2025 , 23:30:24,2819,2819
734,01/06/2025 , 00:30:24,2853,2853
735,01/06/2025 , 01:30:24,2889,2889
736,01/06/2025 , 02:30:24,2900,2900
737,01/06/2025 , 03:30:24,2916,2916
738,01/06/2025 , 04:30:24,2949,2949
739,01/06/2025 , 05:30:24,2973,2973
740,01/06/2025 , 06:30:24,2973,2973
741,01/06/2025 , 07:30:24,2970,2970
742,01/06/2025 , 08:30:24,2966,2966
743,01/06/2025 , 09:30:24,2954,2954
744,01/06/2025 , 10:30:24,2950,2950
745,01/06/2025 , 11:30:24,2948,2948
746,01/06/2025 , 12:30:24,2945,2945
747,01/06/2025 , 13:30:24,2939,2939
748,01/06/2025 , 14:30:24,2939,2939
749,01/06/2025 , 15:30:24,2936,2936
750,01/06/2025 , 16:30:24,2939,2939
751,01/06/2025 , 17:30:24,2937,2937
752,01/06/2025 , 18:30:24,2938,2938
753,01/06/2025 , 19:30:24,2934,2934
754,01/06/2025 , 20:30:24,2934,2934
755,01/06/2025 , 21:30:24,2933,2933
756,01/06/2025 , 22:30:24,2930,2930
757,01/06/2025 , 23:30:24,2926,2926
758,02/06/2025 , 00:30:24,2927,2927
759,02/06/2025 , 01:30:24,2922,2922
760,02/06/2025 , 02:30:24,2924,2924
761,02/06/2025 , 03:30:24,2921,2921
762,02/06/2025 , 04:30:24,2917,2917
763,02/06/2025 , 05:30:24,2921,2921
764,02/06/2025 , 06:30:24,2912,2912
765,02/06/2025 , 07:30:24,2911,2911
766,02/06/2025 , 08:30:24,2909,2909
767,02/06/2025 , 09:30:24,2915,2915
768,02/06/2025 , 10:30:24,2897,2897
769,02/06/2025 , 11:30:24,2884,2884
770,02/06/2025 , 12:30:24,2874,2874
771,02/06/2025 , 13:30:24,2758,2758
772,02/06/2025 , 14:30:24,2749,2749
773,02/06/2025 , 15:30:24,2740,2740
774,02/06/2025 , 16:30:24,2727,2727
775,02/06/2025 , 17:30:24,2737,2737
776,02/06/2025 , 18:30:24,3006,3006
777,02/06/2025 , 19:30:24,3005,3005
778,02/06/2025 , 20:30:24,3004,3004
779,02/06/2025 , 21:30:24,3001,3001
780,02/06/2025 , 22:30:24,2996,2996
781,02/06/2025 , 23:30:24,2837,2837
782,03/06/2025 , 00:30:24,2853,2853
783,03/06/2025 , 01:30:24,2863,2863
784,03/06/2025 , 02:30:24,2859,2859
785,03/06/2025 , 03:30:24,2886,2886
786,03/06/2025 , 04:30:24,2894,2894
787,03/06/2025 , 05:30:24,2904,2904
788,03/06/2025 , 06:30:24,2896,2896
789,03/06/2025 , 07:30:24,2920,2920
790,03/06/2025 , 08:30:24,2941,2941
791,03/06/2025 , 09:30:24,2940,2940
792,03/06/2025 , 10:30:24,2697,2697
793,03/06/2025 , 11:30:24,2739,2739
794,03/06/2025 , 12:30:24,2742,2742
795,03/06/2025 , 13:30:24,2747,2747
796,03/06/2025 , 14:30:24,2731,2731
797,03/06/2025 , 15:30:24,2744,2744
798,03/06/2025 , 16:30:24,2734,2734
799,03/06/2025 , 17:30:24,2729,2729
800,03/06/2025 , 18:30:24,2719,2719
801,03/06/2025 , 19:30:24,2854,2854
802,03/06/2025 , 20:30:24,2707,2707
803,03/06/2025 , 21:30:24,2964,2964
804,03/06/2025 , 22:30:24,2963,2963
805,03/06/2025 , 23:30:24,2963,2963
806,04/06/2025 , 00:30:24,2961,2961
807,04/06/2025 , 01:30:24,2960,2960
808,04/06/2025 , 02:30:24,2958,2958
809,04/06/2025 , 03:30:24,2956,2956
810,04/06/2025 , 04:30:24,2955,2955
811,04/06/2025 , 05:30:24,2954,2954
812,04/06/2025 , 06:30:24,2953,2953
813,04/06/2025 , 07:30:24,2952,2952
814,04/06/2025 , 08:30:24,2690,2690
815,04/06/2025 , 09:30:24,2693,2693
816,04/06/2025 , 10:30:24,2694,2694
817,04/06/2025 , 11:30:24,2716,2716
818,04/06/2025 , 12:30:24,2717,2717
819,04/06/2025 , 13:30:24,2704,2704
820,04/06/2025 , 14:30:24,2714,2714
821,04/06/2025 , 15:30:24,2695,2695
822,04/06/2025 , 16:30:24,2700,2700
823,04/06/2025 , 17:30:24,2699,2699
824,04/06/2025 , 18:30:24,2680,2680
825,04/06/2025 , 19:30:24,2695,2695
826,04/06/2025 , 20:30:24,2679,2679
827,04/06/2025 , 21:30:24,2679,2679
828,04/06/2025 , 22:30:24,2680,2680
829,04/06/2025 , 23:30:24,2681,2681
830,05/06/2025 , 00:30:24,2677,2677
831,05/06/2025 , 01:30:24,2676,2676
832,05/06/2025 , 02:30:24,2668,2668
833,05/06/2025 , 03:30:24,2654,2654
834,05/06/2025 , 04:30:24,2645,2645
835,05/06/2025 , 05:30:24,2659,2659
836,05/06/2025 , 06:30:24,2657,2657
837,05/06/2025 , 07:30:24,2665,2665
838,05/06/2025 , 08:30:24,2658,2658
839,05/06/2025 , 09:30:24,2660,2660
840,05/06/2025 , 10:30:24,2680,2680
841,05/06/2025 , 11:30:24,2674,2674
842,05/06/2025 , 12:30:24,2671,2671
843,05/06/2025 , 13:30:24,2661,2661
844,05/06/2025 , 14:30:24,2658,2658
845,05/06/2025 , 15:30:24,2650,2650
846,05/06/2025 , 16:30:24,2652,2652
847,05/06/2025 , 17:30:24,2652,2652
848,05/06/2025 , 18:30:24,2911,2911
849,05/06/2025 , 19:30:24,2629,2629
850,05/06/2025 , 20:30:24,2761,2761
851,05/06/2025 , 21:30:24,2618,2618
852,05/06/2025 , 22:30:24,2627,2627
853,05/06/2025 , 23:30:24,2620,2620
854,06/06/2025 , 00:30:24,2874,2874
855,06/06/2025 , 01:30:24,2893,2893
856,06/06/2025 , 02:30:24,2891,2891
857,06/06/2025 , 03:30:24,2886,2886
858,06/06/2025 , 04:30:24,2632,2632
859,06/06/2025 , 05:30:24,2695,2695
860,06/06/2025 , 06:30:24,2882,2882
861,06/06/2025 , 07:30:24,2580,2580
862,06/06/2025 , 08:30:24,2608,2608
863,06/06/2025 , 09:30:24,2619,2619
864,06/06/2025 , 10:30:24,2614,2614
865,06/06/2025 , 11:30:24,2611,2611
866,06/06/2025 , 12:30:24,2606,2606
867,06/06/2025 , 13:30:24,2603,2603
868,06/06/2025 , 14:30:24,2608,2608
869,06/06/2025 , 15:30:24,2604,2604
870,06/06/2025 , 16:30:24,2600,2600
871,06/06/2025 , 17:30:24,2637,2637
872,06/06/2025 , 18:30:24,2614,2614
873,06/06/2025 , 19:30:24,2599,2599
874,06/06/2025 , 20:30:24,2591,2591
875,06/06/2025 , 21:30:24,2597,2597
876,06/06/2025 , 22:30:24,2730,2730
877,06/06/2025 , 23:30:24,2606,2606
878,07/06/2025 , 00:30:24,2609,2609
879,07/06/2025 , 01:30:24,2609,2609
880,07/06/2025 , 02:30:24,2623,2623
881,07/06/2025 , 03:30:24,2606,2606
882,07/06/2025 , 04:30:24,2611,2611
883,07/06/2025 , 05:30:24,2593,2593
884,07/06/2025 , 06:30:24,2675,2675
885,07/06/2025 , 07:30:24,2587,2587
886,07/06/2025 , 08:30:24,2574,2574
887,07/06/2025 , 09:30:24,2588,2588
888,07/06/2025 , 10:30:24,2584,2584
889,07/06/2025 , 11:30:24,2580,2580
890,07/06/2025 , 12:30:24,2586,2586
891,07/06/2025 , 13:30:24,2589,2589
892,07/06/2025 , 14:30:24,2592,2592
893,07/06/2025 , 15:30:24,2587,2587
894,07/06/2025 , 16:30:24,2572,2572
895,07/06/2025 , 17:30:24,2579,2579
896,07/06/2025 , 18:30:24,2569,2569
897,07/06/2025 , 19:30:24,2573,2573
898,07/06/2025 , 20:30:24,2577,2577
899,07/06/2025 , 21:30:24,2577,2577
900,07/06/2025 , 22:30:24,2557,2557
901,07/06/2025 , 23:30:24,2570,2570
902,08/06/2025 , 00:30:24,2572,2572
903,08/06/2025 , 01:30:24,2571,2571
904,08/06/2025 , 02:30:24,2558,2558
905,08/06/2025 , 03:30:24,2563,2563
906,08/06/2025 , 04:30:24,2564,2564
907,08/06/2025 , 05:30:24,2544,2544
908,08/06/2025 , 06:30:24,2555,2555
909,08/06/2025 , 07:30:24,2558,2558
910,08/06/2025 , 08:30:24,2543,2543
911,08/06/2025 , 09:30:24,2543,2543
912,08/06/2025 , 10:30:24,2554,2554
913,08/06/2025 , 11:30:24,2565,2565
914,08/06/2025 , 12:30:24,2567,2567
915,08/06/2025 , 13:30:24,2552,2552
916,08/06/2025 , 14:30:24,2549,2549
917,08/06/2025 , 15:30:24,2542,2542
918,08/06/2025 , 16:30:24,2532,2532
919,08/06/2025 , 17:30:24,2537,2537
920,08/06/2025 , 18:30:24,2542,2542
921,08/06/2025 , 19:30:24,2545,2545
922,08/06/2025 , 20:30:24,2532,2532
923,08/06/2025 , 21:30:24,2532,2532
924,08/06/2025 , 22:30:24,2536,2536
925,08/06/2025 , 23:30:24,2537,2537
926,09/06/2025 , 00:30:24,2516,2516
927,09/06/2025 , 01:30:24,2514,2514
928,09/06/2025 , 02:30:24,2520,2520
929,09/06/2025 , 03:30:24,2530,2530
930,09/06/2025 , 04:30:24,2520,2520
931,09/06/2025 , 05:30:24,2524,2524
932,09/06/2025 , 06:30:24,2529,2529
933,09/06/2025 , 07:30:24,2511,2511
934,09/06/2025 , 08:30:24,2513,2513
935,09/06/2025 , 09:30:24,2516,2516
936,09/06/2025 , 10:30:24,2506,2506
937,09/06/2025 , 11:30:24,2511,2511
938,09/06/2025 , 12:30:24,2524,2524
939,09/06/2025 , 13:30:24,2528,2528
940,09/06/2025 , 14:30:24,2515,2515
941,09/06/2025 , 15:30:24,2507,2507
942,09/06/2025 , 16:30:24,2546,2546
943,09/06/2025 , 17:30:24,2513,2513
944,09/06/2025 , 18:30:24,2503,2503
945,09/06/2025 , 19:30:24,2493,2493
946,09/06/2025 , 20:30:24,2505,2505
947,09/06/2025 , 21:30:24,2498,2498
948,09/06/2025 , 22:30:24,2499,2499
949,09/06/2025 , 23:30:24,2503,2503
950,10/06/2025 , 00:30:24,2495,2495
951,10/06/2025 , 01:30:24,2485,2485
952,10/06/2025 , 02:30:24,2481,2481
953,10/06/2025 , 03:30:24,2493,2493
954,10/06/2025 , 04:30:24,2469,2469
955,10/06/2025 , 05:30:24,2477,2477
956,10/06/2025 , 06:30:24,2486,2486
957,10/06/2025 , 07:30:24,2478,2478
958,10/06/2025 , 08:30:24,2474,2474
959,10/06/2025 , 09:30:24,2472,2472
960,10/06/2025 , 10:30:24,2448,2448
961,10/06/2025 , 11:30:24,2475,2475
962,10/06/2025 , 12:30:24,2471,2471
963,10/06/2025 , 13:30:24,2468,2468
964,10/06/2025 , 14:30:24,2462,2462
965,10/06/2025 , 15:30:24,2458,2458
966,10/06/2025 , 16:30:24,2452,2452
967,10/06/2025 , 17:30:24,2461,2461
968,10/06/2025 , 18:30:24,2478,2478
969,10/06/2025 , 19:30:24,2465,2465
970,10/06/2025 , 20:30:24,2457,2457
971,10/06/2025 , 21:30:24,2481,2481
972,10/06/2025 , 22:30:24,2463,2463
973,10/06/2025 , 23:30:24,2472,2472
974,11/06/2025 , 00:30:24,2462,2462
975,11/06/2025 , 01:30:24,2459,2459
976,11/06/2025 , 02:30:24,2454,2454
977,11/06/2025 , 03:30:24,2461,2461
978,11/06/2025 , 04:30:24,2467,2467
979,11/06/2025 , 05:30:24,2465,2465
980,11/06/2025 , 06:30:24,2454,2454
981,11/06/2025 , 07:30:24,2470,2470
982,11/06/2025 , 08:30:24,2468,2468
983,11/06/2025 , 09:30:24,2470,2470
984,11/06/2025 , 10:30:24,2467,2467
985,11/06/2025 , 11:30:24,2462,2462
986,11/06/2025 , 12:30:24,2481,2481
987,11/06/2025 , 13:30:24,2474,2474
988,11/06/2025 , 14:30:24,2470,2470
989,11/06/2025 , 15:30:24,2463,2463
990,11/06/2025 , 16:30:24,2457,2457
991,11/06/2025 , 17:30:24,2451,2451
992,11/06/2025 , 18:30:24,2448,2448
993,11/06/2025 , 19:30:24,2451,2451
994,11/06/2025 , 20:30:24,2460,2460
995,11/06/2025 , 21:30:24,2464,2464
996,11/06/2025 , 22:30:24,2464,2464
997,11/06/2025 , 23:30:24,2448,2448
998,12/06/2025 , 00:30:24,2429,2429
999,12/06/2025 , 01:30:24,2424,2424
1000,12/06/2025 , 02:30:24,2440,2440
1001,12/06/2025 , 03:30:24,2440,2440
1002,12/06/2025 , 04:30:24,2446,2446
1003,12/06/2025 , 05:30:24,2449,2449
1004,12/06/2025 , 06:30:24,2437,2437
1005,12/06/2025 , 07:30:24,2439,2439
1006,12/06/2025 , 08:30:24,2437,2437
1007,12/06/2025 , 09:30:24,2454,2454
1008,12/06/2025 , 10:30:24,2433,2433
1009,12/06/2025 , 11:30:24,2434,2434
1010,12/06/2025 , 12:30:24,2440,2440
1011,12/06/2025 , 13:30:24,2425,2425
1012,12/06/2025 , 14:30:24,2428,2428
1013,12/06/2025 , 15:30:24,2431,2431
1014,12/06/2025 , 16:30:24,2425,2425
1015,12/06/2025 , 17:30:24,2427,2427
1016,12/06/2025 , 18:30:24,2445,2445
1017,12/06/2025 , 19:30:24,2439,2439
1018,12/06/2025 , 20:30:24,2410,2410
1019,12/06/2025 , 21:30:24,2432,2432
1020,12/06/2025 , 22:30:24,2440,2440
1021,12/06/2025 , 23:30:24,2430,2430
1022,13/06/2025 , 00:30:24,2428,2428
1023,13/06/2025 , 01:30:24,2423,2423
1024,13/06/2025 , 02:30:24,2422,2422
1025,13/06/2025 , 03:30:24,2426,2426
1026,13/06/2025 , 04:30:24,2437,2437
1027,13/06/2025 , 05:30:24,2429,2429
1028,13/06/2025 , 06:30:24,2419,2419
1029,13/06/2025 , 07:30:24,2416,2416
1030,13/06/2025 , 08:30:24,2418,2418
1031,13/06/2025 , 09:30:24,2424,2424
1032,13/06/2025 , 10:30:24,2415,2415
1033,13/06/2025 , 11:30:24,2427,2427
1034,13/06/2025 , 12:30:24,2440,2440
1035,13/06/2025 , 13:30:24,2451,2451
1036,13/06/2025 , 14:30:24,2440,2440
1037,13/06/2025 , 15:30:24,2439,2439
1038,13/06/2025 , 16:30:24,2428,2428
1039,13/06/2025 , 17:30:24,2427,2427
1040,13/06/2025 , 18:30:24,2429,2429
1041,13/06/2025 , 19:30:24,2435,2435
1042,13/06/2025 , 20:30:24,2412,2412
1043,13/06/2025 , 21:30:24,2421,2421
1044,13/06/2025 , 22:30:24,2408,2408
1045,13/06/2025 , 23:30:24,2417,2417
1046,14/06/2025 , 00:30:24,2412,2412
1047,14/06/2025 , 01:30:24,2417,2417
1048,14/06/2025 , 02:30:24,2406,2406
1049,14/06/2025 , 03:30:24,2393,2393
1050,14/06/2025 , 04:30:24,2405,2405
1051,14/06/2025 , 05:30:24,2399,2399
1052,14/06/2025 , 06:30:24,2384,2384
1053,14/06/2025 , 07:30:24,2403,2403
1054,14/06/2025 , 08:30:24,2416,2416
1055,14/06/2025 , 09:30:24,2397,2397
1056,14/06/2025 , 10:30:24,2414,2414
1057,14/06/2025 , 11:30:24,2422,2422
1058,14/06/2025 , 12:30:24,2404,2404
1059,14/06/2025 , 13:30:24,2415,2415
1060,14/06/2025 , 14:30:24,2410,2410
1061,14/06/2025 , 15:30:24,2407,2407
1062,14/06/2025 , 16:30:24,2406,2406
1063,14/06/2025 , 17:30:24,2397,2397
1064,14/06/2025 , 18:30:24,2387,2387
1065,14/06/2025 , 19:30:24,2407,2407
1066,14/06/2025 , 20:30:24,2394,2394
1067,14/06/2025 , 21:30:24,2397,2397
1068,14/06/2025 , 22:30:24,2381,2381
1069,14/06/2025 , 23:30:24,2399,2399
1070,15/06/2025 , 00:30:24,2370,2370
1071,15/06/2025 , 01:30:24,2385,2385
1072,15/06/2025 , 02:30:24,2374,2374
1073,15/06/2025 , 03:30:24,2387,2387
1074,15/06/2025 , 04:30:24,2376,2376
1075,15/06/2025 , 05:30:24,2383,2383
1076,15/06/2025 , 06:30:24,2375,2375
1077,15/06/2025 , 07:30:24,2382,2382
1078,15/06/2025 , 08:30:24,2393,2393
1079,15/06/2025 , 09:30:24,2386,2386
1080,15/06/2025 , 10:30:24,2396,2396
1081,15/06/2025 , 11:30:24,2371,2371
1082,15/06/2025 , 12:30:24,2327,2327
1083,15/06/2025 , 13:30:24,2341,2341
1084,15/06/2025 , 14:30:24,2350,2350
1085,15/06/2025 , 15:30:24,2352,2352
1086,15/06/2025 , 16:30:24,2330,2330
1087,15/06/2025 , 17:30:24,2342,2342
1088,15/06/2025 , 18:30:24,2370,2370
1089,15/06/2025 , 19:30:24,2731,2731
1090,15/06/2025 , 20:30:24,2727,2727
1091,15/06/2025 , 21:30:24,2332,2332
1092,15/06/2025 , 22:30:24,2298,2298
1093,15/06/2025 , 23:30:24,2317,2317
1094,16/06/2025 , 00:30:24,2335,2335
1095,16/06/2025 , 01:30:24,2331,2331
1096,16/06/2025 , 02:30:24,2344,2344
1097,16/06/2025 , 03:30:24,2345,2345
1098,16/06/2025 , 04:30:24,2345,2345
1099,16/06/2025 , 05:30:24,2315,2315
1100,16/06/2025 , 06:30:24,2318,2318
1101,16/06/2025 , 07:30:24,2307,2307
1102,16/06/2025 , 08:30:24,2325,2325
1103,16/06/2025 , 09:30:24,2321,2321
1104,16/06/2025 , 10:30:24,2320,2320
1105,16/06/2025 , 11:30:24,306,306
1106,16/06/2025 , 12:30:24,306,306
1107,16/06/2025 , 13:30:24,306,306
1108,16/06/2025 , 14:30:24,306,306
1109,16/06/2025 , 15:30:24,306,306
1110,16/06/2025 , 16:30:24,306,306
1111,16/06/2025 , 17:30:24,306,306
1112,16/06/2025 , 18:30:24,306,306
1113,16/06/2025 , 19:30:24,306,306
1114,16/06/2025 , 20:30:24,306,306
1115,16/06/2025 , 21:30:24,2711,2711
1116,16/06/2025 , 22:30:24,306,306
1117,16/06/2025 , 23:30:24,306,306
1118,17/06/2025 , 00:30:24,306,306
1119,17/06/2025 , 01:30:24,306,306
1120,17/06/2025 , 02:30:24,306,306
1121,17/06/2025 , 03:30:24,306,306
1122,17/06/2025 , 04:30:24,306,306
1123,17/06/2025 , 05:30:24,306,306
1124,17/06/2025 , 06:30:24,306,306
1125,17/06/2025 , 07:30:24,2701,2701
1126,17/06/2025 , 08:30:24,306,306
1127,17/06/2025 , 09:30:24,306,306
1128,17/06/2025 , 10:30:24,306,306
1129,17/06/2025 , 11:30:24,306,306
1130,17/06/2025 , 12:30:24,306,306
1131,17/06/2025 , 13:30:24,306,306
1132,17/06/2025 , 14:30:24,306,306
1133,17/06/2025 , 15:30:24,306,306
1134,17/06/2025 , 16:30:24,306,306
1135,17/06/2025 , 17:30:24,306,306
1136,17/06/2025 , 18:30:24,306,306
1137,17/06/2025 , 19:30:24,306,306
1138,17/06/2025 , 20:30:24,2704,2704
1139,17/06/2025 , 21:30:24,2703,2703
1140,17/06/2025 , 22:30:24,306,306
1141,17/06/2025 , 23:30:24,306,306
1142,18/06/2025 , 00:30:24,306,306
1143,18/06/2025 , 01:30:24,306,306
1144,18/06/2025 , 02:30:24,306,306
1145,18/06/2025 , 03:30:24,306,306
1146,18/06/2025 , 04:30:24,306,306
1147,18/06/2025 , 05:30:24,306,306
1148,18/06/2025 , 06:30:24,2696,2696
1149,18/06/2025 , 07:30:24,306,306
1150,18/06/2025 , 08:30:24,306,306
1151,18/06/2025 , 09:30:24,306,306
1152,18/06/2025 , 10:30:24,306,306
1153,18/06/2025 , 11:30:24,306,306
1154,18/06/2025 , 12:30:24,306,306
1155,18/06/2025 , 13:30:24,306,306
1156,18/06/2025 , 14:30:24,306,306
1157,18/06/2025 , 15:30:24,306,306
1158,18/06/2025 , 16:30:24,306,306
1159,18/06/2025 , 17:30:24,306,306
1160,18/06/2025 , 18:30:24,306,306
1161,18/06/2025 , 19:30:24,306,306
1162,18/06/2025 , 20:30:24,306,306
1163,18/06/2025 , 21:30:24,306,306
1164,18/06/2025 , 22:30:24,306,306
1165,18/06/2025 , 23:30:24,306,306
1166,19/06/2025 , 00:30:24,306,306
1167,19/06/2025 , 01:30:24,306,306
1168,19/06/2025 , 02:30:24,306,306
1169,19/06/2025 , 03:30:24,306,306
1170,19/06/2025 , 04:30:24,306,306
1171,19/06/2025 , 05:30:24,306,306
1172,19/06/2025 , 06:30:24,306,306
1173,19/06/2025 , 07:30:24,306,306
1174,19/06/2025 , 08:30:24,306,306
1175,19/06/2025 , 09:30:24,306,306
1176,19/06/2025 , 10:30:24,306,306
1177,19/06/2025 , 11:30:24,306,306
1178,19/06/2025 , 12:30:24,306,306
1179,19/06/2025 , 13:30:24,306,306
1180,19/06/2025 , 14:30:24,306,306
1181,19/06/2025 , 15:30:24,306,306
1182,19/06/2025 , 16:30:24,306,306
1183,19/06/2025 , 17:30:24,306,306
1184,19/06/2025 , 18:30:24,306,306
1185,19/06/2025 , 19:30:24,306,306
1186,19/06/2025 , 20:30:24,306,306
1187,19/06/2025 , 21:30:24,306,306
1188,19/06/2025 , 22:30:24,306,306
1189,19/06/2025 , 23:30:24,306,306
1190,20/06/2025 , 00:30:24,306,306
1191,20/06/2025 , 01:30:24,306,306
1192,20/06/2025 , 02:30:24,306,306
1193,20/06/2025 , 03:30:24,306,306
1194,20/06/2025 , 04:30:24,1885,1885
1195,20/06/2025 , 05:30:24,2801,2801
1196,20/06/2025 , 06:30:24,3073,3073
1197,20/06/2025 , 07:30:24,3109,3109
1198,20/06/2025 , 08:30:24,3121,3121
1199,20/06/2025 , 09:30:24,3135,3135
1200,20/06/2025 , 10:30:24,3142,3142
1201,20/06/2025 , 11:30:24,3136,3136
1202,20/06/2025 , 12:30:24,3126,3126
1203,20/06/2025 , 13:30:24,306,306
1204,20/06/2025 , 14:30:24,306,306
1205,20/06/2025 , 15:30:24,306,306
1206,20/06/2025 , 16:30:24,306,306
1207,20/06/2025 , 17:30:24,306,306
1208,20/06/2025 , 18:30:24,306,306
1209,20/06/2025 , 19:30:24,306,306
1210,20/06/2025 , 20:30:24,306,306
1211,20/06/2025 , 21:30:24,306,306
1212,20/06/2025 , 22:30:24,2899,2899
1213,20/06/2025 , 23:30:24,3091,3091
1214,21/06/2025 , 00:30:24,3083,3083
1215,21/06/2025 , 01:30:24,2899,2899
1216,21/06/2025 , 02:30:24,306,306
1217,21/06/2025 , 03:30:24,306,306
1218,21/06/2025 , 04:30:24,306,306
1219,21/06/2025 , 05:30:24,2877,2877
1220,21/06/2025 , 06:30:24,306,306
1221,21/06/2025 , 07:30:24,306,306
1222,21/06/2025 , 08:30:24,306,306
1223,21/06/2025 , 09:30:24,306,306
1224,21/06/2025 , 10:30:24,306,306
1225,21/06/2025 , 11:30:24,2817,2817
1226,21/06/2025 , 12:30:24,2729,2729
1227,21/06/2025 , 13:30:24,1964,1964
1228,21/06/2025 , 14:30:24,2623,2623
1229,21/06/2025 , 15:30:24,2856,2856
1230,21/06/2025 , 16:30:24,2853,2853
1231,21/06/2025 , 17:30:24,2851,2851
1232,21/06/2025 , 18:30:24,2845,2845
1233,21/06/2025 , 19:30:24,2850,2850
1234,21/06/2025 , 20:30:24,2845,2845
1235,21/06/2025 , 21:30:24,2908,2908
1236,21/06/2025 , 22:30:24,2906,2906
1237,21/06/2025 , 23:30:24,2897,2897
1238,22/06/2025 , 00:30:24,2896,2896
1239,22/06/2025 , 01:30:24,2896,2896
1240,22/06/2025 , 02:30:24,2890,2890
1241,22/06/2025 , 03:30:24,2894,2894
1242,22/06/2025 , 04:30:24,2910,2910
1243,22/06/2025 , 05:30:24,2912,2912
1244,22/06/2025 , 06:30:24,2925,2925
1245,22/06/2025 , 07:30:24,2934,2934
1246,22/06/2025 , 08:30:24,3038,3038
1247,22/06/2025 , 09:30:24,3046,3046
1248,22/06/2025 , 10:30:24,3050,3050
1249,22/06/2025 , 11:30:24,3056,3056
1250,22/06/2025 , 12:30:24,306,306
1251,22/06/2025 , 13:30:24,306,306
1252,22/06/2025 , 14:30:24,306,306
1253,22/06/2025 , 15:30:24,306,306
1254,22/06/2025 , 16:30:24,306,306
1255,22/06/2025 , 17:30:24,306,306
1256,22/06/2025 , 18:30:24,306,306
1257,22/06/2025 , 19:30:24,2928,2928
1258,22/06/2025 , 20:30:24,2927,2927
1259,22/06/2025 , 21:30:24,2924,2924
1260,22/06/2025 , 22:30:24,2886,2886
1261,22/06/2025 , 23:30:24,2891,2891
1262,23/06/2025 , 00:30:24,2884,2884
1263,23/06/2025 , 01:30:24,2883,2883
1264,23/06/2025 , 02:30:24,2866,2866
1265,23/06/2025 , 03:30:24,2879,2879
1266,23/06/2025 , 04:30:24,2880,2880
1267,23/06/2025 , 05:30:24,2880,2880
1268,23/06/2025 , 06:30:24,2879,2879
1269,23/06/2025 , 07:30:24,306,306
1270,23/06/2025 , 08:30:24,3013,3013
1271,23/06/2025 , 09:30:24,306,306
1272,23/06/2025 , 10:30:24,306,306
1273,23/06/2025 , 11:30:24,306,306
1274,23/06/2025 , 12:30:24,306,306
1275,23/06/2025 , 13:30:24,306,306
1276,23/06/2025 , 14:30:24,306,306
1277,23/06/2025 , 15:30:24,306,306
1278,23/06/2025 , 16:30:24,306,306
1279,23/06/2025 , 17:30:24,306,306
1280,23/06/2025 , 18:30:24,306,306
1281,23/06/2025 , 19:30:24,306,306
1282,23/06/2025 , 20:30:24,306,306
1283,23/06/2025 , 21:30:24,306,306
1284,23/06/2025 , 22:30:24,306,306
1285,23/06/2025 , 23:30:24,306,306
1286,24/06/2025 , 00:30:24,306,306
1287,24/06/2025 , 01:30:24,306,306
1288,24/06/2025 , 02:30:24,306,306
1289,24/06/2025 , 03:30:24,306,306
1290,24/06/2025 , 04:30:24,306,306
1291,24/06/2025 , 05:30:24,306,306
1292,24/06/2025 , 06:30:24,306,306
1293,24/06/2025 , 07:30:24,306,306
1294,24/06/2025 , 08:30:24,306,306
1295,24/06/2025 , 09:30:24,306,306
1296,24/06/2025 , 10:30:24,306,306
1297,24/06/2025 , 11:30:24,3068,3068
1298,24/06/2025 , 12:30:24,2892,2892
1299,24/06/2025 , 13:30:24,306,306
1300,24/06/2025 , 14:30:24,306,306
1301,24/06/2025 , 15:30:24,1987,1987
1302,24/06/2025 , 16:30:24,1727,1727
1303,24/06/2025 , 17:30:24,1711,1711
1304,24/06/2025 , 18:30:24,1935,1935
1305,24/06/2025 , 19:30:24,2321,2321
1306,24/06/2025 , 20:30:24,2383,2383
1307,24/06/2025 , 21:30:24,2752,2752
1308,24/06/2025 , 22:30:24,2673,2673
1309,24/06/2025 , 23:30:24,3005,3005
1310,25/06/2025 , 00:30:24,3004,3004
1311,25/06/2025 , 01:30:24,3003,3003
1312,25/06/2025 , 02:30:24,3000,3000
1313,25/06/2025 , 03:30:24,2999,2999
1314,25/06/2025 , 04:30:24,2987,2987
1315,25/06/2025 , 05:30:24,2986,2986
1316,25/06/2025 , 06:30:24,2986,2986
1317,25/06/2025 , 07:30:24,2986,2986
1318,25/06/2025 , 08:30:24,2984,2984
1319,25/06/2025 , 09:30:24,2974,2974
1320,25/06/2025 , 10:30:24,2985,2985
1321,25/06/2025 , 11:30:24,306,306
1322,25/06/2025 , 12:30:24,306,306
1323,25/06/2025 , 13:30:24,306,306
1324,25/06/2025 , 14:30:24,306,306
1325,25/06/2025 , 15:30:24,327,327
1326,25/06/2025 , 16:30:24,2532,2532
1327,25/06/2025 , 17:30:24,2554,2554
1328,25/06/2025 , 18:30:24,2423,2423
1329,25/06/2025 , 19:30:24,2613,2613
1330,25/06/2025 , 20:30:24,2905,2905
1331,25/06/2025 , 21:30:24,2967,2967
1332,25/06/2025 , 22:30:24,2965,2965
1333,25/06/2025 , 23:30:24,2963,2963
1334,26/06/2025 , 00:30:24,2962,2962
1335,26/06/2025 , 01:30:24,2961,2961
1336,26/06/2025 , 02:30:24,2960,2960
1337,26/06/2025 , 03:30:24,2959,2959
1338,26/06/2025 , 04:30:24,2958,2958
1339,26/06/2025 , 05:30:24,2958,2958
1340,26/06/2025 , 06:30:24,2956,2956
1341,26/06/2025 , 07:30:24,2956,2956
1342,26/06/2025 , 08:30:24,2955,2955
1343,26/06/2025 , 09:30:24,2953,2953
1344,26/06/2025 , 10:30:24,2952,2952
1345,26/06/2025 , 11:30:24,2951,2951
1346,26/06/2025 , 12:30:24,306,306
1347,26/06/2025 , 13:30:24,306,306
1348,26/06/2025 , 14:30:24,306,306
1349,26/06/2025 , 15:30:24,306,306
1350,26/06/2025 , 16:30:24,306,306
1351,26/06/2025 , 17:30:24,306,306
1352,26/06/2025 , 18:30:24,306,306
1353,26/06/2025 , 19:30:24,306,306
1354,26/06/2025 , 20:30:24,306,306
1355,26/06/2025 , 21:30:24,306,306
1356,26/06/2025 , 22:30:24,306,306
1357,26/06/2025 , 23:30:24,306,306
1358,27/06/2025 , 00:30:24,306,306
1359,27/06/2025 , 01:30:24,306,306
1360,27/06/2025 , 02:30:24,306,306
1361,27/06/2025 , 03:30:24,306,306
1362,27/06/2025 , 04:30:24,306,306
1363,27/06/2025 , 05:30:24,306,306
1364,27/06/2025 , 06:30:24,306,306
1365,27/06/2025 , 07:30:24,306,306
1366,27/06/2025 , 08:30:24,306,306
1367,27/06/2025 , 09:30:24,306,306
1368,27/06/2025 , 10:30:24,306,306
1369,27/06/2025 , 11:30:24,306,306
1370,27/06/2025 , 12:30:24,306,306
1371,27/06/2025 , 13:30:24,306,306
1372,27/06/2025 , 14:30:24,306,306
1373,27/06/2025 , 15:30:24,306,306
1374,27/06/2025 , 16:30:24,306,306
1375,27/06/2025 , 17:30:24,306,306
1376,27/06/2025 , 18:30:24,306,306
1377,27/06/2025 , 19:30:24,306,306
1378,27/06/2025 , 20:30:24,306,306
1379,27/06/2025 , 21:30:24,306,306
1380,27/06/2025 , 22:30:24,306,306
1381,27/06/2025 , 23:30:24,306,306
1382,28/06/2025 , 00:30:24,306,306
1383,28/06/2025 , 01:30:24,306,306
1384,28/06/2025 , 02:30:24,306,306
1385,28/06/2025 , 03:30:24,306,306
1386,28/06/2025 , 04:30:24,306,306
1387,28/06/2025 , 05:30:24,306,306
1388,28/06/2025 , 06:30:24,306,306
1389,28/06/2025 , 07:30:24,306,306
1390,28/06/2025 , 08:30:24,306,306
1391,28/06/2025 , 09:30:24,306,306
1392,28/06/2025 , 10:30:24,306,306
1393,28/06/2025 , 11:30:24,306,306
1394,28/06/2025 , 12:30:24,306,306
1395,28/06/2025 , 13:30:24,306,306
1396,28/06/2025 , 14:30:24,306,306
1397,28/06/2025 , 15:30:24,306,306
1398,28/06/2025 , 16:30:24,306,306
1399,28/06/2025 , 17:30:24,306,306
1400,28/06/2025 , 18:30:24,306,306
1401,28/06/2025 , 19:30:24,306,306
1402,28/06/2025 , 20:30:24,306,306
1403,28/06/2025 , 21:30:24,306,306
1404,28/06/2025 , 22:30:24,306,306
1405,28/06/2025 , 23:30:24,306,306
1406,29/06/2025 , 00:30:24,306,306
1407,29/06/2025 , 01:30:24,306,306
1408,29/06/2025 , 02:30:24,306,306
1409,29/06/2025 , 03:30:24,306,306
1410,29/06/2025 , 04:30:24,306,306
1411,29/06/2025 , 05:30:24,306,306
1412,29/06/2025 , 06:30:24,306,306
1413,29/06/2025 , 07:30:24,306,306
1414,29/06/2025 , 08:30:24,306,306
1415,29/06/2025 , 09:30:24,306,306
1416,29/06/2025 , 10:30:24,306,306
1417,29/06/2025 , 11:30:24,306,306
1418,29/06/2025 , 12:30:24,306,306
1419,29/06/2025 , 13:30:24,306,306
1420,29/06/2025 , 14:30:24,306,306
1421,29/06/2025 , 15:30:24,306,306
1422,29/06/2025 , 16:30:24,306,306
1423,29/06/2025 , 17:30:24,306,306
1424,29/06/2025 , 18:30:24,306,306
1425,29/06/2025 , 19:30:24,306,306
1426,29/06/2025 , 20:30:24,306,306
1427,29/06/2025 , 21:30:24,306,306
1428,29/06/2025 , 22:30:24,306,306
1429,29/06/2025 , 23:30:24,306,306
1430,30/06/2025 , 00:30:24,306,306
1431,30/06/2025 , 01:30:24,306,306
1432,30/06/2025 , 02:30:24,306,306
1433,30/06/2025 , 03:30:24,306,306
1434,30/06/2025 , 04:30:24,306,306
1435,30/06/2025 , 05:30:24,306,306
1436,30/06/2025 , 06:30:24,306,306
1437,30/06/2025 , 07:30:24,306,306
1438,30/06/2025 , 08:30:24,306,306
1439,30/06/2025 , 09:30:24,306,306
1440,30/06/2025 , 10:30:24,306,306
1441,30/06/2025 , 11:30:24,306,306
1442,30/06/2025 , 12:30:24,306,306
1443,30/06/2025 , 13:30:24,1153,1153
1444,30/06/2025 , 14:30:24,806,806
1445,30/06/2025 , 15:30:24,2270,2270
1446,30/06/2025 , 16:30:24,2333,2333
1447,30/06/2025 , 17:30:24,2311,2311
1448,30/06/2025 , 18:30:24,2411,2411
1449,30/06/2025 , 19:30:24,2457,2457
1450,30/06/2025 , 20:30:24,2468,2468
1451,30/06/2025 , 21:30:24,2507,2507
1452,30/06/2025 , 22:30:24,2646,2646
1453,30/06/2025 , 23:30:24,2664,2664
1454,01/07/2025 , 00:30:24,2663,2663
1455,01/07/2025 , 01:30:24,2633,2633
1456,01/07/2025 , 02:30:24,2627,2627
1457,01/07/2025 , 03:30:24,2566,2566
1458,01/07/2025 , 04:30:24,2528,2528
1459,01/07/2025 , 05:30:24,2580,2580
1460,01/07/2025 , 06:30:24,2591,2591
1461,01/07/2025 , 07:30:24,2566,2566
1462,01/07/2025 , 08:30:24,2487,2487
1463,01/07/2025 , 09:30:24,2454,2454
1464,01/07/2025 , 10:30:24,2342,2342
1465,01/07/2025 , 11:30:24,1557,1557
1466,01/07/2025 , 12:30:24,1635,1635
1467,01/07/2025 , 13:30:24,1738,1738
1468,01/07/2025 , 14:30:24,2158,2158
1469,01/07/2025 , 15:30:24,955,955
1470,01/07/2025 , 16:30:24,877,877
1471,01/07/2025 , 17:30:24,825,825
1472,01/07/2025 , 18:30:24,873,873
1473,01/07/2025 , 19:30:24,1092,1092
1474,01/07/2025 , 20:30:24,1099,1099
1475,01/07/2025 , 21:30:24,981,981
1476,01/07/2025 , 22:30:24,2158,2158
1477,01/07/2025 , 23:30:24,2365,2365
1478,02/07/2025 , 00:30:24,2241,2241
1479,02/07/2025 , 01:30:24,2284,2284
1480,02/07/2025 , 02:30:24,2298,2298
1481,02/07/2025 , 03:30:24,2324,2324
1482,02/07/2025 , 04:30:24,2356,2356
1483,02/07/2025 , 05:30:24,2317,2317
1484,02/07/2025 , 06:30:24,2214,2214
1485,02/07/2025 , 07:30:24,852,852
1486,02/07/2025 , 08:30:24,927,927
1487,02/07/2025 , 09:30:24,775,775
1488,02/07/2025 , 10:30:24,306,306
1489,02/07/2025 , 11:30:24,971,971
1490,02/07/2025 , 12:30:24,2511,2511
1491,02/07/2025 , 13:30:24,2399,2399
1492,02/07/2025 , 14:30:24,3023,3023
1493,02/07/2025 , 15:30:24,3023,3023
1494,02/07/2025 , 16:30:24,3019,3019
1495,02/07/2025 , 17:30:24,3018,3018
1496,02/07/2025 , 18:30:24,3015,3015
1497,02/07/2025 , 19:30:24,3005,3005
1498,02/07/2025 , 20:30:24,3003,3003
1499,02/07/2025 , 21:30:24,3000,3000
1500,02/07/2025 , 22:30:24,3000,3000
1501,02/07/2025 , 23:30:24,2999,2999
1502,03/07/2025 , 00:30:24,2999,2999
1503,03/07/2025 , 01:30:24,2997,2997
1504,03/07/2025 , 02:30:24,2996,2996
1505,03/07/2025 , 03:30:24,2988,2988
1506,03/07/2025 , 04:30:24,2986,2986
1507,03/07/2025 , 05:30:24,2984,2984
1508,03/07/2025 , 06:30:24,2983,2983
1509,03/07/2025 , 07:30:24,2981,2981
1510,03/07/2025 , 08:30:24,2982,2982
1511,03/07/2025 , 09:30:24,2981,2981
1512,03/07/2025 , 10:30:24,2979,2979
1513,03/07/2025 , 11:30:24,2979,2979
1514,03/07/2025 , 12:30:24,2978,2978
1515,03/07/2025 , 13:30:24,2976,2976
1516,03/07/2025 , 14:30:24,2976,2976
1517,03/07/2025 , 15:30:24,2975,2975
1518,03/07/2025 , 16:30:24,2974,2974
1519,03/07/2025 , 17:30:24,2972,2972
1520,03/07/2025 , 18:30:24,2973,2973
1521,03/07/2025 , 19:30:24,2972,2972
1522,03/07/2025 , 20:30:24,2971,2971
1523,03/07/2025 , 21:30:24,2971,2971
1524,03/07/2025 , 22:30:24,2970,2970
1525,03/07/2025 , 23:30:24,2969,2969
1526,04/07/2025 , 00:30:24,2968,2968
1527,04/07/2025 , 01:30:24,2967,2967
1528,04/07/2025 , 02:30:24,2966,2966
1529,04/07/2025 , 03:30:24,2965,2965
1530,04/07/2025 , 04:30:24,2930,2930
1531,04/07/2025 , 05:30:24,2929,2929
1532,04/07/2025 , 06:30:24,2928,2928
1533,04/07/2025 , 07:30:24,2927,2927
1534,04/07/2025 , 08:30:24,2928,2928
1535,04/07/2025 , 09:30:24,2936,2936
1536,04/07/2025 , 10:30:24,2935,2935
1537,04/07/2025 , 11:30:24,2935,2935
1538,04/07/2025 , 12:30:24,2936,2936
1539,04/07/2025 , 13:30:24,2935,2935
1540,04/07/2025 , 14:30:24,2933,2933
1541,04/07/2025 , 15:30:24,2933,2933
1542,04/07/2025 , 16:30:24,2932,2932
1543,04/07/2025 , 17:30:24,2931,2931
1544,04/07/2025 , 18:30:24,2930,2930
1545,04/07/2025 , 19:30:24,2931,2931
1546,04/07/2025 , 20:30:24,2929,2929
1547,04/07/2025 , 21:30:24,2929,2929
1548,04/07/2025 , 22:30:24,2922,2922
1549,04/07/2025 , 23:30:24,2923,2923
1550,05/07/2025 , 00:30:24,2923,2923
1551,05/07/2025 , 01:30:24,2923,2923
1552,05/07/2025 , 02:30:24,2923,2923
1553,05/07/2025 , 03:30:24,2922,2922
1554,05/07/2025 , 04:30:24,2921,2921
1555,05/07/2025 , 05:30:24,2920,2920
1556,05/07/2025 , 06:30:24,2927,2927
1557,05/07/2025 , 07:30:24,2927,2927
1558,05/07/2025 , 08:30:24,2925,2925
1559,05/07/2025 , 09:30:24,2923,2923
1560,05/07/2025 , 10:30:24,1875,1875
1561,05/07/2025 , 11:30:24,2919,2919
1562,05/07/2025 , 12:30:24,2016,2016
1563,05/07/2025 , 13:30:24,2007,2007
1564,05/07/2025 , 14:30:24,1981,1981
1565,05/07/2025 , 15:30:24,1971,1971
1566,05/07/2025 , 16:30:24,2017,2017
1567,05/07/2025 , 17:30:24,2070,2070
1568,05/07/2025 , 18:30:24,2413,2413
1569,05/07/2025 , 19:30:24,2500,2500
1570,05/07/2025 , 20:30:24,2520,2520
1571,05/07/2025 , 21:30:24,2534,2534
1572,05/07/2025 , 22:30:24,2524,2524
1573,05/07/2025 , 23:30:24,2532,2532
1574,06/07/2025 , 00:30:24,2531,2531
1575,06/07/2025 , 01:30:24,2530,2530
1576,06/07/2025 , 02:30:24,2535,2535
1577,06/07/2025 , 03:30:24,2549,2549
1578,06/07/2025 , 04:30:24,2538,2538
1579,06/07/2025 , 05:30:24,2543,2543
1580,06/07/2025 , 06:30:24,2542,2542
1581,06/07/2025 , 07:30:24,2533,2533
1582,06/07/2025 , 08:30:24,2443,2443
1583,06/07/2025 , 09:30:24,2475,2475
1584,06/07/2025 , 10:30:24,2008,2008
1585,06/07/2025 , 11:30:24,2144,2144
1586,06/07/2025 , 12:30:24,1973,1973
1587,06/07/2025 , 13:30:24,2001,2001
1588,06/07/2025 , 14:30:24,2088,2088
1589,06/07/2025 , 15:30:24,2047,2047
1590,06/07/2025 , 16:30:24,2020,2020
1591,06/07/2025 , 17:30:24,1996,1996
1592,06/07/2025 , 18:30:24,2020,2020
1593,06/07/2025 , 19:30:24,1980,1980
1594,06/07/2025 , 20:30:24,1948,1948
1595,06/07/2025 , 21:30:24,2010,2010
1596,06/07/2025 , 22:30:24,2034,2034
1597,06/07/2025 , 23:30:24,2161,2161
1598,07/07/2025 , 00:30:24,2507,2507
1599,07/07/2025 , 01:30:24,2564,2564
1600,07/07/2025 , 02:30:24,2571,2571
1601,07/07/2025 , 03:30:24,2633,2633
1602,07/07/2025 , 04:30:24,2693,2693
1603,07/07/2025 , 05:30:24,2709,2709
1604,07/07/2025 , 06:30:24,2706,2706
1605,07/07/2025 , 07:30:24,2708,2708
1606,07/07/2025 , 08:30:24,2710,2710
1607,07/07/2025 , 09:30:24,2688,2688
1608,07/07/2025 , 10:30:24,2694,2694
1609,07/07/2025 , 11:30:24,2686,2686
1610,07/07/2025 , 12:30:24,2685,2685
1611,07/07/2025 , 13:30:24,2687,2687
1612,07/07/2025 , 14:30:24,2687,2687
1613,07/07/2025 , 15:30:24,2677,2677
1614,07/07/2025 , 16:30:24,2677,2677
1615,07/07/2025 , 17:30:24,2680,2680
1616,07/07/2025 , 18:30:24,2671,2671
1617,07/07/2025 , 19:30:24,2676,2676
1618,07/07/2025 , 20:30:24,2670,2670
1619,07/07/2025 , 21:30:24,2680,2680
1620,07/07/2025 , 22:30:24,2682,2682
1621,07/07/2025 , 23:30:24,2696,2696
1622,08/07/2025 , 00:30:24,2692,2692
1623,08/07/2025 , 01:30:24,2689,2689
1624,08/07/2025 , 02:30:24,2683,2683
1625,08/07/2025 , 03:30:24,2678,2678
1626,08/07/2025 , 04:30:24,2671,2671
1627,08/07/2025 , 05:30:24,2666,2666
1628,08/07/2025 , 06:30:24,2661,2661
1629,08/07/2025 , 07:30:24,2603,2603
1630,08/07/2025 , 08:30:24,2454,2454
1631,08/07/2025 , 09:30:24,2179,2179
1632,08/07/2025 , 10:30:24,2152,2152
1633,08/07/2025 , 11:30:24,2205,2205
1634,08/07/2025 , 12:30:24,3006,3006
1635,08/07/2025 , 13:30:24,3005,3005
1636,08/07/2025 , 14:30:24,3004,3004
1637,08/07/2025 , 15:30:24,2995,2995
1638,08/07/2025 , 16:30:24,2992,2992
1639,08/07/2025 , 17:30:24,2988,2988
1640,08/07/2025 , 18:30:24,2985,2985
1641,08/07/2025 , 19:30:24,2981,2981
1642,08/07/2025 , 20:30:24,2977,2977
1643,08/07/2025 , 21:30:24,2976,2976
1644,08/07/2025 , 22:30:24,2975,2975
1645,08/07/2025 , 23:30:24,2973,2973
1646,09/07/2025 , 00:30:24,2969,2969
1647,09/07/2025 , 01:30:24,2970,2970
1648,09/07/2025 , 02:30:24,2965,2965
1649,09/07/2025 , 03:30:24,2967,2967
1650,09/07/2025 , 04:30:24,2968,2968
1651,09/07/2025 , 05:30:24,2967,2967
1652,09/07/2025 , 06:30:24,2965,2965
1653,09/07/2025 , 07:30:24,2959,2959
1654,09/07/2025 , 08:30:24,2959,2959
1655,09/07/2025 , 09:30:24,2955,2955
1656,09/07/2025 , 10:30:24,306,306
1657,09/07/2025 , 11:30:24,306,306
1658,09/07/2025 , 12:30:24,2990,2990
1659,09/07/2025 , 13:30:24,2876,2876
1660,09/07/2025 , 14:30:24,2972,2972
1661,09/07/2025 , 15:30:24,2978,2978
1662,09/07/2025 , 16:30:24,2978,2978
1663,09/07/2025 , 17:30:24,2976,2976
1664,09/07/2025 , 18:30:24,2974,2974
1665,09/07/2025 , 19:30:24,2974,2974
1666,09/07/2025 , 20:30:24,2974,2974
1667,09/07/2025 , 21:30:24,2974,2974
1668,09/07/2025 , 22:30:24,2974,2974
1669,09/07/2025 , 23:30:24,2974,2974
1670,10/07/2025 , 00:30:24,2972,2972
1671,10/07/2025 , 01:30:24,2971,2971
1672,10/07/2025 , 02:30:24,2971,2971
1673,10/07/2025 , 03:30:24,2971,2971
1674,10/07/2025 , 04:30:24,2970,2970
1675,10/07/2025 , 05:30:24,2966,2966
1676,10/07/2025 , 06:30:24,2965,2965
1677,10/07/2025 , 07:30:24,2964,2964
1678,10/07/2025 , 08:30:24,2963,2963
1679,10/07/2025 , 09:30:24,2963,2963
1680,10/07/2025 , 10:30:24,306,306
1681,10/07/2025 , 11:30:24,306,306
1682,10/07/2025 , 12:30:24,306,306
1683,10/07/2025 , 13:30:24,306,306
1684,10/07/2025 , 14:30:24,306,306
1685,10/07/2025 , 15:30:24,306,306
1686,10/07/2025 , 16:30:24,306,306
1687,10/07/2025 , 17:30:24,306,306
1688,10/07/2025 , 18:30:24,306,306
1689,10/07/2025 , 19:30:24,306,306
1690,10/07/2025 , 20:30:24,306,306
1691,10/07/2025 , 21:30:24,306,306
1692,10/07/2025 , 22:30:24,306,306
1693,10/07/2025 , 23:30:24,306,306
1694,11/07/2025 , 00:30:24,306,306
1695,11/07/2025 , 01:30:24,306,306
1696,11/07/2025 , 02:30:24,306,306
1697,11/07/2025 , 03:30:24,306,306
1698,11/07/2025 , 04:30:24,306,306
1699,11/07/2025 , 05:30:24,306,306
1700,11/07/2025 , 06:30:24,306,306
1701,11/07/2025 , 07:30:24,306,306
1702,11/07/2025 , 08:30:24,3018,3018
1703,11/07/2025 , 09:30:24,3018,3018
1704,11/07/2025 , 10:30:24,3019,3019
1705,11/07/2025 , 11:30:24,3020,3020
1706,11/07/2025 , 12:30:24,3016,3016
1707,11/07/2025 , 13:30:24,306,306
1708,11/07/2025 , 14:30:24,306,306
1709,11/07/2025 , 15:30:24,306,306
1710,11/07/2025 , 16:30:24,306,306
1711,11/07/2025 , 17:30:24,306,306
1712,11/07/2025 , 18:30:24,306,306
1713,11/07/2025 , 19:30:24,306,306
1714,11/07/2025 , 20:30:24,306,306
1715,11/07/2025 , 21:30:24,306,306
1716,11/07/2025 , 22:30:24,306,306
1717,11/07/2025 , 23:30:24,306,306
1718,12/07/2025 , 00:30:24,306,306
1719,12/07/2025 , 01:30:24,306,306
1720,12/07/2025 , 02:30:24,306,306
1721,12/07/2025 , 03:30:24,306,306
1722,12/07/2025 , 04:30:24,306,306
1723,12/07/2025 , 05:30:24,306,306
1724,12/07/2025 , 06:30:24,306,306
1725,12/07/2025 , 07:30:24,306,306
1726,12/07/2025 , 08:30:24,306,306
1727,12/07/2025 , 09:30:24,2979,2979
1728,12/07/2025 , 10:30:24,2977,2977
1729,12/07/2025 , 11:30:24,306,306
1730,12/07/2025 , 12:30:24,306,306
1731,12/07/2025 , 13:30:24,306,306
1732,12/07/2025 , 14:30:24,306,306
1733,12/07/2025 , 15:30:24,306,306
1734,12/07/2025 , 16:30:24,306,306
1735,12/07/2025 , 17:30:24,306,306
1736,12/07/2025 , 18:30:24,306,306
1737,12/07/2025 , 19:30:24,306,306
1738,12/07/2025 , 20:30:24,306,306
1739,12/07/2025 , 21:30:24,306,306
1740,12/07/2025 , 22:30:24,306,306
1741,12/07/2025 , 23:30:24,2970,2970
1742,13/07/2025 , 00:30:24,2969,2969
1743,13/07/2025 , 01:30:24,2969,2969
1744,13/07/2025 , 02:30:24,2966,2966
1745,13/07/2025 , 03:30:24,2965,2965
1746,13/07/2025 , 04:30:24,2964,2964
1747,13/07/2025 , 05:30:24,2963,2963
1748,13/07/2025 , 06:30:24,2963,2963
1749,13/07/2025 , 07:30:24,2963,2963
1750,13/07/2025 , 08:30:24,2963,2963
1751,13/07/2025 , 09:30:24,306,306
1752,13/07/2025 , 10:30:24,306,306
1753,13/07/2025 , 11:30:24,306,306
1754,13/07/2025 , 12:30:24,306,306
1755,13/07/2025 , 13:30:24,306,306
1756,13/07/2025 , 14:30:24,306,306
1757,13/07/2025 , 15:30:24,306,306
1758,13/07/2025 , 16:30:24,306,306
1759,13/07/2025 , 17:30:24,306,306
1760,13/07/2025 , 18:30:24,306,306
1761,13/07/2025 , 19:30:24,306,306
1762,13/07/2025 , 20:30:24,306,306
1763,13/07/2025 , 21:30:24,306,306
1764,13/07/2025 , 22:30:24,306,306
1765,13/07/2025 , 23:30:24,306,306
1766,14/07/2025 , 00:30:24,306,306
1767,14/07/2025 , 01:30:24,306,306
1768,14/07/2025 , 02:30:24,306,306
1769,14/07/2025 , 03:30:24,306,306
1770,14/07/2025 , 04:30:24,306,306
1771,14/07/2025 , 05:30:24,306,306
1772,14/07/2025 , 06:30:24,306,306
1773,14/07/2025 , 07:30:24,306,306
1774,14/07/2025 , 08:30:24,306,306
1775,14/07/2025 , 09:30:24,306,306
1776,14/07/2025 , 10:30:24,306,306
1777,14/07/2025 , 11:30:24,306,306
1778,14/07/2025 , 12:30:24,3072,3072
1779,14/07/2025 , 13:30:24,3067,3067
1780,14/07/2025 , 14:30:24,3061,3061
1781,14/07/2025 , 15:30:24,3055,3055
1782,14/07/2025 , 16:30:24,3051,3051
1783,14/07/2025 , 17:30:24,3046,3046
1784,14/07/2025 , 18:30:24,3041,3041
1785,14/07/2025 , 19:30:24,3038,3038
1786,14/07/2025 , 20:30:24,3037,3037
1787,14/07/2025 , 21:30:24,3037,3037
1788,14/07/2025 , 22:30:24,3035,3035
1789,14/07/2025 , 23:30:24,3034,3034
1790,15/07/2025 , 00:30:24,3031,3031
1791,15/07/2025 , 01:30:24,3019,3019
1792,15/07/2025 , 02:30:24,3013,3013
1793,15/07/2025 , 03:30:24,3008,3008
1794,15/07/2025 , 04:30:24,3002,3002
1795,15/07/2025 , 05:30:24,3000,3000
1796,15/07/2025 , 06:30:24,3001,3001
1797,15/07/2025 , 07:30:24,2999,2999
1798,15/07/2025 , 08:30:24,2997,2997
1799,15/07/2025 , 09:30:24,2182,2182
1800,15/07/2025 , 10:30:24,2990,2990
1801,15/07/2025 , 11:30:24,306,306
1802,15/07/2025 , 12:30:24,2846,2846
1803,15/07/2025 , 13:30:24,2957,2957
1804,15/07/2025 , 14:30:24,306,306
1805,15/07/2025 , 15:30:24,306,306
1806,15/07/2025 , 16:30:24,306,306
1807,15/07/2025 , 17:30:24,306,306
1808,15/07/2025 , 18:30:24,306,306
1809,15/07/2025 , 19:30:24,306,306
1810,15/07/2025 , 20:30:24,306,306
1811,15/07/2025 , 21:30:24,306,306
1812,15/07/2025 , 22:30:24,306,306
1813,15/07/2025 , 23:30:24,306,306
1814,16/07/2025 , 00:30:24,306,306
1815,16/07/2025 , 01:30:24,306,306
1816,16/07/2025 , 02:30:24,306,306
1817,16/07/2025 , 03:30:24,306,306
1818,16/07/2025 , 04:30:24,306,306
1819,16/07/2025 , 05:30:24,306,306
1820,16/07/2025 , 06:30:24,306,306
1821,16/07/2025 , 07:30:24,306,306
1822,16/07/2025 , 08:30:24,306,306
1823,16/07/2025 , 09:30:24,306,306
1824,16/07/2025 , 10:30:24,306,306
1825,16/07/2025 , 11:30:24,306,306
1826,16/07/2025 , 12:30:24,306,306
1827,16/07/2025 , 13:30:24,306,306
1828,16/07/2025 , 14:30:24,306,306
1829,16/07/2025 , 15:30:24,306,306
1830,16/07/2025 , 16:30:24,306,306
1831,16/07/2025 , 17:30:24,306,306
1832,16/07/2025 , 18:30:24,306,306
1833,16/07/2025 , 19:30:24,306,306
1834,16/07/2025 , 20:30:24,306,306
1835,16/07/2025 , 21:30:24,306,306
1836,16/07/2025 , 22:30:24,306,306
1837,16/07/2025 , 23:30:24,306,306
1838,17/07/2025 , 00:30:24,306,306
1839,17/07/2025 , 01:30:24,306,306
1840,17/07/2025 , 02:30:24,306,306
1841,17/07/2025 , 03:30:24,306,306
1842,17/07/2025 , 04:30:24,306,306
1843,17/07/2025 , 05:30:24,306,306
1844,17/07/2025 , 06:30:24,306,306
1845,17/07/2025 , 07:30:24,306,306
1846,17/07/2025 , 08:30:24,306,306
1847,17/07/2025 , 09:30:24,306,306
1848,17/07/2025 , 10:30:24,306,306
1849,17/07/2025 , 11:30:24,306,306
1850,17/07/2025 , 12:30:24,306,306
1851,17/07/2025 , 13:30:24,306,306
1852,17/07/2025 , 14:30:24,306,306
1853,17/07/2025 , 15:30:24,306,306
1854,17/07/2025 , 16:30:24,306,306
1855,17/07/2025 , 17:30:24,306,306
1856,17/07/2025 , 18:30:24,306,306
1857,17/07/2025 , 19:30:24,306,306
1858,17/07/2025 , 20:30:24,306,306
1859,17/07/2025 , 21:30:24,306,306
1860,17/07/2025 , 22:30:24,306,306
1861,17/07/2025 , 23:30:24,306,306
1862,18/07/2025 , 00:30:24,306,306
1863,18/07/2025 , 01:30:24,306,306
1864,18/07/2025 , 02:30:24,306,306
1865,18/07/2025 , 03:30:24,306,306
1866,18/07/2025 , 04:30:24,306,306
1867,18/07/2025 , 05:30:24,306,306
1868,18/07/2025 , 06:30:24,306,306
1869,18/07/2025 , 07:30:24,306,306
1870,18/07/2025 , 08:30:24,306,306
1871,18/07/2025 , 09:30:24,306,306
1872,18/07/2025 , 10:30:24,306,306
1873,18/07/2025 , 11:30:24,306,306
1874,18/07/2025 , 12:30:24,306,306
1875,18/07/2025 , 13:30:24,306,306
1876,18/07/2025 , 14:30:24,306,306
1877,18/07/2025 , 15:30:24,306,306
1878,18/07/2025 , 16:30:24,306,306
1879,18/07/2025 , 17:30:24,306,306
1880,18/07/2025 , 18:30:24,306,306
1881,18/07/2025 , 19:30:24,306,306
1882,18/07/2025 , 20:30:24,306,306
1883,18/07/2025 , 21:30:24,306,306
1884,18/07/2025 , 22:30:24,306,306
1885,18/07/2025 , 23:30:24,306,306
1886,19/07/2025 , 00:30:24,306,306
1887,19/07/2025 , 01:30:24,306,306
1888,19/07/2025 , 02:30:24,306,306
1889,19/07/2025 , 03:30:24,306,306
1890,19/07/2025 , 04:30:24,306,306
1891,19/07/2025 , 05:30:24,306,306
1892,19/07/2025 , 06:30:24,306,306
1893,19/07/2025 , 07:30:24,306,306
1894,19/07/2025 , 08:30:24,306,306
1895,19/07/2025 , 09:30:24,306,306
1896,19/07/2025 , 10:30:24,306,306
1897,19/07/2025 , 11:30:24,306,306
1898,19/07/2025 , 12:30:24,306,306
1899,19/07/2025 , 13:30:24,306,306
1900,19/07/2025 , 14:30:24,306,306
1901,19/07/2025 , 15:30:24,306,306
1902,19/07/2025 , 16:30:24,306,306
1903,19/07/2025 , 17:30:24,306,306
1904,19/07/2025 , 18:30:24,306,306
1905,19/07/2025 , 19:30:24,306,306
1906,19/07/2025 , 20:30:24,306,306
1907,19/07/2025 , 21:30:24,306,306
1908,19/07/2025 , 22:30:24,306,306
1909,19/07/2025 , 23:30:24,306,306
1910,20/07/2025 , 00:30:24,306,306
1911,20/07/2025 , 01:30:24,306,306
1912,20/07/2025 , 02:30:24,306,306
1913,20/07/2025 , 03:30:24,306,306
1914,20/07/2025 , 04:30:24,306,306
1915,20/07/2025 , 05:30:24,306,306
1916,20/07/2025 , 06:30:24,306,306
1917,20/07/2025 , 07:30:24,306,306
1918,20/07/2025 , 08:30:24,306,306
1919,20/07/2025 , 09:30:24,306,306
1920,20/07/2025 , 10:30:24,306,306
1921,20/07/2025 , 11:30:24,306,306
1922,20/07/2025 , 12:30:24,306,306
1923,20/07/2025 , 13:30:24,306,306
1924,20/07/2025 , 14:30:24,306,306
1925,20/07/2025 , 15:30:24,306,306
1926,20/07/2025 , 16:30:24,306,306
1927,20/07/2025 , 17:30:24,306,306
1928,20/07/2025 , 18:30:24,306,306
1929,20/07/2025 , 19:30:24,306,306
1930,20/07/2025 , 20:30:24,306,306
1931,20/07/2025 , 21:30:24,306,306
1932,20/07/2025 , 22:30:24,306,306
1933,20/07/2025 , 23:30:24,306,306
1934,21/07/2025 , 00:30:24,306,306
1935,21/07/2025 , 01:30:24,306,306
1936,21/07/2025 , 02:30:24,306,306
1937,21/07/2025 , 03:30:24,306,306
1938,21/07/2025 , 04:30:24,306,306
1939,21/07/2025 , 05:30:24,306,306
1940,21/07/2025 , 06:30:24,306,306
1941,21/07/2025 , 07:30:24,306,306
1942,21/07/2025 , 08:30:24,306,306
1943,21/07/2025 , 09:30:24,306,306
1944,21/07/2025 , 10:30:24,306,306
1945,21/07/2025 , 11:30:24,306,306
1946,21/07/2025 , 12:30:24,306,306
1947,21/07/2025 , 13:30:24,306,306
1948,21/07/2025 , 14:30:24,306,306
1949,21/07/2025 , 15:30:24,306,306
1950,21/07/2025 , 16:30:24,306,306
1951,21/07/2025 , 17:30:24,306,306
1952,21/07/2025 , 18:30:24,306,306
1953,21/07/2025 , 19:30:24,306,306
1954,21/07/2025 , 20:30:24,306,306
1955,21/07/2025 , 21:30:24,306,306
1956,21/07/2025 , 22:30:24,306,306
1957,21/07/2025 , 23:30:24,306,306
1958,22/07/2025 , 00:30:24,306,306
1959,22/07/2025 , 01:30:24,306,306
1960,22/07/2025 , 02:30:24,306,306
1961,22/07/2025 , 03:30:24,306,306
1962,22/07/2025 , 04:30:24,306,306
1963,22/07/2025 , 05:30:24,306,306
1964,22/07/2025 , 06:30:24,306,306
1965,22/07/2025 , 07:30:24,306,306
1966,22/07/2025 , 08:30:24,306,306
1967,22/07/2025 , 09:30:24,306,306
1968,22/07/2025 , 10:30:24,306,306
1969,22/07/2025 , 11:30:24,306,306
1970,22/07/2025 , 12:30:24,306,306
1971,22/07/2025 , 13:30:24,306,306
1972,22/07/2025 , 14:30:24,306,306
1973,22/07/2025 , 15:30:24,306,306
1974,22/07/2025 , 16:30:24,306,306
1975,22/07/2025 , 17:30:24,306,306
1976,22/07/2025 , 18:30:24,306,306
1977,22/07/2025 , 19:30:24,306,306
1978,22/07/2025 , 20:30:24,306,306
1979,22/07/2025 , 21:30:24,306,306
1980,22/07/2025 , 22:30:24,306,306
1981,22/07/2025 , 23:30:24,306,306
1982,23/07/2025 , 00:30:24,306,306
1983,23/07/2025 , 01:30:24,306,306
1984,23/07/2025 , 02:30:24,306,306
1985,23/07/2025 , 03:30:24,306,306
1986,23/07/2025 , 04:30:24,306,306
1987,23/07/2025 , 05:30:24,306,306
1988,23/07/2025 , 06:30:24,306,306
1989,23/07/2025 , 07:30:24,306,306
1990,23/07/2025 , 08:30:24,306,306
1991,23/07/2025 , 09:30:24,306,306
1992,23/07/2025 , 10:30:24,306,306
1993,23/07/2025 , 11:30:24,306,306
1994,23/07/2025 , 12:30:24,306,306
1995,23/07/2025 , 13:30:24,306,306
1996,23/07/2025 , 14:30:24,306,306
1997,23/07/2025 , 15:30:24,306,306
1998,23/07/2025 , 16:30:24,306,306
1999,23/07/2025 , 17:30:24,306,306
2000,23/07/2025 , 18:30:24,306,306
2001,23/07/2025 , 19:30:24,306,306
2002,23/07/2025 , 20:30:24,306,306
2003,23/07/2025 , 21:30:24,306,306
2004,23/07/2025 , 22:30:24,306,306
2005,23/07/2025 , 23:30:24,306,306
2006,24/07/2025 , 00:30:24,306,306
2007,24/07/2025 , 01:30:24,306,306
2008,24/07/2025 , 02:30:24,306,306
2009,24/07/2025 , 03:30:24,306,306
2010,24/07/2025 , 04:30:24,306,306
2011,24/07/2025 , 05:30:24,306,306
2012,24/07/2025 , 06:30:24,306,306
2013,24/07/2025 , 07:30:24,306,306
2014,24/07/2025 , 08:30:24,306,306
2015,24/07/2025 , 09:30:24,306,306
2016,24/07/2025 , 10:30:24,306,306
2017,24/07/2025 , 11:30:24,306,306
2018,24/07/2025 , 12:30:24,306,306
2019,24/07/2025 , 13:30:24,306,306
2020,24/07/2025 , 14:30:24,306,306
2021,24/07/2025 , 15:30:24,306,306
2022,24/07/2025 , 16:30:24,306,306
2023,24/07/2025 , 17:30:24,306,306
2024,24/07/2025 , 18:30:24,306,306
2025,24/07/2025 , 19:30:24,306,306
2026,24/07/2025 , 20:30:24,306,306
2027,24/07/2025 , 21:30:24,306,306
2028,24/07/2025 , 22:30:24,306,306
2029,24/07/2025 , 23:30:24,306,306
2030,25/07/2025 , 00:30:24,306,306
2031,25/07/2025 , 01:30:24,306,306
2032,25/07/2025 , 02:30:24,306,306
2033,25/07/2025 , 03:30:24,306,306
2034,25/07/2025 , 04:30:24,306,306
2035,25/07/2025 , 05:30:24,306,306
2036,25/07/2025 , 06:30:24,306,306
2037,25/07/2025 , 07:30:24,306,306
2038,25/07/2025 , 08:30:24,306,306
2039,25/07/2025 , 09:30:24,306,306
2040,25/07/2025 , 10:30:24,306,306
2041,25/07/2025 , 11:30:24,306,306
2042,25/07/2025 , 12:30:24,306,306
2043,25/07/2025 , 13:30:24,306,306
2044,25/07/2025 , 14:30:24,306,306
2045,25/07/2025 , 15:30:24,306,306
2046,25/07/2025 , 16:30:24,306,306
2047,25/07/2025 , 17:30:24,306,306
2048,25/07/2025 , 18:30:24,306,306
2049,25/07/2025 , 19:30:24,306,306
2050,25/07/2025 , 20:30:24,306,306
2051,25/07/2025 , 21:30:24,306,306
2052,25/07/2025 , 22:30:24,306,306
2053,25/07/2025 , 23:30:24,306,306
2054,26/07/2025 , 00:30:24,306,306
2055,26/07/2025 , 01:30:24,306,306
2056,26/07/2025 , 02:30:24,306,306
2057,26/07/2025 , 03:30:24,306,306
2058,26/07/2025 , 04:30:24,306,306
2059,26/07/2025 , 05:30:24,306,306
2060,26/07/2025 , 06:30:24,306,306
2061,26/07/2025 , 07:30:24,306,306
2062,26/07/2025 , 08:30:24,306,306
2063,26/07/2025 , 09:30:24,306,306
2064,26/07/2025 , 10:30:24,306,306
2065,26/07/2025 , 11:30:24,306,306
2066,26/07/2025 , 12:30:24,306,306
2067,26/07/2025 , 13:30:24,306,306
2068,26/07/2025 , 14:30:24,306,306
2069,26/07/2025 , 15:30:24,306,306
2070,26/07/2025 , 16:30:24,306,306
2071,26/07/2025 , 17:30:24,306,306
2072,26/07/2025 , 18:30:24,306,306
2073,26/07/2025 , 19:30:24,306,306
2074,26/07/2025 , 20:30:24,306,306
2075,26/07/2025 , 21:30:24,306,306
2076,26/07/2025 , 22:30:24,306,306
2077,26/07/2025 , 23:30:24,306,306
2078,27/07/2025 , 00:30:24,306,306
2079,27/07/2025 , 01:30:24,306,306
2080,27/07/2025 , 02:30:24,306,306
2081,27/07/2025 , 03:30:24,306,306
2082,27/07/2025 , 04:30:24,306,306
2083,27/07/2025 , 05:30:24,306,306
2084,27/07/2025 , 06:30:24,306,306
2085,27/07/2025 , 07:30:24,306,306
2086,27/07/2025 , 08:30:24,306,306
2087,27/07/2025 , 09:30:24,306,306
2088,27/07/2025 , 10:30:24,306,306
2089,27/07/2025 , 11:30:24,306,306
2090,27/07/2025 , 12:30:24,306,306
2091,27/07/2025 , 13:30:24,306,306
2092,27/07/2025 , 14:30:24,306,306
2093,27/07/2025 , 15:30:24,306,306
2094,27/07/2025 , 16:30:24,306,306
2095,27/07/2025 , 17:30:24,306,306
2096,27/07/2025 , 18:30:24,306,306
2097,27/07/2025 , 19:30:24,306,306
2098,27/07/2025 , 20:30:24,2894,2894
2099,27/07/2025 , 21:30:24,2894,2894
2100,27/07/2025 , 22:30:24,2893,2893
2101,27/07/2025 , 23:30:24,2918,2918
2102,28/07/2025 , 00:30:24,2918,2918
2103,28/07/2025 , 01:30:24,2917,2917
2104,28/07/2025 , 02:30:24,2916,2916
2105,28/07/2025 , 03:30:24,2916,2916
2106,28/07/2025 , 04:30:24,2913,2913
2107,28/07/2025 , 05:30:24,2911,2911
2108,28/07/2025 , 06:30:24,2911,2911
2109,28/07/2025 , 07:30:24,2909,2909
2110,28/07/2025 , 08:30:24,2907,2907
2111,28/07/2025 , 09:30:24,2907,2907
2112,28/07/2025 , 10:30:24,2906,2906
2113,28/07/2025 , 11:30:24,306,306
2114,28/07/2025 , 12:30:24,306,306
2115,28/07/2025 , 13:30:24,306,306
2116,28/07/2025 , 14:30:24,306,306
2117,28/07/2025 , 15:30:24,306,306
2118,28/07/2025 , 16:30:24,306,306
2119,28/07/2025 , 17:30:24,306,306
2120,28/07/2025 , 18:30:24,306,306
2121,28/07/2025 , 19:30:24,306,306
2122,28/07/2025 , 20:30:24,306,306
2123,28/07/2025 , 21:30:24,306,306
2124,28/07/2025 , 22:30:24,306,306
2125,28/07/2025 , 23:30:24,306,306
2126,29/07/2025 , 00:30:24,306,306
2127,29/07/2025 , 01:30:24,306,306
2128,29/07/2025 , 02:30:24,306,306
2129,29/07/2025 , 03:30:24,306,306
2130,29/07/2025 , 04:30:24,306,306
2131,29/07/2025 , 05:30:24,306,306
2132,29/07/2025 , 06:30:24,306,306
2133,29/07/2025 , 07:30:24,306,306
2134,29/07/2025 , 08:30:24,306,306
2135,29/07/2025 , 09:30:24,306,306
2136,29/07/2025 , 10:30:24,306,306
2137,29/07/2025 , 11:30:24,306,306
2138,29/07/2025 , 12:30:24,306,306
2139,29/07/2025 , 13:30:24,306,306
2140,29/07/2025 , 14:30:24,306,306
2141,29/07/2025 , 15:30:24,306,306
2142,29/07/2025 , 16:30:24,306,306
2143,29/07/2025 , 17:30:24,306,306
2144,29/07/2025 , 18:30:24,306,306
2145,29/07/2025 , 19:30:24,306,306
2146,29/07/2025 , 20:30:24,306,306
2147,29/07/2025 , 21:30:24,306,306
2148,29/07/2025 , 22:30:24,306,306
2149,29/07/2025 , 23:30:24,306,306
2150,30/07/2025 , 00:30:24,306,306
2151,30/07/2025 , 01:30:24,306,306
2152,30/07/2025 , 02:30:24,306,306
2153,30/07/2025 , 03:30:24,306,306
2154,30/07/2025 , 04:30:24,306,306
2155,30/07/2025 , 05:30:24,306,306
2156,30/07/2025 , 06:30:24,306,306
2157,30/07/2025 , 07:30:24,306,306
2158,30/07/2025 , 08:30:24,306,306
2159,30/07/2025 , 09:30:24,306,306
2160,30/07/2025 , 10:30:24,306,306
2161,30/07/2025 , 11:30:24,306,306
2162,30/07/2025 , 12:30:24,306,306
2163,30/07/2025 , 13:30:24,306,306
2164,30/07/2025 , 14:30:24,2863,2863
2165,30/07/2025 , 15:30:24,2861,2861
2166,30/07/2025 , 16:30:24,2859,2859
2167,30/07/2025 , 17:30:24,2857,2857
2168,30/07/2025 , 18:30:24,2855,2855
2169,30/07/2025 , 19:30:24,2853,2853
2170,30/07/2025 , 20:30:24,2852,2852
2171,30/07/2025 , 21:30:24,2851,2851
2172,30/07/2025 , 22:30:24,2849,2849
2173,30/07/2025 , 23:30:24,2848,2848
2174,31/07/2025 , 00:30:24,2847,2847
2175,31/07/2025 , 01:30:24,2845,2845
2176,31/07/2025 , 02:30:24,2844,2844
2177,31/07/2025 , 03:30:24,2842,2842
2178,31/07/2025 , 04:30:24,2841,2841
2179,31/07/2025 , 05:30:24,2840,2840
2180,31/07/2025 , 06:30:24,2839,2839
2181,31/07/2025 , 07:30:24,2839,2839
2182,31/07/2025 , 08:30:24,2839,2839
2183,31/07/2025 , 09:30:24,2837,2837
2184,31/07/2025 , 10:30:24,2837,2837
2185,31/07/2025 , 11:30:24,2341,2341
2186,31/07/2025 , 12:30:24,2835,2835
2187,31/07/2025 , 13:30:24,2833,2833
2188,31/07/2025 , 14:30:24,2831,2831
2189,31/07/2025 , 15:30:24,2829,2829
2190,31/07/2025 , 16:30:24,2828,2828
2191,31/07/2025 , 17:30:24,2826,2826
2192,31/07/2025 , 18:30:24,2821,2821
2193,31/07/2025 , 19:30:24,2824,2824
2194,31/07/2025 , 20:30:24,2822,2822
2195,31/07/2025 , 21:30:24,2821,2821
2196,31/07/2025 , 22:30:24,2819,2819
2197,31/07/2025 , 23:30:24,2817,2817
2198,01/08/2025 , 00:30:24,2817,2817
2199,01/08/2025 , 01:30:24,2815,2815
2200,01/08/2025 , 02:30:24,2812,2812
2201,01/08/2025 , 03:30:24,2813,2813
2202,01/08/2025 , 04:30:24,2811,2811
2203,01/08/2025 , 05:30:24,2809,2809
2204,01/08/2025 , 06:30:24,2809,2809
2205,01/08/2025 , 07:30:24,2809,2809
2206,01/08/2025 , 08:30:24,2808,2808
2207,01/08/2025 , 09:30:24,2807,2807
2208,01/08/2025 , 10:30:24,2805,2805
2209,01/08/2025 , 11:30:24,2804,2804
2210,01/08/2025 , 12:30:24,2805,2805
2211,01/08/2025 , 13:30:24,2804,2804
2212,01/08/2025 , 14:30:24,2801,2801
2213,01/08/2025 , 15:30:24,2799,2799
2214,01/08/2025 , 16:30:24,2798,2798
2215,01/08/2025 , 17:30:24,2796,2796
2216,01/08/2025 , 18:30:24,2794,2794
2217,01/08/2025 , 19:30:24,2793,2793
2218,01/08/2025 , 20:30:24,2792,2792
2219,01/08/2025 , 21:30:24,2790,2790
2220,01/08/2025 , 22:30:24,2788,2788
2221,01/08/2025 , 23:30:24,2586,2586
2222,02/08/2025 , 00:30:24,2786,2786
2223,02/08/2025 , 01:30:24,2785,2785
2224,02/08/2025 , 02:30:24,2784,2784
2225,02/08/2025 , 03:30:24,2783,2783
2226,02/08/2025 , 04:30:24,2781,2781
2227,02/08/2025 , 05:30:24,2779,2779
2228,02/08/2025 , 06:30:24,2779,2779
2229,02/08/2025 , 07:30:24,2778,2778
2230,02/08/2025 , 08:30:24,2779,2779
2231,02/08/2025 , 09:30:24,2781,2781
2232,02/08/2025 , 10:30:24,2779,2779
2233,02/08/2025 , 11:30:24,2778,2778
2234,02/08/2025 , 12:30:24,2777,2777
2235,02/08/2025 , 13:30:24,2776,2776
2236,02/08/2025 , 14:30:24,2775,2775
2237,02/08/2025 , 15:30:24,2774,2774
2238,02/08/2025 , 16:30:24,2773,2773
2239,02/08/2025 , 17:30:24,2773,2773
2240,02/08/2025 , 18:30:24,2781,2781
2241,02/08/2025 , 19:30:24,2788,2788
2242,02/08/2025 , 20:30:24,2824,2824
2243,02/08/2025 , 21:30:24,2823,2823
2244,02/08/2025 , 22:30:24,2821,2821
2245,02/08/2025 , 23:30:24,2821,2821
2246,03/08/2025 , 00:30:24,2818,2818
2247,03/08/2025 , 01:30:24,2817,2817
2248,03/08/2025 , 02:30:24,2815,2815
2249,03/08/2025 , 03:30:24,2815,2815
2250,03/08/2025 , 04:30:24,2814,2814
2251,03/08/2025 , 05:30:24,2812,2812
2252,03/08/2025 , 06:30:24,2811,2811
2253,03/08/2025 , 07:30:24,2811,2811
2254,03/08/2025 , 08:30:24,2810,2810
2255,03/08/2025 , 09:30:24,2810,2810
2256,03/08/2025 , 10:30:24,2810,2810
2257,03/08/2025 , 11:30:24,2810,2810
2258,03/08/2025 , 12:30:24,2809,2809
2259,03/08/2025 , 13:30:24,2808,2808
2260,03/08/2025 , 14:30:24,2808,2808
2261,03/08/2025 , 15:30:24,2807,2807
2262,03/08/2025 , 16:30:24,2807,2807
2263,03/08/2025 , 17:30:24,2806,2806
2264,03/08/2025 , 18:30:24,2806,2806
2265,03/08/2025 , 19:30:24,2806,2806
2266,03/08/2025 , 20:30:24,2805,2805
2267,03/08/2025 , 21:30:24,2806,2806
2268,03/08/2025 , 22:30:24,2806,2806
2269,03/08/2025 , 23:30:24,2806,2806
2270,04/08/2025 , 00:30:24,2808,2808
2271,04/08/2025 , 01:30:24,2809,2809
2272,04/08/2025 , 02:30:24,2810,2810
2273,04/08/2025 , 03:30:24,2810,2810
2274,04/08/2025 , 04:30:24,2811,2811
2275,04/08/2025 , 05:30:24,2812,2812
2276,04/08/2025 , 06:30:24,2813,2813
2277,04/08/2025 , 07:30:24,2815,2815
2278,04/08/2025 , 08:30:24,2816,2816
2279,04/08/2025 , 09:30:24,2817,2817
2280,04/08/2025 , 10:30:24,2818,2818
2281,04/08/2025 , 11:30:24,2821,2821
2282,04/08/2025 , 12:30:24,341,341
2283,04/08/2025 , 13:30:24,1066,1066
2284,04/08/2025 , 14:30:24,2821,2821
2285,04/08/2025 , 15:30:24,2815,2815
2286,04/08/2025 , 16:30:24,2817,2817
2287,04/08/2025 , 17:30:24,2822,2822
2288,04/08/2025 , 18:30:24,2824,2824
2289,04/08/2025 , 19:30:24,2825,2825
2290,04/08/2025 , 20:30:24,2809,2809
2291,04/08/2025 , 21:30:24,1139,1139
2292,04/08/2025 , 22:30:24,1290,1290
2293,04/08/2025 , 23:30:24,1201,1201
2294,05/08/2025 , 00:30:24,1322,1322
2295,05/08/2025 , 01:30:24,664,664
2296,05/08/2025 , 02:30:24,614,614
2297,05/08/2025 , 03:30:24,454,454
2298,05/08/2025 , 04:30:24,331,331
2299,05/08/2025 , 05:30:24,306,306
2300,05/08/2025 , 06:30:24,306,306
2301,05/08/2025 , 07:30:24,601,601
2302,05/08/2025 , 08:30:24,929,929
2303,05/08/2025 , 09:30:24,2736,2736
2304,05/08/2025 , 10:30:24,2834,2834
2305,05/08/2025 , 11:30:24,2835,2835
2306,05/08/2025 , 12:30:24,2836,2836
2307,05/08/2025 , 13:30:24,2835,2835
2308,05/08/2025 , 14:30:24,2831,2831
2309,05/08/2025 , 15:30:24,1441,1441
2310,05/08/2025 , 16:30:24,2438,2438
2311,05/08/2025 , 17:30:24,2405,2405
2312,05/08/2025 , 18:30:24,2833,2833
2313,05/08/2025 , 19:30:24,2833,2833
2314,05/08/2025 , 20:30:24,2833,2833
2315,05/08/2025 , 21:30:24,2833,2833
2316,05/08/2025 , 22:30:24,2833,2833
2317,05/08/2025 , 23:30:24,2832,2832
2318,06/08/2025 , 00:30:24,2832,2832
2319,06/08/2025 , 01:30:24,2831,2831
2320,06/08/2025 , 02:30:24,2831,2831
2321,06/08/2025 , 03:30:24,2831,2831
2322,06/08/2025 , 04:30:24,2830,2830
2323,06/08/2025 , 05:30:24,2828,2828
2324,06/08/2025 , 06:30:24,2827,2827
2325,06/08/2025 , 07:30:24,2832,2832
2326,06/08/2025 , 08:30:24,2832,2832
2327,06/08/2025 , 09:30:24,2832,2832
2328,06/08/2025 , 10:30:24,2832,2832
2329,06/08/2025 , 11:30:24,2832,2832
2330,06/08/2025 , 12:30:24,2831,2831
2331,06/08/2025 , 13:30:24,2831,2831
2332,06/08/2025 , 14:30:24,2829,2829
2333,06/08/2025 , 15:30:24,2828,2828
2334,06/08/2025 , 16:30:24,2827,2827
2335,06/08/2025 , 17:30:24,2826,2826
2336,06/08/2025 , 18:30:24,2825,2825
2337,06/08/2025 , 19:30:24,2823,2823
2338,06/08/2025 , 20:30:24,2822,2822
2339,06/08/2025 , 21:30:24,2821,2821
2340,06/08/2025 , 22:30:24,2820,2820
2341,06/08/2025 , 23:30:24,2819,2819
2342,07/08/2025 , 00:30:24,2819,2819
2343,07/08/2025 , 01:30:24,2813,2813
2344,07/08/2025 , 02:30:24,2815,2815
2345,07/08/2025 , 03:30:24,2810,2810
2346,07/08/2025 , 04:30:24,2802,2802
2347,07/08/2025 , 05:30:24,306,306
2348,07/08/2025 , 06:30:24,306,306
2349,07/08/2025 , 07:30:24,306,306
2350,07/08/2025 , 08:30:24,2811,2811
2351,07/08/2025 , 09:30:24,2810,2810
2352,07/08/2025 , 10:30:24,2811,2811
2353,07/08/2025 , 11:30:24,2810,2810
2354,07/08/2025 , 12:30:24,2809,2809
2355,07/08/2025 , 13:30:24,2808,2808
2356,07/08/2025 , 14:30:24,2806,2806
2357,07/08/2025 , 15:30:24,2804,2804
2358,07/08/2025 , 16:30:24,2803,2803
2359,07/08/2025 , 17:30:24,2802,2802
2360,07/08/2025 , 18:30:24,306,306
2361,07/08/2025 , 19:30:24,306,306
2362,07/08/2025 , 20:30:24,627,627
2363,07/08/2025 , 21:30:24,513,513
2364,07/08/2025 , 22:30:24,306,306
2365,07/08/2025 , 23:30:24,384,384
2366,08/08/2025 , 00:30:24,321,321
2367,08/08/2025 , 01:30:24,306,306
2368,08/08/2025 , 02:30:24,306,306
2369,08/08/2025 , 03:30:24,306,306
2370,08/08/2025 , 04:30:24,306,306
2371,08/08/2025 , 05:30:24,306,306
2372,08/08/2025 , 06:30:24,306,306
2373,08/08/2025 , 07:30:24,329,329
2374,08/08/2025 , 08:30:24,2789,2789
2375,08/08/2025 , 09:30:24,2788,2788
2376,08/08/2025 , 10:30:24,2788,2788
2377,08/08/2025 , 11:30:24,1595,1595
2378,08/08/2025 , 12:30:24,1643,1643
2379,08/08/2025 , 13:30:24,622,622
2380,08/08/2025 , 14:30:24,2783,2783
2381,08/08/2025 , 15:30:24,306,306
2382,08/08/2025 , 16:30:24,534,534
2383,08/08/2025 , 17:30:24,506,506
2384,08/08/2025 , 18:30:24,414,414
2385,08/08/2025 , 19:30:24,2472,2472
2386,08/08/2025 , 20:30:24,323,323
2387,08/08/2025 , 21:30:24,366,366
2388,08/08/2025 , 22:30:24,443,443
2389,08/08/2025 , 23:30:24,476,476
2390,09/08/2025 , 00:30:24,314,314
2391,09/08/2025 , 01:30:24,318,318
2392,09/08/2025 , 02:30:24,306,306
2393,09/08/2025 , 03:30:24,306,306
2394,09/08/2025 , 04:30:24,306,306
2395,09/08/2025 , 05:30:24,306,306
2396,09/08/2025 , 06:30:24,306,306
2397,09/08/2025 , 07:30:24,306,306
2398,09/08/2025 , 08:30:24,435,435
2399,09/08/2025 , 09:30:24,2768,2768
2400,09/08/2025 , 10:30:24,2767,2767
2401,09/08/2025 , 11:30:24,2768,2768
2402,09/08/2025 , 12:30:24,1396,1396
2403,09/08/2025 , 13:30:24,1121,1121
2404,09/08/2025 , 14:30:24,758,758
2405,09/08/2025 , 15:30:24,697,697
2406,09/08/2025 , 16:30:24,730,730
2407,09/08/2025 , 17:30:24,757,757
2408,09/08/2025 , 18:30:24,924,924
2409,09/08/2025 , 19:30:24,905,905
2410,09/08/2025 , 20:30:24,820,820
2411,09/08/2025 , 21:30:24,746,746
2412,09/08/2025 , 22:30:24,1011,1011
2413,09/08/2025 , 23:30:24,959,959
2414,10/08/2025 , 00:30:24,1005,1005
2415,10/08/2025 , 01:30:24,840,840
2416,10/08/2025 , 02:30:24,813,813
2417,10/08/2025 , 03:30:24,783,783
2418,10/08/2025 , 04:30:24,718,718
2419,10/08/2025 , 05:30:24,822,822
2420,10/08/2025 , 06:30:24,580,580
2421,10/08/2025 , 07:30:24,306,306
2422,10/08/2025 , 08:30:24,310,310
2423,10/08/2025 , 09:30:24,306,306
2424,10/08/2025 , 10:30:24,1502,1502
2425,10/08/2025 , 11:30:24,2750,2750
2426,10/08/2025 , 12:30:24,2750,2750
2427,10/08/2025 , 13:30:24,1245,1245
2428,10/08/2025 , 14:30:24,437,437
2429,10/08/2025 , 15:30:24,306,306
2430,10/08/2025 , 16:30:24,324,324
2431,10/08/2025 , 17:30:24,306,306
2432,10/08/2025 , 18:30:24,1621,1621
2433,10/08/2025 , 19:30:24,2741,2741
2434,10/08/2025 , 20:30:24,2741,2741
2435,10/08/2025 , 21:30:24,2739,2739
2436,10/08/2025 , 22:30:24,2738,2738
2437,10/08/2025 , 23:30:24,2737,2737
2438,11/08/2025 , 00:30:24,2737,2737
2439,11/08/2025 , 01:30:24,2736,2736
2440,11/08/2025 , 02:30:24,2736,2736
2441,11/08/2025 , 03:30:24,2735,2735
2442,11/08/2025 , 04:30:24,2734,2734
2443,11/08/2025 , 05:30:24,2733,2733
2444,11/08/2025 , 06:30:24,2732,2732
2445,11/08/2025 , 07:30:24,2732,2732
2446,11/08/2025 , 08:30:24,2683,2683
2447,11/08/2025 , 09:30:24,2685,2685
2448,11/08/2025 , 10:30:24,2547,2547
2449,11/08/2025 , 11:30:24,2555,2555
2450,11/08/2025 , 12:30:24,2629,2629
2451,11/08/2025 , 13:30:24,2723,2723
2452,11/08/2025 , 14:30:24,2727,2727
2453,11/08/2025 , 15:30:24,2726,2726
2454,11/08/2025 , 16:30:24,2726,2726
2455,11/08/2025 , 17:30:24,2725,2725
2456,11/08/2025 , 18:30:24,2724,2724
2457,11/08/2025 , 19:30:24,2724,2724
2458,11/08/2025 , 20:30:24,2723,2723
2459,11/08/2025 , 21:30:24,2722,2722
2460,11/08/2025 , 22:30:24,2720,2720
2461,11/08/2025 , 23:30:24,2719,2719
2462,12/08/2025 , 00:30:24,2719,2719
2463,12/08/2025 , 01:30:24,2363,2363
2464,12/08/2025 , 02:30:24,804,804
2465,12/08/2025 , 03:30:24,2626,2626
2466,12/08/2025 , 04:30:24,1376,1376
2467,12/08/2025 , 05:30:24,2712,2712
2468,12/08/2025 , 06:30:24,2712,2712
2469,12/08/2025 , 07:30:24,2712,2712
2470,12/08/2025 , 08:30:24,306,306
2471,12/08/2025 , 09:30:24,306,306
2472,12/08/2025 , 10:30:24,2694,2694
2473,12/08/2025 , 11:30:24,2699,2699
2474,12/08/2025 , 12:30:24,2711,2711
2475,12/08/2025 , 13:30:24,2689,2689
2476,12/08/2025 , 14:30:24,2293,2293
2477,12/08/2025 , 15:30:24,2289,2289
2478,12/08/2025 , 16:30:24,2265,2265
2479,12/08/2025 , 17:30:24,2268,2268
2480,12/08/2025 , 18:30:24,2260,2260
2481,12/08/2025 , 19:30:24,2269,2269
2482,12/08/2025 , 20:30:24,2112,2112
2483,12/08/2025 , 21:30:24,2143,2143
2484,12/08/2025 , 22:30:24,1988,1988
2485,12/08/2025 , 23:30:24,445,445
2486,13/08/2025 , 00:30:24,1828,1828
2487,13/08/2025 , 01:30:24,2234,2234
2488,13/08/2025 , 02:30:24,2249,2249
2489,13/08/2025 , 03:30:24,2242,2242
2490,13/08/2025 , 04:30:24,2272,2272
2491,13/08/2025 , 05:30:24,2292,2292
2492,13/08/2025 , 06:30:24,2260,2260
2493,13/08/2025 , 07:30:24,2129,2129
2494,13/08/2025 , 08:30:24,306,306
2495,13/08/2025 , 09:30:24,746,746
2496,13/08/2025 , 10:30:24,1998,1998
2497,13/08/2025 , 11:30:24,1978,1978
2498,13/08/2025 , 12:30:24,2268,2268
2499,13/08/2025 , 13:30:24,2693,2693
2500,13/08/2025 , 14:30:24,2693,2693
2501,13/08/2025 , 15:30:24,2364,2364
2502,13/08/2025 , 16:30:24,2387,2387
2503,13/08/2025 , 17:30:24,2557,2557
2504,13/08/2025 , 18:30:24,2506,2506
2505,13/08/2025 , 19:30:24,2437,2437
2506,13/08/2025 , 20:30:24,306,306
2507,13/08/2025 , 21:30:24,2448,2448
2508,13/08/2025 , 22:30:24,2381,2381
2509,13/08/2025 , 23:30:24,2484,2484
2510,14/08/2025 , 00:30:24,2496,2496
2511,14/08/2025 , 01:30:24,2495,2495
2512,14/08/2025 , 02:30:24,2510,2510
2513,14/08/2025 , 03:30:24,2528,2528
2514,14/08/2025 , 04:30:24,2519,2519
2515,14/08/2025 , 05:30:24,2539,2539
2516,14/08/2025 , 06:30:24,2548,2548
2517,14/08/2025 , 07:30:24,2536,2536
2518,14/08/2025 , 08:30:24,2481,2481
2519,14/08/2025 , 09:30:24,2490,2490
2520,14/08/2025 , 10:30:24,2541,2541
2521,14/08/2025 , 11:30:24,306,306
2522,14/08/2025 , 12:30:24,306,306
2523,14/08/2025 , 13:30:24,1847,1847
2524,14/08/2025 , 14:30:24,2310,2310
2525,14/08/2025 , 15:30:24,2265,2265
2526,14/08/2025 , 16:30:24,2639,2639
2527,14/08/2025 , 17:30:24,2586,2586
2528,14/08/2025 , 18:30:24,2618,2618
2529,14/08/2025 , 19:30:24,2001,2001
2530,14/08/2025 , 20:30:24,2640,2640
2531,14/08/2025 , 21:30:24,306,306
2532,14/08/2025 , 22:30:24,1798,1798
2533,14/08/2025 , 23:30:24,2620,2620
2534,15/08/2025 , 00:30:24,2611,2611
2535,15/08/2025 , 01:30:24,2606,2606
2536,15/08/2025 , 02:30:24,2592,2592
2537,15/08/2025 , 03:30:24,2648,2648
2538,15/08/2025 , 04:30:24,2650,2650
2539,15/08/2025 , 05:30:24,306,306
2540,15/08/2025 , 06:30:24,306,306
2541,15/08/2025 , 07:30:24,306,306
2542,15/08/2025 , 08:30:24,306,306
2543,15/08/2025 , 09:30:24,306,306
2544,15/08/2025 , 10:30:24,2655,2655
2545,15/08/2025 , 11:30:24,2023,2023
2546,15/08/2025 , 12:30:24,2307,2307
2547,15/08/2025 , 13:30:24,2318,2318
2548,15/08/2025 , 14:30:24,2672,2672
2549,15/08/2025 , 15:30:24,2672,2672
2550,15/08/2025 , 16:30:24,2672,2672
2551,15/08/2025 , 17:30:24,2670,2670
2552,15/08/2025 , 18:30:24,2168,2168
2553,15/08/2025 , 19:30:24,2666,2666
2554,15/08/2025 , 20:30:24,2668,2668
2555,15/08/2025 , 21:30:24,306,306
2556,15/08/2025 , 22:30:24,306,306
2557,15/08/2025 , 23:30:24,306,306
2558,16/08/2025 , 00:30:24,306,306
2559,16/08/2025 , 01:30:24,306,306
2560,16/08/2025 , 02:30:24,306,306
2561,16/08/2025 , 03:30:24,306,306
2562,16/08/2025 , 04:30:24,2102,2102
2563,16/08/2025 , 05:30:24,306,306
2564,16/08/2025 , 06:30:24,306,306
2565,16/08/2025 , 07:30:24,306,306
2566,16/08/2025 , 08:30:24,306,306
2567,16/08/2025 , 09:30:24,2665,2665
2568,16/08/2025 , 10:30:24,2286,2286
2569,16/08/2025 , 11:30:24,2661,2661
2570,16/08/2025 , 12:30:24,1627,1627
2571,16/08/2025 , 13:30:24,2663,2663
2572,16/08/2025 , 14:30:24,2661,2661
2573,16/08/2025 , 15:30:24,2660,2660
2574,16/08/2025 , 16:30:24,2659,2659
2575,16/08/2025 , 17:30:24,2659,2659
2576,16/08/2025 , 18:30:24,2658,2658
2577,16/08/2025 , 19:30:24,2658,2658
2578,16/08/2025 , 20:30:24,581,581
2579,16/08/2025 , 21:30:24,2642,2642
2580,16/08/2025 , 22:30:24,2653,2653
2581,16/08/2025 , 23:30:24,2653,2653
2582,17/08/2025 , 00:30:24,2652,2652
2583,17/08/2025 , 01:30:24,2653,2653
2584,17/08/2025 , 02:30:24,2652,2652
2585,17/08/2025 , 03:30:24,2652,2652
2586,17/08/2025 , 04:30:24,2652,2652
2587,17/08/2025 , 05:30:24,2652,2652
2588,17/08/2025 , 06:30:24,2652,2652
2589,17/08/2025 , 07:30:24,2654,2654
2590,17/08/2025 , 08:30:24,2654,2654
2591,17/08/2025 , 09:30:24,2658,2658
2592,17/08/2025 , 10:30:24,2661,2661
2593,17/08/2025 , 11:30:24,2661,2661
2594,17/08/2025 , 12:30:24,2663,2663
2595,17/08/2025 , 13:30:24,2662,2662
2596,17/08/2025 , 14:30:24,2661,2661
2597,17/08/2025 , 15:30:24,306,306
2598,17/08/2025 , 16:30:24,306,306
2599,17/08/2025 , 17:30:24,2647,2647
2600,17/08/2025 , 18:30:24,2618,2618
2601,17/08/2025 , 19:30:24,2658,2658
2602,17/08/2025 , 20:30:24,306,306
2603,17/08/2025 , 21:30:24,306,306
2604,17/08/2025 , 22:30:24,306,306
2605,17/08/2025 , 23:30:24,2648,2648
2606,18/08/2025 , 00:30:24,306,306
2607,18/08/2025 , 01:30:24,306,306
2608,18/08/2025 , 02:30:24,2619,2619
2609,18/08/2025 , 03:30:24,2628,2628
2610,18/08/2025 , 04:30:24,2639,2639
2611,18/08/2025 , 05:30:24,2649,2649
2612,18/08/2025 , 06:30:24,2649,2649
2613,18/08/2025 , 07:30:24,2649,2649
2614,18/08/2025 , 08:30:24,2649,2649
2615,18/08/2025 , 09:30:24,306,306
2616,18/08/2025 , 10:30:24,306,306
2617,18/08/2025 , 11:30:24,2648,2648
2618,18/08/2025 , 12:30:24,2647,2647
2619,18/08/2025 , 13:30:24,2482,2482
2620,18/08/2025 , 14:30:24,2537,2537
2621,18/08/2025 , 15:30:24,2503,2503
2622,18/08/2025 , 16:30:24,2552,2552
2623,18/08/2025 , 17:30:24,2449,2449
2624,18/08/2025 , 18:30:24,2472,2472
2625,18/08/2025 , 19:30:24,2447,2447
2626,18/08/2025 , 20:30:24,306,306
2627,18/08/2025 , 21:30:24,306,306
2628,18/08/2025 , 22:30:24,306,306
2629,18/08/2025 , 23:30:24,306,306
2630,19/08/2025 , 00:30:24,306,306
2631,19/08/2025 , 01:30:24,2635,2635
2632,19/08/2025 , 02:30:24,2635,2635
2633,19/08/2025 , 03:30:24,2635,2635
2634,19/08/2025 , 04:30:24,2634,2634
2635,19/08/2025 , 05:30:24,2633,2633
2636,19/08/2025 , 06:30:24,2632,2632
2637,19/08/2025 , 07:30:24,306,306
2638,19/08/2025 , 08:30:24,306,306
2639,19/08/2025 , 09:30:24,306,306
2640,19/08/2025 , 10:30:24,306,306
2641,19/08/2025 , 11:30:24,2119,2119
2642,19/08/2025 , 12:30:24,2130,2130
2643,19/08/2025 , 13:30:24,2526,2526
2644,19/08/2025 , 14:30:24,2614,2614
2645,19/08/2025 , 15:30:24,2616,2616
2646,19/08/2025 , 16:30:24,2615,2615
2647,19/08/2025 , 17:30:24,2616,2616
2648,19/08/2025 , 18:30:24,2622,2622
2649,19/08/2025 , 19:30:24,2622,2622
2650,19/08/2025 , 20:30:24,306,306
2651,19/08/2025 , 21:30:24,306,306
2652,19/08/2025 , 22:30:24,2620,2620
2653,19/08/2025 , 23:30:24,2619,2619
2654,20/08/2025 , 00:30:24,306,306
2655,20/08/2025 , 01:30:24,306,306
2656,20/08/2025 , 02:30:24,2613,2613
2657,20/08/2025 , 03:30:24,306,306
2658,20/08/2025 , 04:30:24,306,306
2659,20/08/2025 , 05:30:24,306,306
2660,20/08/2025 , 06:30:24,2615,2615
2661,20/08/2025 , 07:30:24,2615,2615
2662,20/08/2025 , 08:30:24,306,306
2663,20/08/2025 , 09:30:24,306,306
2664,20/08/2025 , 10:30:24,306,306
2665,20/08/2025 , 11:30:24,2615,2615
2666,20/08/2025 , 12:30:24,306,306
2667,20/08/2025 , 13:30:24,306,306
2668,20/08/2025 , 14:30:24,306,306
2669,20/08/2025 , 15:30:24,306,306
2670,20/08/2025 , 16:30:24,306,306
2671,20/08/2025 , 17:30:24,306,306
2672,20/08/2025 , 18:30:24,306,306
2673,20/08/2025 , 19:30:24,306,306
2674,20/08/2025 , 20:30:24,306,306
2675,20/08/2025 , 21:30:24,306,306
2676,20/08/2025 , 22:30:24,1647,1647
2677,20/08/2025 , 23:30:24,2609,2609
2678,21/08/2025 , 00:30:24,2609,2609
2679,21/08/2025 , 01:30:24,2606,2606
2680,21/08/2025 , 02:30:24,2605,2605
2681,21/08/2025 , 03:30:24,306,306
2682,21/08/2025 , 04:30:24,306,306
2683,21/08/2025 , 05:30:24,306,306
2684,21/08/2025 , 06:30:24,306,306
2685,21/08/2025 , 07:30:24,306,306
2686,21/08/2025 , 08:30:24,306,306
2687,21/08/2025 , 09:30:24,306,306
2688,21/08/2025 , 10:30:24,1285,1285
2689,21/08/2025 , 11:30:24,2602,2602
2690,21/08/2025 , 12:30:24,616,616
2691,21/08/2025 , 13:30:24,1507,1507
2692,21/08/2025 , 14:30:24,1643,1643
2693,21/08/2025 , 15:30:24,1508,1508
2694,21/08/2025 , 16:30:24,1533,1533
2695,21/08/2025 , 17:30:24,1603,1603
2696,21/08/2025 , 18:30:24,1645,1645
2697,21/08/2025 , 19:30:24,1711,1711
2698,21/08/2025 , 20:30:24,1561,1561
2699,21/08/2025 , 21:30:24,306,306
2700,21/08/2025 , 22:30:24,1655,1655
2701,21/08/2025 , 23:30:24,2590,2590
2702,22/08/2025 , 00:30:24,2591,2591
2703,22/08/2025 , 01:30:24,2587,2587
2704,22/08/2025 , 02:30:24,2001,2001
2705,22/08/2025 , 03:30:24,306,306
2706,22/08/2025 , 04:30:24,306,306
2707,22/08/2025 , 05:30:24,306,306
2708,22/08/2025 , 06:30:24,306,306
2709,22/08/2025 , 07:30:24,306,306
2710,22/08/2025 , 08:30:24,306,306
2711,22/08/2025 , 09:30:24,306,306
2712,22/08/2025 , 10:30:24,1960,1960
2713,22/08/2025 , 11:30:24,1641,1641
2714,22/08/2025 , 12:30:24,306,306
2715,22/08/2025 , 13:30:24,353,353
2716,22/08/2025 , 14:30:24,587,587
2717,22/08/2025 , 15:30:24,666,666
2718,22/08/2025 , 16:30:24,1114,1114
2719,22/08/2025 , 17:30:24,1335,1335
2720,22/08/2025 , 18:30:24,1269,1269
2721,22/08/2025 , 19:30:24,1372,1372
2722,22/08/2025 , 20:30:24,1542,1542
2723,22/08/2025 , 21:30:24,1675,1675
2724,22/08/2025 , 22:30:24,1860,1860
2725,22/08/2025 , 23:30:24,1711,1711
2726,23/08/2025 , 00:30:24,1695,1695
2727,23/08/2025 , 01:30:24,1680,1680
2728,23/08/2025 , 02:30:24,1658,1658
2729,23/08/2025 , 03:30:24,1591,1591
2730,23/08/2025 , 04:30:24,1678,1678
2731,23/08/2025 , 05:30:24,1639,1639
2732,23/08/2025 , 06:30:24,1674,1674
2733,23/08/2025 , 07:30:24,1583,1583
2734,23/08/2025 , 08:30:24,1556,1556
2735,23/08/2025 , 09:30:24,1516,1516
2736,23/08/2025 , 10:30:24,2374,2374
2737,23/08/2025 , 11:30:24,1495,1495
2738,23/08/2025 , 12:30:24,947,947
2739,23/08/2025 , 13:30:24,443,443
2740,23/08/2025 , 14:30:24,1692,1692
2741,23/08/2025 , 15:30:24,1654,1654
2742,23/08/2025 , 16:30:24,2560,2560
2743,23/08/2025 , 17:30:24,2554,2554
2744,23/08/2025 , 18:30:24,2541,2541
2745,23/08/2025 , 19:30:24,494,494
2746,23/08/2025 , 20:30:24,501,501
2747,23/08/2025 , 21:30:24,487,487
2748,23/08/2025 , 22:30:24,453,453
2749,23/08/2025 , 23:30:24,432,432
2750,24/08/2025 , 00:30:24,306,306
2751,24/08/2025 , 01:30:24,468,468
2752,24/08/2025 , 02:30:24,373,373
2753,24/08/2025 , 03:30:24,428,428
2754,24/08/2025 , 04:30:24,543,543
2755,24/08/2025 , 05:30:24,567,567
2756,24/08/2025 , 06:30:24,306,306
2757,24/08/2025 , 07:30:24,637,637
2758,24/08/2025 , 08:30:24,630,630
2759,24/08/2025 , 09:30:24,618,618
2760,24/08/2025 , 10:30:24,479,479
2761,24/08/2025 , 11:30:24,487,487
2762,24/08/2025 , 12:30:24,513,513
2763,24/08/2025 , 13:30:24,607,607
2764,24/08/2025 , 14:30:24,558,558
2765,24/08/2025 , 15:30:24,306,306
2766,24/08/2025 , 16:30:24,306,306
2767,24/08/2025 , 17:30:24,306,306
2768,24/08/2025 , 18:30:24,306,306
2769,24/08/2025 , 19:30:24,306,306
2770,24/08/2025 , 20:30:24,306,306
2771,24/08/2025 , 21:30:24,306,306
2772,24/08/2025 , 22:30:24,306,306
2773,24/08/2025 , 23:30:24,306,306
2774,25/08/2025 , 00:30:24,306,306
2775,25/08/2025 , 01:30:24,306,306
2776,25/08/2025 , 02:30:24,306,306
2777,25/08/2025 , 03:30:24,306,306
2778,25/08/2025 , 04:30:24,306,306
2779,25/08/2025 , 05:30:24,306,306
2780,25/08/2025 , 06:30:24,306,306
2781,25/08/2025 , 07:30:24,306,306
2782,25/08/2025 , 08:30:24,306,306
2783,25/08/2025 , 09:30:24,306,306
2784,25/08/2025 , 10:30:24,306,306
2785,25/08/2025 , 11:30:24,306,306
2786,25/08/2025 , 12:30:24,306,306
2787,25/08/2025 , 13:30:24,306,306
2788,25/08/2025 , 14:30:24,306,306
2789,25/08/2025 , 15:30:24,306,306
2790,25/08/2025 , 16:30:24,306,306
2791,25/08/2025 , 17:30:24,306,306
2792,25/08/2025 , 18:30:24,306,306
2793,25/08/2025 , 19:30:24,306,306
2794,25/08/2025 , 20:30:24,306,306
2795,25/08/2025 , 21:30:24,306,306
2796,25/08/2025 , 22:30:24,306,306
2797,25/08/2025 , 23:30:24,306,306
2798,26/08/2025 , 00:30:24,378,378
2799,26/08/2025 , 01:30:24,363,363
2800,26/08/2025 , 02:30:24,322,322
2801,26/08/2025 , 03:30:24,306,306
2802,26/08/2025 , 04:30:24,306,306
2803,26/08/2025 , 05:30:24,306,306
2804,26/08/2025 , 06:30:24,306,306
2805,26/08/2025 , 07:30:24,306,306
2806,26/08/2025 , 08:30:24,306,306
2807,26/08/2025 , 09:30:24,306,306
2808,26/08/2025 , 10:30:24,306,306
2809,26/08/2025 , 11:30:24,306,306
2810,26/08/2025 , 12:30:24,306,306
2811,26/08/2025 , 13:30:24,306,306
2812,26/08/2025 , 14:30:24,306,306
2813,26/08/2025 , 15:30:24,306,306
2814,26/08/2025 , 16:30:24,306,306
2815,26/08/2025 , 17:30:24,306,306
2816,26/08/2025 , 18:30:24,306,306
2817,26/08/2025 , 19:30:24,1299,1299
2818,26/08/2025 , 20:30:24,1530,1530
2819,26/08/2025 , 21:30:24,306,306
2820,26/08/2025 , 22:30:24,306,306
2821,26/08/2025 , 23:30:24,1511,1511
2822,27/08/2025 , 00:30:24,1380,1380
2823,27/08/2025 , 01:30:24,1487,1487
2824,27/08/2025 , 02:30:24,306,306
2825,27/08/2025 , 03:30:24,1395,1395
2826,27/08/2025 , 04:30:24,1467,1467
2827,27/08/2025 , 05:30:24,1414,1414
2828,27/08/2025 , 06:30:24,1258,1258
2829,27/08/2025 , 07:30:24,1274,1274
2830,27/08/2025 , 08:30:24,1424,1424
2831,27/08/2025 , 09:30:24,306,306
2832,27/08/2025 , 10:30:24,306,306
2833,27/08/2025 , 11:30:24,306,306
2834,27/08/2025 , 12:30:24,306,306
2835,27/08/2025 , 13:30:24,306,306
2836,27/08/2025 , 14:30:24,306,306
2837,27/08/2025 , 15:30:24,306,306
2838,27/08/2025 , 16:30:24,306,306
2839,27/08/2025 , 17:30:24,306,306
2840,27/08/2025 , 18:30:24,306,306
2841,27/08/2025 , 19:30:24,306,306
2842,27/08/2025 , 20:30:24,306,306
2843,27/08/2025 , 21:30:24,1541,1541
2844,27/08/2025 , 22:30:24,1570,1570
2845,27/08/2025 , 23:30:24,306,306
2846,28/08/2025 , 00:30:24,1563,1563
2847,28/08/2025 , 01:30:24,1618,1618
2848,28/08/2025 , 02:30:24,1671,1671
2849,28/08/2025 , 03:30:24,1610,1610
2850,28/08/2025 , 04:30:24,1531,1531
2851,28/08/2025 , 05:30:24,1538,1538
2852,28/08/2025 , 06:30:24,1594,1594
2853,28/08/2025 , 07:30:24,1506,1506
2854,28/08/2025 , 08:30:24,306,306
2855,28/08/2025 , 09:30:24,306,306
2856,28/08/2025 , 10:30:24,793,793
2857,28/08/2025 , 11:30:24,932,932
2858,28/08/2025 , 12:30:24,835,835
2859,28/08/2025 , 13:30:24,916,916
2860,28/08/2025 , 14:30:24,969,969
2861,28/08/2025 , 15:30:24,922,922
2862,28/08/2025 , 16:30:24,1197,1197
2863,28/08/2025 , 17:30:24,1033,1033
2864,28/08/2025 , 18:30:24,1000,1000
2865,28/08/2025 , 19:30:24,1204,1204
2866,28/08/2025 , 20:30:24,306,306
2867,28/08/2025 , 21:30:24,306,306
2868,28/08/2025 , 22:30:24,306,306
2869,28/08/2025 , 23:30:24,306,306
2870,29/08/2025 , 00:30:24,306,306
2871,29/08/2025 , 01:30:24,306,306
2872,29/08/2025 , 02:30:24,306,306
2873,29/08/2025 , 03:30:24,306,306
2874,29/08/2025 , 04:30:24,306,306
2875,29/08/2025 , 05:30:24,306,306
2876,29/08/2025 , 06:30:24,306,306
2877,29/08/2025 , 07:30:24,306,306
2878,29/08/2025 , 08:30:24,306,306
2879,29/08/2025 , 09:30:24,306,306
2880,29/08/2025 , 10:30:24,306,306
2881,29/08/2025 , 11:30:24,776,776
2882,29/08/2025 , 12:30:24,1155,1155
2883,29/08/2025 , 13:30:24,1101,1101
2884,29/08/2025 , 14:30:24,1001,1001
2885,29/08/2025 , 15:30:24,1136,1136
2886,29/08/2025 , 16:30:24,1195,1195
2887,29/08/2025 , 17:30:24,1087,1087
2888,29/08/2025 , 18:30:24,1123,1123
2889,29/08/2025 , 19:30:24,873,873
2890,29/08/2025 , 20:30:24,878,878
2891,29/08/2025 , 21:30:24,752,752
2892,29/08/2025 , 22:30:24,306,306
2893,29/08/2025 , 23:30:24,306,306
2894,30/08/2025 , 00:30:24,306,306
2895,30/08/2025 , 01:30:24,306,306
2896,30/08/2025 , 02:30:24,306,306
2897,30/08/2025 , 03:30:24,306,306
2898,30/08/2025 , 04:30:24,1015,1015
2899,30/08/2025 , 05:30:24,306,306
2900,30/08/2025 , 06:30:24,306,306
2901,30/08/2025 , 07:30:24,306,306
2902,30/08/2025 , 08:30:24,306,306
2903,30/08/2025 , 09:30:24,306,306
2904,30/08/2025 , 10:30:24,306,306
2905,30/08/2025 , 11:30:24,1185,1185
2906,30/08/2025 , 12:30:24,306,306
2907,30/08/2025 , 13:30:24,306,306
2908,30/08/2025 , 14:30:24,306,306
2909,30/08/2025 , 15:30:24,306,306
2910,30/08/2025 , 16:30:24,306,306
2911,30/08/2025 , 17:30:24,306,306
2912,30/08/2025 , 18:30:24,306,306
2913,30/08/2025 , 19:30:24,306,306
2914,30/08/2025 , 20:30:24,306,306
2915,30/08/2025 , 21:30:24,306,306
2916,30/08/2025 , 22:30:24,306,306
2917,30/08/2025 , 23:30:24,306,306
2918,31/08/2025 , 00:30:24,1369,1369
2919,31/08/2025 , 01:30:24,1346,1346
2920,31/08/2025 , 02:30:24,306,306
2921,31/08/2025 , 03:30:24,306,306
2922,31/08/2025 , 04:30:24,306,306
2923,31/08/2025 , 05:30:24,1197,1197
2924,31/08/2025 , 06:30:24,1195,1195
2925,31/08/2025 , 07:30:24,1108,1108
2926,31/08/2025 , 08:30:24,1085,1085
2927,31/08/2025 , 09:30:24,1024,1024
2928,31/08/2025 , 10:30:24,1188,1188
2929,31/08/2025 , 11:30:24,306,306
2930,31/08/2025 , 12:30:24,1490,1490
2931,31/08/2025 , 13:30:24,306,306
2932,31/08/2025 , 14:30:24,346,346
2933,31/08/2025 , 15:30:24,393,393
2934,31/08/2025 , 16:30:24,446,446
2935,31/08/2025 , 17:30:24,575,575
2936,31/08/2025 , 18:30:24,659,659
2937,31/08/2025 , 19:30:24,707,707
2938,31/08/2025 , 20:30:24,623,623
2939,31/08/2025 , 21:30:24,382,382
2940,31/08/2025 , 22:30:24,320,320
2941,31/08/2025 , 23:30:24,645,645
2942,01/09/2025 , 00:30:24,2506,2506
2943,01/09/2025 , 01:30:24,1274,1274
2944,01/09/2025 , 02:30:24,306,306
2945,01/09/2025 , 03:30:24,2508,2508
2946,01/09/2025 , 04:30:24,407,407
2947,01/09/2025 , 05:30:24,555,555
2948,01/09/2025 , 06:30:24,306,306
2949,01/09/2025 , 07:30:24,306,306
2950,01/09/2025 , 08:30:24,306,306
2951,01/09/2025 , 09:30:24,306,306
2952,01/09/2025 , 10:30:24,616,616
2953,01/09/2025 , 11:30:24,1191,1191
2954,01/09/2025 , 12:30:24,1800,1800
2955,01/09/2025 , 13:30:24,2506,2506
2956,01/09/2025 , 14:30:24,2505,2505
2957,01/09/2025 , 15:30:24,2504,2504
2958,01/09/2025 , 16:30:24,2504,2504
2959,01/09/2025 , 17:30:24,2503,2503
2960,01/09/2025 , 18:30:24,2502,2502
2961,01/09/2025 , 19:30:24,2499,2499
2962,01/09/2025 , 20:30:24,2498,2498
2963,01/09/2025 , 21:30:24,2496,2496
2964,01/09/2025 , 22:30:24,306,306
2965,01/09/2025 , 23:30:24,306,306
2966,02/09/2025 , 00:30:24,306,306
2967,02/09/2025 , 01:30:24,306,306
2968,02/09/2025 , 02:30:24,306,306
2969,02/09/2025 , 03:30:24,306,306
2970,02/09/2025 , 04:30:24,591,591
2971,02/09/2025 , 05:30:24,306,306
2972,02/09/2025 , 06:30:24,306,306
2973,02/09/2025 , 07:30:24,556,556
2974,02/09/2025 , 08:30:24,2109,2109
2975,02/09/2025 , 09:30:24,2496,2496
2976,02/09/2025 , 10:30:24,2492,2492
2977,02/09/2025 , 11:30:24,2498,2498
2978,02/09/2025 , 12:30:24,2084,2084
2979,02/09/2025 , 13:30:24,2496,2496
2980,02/09/2025 , 14:30:24,2495,2495
2981,02/09/2025 , 15:30:24,2494,2494
2982,02/09/2025 , 16:30:24,2493,2493
2983,02/09/2025 , 17:30:24,2494,2494
2984,02/09/2025 , 18:30:24,2486,2486
2985,02/09/2025 , 19:30:24,2486,2486
2986,02/09/2025 , 20:30:24,2490,2490
2987,02/09/2025 , 21:30:24,2274,2274
2988,02/09/2025 , 22:30:24,2490,2490
2989,02/09/2025 , 23:30:24,306,306
2990,03/09/2025 , 00:30:24,976,976
2991,03/09/2025 , 01:30:24,1086,1086
2992,03/09/2025 , 02:30:24,1149,1149
2993,03/09/2025 , 03:30:24,825,825
2994,03/09/2025 , 04:30:24,1013,1013
2995,03/09/2025 , 05:30:24,1100,1100
2996,03/09/2025 , 06:30:24,1018,1018
2997,03/09/2025 , 07:30:24,1007,1007
2998,03/09/2025 , 08:30:24,2536,2536
2999,03/09/2025 , 09:30:24,2536,2536
3000,03/09/2025 , 10:30:24,2540,2540
3001,03/09/2025 , 11:30:24,838,838
3002,03/09/2025 , 12:30:24,599,599
3003,03/09/2025 , 13:30:24,2538,2538
3004,03/09/2025 , 14:30:24,2536,2536
3005,03/09/2025 , 15:30:24,2536,2536
3006,03/09/2025 , 16:30:24,2536,2536
3007,03/09/2025 , 17:30:24,2535,2535
3008,03/09/2025 , 18:30:24,2535,2535
3009,03/09/2025 , 19:30:24,2533,2533
3010,03/09/2025 , 20:30:24,2534,2534
3011,03/09/2025 , 21:30:24,2534,2534
3012,03/09/2025 , 22:30:24,2532,2532
3013,03/09/2025 , 23:30:24,2532,2532
3014,04/09/2025 , 00:30:24,2532,2532
3015,04/09/2025 , 01:30:24,2532,2532
3016,04/09/2025 , 02:30:24,2528,2528
3017,04/09/2025 , 03:30:24,2538,2538
3018,04/09/2025 , 04:30:24,306,306
3019,04/09/2025 , 05:30:24,2521,2521
3020,04/09/2025 , 06:30:24,2522,2522
3021,04/09/2025 , 07:30:24,2523,2523
3022,04/09/2025 , 08:30:24,2528,2528
3023,04/09/2025 , 09:30:24,2526,2526
3024,04/09/2025 , 10:30:24,306,306
3025,04/09/2025 , 11:30:24,627,627
3026,04/09/2025 , 12:30:24,692,692
3027,04/09/2025 , 13:30:24,2307,2307
3028,04/09/2025 , 14:30:24,1460,1460
3029,04/09/2025 , 15:30:24,1249,1249
3030,04/09/2025 , 16:30:24,1063,1063
3031,04/09/2025 , 17:30:24,993,993
3032,04/09/2025 , 18:30:24,1003,1003
3033,04/09/2025 , 19:30:24,871,871
3034,04/09/2025 , 20:30:24,694,694
3035,04/09/2025 , 21:30:24,634,634
3036,04/09/2025 , 22:30:24,548,548
3037,04/09/2025 , 23:30:24,612,612
3038,05/09/2025 , 00:30:24,1047,1047
3039,05/09/2025 , 01:30:24,1486,1486
3040,05/09/2025 , 02:30:24,1826,1826
3041,05/09/2025 , 03:30:24,2199,2199
3042,05/09/2025 , 04:30:24,2184,2184
3043,05/09/2025 , 05:30:24,2089,2089
3044,05/09/2025 , 06:30:24,2071,2071
3045,05/09/2025 , 07:30:24,2082,2082
3046,05/09/2025 , 08:30:24,1987,1987
3047,05/09/2025 , 09:30:24,2119,2119
3048,05/09/2025 , 10:30:24,2145,2145
3049,05/09/2025 , 11:30:24,352,352
3050,05/09/2025 , 12:30:24,405,405
3051,05/09/2025 , 13:30:24,1070,1070
3052,05/09/2025 , 14:30:24,1032,1032
3053,05/09/2025 , 15:30:24,867,867
3054,05/09/2025 , 16:30:24,1021,1021
3055,05/09/2025 , 17:30:24,822,822
3056,05/09/2025 , 18:30:24,1512,1512
3057,05/09/2025 , 19:30:24,740,740
3058,05/09/2025 , 20:30:24,611,611
3059,05/09/2025 , 21:30:24,682,682
3060,05/09/2025 , 22:30:24,583,583
3061,05/09/2025 , 23:30:24,586,586
3062,06/09/2025 , 00:30:24,551,551
3063,06/09/2025 , 01:30:24,595,595
3064,06/09/2025 , 02:30:24,618,618
3065,06/09/2025 , 03:30:24,709,709
3066,06/09/2025 , 04:30:24,678,678
3067,06/09/2025 , 05:30:24,669,669
3068,06/09/2025 , 06:30:24,652,652
3069,06/09/2025 , 07:30:24,746,746
3070,06/09/2025 , 08:30:24,769,769
3071,06/09/2025 , 09:30:24,740,740
3072,06/09/2025 , 10:30:24,739,739
3073,06/09/2025 , 11:30:24,603,603
3074,06/09/2025 , 12:30:24,571,571
3075,06/09/2025 , 13:30:24,544,544
3076,06/09/2025 , 14:30:24,576,576
3077,06/09/2025 , 15:30:24,559,559
3078,06/09/2025 , 16:30:24,640,640
3079,06/09/2025 , 17:30:24,586,586
3080,06/09/2025 , 18:30:24,556,556
3081,06/09/2025 , 19:30:24,594,594
3082,06/09/2025 , 20:30:24,306,306
3083,06/09/2025 , 21:30:24,562,562
3084,06/09/2025 , 22:30:24,626,626
3085,06/09/2025 , 23:30:24,592,592
3086,07/09/2025 , 00:30:24,627,627
3087,07/09/2025 , 01:30:24,661,661
3088,07/09/2025 , 02:30:24,652,652
3089,07/09/2025 , 03:30:24,494,494
3090,07/09/2025 , 04:30:24,480,480
3091,07/09/2025 , 05:30:24,492,492
3092,07/09/2025 , 06:30:24,445,445
3093,07/09/2025 , 07:30:24,434,434
3094,07/09/2025 , 08:30:24,445,445
3095,07/09/2025 , 09:30:24,306,306
3096,07/09/2025 , 10:30:24,306,306
3097,07/09/2025 , 11:30:24,306,306
3098,07/09/2025 , 12:30:24,306,306
3099,07/09/2025 , 13:30:24,306,306
3100,07/09/2025 , 14:30:24,306,306
3101,07/09/2025 , 15:30:24,306,306
3102,07/09/2025 , 16:30:24,306,306
3103,07/09/2025 , 17:30:24,306,306
3104,07/09/2025 , 18:30:24,306,306
3105,07/09/2025 , 19:30:24,306,306
3106,07/09/2025 , 20:30:24,306,306
3107,07/09/2025 , 21:30:24,326,326
3108,07/09/2025 , 22:30:24,306,306
3109,07/09/2025 , 23:30:24,306,306
3110,08/09/2025 , 00:30:24,306,306
3111,08/09/2025 , 01:30:24,306,306
3112,08/09/2025 , 02:30:24,306,306
3113,08/09/2025 , 03:30:24,306,306
3114,08/09/2025 , 04:30:24,306,306
3115,08/09/2025 , 05:30:24,306,306
3116,08/09/2025 , 06:30:24,306,306
3117,08/09/2025 , 07:30:24,306,306
3118,08/09/2025 , 08:30:24,306,306
3119,08/09/2025 , 09:30:24,306,306
3120,08/09/2025 , 10:30:24,306,306
3121,08/09/2025 , 11:30:24,306,306
3122,08/09/2025 , 12:30:24,306,306
3123,08/09/2025 , 13:30:24,492,492
3124,08/09/2025 , 14:30:24,378,378
3125,08/09/2025 , 15:30:24,518,518
3126,08/09/2025 , 16:30:24,736,736
3127,08/09/2025 , 17:30:24,721,721
3128,08/09/2025 , 18:30:24,705,705
3129,08/09/2025 , 19:30:24,489,489
3130,08/09/2025 , 20:30:24,306,306
3131,08/09/2025 , 21:30:24,306,306
3132,08/09/2025 , 22:30:24,306,306
3133,08/09/2025 , 23:30:24,471,471
3134,09/09/2025 , 00:30:24,425,425
3135,09/09/2025 , 01:30:24,383,383
3136,09/09/2025 , 02:30:24,386,386
3137,09/09/2025 , 03:30:24,374,374
3138,09/09/2025 , 04:30:24,385,385
3139,09/09/2025 , 05:30:24,447,447
3140,09/09/2025 , 06:30:24,459,459
3141,09/09/2025 , 07:30:24,409,409
3142,09/09/2025 , 08:30:24,306,306
3143,09/09/2025 , 09:30:24,805,805
3144,09/09/2025 , 10:30:24,548,548
3145,09/09/2025 , 11:30:24,1149,1149
3146,09/09/2025 , 12:30:24,306,306
3147,09/09/2025 , 13:30:24,306,306
3148,09/09/2025 , 14:30:24,306,306
3149,09/09/2025 , 15:30:24,667,667
3150,09/09/2025 , 16:30:24,692,692
3151,09/09/2025 , 17:30:24,421,421
3152,09/09/2025 , 18:30:24,1098,1098
3153,09/09/2025 , 19:30:24,1688,1688
3154,09/09/2025 , 20:30:24,1928,1928
3155,09/09/2025 , 21:30:24,306,306
3156,09/09/2025 , 22:30:24,1685,1685
3157,09/09/2025 , 23:30:24,1859,1859
3158,10/09/2025 , 00:30:24,306,306
3159,10/09/2025 , 01:30:24,537,537
3160,10/09/2025 , 02:30:24,353,353
3161,10/09/2025 , 03:30:24,306,306
3162,10/09/2025 , 04:30:24,306,306
3163,10/09/2025 , 05:30:24,362,362
3164,10/09/2025 , 06:30:24,306,306
3165,10/09/2025 , 07:30:24,306,306
3166,10/09/2025 , 08:30:24,306,306
3167,10/09/2025 , 09:30:24,306,306
3168,10/09/2025 , 10:30:24,306,306
3169,10/09/2025 , 11:30:24,809,809
3170,10/09/2025 , 12:30:24,979,979
3171,10/09/2025 , 13:30:24,2484,2484
3172,10/09/2025 , 14:30:24,2497,2497
3173,10/09/2025 , 15:30:24,2497,2497
3174,10/09/2025 , 16:30:24,2495,2495
3175,10/09/2025 , 17:30:24,2490,2490
3176,10/09/2025 , 18:30:24,2488,2488
3177,10/09/2025 , 19:30:24,2473,2473
3178,10/09/2025 , 20:30:24,2477,2477
3179,10/09/2025 , 21:30:24,2478,2478
3180,10/09/2025 , 22:30:24,2454,2454
3181,10/09/2025 , 23:30:24,2453,2453
3182,11/09/2025 , 00:30:24,2451,2451
3183,11/09/2025 , 01:30:24,2451,2451
3184,11/09/2025 , 02:30:24,2451,2451
3185,11/09/2025 , 03:30:24,2450,2450
3186,11/09/2025 , 04:30:24,2450,2450
3187,11/09/2025 , 05:30:24,2448,2448
3188,11/09/2025 , 06:30:24,2447,2447
3189,11/09/2025 , 07:30:24,2448,2448
3190,11/09/2025 , 08:30:24,445,445
3191,11/09/2025 , 09:30:24,1025,1025
3192,11/09/2025 , 10:30:24,2415,2415
3193,11/09/2025 , 11:30:24,396,396
3194,11/09/2025 , 12:30:24,922,922
3195,11/09/2025 , 13:30:24,1236,1236
3196,11/09/2025 , 14:30:24,1123,1123
3197,11/09/2025 , 15:30:24,2485,2485
3198,11/09/2025 , 16:30:24,2490,2490
3199,11/09/2025 , 17:30:24,2493,2493
3200,11/09/2025 , 18:30:24,2485,2485
3201,11/09/2025 , 19:30:24,946,946
3202,11/09/2025 , 20:30:24,1228,1228
3203,11/09/2025 , 21:30:24,1696,1696
3204,11/09/2025 , 22:30:24,2434,2434
3205,11/09/2025 , 23:30:24,2490,2490
3206,12/09/2025 , 00:30:24,2491,2491
3207,12/09/2025 , 01:30:24,2494,2494
3208,12/09/2025 , 02:30:24,2493,2493
3209,12/09/2025 , 03:30:24,2486,2486
3210,12/09/2025 , 04:30:24,2488,2488
3211,12/09/2025 , 05:30:24,306,306
3212,12/09/2025 , 06:30:24,306,306
3213,12/09/2025 , 07:30:24,306,306
3214,12/09/2025 , 08:30:24,819,819
3215,12/09/2025 , 09:30:24,520,520
3216,12/09/2025 , 10:30:24,344,344
3217,12/09/2025 , 11:30:24,1298,1298
3218,12/09/2025 , 12:30:24,1027,1027
3219,12/09/2025 , 13:30:24,2273,2273
3220,12/09/2025 , 14:30:24,1921,1921
3221,12/09/2025 , 15:30:24,1860,1860
3222,12/09/2025 , 16:30:24,1782,1782
3223,12/09/2025 , 17:30:24,1786,1786
3224,12/09/2025 , 18:30:24,1843,1843
3225,12/09/2025 , 19:30:24,1778,1778
3226,12/09/2025 , 20:30:24,1526,1526
3227,12/09/2025 , 21:30:24,1544,1544
3228,12/09/2025 , 22:30:24,1347,1347
3229,12/09/2025 , 23:30:24,1077,1077
3230,13/09/2025 , 00:30:24,1149,1149
3231,13/09/2025 , 01:30:24,1175,1175
3232,13/09/2025 , 02:30:24,1184,1184
3233,13/09/2025 , 03:30:24,1089,1089
3234,13/09/2025 , 04:30:24,1136,1136
3235,13/09/2025 , 05:30:24,1144,1144
3236,13/09/2025 , 06:30:24,1230,1230
3237,13/09/2025 , 07:30:24,1231,1231
3238,13/09/2025 , 08:30:24,1245,1245
3239,13/09/2025 , 09:30:24,1134,1134
3240,13/09/2025 , 10:30:24,935,935
3241,13/09/2025 , 11:30:24,824,824
3242,13/09/2025 , 12:30:24,968,968
3243,13/09/2025 , 13:30:24,891,891
3244,13/09/2025 , 14:30:24,1158,1158
3245,13/09/2025 , 15:30:24,2487,2487
3246,13/09/2025 , 16:30:24,2487,2487
3247,13/09/2025 , 17:30:24,2485,2485
3248,13/09/2025 , 18:30:24,2484,2484
3249,13/09/2025 , 19:30:24,2484,2484
3250,13/09/2025 , 20:30:24,2481,2481
3251,13/09/2025 , 21:30:24,2481,2481
3252,13/09/2025 , 22:30:24,2480,2480
3253,13/09/2025 , 23:30:24,2481,2481
3254,14/09/2025 , 00:30:24,2480,2480
3255,14/09/2025 , 01:30:24,2481,2481
3256,14/09/2025 , 02:30:24,2481,2481
3257,14/09/2025 , 03:30:24,2480,2480
3258,14/09/2025 , 04:30:24,2481,2481
3259,14/09/2025 , 05:30:24,2480,2480
3260,14/09/2025 , 06:30:24,2475,2475
3261,14/09/2025 , 07:30:24,2474,2474
3262,14/09/2025 , 08:30:24,2478,2478
3263,14/09/2025 , 09:30:24,1597,1597
3264,14/09/2025 , 10:30:24,1610,1610
3265,14/09/2025 , 11:30:24,306,306
3266,14/09/2025 , 12:30:24,306,306
3267,14/09/2025 , 13:30:24,1430,1430
3268,14/09/2025 , 14:30:24,1886,1886
3269,14/09/2025 , 15:30:24,1101,1101
3270,14/09/2025 , 16:30:24,476,476
3271,14/09/2025 , 17:30:24,953,953
3272,14/09/2025 , 18:30:24,2430,2430
3273,14/09/2025 , 19:30:24,1264,1264
3274,14/09/2025 , 20:30:24,1306,1306
3275,14/09/2025 , 21:30:24,1184,1184
3276,14/09/2025 , 22:30:24,1008,1008
3277,14/09/2025 , 23:30:24,980,980
3278,15/09/2025 , 00:30:24,1079,1079
3279,15/09/2025 , 01:30:24,999,999
3280,15/09/2025 , 02:30:24,1123,1123
3281,15/09/2025 , 03:30:24,2474,2474
3282,15/09/2025 , 04:30:24,2477,2477
3283,15/09/2025 , 05:30:24,2346,2346
3284,15/09/2025 , 06:30:24,1590,1590
3285,15/09/2025 , 07:30:24,1437,1437
3286,15/09/2025 , 08:30:24,1381,1381
3287,15/09/2025 , 09:30:24,306,306
3288,15/09/2025 , 10:30:24,340,340
3289,15/09/2025 , 11:30:24,400,400
3290,15/09/2025 , 12:30:24,736,736
3291,15/09/2025 , 13:30:24,2472,2472
3292,15/09/2025 , 14:30:24,1546,1546
3293,15/09/2025 , 15:30:24,1557,1557
3294,15/09/2025 , 16:30:24,1604,1604
3295,15/09/2025 , 17:30:24,1510,1510
3296,15/09/2025 , 18:30:24,1524,1524
3297,15/09/2025 , 19:30:24,1339,1339
3298,15/09/2025 , 20:30:24,1334,1334
3299,15/09/2025 , 21:30:24,1264,1264
3300,15/09/2025 , 22:30:24,1152,1152
3301,15/09/2025 , 23:30:24,1193,1193
3302,16/09/2025 , 00:30:24,1174,1174
3303,16/09/2025 , 01:30:24,1114,1114
3304,16/09/2025 , 02:30:24,1098,1098
3305,16/09/2025 , 03:30:24,964,964
3306,16/09/2025 , 04:30:24,876,876
3307,16/09/2025 , 05:30:24,452,452
3308,16/09/2025 , 06:30:24,306,306
3309,16/09/2025 , 07:30:24,306,306
3310,16/09/2025 , 08:30:24,306,306
3311,16/09/2025 , 09:30:24,306,306
3312,16/09/2025 , 10:30:24,306,306
3313,16/09/2025 , 11:30:24,399,399
3314,16/09/2025 , 12:30:24,638,638
3315,16/09/2025 , 13:30:24,306,306
3316,16/09/2025 , 14:30:24,380,380
3317,16/09/2025 , 15:30:24,392,392
3318,16/09/2025 , 16:30:24,2471,2471
3319,16/09/2025 , 17:30:24,448,448
3320,16/09/2025 , 18:30:24,1529,1529
3321,16/09/2025 , 19:30:24,2454,2454
3322,16/09/2025 , 20:30:24,2449,2449
3323,16/09/2025 , 21:30:24,2449,2449
3324,16/09/2025 , 22:30:24,2447,2447
3325,16/09/2025 , 23:30:24,2448,2448
3326,17/09/2025 , 00:30:24,2448,2448
3327,17/09/2025 , 01:30:24,2447,2447
3328,17/09/2025 , 02:30:24,2446,2446
3329,17/09/2025 , 03:30:24,2445,2445
3330,17/09/2025 , 04:30:24,2446,2446
3331,17/09/2025 , 05:30:24,2445,2445
3332,17/09/2025 , 06:30:24,2444,2444
3333,17/09/2025 , 07:30:24,2444,2444
3334,17/09/2025 , 08:30:24,2445,2445
3335,17/09/2025 , 09:30:24,321,321
3336,17/09/2025 , 10:30:24,306,306
3337,17/09/2025 , 11:30:24,321,321
3338,17/09/2025 , 12:30:24,371,371
3339,17/09/2025 , 13:30:24,543,543
3340,17/09/2025 , 14:30:24,306,306
3341,17/09/2025 , 15:30:24,306,306
3342,17/09/2025 , 16:30:24,306,306
3343,17/09/2025 , 17:30:24,328,328
3344,17/09/2025 , 18:30:24,415,415
3345,17/09/2025 , 19:30:24,706,706
3346,17/09/2025 , 20:30:24,644,644
3347,17/09/2025 , 21:30:24,625,625
3348,17/09/2025 , 22:30:24,598,598
3349,17/09/2025 , 23:30:24,628,628
3350,18/09/2025 , 00:30:24,678,678
3351,18/09/2025 , 01:30:24,648,648
3352,18/09/2025 , 02:30:24,644,644
3353,18/09/2025 , 03:30:24,519,519
3354,18/09/2025 , 04:30:24,635,635
3355,18/09/2025 , 05:30:24,638,638
3356,18/09/2025 , 06:30:24,651,651
3357,18/09/2025 , 07:30:24,561,561
3358,18/09/2025 , 08:30:24,601,601
3359,18/09/2025 , 09:30:24,306,306
3360,18/09/2025 , 10:30:24,306,306
3361,18/09/2025 , 11:30:24,306,306
3362,18/09/2025 , 12:30:24,596,596
3363,18/09/2025 , 13:30:24,314,314
3364,18/09/2025 , 14:30:24,331,331
3365,18/09/2025 , 15:30:24,339,339
3366,18/09/2025 , 16:30:24,2480,2480
3367,18/09/2025 , 17:30:24,2477,2477
3368,18/09/2025 , 18:30:24,2476,2476
3369,18/09/2025 , 19:30:24,2474,2474
3370,18/09/2025 , 20:30:24,2473,2473
3371,18/09/2025 , 21:30:24,2475,2475
3372,18/09/2025 , 22:30:24,2473,2473
3373,18/09/2025 , 23:30:24,2470,2470
3374,19/09/2025 , 00:30:24,2466,2466
3375,19/09/2025 , 01:30:24,2470,2470
3376,19/09/2025 , 02:30:24,2471,2471
3377,19/09/2025 , 03:30:24,306,306
3378,19/09/2025 , 04:30:24,2237,2237
3379,19/09/2025 , 05:30:24,306,306
3380,19/09/2025 , 06:30:24,306,306
3381,19/09/2025 , 07:30:24,1815,1815
3382,19/09/2025 , 08:30:24,2417,2417
3383,19/09/2025 , 09:30:24,2414,2414
3384,19/09/2025 , 10:30:24,2138,2138
3385,19/09/2025 , 11:30:24,2042,2042
3386,19/09/2025 , 12:30:24,2440,2440
3387,19/09/2025 , 13:30:24,898,898
3388,19/09/2025 , 14:30:24,306,306
3389,19/09/2025 , 15:30:24,954,954
3390,19/09/2025 , 16:30:24,1026,1026
3391,19/09/2025 , 17:30:24,306,306
3392,19/09/2025 , 18:30:24,306,306
3393,19/09/2025 , 19:30:24,306,306
3394,19/09/2025 , 20:30:24,306,306
3395,19/09/2025 , 21:30:24,306,306
3396,19/09/2025 , 22:30:24,306,306
3397,19/09/2025 , 23:30:24,306,306
3398,20/09/2025 , 00:30:24,306,306
3399,20/09/2025 , 01:30:24,306,306
3400,20/09/2025 , 02:30:24,306,306
3401,20/09/2025 , 03:30:24,306,306
3402,20/09/2025 , 04:30:24,306,306
3403,20/09/2025 , 05:30:24,306,306
3404,20/09/2025 , 06:30:24,306,306
3405,20/09/2025 , 07:30:24,306,306
3406,20/09/2025 , 08:30:24,306,306
3407,20/09/2025 , 09:30:24,306,306
3408,20/09/2025 , 10:30:24,1121,1121
3409,20/09/2025 , 11:30:24,510,510
3410,20/09/2025 , 12:30:24,2214,2214
3411,20/09/2025 , 13:30:24,321,321
3412,20/09/2025 , 14:30:24,306,306
3413,20/09/2025 , 15:30:24,855,855
3414,20/09/2025 , 16:30:24,704,704
3415,20/09/2025 , 17:30:24,1922,1922
3416,20/09/2025 , 18:30:24,306,306
3417,20/09/2025 , 19:30:24,1066,1066
3418,20/09/2025 , 20:30:24,306,306
3419,20/09/2025 , 21:30:24,306,306
3420,20/09/2025 , 22:30:24,306,306
3421,20/09/2025 , 23:30:24,306,306
3422,21/09/2025 , 00:30:24,2377,2377
3423,21/09/2025 , 01:30:24,2438,2438
3424,21/09/2025 , 02:30:24,2461,2461
3425,21/09/2025 , 03:30:24,2463,2463
3426,21/09/2025 , 04:30:24,2463,2463
3427,21/09/2025 , 05:30:24,2463,2463
3428,21/09/2025 , 06:30:24,2462,2462
3429,21/09/2025 , 07:30:24,2463,2463
3430,21/09/2025 , 08:30:24,2463,2463
3431,21/09/2025 , 09:30:24,2464,2464
3432,21/09/2025 , 10:30:24,830,830
3433,21/09/2025 , 11:30:24,306,306
3434,21/09/2025 , 12:30:24,306,306
3435,21/09/2025 , 13:30:24,306,306
3436,21/09/2025 , 14:30:24,306,306
3437,21/09/2025 , 15:30:24,306,306
3438,21/09/2025 , 16:30:24,306,306
3439,21/09/2025 , 17:30:24,306,306
3440,21/09/2025 , 18:30:24,306,306
3441,21/09/2025 , 19:30:24,2465,2465
3442,21/09/2025 , 20:30:24,2465,2465
3443,21/09/2025 , 21:30:24,2464,2464
3444,21/09/2025 , 22:30:24,1739,1739
3445,21/09/2025 , 23:30:24,2455,2455
3446,22/09/2025 , 00:30:24,2457,2457
3447,22/09/2025 , 01:30:24,2458,2458
3448,22/09/2025 , 02:30:24,2460,2460
3449,22/09/2025 , 03:30:24,2453,2453
3450,22/09/2025 , 04:30:24,2462,2462
3451,22/09/2025 , 05:30:24,2462,2462
3452,22/09/2025 , 06:30:24,2461,2461
3453,22/09/2025 , 07:30:24,2462,2462
3454,22/09/2025 , 08:30:24,2462,2462
3455,22/09/2025 , 09:30:24,2457,2457
3456,22/09/2025 , 10:30:24,2464,2464
3457,22/09/2025 , 11:30:24,503,503
3458,22/09/2025 , 12:30:24,320,320
3459,22/09/2025 , 13:30:24,306,306
3460,22/09/2025 , 14:30:24,306,306
3461,22/09/2025 , 15:30:24,306,306
3462,22/09/2025 , 16:30:24,306,306
3463,22/09/2025 , 17:30:24,306,306
3464,22/09/2025 , 18:30:24,306,306
3465,22/09/2025 , 19:30:24,306,306
3466,22/09/2025 , 20:30:24,306,306
3467,22/09/2025 , 21:30:24,306,306
3468,22/09/2025 , 22:30:24,306,306
3469,22/09/2025 , 23:30:24,306,306
3470,23/09/2025 , 00:30:24,306,306
3471,23/09/2025 , 01:30:24,306,306
3472,23/09/2025 , 02:30:24,306,306
3473,23/09/2025 , 03:30:24,306,306
3474,23/09/2025 , 04:30:24,306,306
3475,23/09/2025 , 05:30:24,306,306
3476,23/09/2025 , 06:30:24,306,306
3477,23/09/2025 , 07:30:24,306,306
3478,23/09/2025 , 08:30:24,306,306
3479,23/09/2025 , 09:30:24,306,306
3480,23/09/2025 , 10:30:24,306,306
3481,23/09/2025 , 11:30:24,306,306
3482,23/09/2025 , 12:30:24,306,306
3483,23/09/2025 , 13:30:24,306,306
3484,23/09/2025 , 14:30:24,306,306
3485,23/09/2025 , 15:30:24,306,306
3486,23/09/2025 , 16:30:24,306,306
3487,23/09/2025 , 17:30:24,306,306
3488,23/09/2025 , 18:30:24,306,306
3489,23/09/2025 , 19:30:24,306,306
3490,23/09/2025 , 20:30:24,306,306
3491,23/09/2025 , 21:30:24,2465,2465
3492,23/09/2025 , 22:30:24,2465,2465
3493,23/09/2025 , 23:30:24,2465,2465
3494,24/09/2025 , 00:30:24,2464,2464
3495,24/09/2025 , 01:30:24,2464,2464
3496,24/09/2025 , 02:30:24,2464,2464
3497,24/09/2025 , 03:30:24,2463,2463
3498,24/09/2025 , 04:30:24,2463,2463
3499,24/09/2025 , 05:30:24,2462,2462
3500,24/09/2025 , 06:30:24,2462,2462
3501,24/09/2025 , 07:30:24,2464,2464
3502,24/09/2025 , 08:30:24,2464,2464
3503,24/09/2025 , 09:30:24,2464,2464
3504,24/09/2025 , 10:30:24,2463,2463
3505,24/09/2025 , 11:30:24,2462,2462
3506,24/09/2025 , 12:30:24,2462,2462
3507,24/09/2025 , 13:30:24,2461,2461
3508,24/09/2025 , 14:30:24,2460,2460
3509,24/09/2025 , 15:30:24,2460,2460
3510,24/09/2025 , 16:30:24,2460,2460
3511,24/09/2025 , 17:30:24,2459,2459
3512,24/09/2025 , 18:30:24,2459,2459
3513,24/09/2025 , 19:30:24,2459,2459
3514,24/09/2025 , 20:30:24,2459,2459
3515,24/09/2025 , 21:30:24,2459,2459
3516,24/09/2025 , 22:30:24,2459,2459
3517,24/09/2025 , 23:30:24,2458,2458
3518,25/09/2025 , 00:30:24,2458,2458
3519,25/09/2025 , 01:30:24,2458,2458
3520,25/09/2025 , 02:30:24,2458,2458
3521,25/09/2025 , 03:30:24,2457,2457
3522,25/09/2025 , 04:30:24,2456,2456
3523,25/09/2025 , 05:30:24,2456,2456
3524,25/09/2025 , 06:30:24,2456,2456
3525,25/09/2025 , 07:30:24,2456,2456
3526,25/09/2025 , 08:30:24,2456,2456
3527,25/09/2025 , 09:30:24,2455,2455
3528,25/09/2025 , 10:30:24,2455,2455
3529,25/09/2025 , 11:30:24,2455,2455
3530,25/09/2025 , 12:30:24,2459,2459
3531,25/09/2025 , 13:30:24,2461,2461
3532,25/09/2025 , 14:30:24,2461,2461
3533,25/09/2025 , 15:30:24,2462,2462
3534,25/09/2025 , 16:30:24,2462,2462
3535,25/09/2025 , 17:30:24,2469,2469
3536,25/09/2025 , 18:30:24,2488,2488
3537,25/09/2025 , 19:30:24,2488,2488
3538,25/09/2025 , 20:30:24,2489,2489
3539,25/09/2025 , 21:30:24,2489,2489
3540,25/09/2025 , 22:30:24,2488,2488
3541,25/09/2025 , 23:30:24,2487,2487
3542,26/09/2025 , 00:30:24,2488,2488
3543,26/09/2025 , 01:30:24,2492,2492
3544,26/09/2025 , 02:30:24,2499,2499
3545,26/09/2025 , 03:30:24,2499,2499
3546,26/09/2025 , 04:30:24,2499,2499
3547,26/09/2025 , 05:30:24,2499,2499
3548,26/09/2025 , 06:30:24,2499,2499
3549,26/09/2025 , 07:30:24,2498,2498
3550,26/09/2025 , 08:30:24,2499,2499
3551,26/09/2025 , 09:30:24,2498,2498
3552,26/09/2025 , 10:30:24,2498,2498
3553,26/09/2025 , 11:30:24,2497,2497
3554,26/09/2025 , 12:30:24,2479,2479
3555,26/09/2025 , 13:30:24,2479,2479
3556,26/09/2025 , 14:30:24,2473,2473
3557,26/09/2025 , 15:30:24,2478,2478
3558,26/09/2025 , 16:30:24,2478,2478
3559,26/09/2025 , 17:30:24,2477,2477
3560,26/09/2025 , 18:30:24,2477,2477
3561,26/09/2025 , 19:30:24,2476,2476
3562,26/09/2025 , 20:30:24,2495,2495
3563,26/09/2025 , 21:30:24,1023,1023
3564,26/09/2025 , 22:30:24,306,306
3565,26/09/2025 , 23:30:24,2476,2476
3566,27/09/2025 , 00:30:24,306,306
3567,27/09/2025 , 01:30:24,306,306
3568,27/09/2025 , 02:30:24,306,306
3569,27/09/2025 , 03:30:24,306,306
3570,27/09/2025 , 04:30:24,306,306
3571,27/09/2025 , 05:30:24,306,306
3572,27/09/2025 , 06:30:24,2186,2186
3573,27/09/2025 , 07:30:24,952,952
3574,27/09/2025 , 08:30:24,306,306
3575,27/09/2025 , 09:30:24,306,306
3576,27/09/2025 , 10:30:24,2476,2476
3577,27/09/2025 , 11:30:24,2476,2476
3578,27/09/2025 , 12:30:24,2476,2476
3579,27/09/2025 , 13:30:24,2473,2473
3580,27/09/2025 , 14:30:24,306,306
3581,27/09/2025 , 15:30:24,2497,2497
3582,27/09/2025 , 16:30:24,2497,2497
3583,27/09/2025 , 17:30:24,2497,2497
3584,27/09/2025 , 18:30:24,2497,2497
3585,27/09/2025 , 19:30:24,306,306
3586,27/09/2025 , 20:30:24,1590,1590
3587,27/09/2025 , 21:30:24,1567,1567
3588,27/09/2025 , 22:30:24,306,306
3589,27/09/2025 , 23:30:24,306,306
3590,28/09/2025 , 00:30:24,306,306
3591,28/09/2025 , 01:30:24,306,306
3592,28/09/2025 , 02:30:24,306,306
3593,28/09/2025 , 03:30:24,306,306
3594,28/09/2025 , 04:30:24,306,306
3595,28/09/2025 , 05:30:24,306,306
3596,28/09/2025 , 06:30:24,306,306
3597,28/09/2025 , 07:30:24,306,306
3598,28/09/2025 , 08:30:24,2488,2488
3599,28/09/2025 , 09:30:24,2495,2495
3600,28/09/2025 , 10:30:24,2494,2494
3601,28/09/2025 , 11:30:24,2491,2491
3602,28/09/2025 , 12:30:24,424,424
3603,28/09/2025 , 13:30:24,306,306
3604,28/09/2025 , 14:30:24,306,306
3605,28/09/2025 , 15:30:24,306,306
3606,28/09/2025 , 16:30:24,306,306
3607,28/09/2025 , 17:30:24,306,306
3608,28/09/2025 , 18:30:24,306,306
3609,28/09/2025 , 19:30:24,306,306
3610,28/09/2025 , 20:30:24,306,306
3611,28/09/2025 , 21:30:24,306,306
3612,28/09/2025 , 22:30:24,306,306
3613,28/09/2025 , 23:30:24,2475,2475
3614,29/09/2025 , 00:30:24,306,306
3615,29/09/2025 , 01:30:24,306,306
3616,29/09/2025 , 02:30:24,306,306
3617,29/09/2025 , 03:30:24,306,306
3618,29/09/2025 , 04:30:24,306,306
3619,29/09/2025 , 05:30:24,306,306
3620,29/09/2025 , 06:30:24,306,306
3621,29/09/2025 , 07:30:24,306,306
3622,29/09/2025 , 08:30:24,2477,2477
3623,29/09/2025 , 09:30:24,2466,2466
3624,29/09/2025 , 10:30:24,2492,2492
3625,29/09/2025 , 11:30:24,2491,2491
3626,29/09/2025 , 12:30:24,2470,2470
3627,29/09/2025 , 13:30:24,2433,2433
3628,29/09/2025 , 14:30:24,2441,2441
3629,29/09/2025 , 15:30:24,2435,2435
3630,29/09/2025 , 16:30:24,2434,2434
3631,29/09/2025 , 17:30:24,2434,2434
3632,29/09/2025 , 18:30:24,2441,2441
3633,29/09/2025 , 19:30:24,2439,2439
3634,29/09/2025 , 20:30:24,2440,2440
3635,29/09/2025 , 21:30:24,2403,2403
3636,29/09/2025 , 22:30:24,2348,2348
3637,29/09/2025 , 23:30:24,2324,2324
3638,30/09/2025 , 00:30:24,2213,2213
3639,30/09/2025 , 01:30:24,306,306
3640,30/09/2025 , 02:30:24,306,306
3641,30/09/2025 , 03:30:24,2466,2466
3642,30/09/2025 , 04:30:24,2469,2469
3643,30/09/2025 , 05:30:24,306,306
3644,30/09/2025 , 06:30:24,306,306
3645,30/09/2025 , 07:30:24,306,306
3646,30/09/2025 , 08:30:24,2485,2485
3647,30/09/2025 , 09:30:24,306,306
3648,30/09/2025 , 10:30:24,2484,2484
3649,30/09/2025 , 11:30:24,2483,2483
3650,30/09/2025 , 12:30:24,2480,2480
3651,30/09/2025 , 13:30:24,2479,2479
3652,30/09/2025 , 14:30:24,2478,2478
3653,30/09/2025 , 15:30:24,2477,2477
3654,30/09/2025 , 16:30:24,2471,2471
3655,30/09/2025 , 17:30:24,2475,2475
3656,30/09/2025 , 18:30:24,306,306
3657,30/09/2025 , 19:30:24,306,306
3658,30/09/2025 , 20:30:24,306,306
3659,30/09/2025 , 21:30:24,306,306
3660,30/09/2025 , 22:30:24,306,306
3661,30/09/2025 , 23:30:24,306,306
3662,01/10/2025 , 00:30:24,2481,2481
3663,01/10/2025 , 01:30:24,2481,2481
3664,01/10/2025 , 02:30:24,306,306
3665,01/10/2025 , 03:30:24,306,306
3666,01/10/2025 , 04:30:24,306,306
3667,01/10/2025 , 05:30:24,306,306
3668,01/10/2025 , 06:30:24,306,306
3669,01/10/2025 , 07:30:24,306,306
3670,01/10/2025 , 08:30:24,306,306
3671,01/10/2025 , 09:30:24,2481,2481
3672,01/10/2025 , 10:30:24,678,678
3673,01/10/2025 , 11:30:24,473,473
3674,01/10/2025 , 12:30:24,306,306
3675,01/10/2025 , 13:30:24,306,306
3676,01/10/2025 , 14:30:24,306,306
3677,01/10/2025 , 15:30:24,306,306
3678,01/10/2025 , 16:30:24,306,306
3679,01/10/2025 , 17:30:24,306,306
3680,01/10/2025 , 18:30:24,2468,2468
3681,01/10/2025 , 19:30:24,306,306
3682,01/10/2025 , 20:30:24,306,306
3683,01/10/2025 , 21:30:24,306,306
3684,01/10/2025 , 22:30:24,306,306
3685,01/10/2025 , 23:30:24,2435,2435
3686,02/10/2025 , 00:30:24,2437,2437
3687,02/10/2025 , 01:30:24,306,306
3688,02/10/2025 , 02:30:24,306,306
3689,02/10/2025 , 03:30:24,306,306
3690,02/10/2025 , 04:30:24,306,306
3691,02/10/2025 , 05:30:24,306,306
3692,02/10/2025 , 06:30:24,306,306
3693,02/10/2025 , 07:30:24,306,306
3694,02/10/2025 , 08:30:24,306,306
3695,02/10/2025 , 09:30:24,306,306
3696,02/10/2025 , 10:30:24,2471,2471
3697,02/10/2025 , 11:30:24,2452,2452
3698,02/10/2025 , 12:30:24,2038,2038
3699,02/10/2025 , 13:30:24,2464,2464
3700,02/10/2025 , 14:30:24,2464,2464
3701,02/10/2025 , 15:30:24,2464,2464
3702,02/10/2025 , 16:30:24,2463,2463
3703,02/10/2025 , 17:30:24,2462,2462
3704,02/10/2025 , 18:30:24,306,306
3705,02/10/2025 , 19:30:24,2464,2464
3706,02/10/2025 , 20:30:24,306,306
3707,02/10/2025 , 21:30:24,306,306
3708,02/10/2025 , 22:30:24,306,306
3709,02/10/2025 , 23:30:24,306,306
3710,03/10/2025 , 00:30:24,306,306
3711,03/10/2025 , 01:30:24,306,306
3712,03/10/2025 , 02:30:24,306,306
3713,03/10/2025 , 03:30:24,306,306
3714,03/10/2025 , 04:30:24,306,306
3715,03/10/2025 , 05:30:24,306,306
3716,03/10/2025 , 06:30:24,306,306
3717,03/10/2025 , 07:30:24,306,306
3718,03/10/2025 , 08:30:24,306,306
3719,03/10/2025 , 09:30:24,2097,2097
3720,03/10/2025 , 10:30:24,306,306
3721,03/10/2025 , 11:30:24,2464,2464
3722,03/10/2025 , 12:30:24,2465,2465
3723,03/10/2025 , 13:30:24,2463,2463
3724,03/10/2025 , 14:30:24,2463,2463
3725,03/10/2025 , 15:30:24,2462,2462
3726,03/10/2025 , 16:30:24,2462,2462
3727,03/10/2025 , 17:30:24,2462,2462
3728,03/10/2025 , 18:30:24,2462,2462
3729,03/10/2025 , 19:30:24,2462,2462
3730,03/10/2025 , 20:30:24,2461,2461
3731,03/10/2025 , 21:30:24,2461,2461
3732,03/10/2025 , 22:30:24,2461,2461
3733,03/10/2025 , 23:30:24,2461,2461
3734,04/10/2025 , 00:30:24,2461,2461
3735,04/10/2025 , 01:30:24,2460,2460
3736,04/10/2025 , 02:30:24,2460,2460
3737,04/10/2025 , 03:30:24,2460,2460
3738,04/10/2025 , 04:30:24,2459,2459
3739,04/10/2025 , 05:30:24,2459,2459
3740,04/10/2025 , 06:30:24,2458,2458
3741,04/10/2025 , 07:30:24,2458,2458
3742,04/10/2025 , 08:30:24,2459,2459
3743,04/10/2025 , 09:30:24,2460,2460
3744,04/10/2025 , 10:30:24,2460,2460
3745,04/10/2025 , 11:30:24,2461,2461
3746,04/10/2025 , 12:30:24,2461,2461
3747,04/10/2025 , 13:30:24,2459,2459
3748,04/10/2025 , 14:30:24,2459,2459
3749,04/10/2025 , 15:30:24,2459,2459
3750,04/10/2025 , 16:30:24,2459,2459
3751,04/10/2025 , 17:30:24,2458,2458
3752,04/10/2025 , 18:30:24,2458,2458
3753,04/10/2025 , 19:30:24,2456,2456
3754,04/10/2025 , 20:30:24,2455,2455
3755,04/10/2025 , 21:30:24,2455,2455
3756,04/10/2025 , 22:30:24,2455,2455
3757,04/10/2025 , 23:30:24,306,306
3758,05/10/2025 , 00:30:24,306,306
3759,05/10/2025 , 01:30:24,306,306
3760,05/10/2025 , 02:30:24,306,306
3761,05/10/2025 , 03:30:24,306,306
3762,05/10/2025 , 04:30:24,306,306
3763,05/10/2025 , 05:30:24,306,306
3764,05/10/2025 , 06:30:24,306,306
3765,05/10/2025 , 07:30:24,306,306
3766,05/10/2025 , 08:30:24,2447,2447
3767,05/10/2025 , 09:30:24,2444,2444
3768,05/10/2025 , 10:30:24,2454,2454
3769,05/10/2025 , 11:30:24,2433,2433
3770,05/10/2025 , 12:30:24,2433,2433
3771,05/10/2025 , 13:30:24,2433,2433
3772,05/10/2025 , 14:30:24,2438,2438
3773,05/10/2025 , 15:30:24,2437,2437
3774,05/10/2025 , 16:30:24,2437,2437
3775,05/10/2025 , 17:30:24,2435,2435
3776,05/10/2025 , 18:30:24,2429,2429
3777,05/10/2025 , 19:30:24,2430,2430
3778,05/10/2025 , 20:30:24,2433,2433
3779,05/10/2025 , 21:30:24,2431,2431
3780,05/10/2025 , 22:30:24,2433,2433
3781,05/10/2025 , 23:30:24,2429,2429
3782,06/10/2025 , 00:30:24,2432,2432
3783,06/10/2025 , 01:30:24,2431,2431
3784,06/10/2025 , 02:30:24,2430,2430
3785,06/10/2025 , 03:30:24,2431,2431
3786,06/10/2025 , 04:30:24,2426,2426
3787,06/10/2025 , 05:30:24,2425,2425
3788,06/10/2025 , 06:30:24,2427,2427
3789,06/10/2025 , 07:30:24,2426,2426
3790,06/10/2025 , 08:30:24,2428,2428
3791,06/10/2025 , 09:30:24,2446,2446
3792,06/10/2025 , 10:30:24,2448,2448
3793,06/10/2025 , 11:30:24,2447,2447
3794,06/10/2025 , 12:30:24,2445,2445
3795,06/10/2025 , 13:30:24,2439,2439
3796,06/10/2025 , 14:30:24,2438,2438
3797,06/10/2025 , 15:30:24,2438,2438
3798,06/10/2025 , 16:30:24,2443,2443
3799,06/10/2025 , 17:30:24,2444,2444
3800,06/10/2025 , 18:30:24,2444,2444
3801,06/10/2025 , 19:30:24,2443,2443
3802,06/10/2025 , 20:30:24,2443,2443
3803,06/10/2025 , 21:30:24,2442,2442
3804,06/10/2025 , 22:30:24,2442,2442
3805,06/10/2025 , 23:30:24,2442,2442
3806,07/10/2025 , 00:30:24,2442,2442
3807,07/10/2025 , 01:30:24,2442,2442
3808,07/10/2025 , 02:30:24,2441,2441
3809,07/10/2025 , 03:30:24,1972,1972
3810,07/10/2025 , 04:30:24,1971,1971
3811,07/10/2025 , 05:30:24,1968,1968
3812,07/10/2025 , 06:30:24,1982,1982
3813,07/10/2025 , 07:30:24,306,306
3814,07/10/2025 , 08:30:24,1905,1905
3815,07/10/2025 , 09:30:24,2439,2439
3816,07/10/2025 , 10:30:24,2441,2441
3817,07/10/2025 , 11:30:24,2433,2433
3818,07/10/2025 , 12:30:24,2435,2435
3819,07/10/2025 , 13:30:24,2434,2434
3820,07/10/2025 , 14:30:24,2437,2437
3821,07/10/2025 , 15:30:24,2439,2439
3822,07/10/2025 , 16:30:24,2439,2439
3823,07/10/2025 , 17:30:24,2439,2439
3824,07/10/2025 , 18:30:24,2440,2440
3825,07/10/2025 , 19:30:24,2457,2457
3826,07/10/2025 , 20:30:24,2459,2459
3827,07/10/2025 , 21:30:24,2456,2456
3828,07/10/2025 , 22:30:24,2461,2461
3829,07/10/2025 , 23:30:24,2459,2459
3830,08/10/2025 , 00:30:24,2464,2464
3831,08/10/2025 , 01:30:24,2461,2461
3832,08/10/2025 , 02:30:24,2460,2460
3833,08/10/2025 , 03:30:24,2462,2462
3834,08/10/2025 , 04:30:24,2461,2461
3835,08/10/2025 , 05:30:24,2460,2460
3836,08/10/2025 , 06:30:24,2459,2459
3837,08/10/2025 , 07:30:24,2459,2459
3838,08/10/2025 , 08:30:24,2458,2458
3839,08/10/2025 , 09:30:24,2459,2459
3840,08/10/2025 , 10:30:24,2458,2458
3841,08/10/2025 , 11:30:24,2457,2457
3842,08/10/2025 , 12:30:24,2454,2454
3843,08/10/2025 , 13:30:24,2452,2452
3844,08/10/2025 , 14:30:24,2452,2452
3845,08/10/2025 , 15:30:24,2452,2452
3846,08/10/2025 , 16:30:24,2451,2451
3847,08/10/2025 , 17:30:24,2450,2450
3848,08/10/2025 , 18:30:24,306,306
3849,08/10/2025 , 19:30:24,306,306
3850,08/10/2025 , 20:30:24,306,306
3851,08/10/2025 , 21:30:24,306,306
3852,08/10/2025 , 22:30:24,306,306
3853,08/10/2025 , 23:30:24,306,306
3854,09/10/2025 , 00:30:24,306,306
3855,09/10/2025 , 01:30:24,306,306
3856,09/10/2025 , 02:30:24,306,306
3857,09/10/2025 , 03:30:24,306,306
3858,09/10/2025 , 04:30:24,306,306
3859,09/10/2025 , 05:30:24,306,306
3860,09/10/2025 , 06:30:24,306,306
3861,09/10/2025 , 07:30:24,306,306
3862,09/10/2025 , 08:30:24,306,306
3863,09/10/2025 , 09:30:24,306,306
3864,09/10/2025 , 10:30:24,306,306
3865,09/10/2025 , 11:30:24,306,306
3866,09/10/2025 , 12:30:24,306,306
3867,09/10/2025 , 13:30:24,692,692
3868,09/10/2025 , 14:30:24,306,306
3869,09/10/2025 , 15:30:24,306,306
3870,09/10/2025 , 16:30:24,682,682
3871,09/10/2025 , 17:30:24,629,629
3872,09/10/2025 , 18:30:24,306,306
3873,09/10/2025 , 19:30:24,573,573
3874,09/10/2025 , 20:30:24,534,534
3875,09/10/2025 , 21:30:24,306,306
3876,09/10/2025 , 22:30:24,306,306
3877,09/10/2025 , 23:30:24,306,306
3878,10/10/2025 , 00:30:24,306,306
3879,10/10/2025 , 01:30:24,306,306
3880,10/10/2025 , 02:30:24,306,306
3881,10/10/2025 , 03:30:24,759,759
3882,10/10/2025 , 04:30:24,538,538
3883,10/10/2025 , 05:30:24,535,535
3884,10/10/2025 , 06:30:24,620,620
3885,10/10/2025 , 07:30:24,660,660
3886,10/10/2025 , 08:30:24,641,641
3887,10/10/2025 , 09:30:24,612,612
3888,10/10/2025 , 10:30:24,925,925
3889,10/10/2025 , 11:30:24,781,781
3890,10/10/2025 , 12:30:24,814,814
3891,10/10/2025 , 13:30:24,755,755
3892,10/10/2025 , 14:30:24,611,611
3893,10/10/2025 , 15:30:24,515,515
3894,10/10/2025 , 16:30:24,467,467
3895,10/10/2025 , 17:30:24,306,306
3896,10/10/2025 , 18:30:24,306,306
3897,10/10/2025 , 19:30:24,306,306
3898,10/10/2025 , 20:30:24,306,306
3899,10/10/2025 , 21:30:24,306,306
3900,10/10/2025 , 22:30:24,306,306
3901,10/10/2025 , 23:30:24,306,306
3902,11/10/2025 , 00:30:24,306,306
3903,11/10/2025 , 01:30:24,306,306
3904,11/10/2025 , 02:30:24,306,306
3905,11/10/2025 , 03:30:24,1310,1310
3906,11/10/2025 , 04:30:24,1258,1258
3907,11/10/2025 , 05:30:24,1245,1245
3908,11/10/2025 , 06:30:24,1221,1221
3909,11/10/2025 , 07:30:24,1242,1242
3910,11/10/2025 , 08:30:24,1194,1194
3911,11/10/2025 , 09:30:24,306,306
3912,11/10/2025 , 10:30:24,1106,1106
3913,11/10/2025 , 11:30:24,2434,2434
3914,11/10/2025 , 12:30:24,306,306
3915,11/10/2025 , 13:30:24,306,306
3916,11/10/2025 , 14:30:24,306,306
3917,11/10/2025 , 15:30:24,306,306
3918,11/10/2025 , 16:30:24,306,306
3919,11/10/2025 , 17:30:24,306,306
3920,11/10/2025 , 18:30:24,306,306
3921,11/10/2025 , 19:30:24,306,306
3922,11/10/2025 , 20:30:24,306,306
3923,11/10/2025 , 21:30:24,375,375
3924,11/10/2025 , 22:30:24,306,306
3925,11/10/2025 , 23:30:24,306,306
3926,12/10/2025 , 00:30:24,306,306
3927,12/10/2025 , 01:30:24,2392,2392
3928,12/10/2025 , 02:30:24,1146,1146
3929,12/10/2025 , 03:30:24,983,983
3930,12/10/2025 , 04:30:24,306,306
3931,12/10/2025 , 05:30:24,306,306
3932,12/10/2025 , 06:30:24,306,306
3933,12/10/2025 , 07:30:24,306,306
3934,12/10/2025 , 08:30:24,306,306
3935,12/10/2025 , 09:30:24,1439,1439
3936,12/10/2025 , 10:30:24,1985,1985
3937,12/10/2025 , 11:30:24,1295,1295
3938,12/10/2025 , 12:30:24,1596,1596
3939,12/10/2025 , 13:30:24,1555,1555
3940,12/10/2025 , 14:30:24,1485,1485
3941,12/10/2025 , 15:30:24,1547,1547
3942,12/10/2025 , 16:30:24,1504,1504
3943,12/10/2025 , 17:30:24,1559,1559
3944,12/10/2025 , 18:30:24,1261,1261
3945,12/10/2025 , 19:30:24,1175,1175
3946,12/10/2025 , 20:30:24,306,306
3947,12/10/2025 , 21:30:24,306,306
3948,12/10/2025 , 22:30:24,306,306
3949,12/10/2025 , 23:30:24,306,306
3950,13/10/2025 , 00:30:24,306,306
3951,13/10/2025 , 01:30:24,1042,1042
3952,13/10/2025 , 02:30:24,940,940
3953,13/10/2025 , 03:30:24,854,854
3954,13/10/2025 , 04:30:24,306,306
3955,13/10/2025 , 05:30:24,306,306
3956,13/10/2025 , 06:30:24,306,306
3957,13/10/2025 , 07:30:24,306,306
3958,13/10/2025 , 08:30:24,306,306
3959,13/10/2025 , 09:30:24,306,306
3960,13/10/2025 , 10:30:24,958,958
3961,13/10/2025 , 11:30:24,306,306
3962,13/10/2025 , 12:30:24,1042,1042
3963,13/10/2025 , 13:30:24,1035,1035
3964,13/10/2025 , 14:30:24,967,967
3965,13/10/2025 , 15:30:24,923,923
3966,13/10/2025 , 16:30:24,1013,1013
3967,13/10/2025 , 17:30:24,990,990
3968,13/10/2025 , 18:30:24,951,951
3969,13/10/2025 , 19:30:24,945,945
3970,13/10/2025 , 20:30:24,828,828
3971,13/10/2025 , 21:30:24,306,306
3972,13/10/2025 , 22:30:24,306,306
3973,13/10/2025 , 23:30:24,306,306
3974,14/10/2025 , 00:30:24,306,306
3975,14/10/2025 , 01:30:24,306,306
3976,14/10/2025 , 02:30:24,306,306
3977,14/10/2025 , 03:30:24,306,306
3978,14/10/2025 , 04:30:24,306,306
3979,14/10/2025 , 05:30:24,306,306
3980,14/10/2025 , 06:30:24,306,306
3981,14/10/2025 , 07:30:24,306,306
3982,14/10/2025 , 08:30:24,306,306
3983,14/10/2025 , 09:30:24,981,981
3984,14/10/2025 , 10:30:24,306,306
3985,14/10/2025 , 11:30:24,1117,1117
3986,14/10/2025 , 12:30:24,342,342
3987,14/10/2025 , 13:30:24,1394,1394
3988,14/10/2025 , 14:30:24,1255,1255
3989,14/10/2025 , 15:30:24,306,306
3990,14/10/2025 , 16:30:24,306,306
3991,14/10/2025 , 17:30:24,306,306
3992,14/10/2025 , 18:30:24,342,342
3993,14/10/2025 , 19:30:24,306,306
3994,14/10/2025 , 20:30:24,435,435
3995,14/10/2025 , 21:30:24,380,380
3996,14/10/2025 , 22:30:24,414,414
3997,14/10/2025 , 23:30:24,495,495
3998,15/10/2025 , 00:30:24,501,501
3999,15/10/2025 , 01:30:24,430,430
4000,15/10/2025 , 02:30:24,405,405
4001,15/10/2025 , 03:30:24,375,375
4002,15/10/2025 , 04:30:24,587,587
4003,15/10/2025 , 05:30:24,478,478
4004,15/10/2025 , 06:30:24,564,564
4005,15/10/2025 , 07:30:24,306,306
4006,15/10/2025 , 08:30:24,306,306
4007,15/10/2025 , 09:30:24,680,680
4008,15/10/2025 , 10:30:24,817,817
4009,15/10/2025 , 11:30:24,796,796
4010,15/10/2025 , 12:30:24,733,733
4011,15/10/2025 , 13:30:24,669,669
4012,15/10/2025 , 14:30:24,627,627
4013,15/10/2025 , 15:30:24,703,703
4014,15/10/2025 , 16:30:24,671,671
4015,15/10/2025 , 17:30:24,662,662
4016,15/10/2025 , 18:30:24,565,565
4017,15/10/2025 , 19:30:24,306,306
4018,15/10/2025 , 20:30:24,306,306
4019,15/10/2025 , 21:30:24,306,306
4020,15/10/2025 , 22:30:24,768,768
4021,15/10/2025 , 23:30:24,612,612
4022,16/10/2025 , 00:30:24,593,593
4023,16/10/2025 , 01:30:24,569,569
4024,16/10/2025 , 02:30:24,584,584
4025,16/10/2025 , 03:30:24,584,584
4026,16/10/2025 , 04:30:24,530,530
4027,16/10/2025 , 05:30:24,602,602
4028,16/10/2025 , 06:30:24,612,612
4029,16/10/2025 , 07:30:24,746,746
4030,16/10/2025 , 08:30:24,715,715
4031,16/10/2025 , 09:30:24,707,707
4032,16/10/2025 , 10:30:24,710,710
4033,16/10/2025 , 11:30:24,631,631
4034,16/10/2025 , 12:30:24,693,693
4035,16/10/2025 , 13:30:24,692,692
4036,16/10/2025 , 14:30:24,635,635
4037,16/10/2025 , 15:30:24,724,724
4038,16/10/2025 , 16:30:24,676,676
4039,16/10/2025 , 17:30:24,695,695
4040,16/10/2025 , 18:30:24,306,306
4041,16/10/2025 , 19:30:24,687,687
4042,16/10/2025 , 20:30:24,636,636
4043,16/10/2025 , 21:30:24,640,640
4044,16/10/2025 , 22:30:24,641,641
4045,16/10/2025 , 23:30:24,306,306
4046,17/10/2025 , 00:30:24,711,711
4047,17/10/2025 , 01:30:24,306,306
4048,17/10/2025 , 02:30:24,884,884
4049,17/10/2025 , 03:30:24,1183,1183
4050,17/10/2025 , 04:30:24,1033,1033
4051,17/10/2025 , 05:30:24,1027,1027
4052,17/10/2025 , 06:30:24,842,842
4053,17/10/2025 , 07:30:24,865,865
4054,17/10/2025 , 08:30:24,873,873
4055,17/10/2025 , 09:30:24,806,806
4056,17/10/2025 , 10:30:24,904,904
4057,17/10/2025 , 11:30:24,840,840
4058,17/10/2025 , 12:30:24,306,306
4059,17/10/2025 , 13:30:24,306,306
4060,17/10/2025 , 14:30:24,306,306
4061,17/10/2025 , 15:30:24,306,306
4062,17/10/2025 , 16:30:24,306,306
4063,17/10/2025 , 17:30:24,306,306
4064,17/10/2025 , 18:30:24,306,306
4065,17/10/2025 , 19:30:24,306,306
4066,17/10/2025 , 20:30:24,306,306
4067,17/10/2025 , 21:30:24,306,306
4068,17/10/2025 , 22:30:24,306,306
4069,17/10/2025 , 23:30:24,306,306
4070,18/10/2025 , 00:30:24,306,306
4071,18/10/2025 , 01:30:24,306,306
4072,18/10/2025 , 02:30:24,306,306
4073,18/10/2025 , 03:30:24,306,306
4074,18/10/2025 , 04:30:24,306,306
4075,18/10/2025 , 05:30:24,306,306
4076,18/10/2025 , 06:30:24,306,306
4077,18/10/2025 , 07:30:24,306,306
4078,18/10/2025 , 08:30:24,306,306
4079,18/10/2025 , 09:30:24,306,306
4080,18/10/2025 , 10:30:24,2257,2257
4081,18/10/2025 , 11:30:24,2404,2404
4082,18/10/2025 , 12:30:24,2395,2395
4083,18/10/2025 , 13:30:24,2400,2400
4084,18/10/2025 , 14:30:24,2399,2399
4085,18/10/2025 , 15:30:24,2399,2399
4086,18/10/2025 , 16:30:24,2399,2399
4087,18/10/2025 , 17:30:24,2398,2398
4088,18/10/2025 , 18:30:24,2398,2398
4089,18/10/2025 , 19:30:24,2399,2399
4090,18/10/2025 , 20:30:24,2399,2399
4091,18/10/2025 , 21:30:24,2399,2399
4092,18/10/2025 , 22:30:24,2399,2399
4093,18/10/2025 , 23:30:24,2398,2398
4094,19/10/2025 , 00:30:24,2399,2399
4095,19/10/2025 , 01:30:24,2399,2399
4096,19/10/2025 , 02:30:24,2399,2399
4097,19/10/2025 , 03:30:24,2399,2399
4098,19/10/2025 , 04:30:24,2398,2398
4099,19/10/2025 , 05:30:24,2398,2398
4100,19/10/2025 , 06:30:24,2397,2397
4101,19/10/2025 , 07:30:24,2397,2397
4102,19/10/2025 , 08:30:24,1890,1890
4103,19/10/2025 , 09:30:24,2399,2399
4104,19/10/2025 , 10:30:24,306,306
4105,19/10/2025 , 11:30:24,306,306
4106,19/10/2025 , 12:30:24,306,306
4107,19/10/2025 , 13:30:24,306,306
4108,19/10/2025 , 14:30:24,306,306
4109,19/10/2025 , 15:30:24,306,306
4110,19/10/2025 , 16:30:24,306,306
4111,19/10/2025 , 17:30:24,306,306
4112,19/10/2025 , 18:30:24,306,306
4113,19/10/2025 , 19:30:24,306,306
4114,19/10/2025 , 20:30:24,306,306
4115,19/10/2025 , 21:30:24,306,306
4116,19/10/2025 , 22:30:24,306,306
4117,19/10/2025 , 23:30:24,306,306
4118,20/10/2025 , 00:30:24,306,306
4119,20/10/2025 , 01:30:24,306,306
4120,20/10/2025 , 02:30:24,306,306
4121,20/10/2025 , 03:30:24,306,306
4122,20/10/2025 , 04:30:24,306,306
4123,20/10/2025 , 05:30:24,306,306
4124,20/10/2025 , 06:30:24,306,306
4125,20/10/2025 , 07:30:24,306,306
4126,20/10/2025 , 08:30:24,306,306
4127,20/10/2025 , 09:30:24,306,306
4128,20/10/2025 , 10:30:24,306,306
4129,20/10/2025 , 11:30:24,306,306
4130,20/10/2025 , 12:30:24,306,306
4131,20/10/2025 , 13:30:24,306,306
4132,20/10/2025 , 14:30:24,306,306
4133,20/10/2025 , 15:30:24,306,306
4134,20/10/2025 , 16:30:24,306,306
4135,20/10/2025 , 17:30:24,306,306
4136,20/10/2025 , 18:30:24,306,306
4137,20/10/2025 , 19:30:24,306,306
4138,20/10/2025 , 20:30:24,306,306
4139,20/10/2025 , 21:30:24,306,306
4140,20/10/2025 , 22:30:24,306,306
4141,20/10/2025 , 23:30:24,306,306
4142,21/10/2025 , 00:30:24,306,306
4143,21/10/2025 , 01:30:24,306,306
4144,21/10/2025 , 02:30:24,306,306
4145,21/10/2025 , 03:30:24,306,306
4146,21/10/2025 , 04:30:24,306,306
4147,21/10/2025 , 05:30:24,306,306
4148,21/10/2025 , 06:30:24,306,306
4149,21/10/2025 , 07:30:24,306,306
4150,21/10/2025 , 08:30:24,306,306
4151,21/10/2025 , 09:30:24,306,306
4152,21/10/2025 , 10:30:24,306,306
4153,21/10/2025 , 11:30:24,306,306
4154,21/10/2025 , 12:30:24,306,306
4155,21/10/2025 , 13:30:24,306,306
4156,21/10/2025 , 14:30:24,306,306
4157,21/10/2025 , 15:30:24,306,306
4158,21/10/2025 , 16:30:24,306,306
4159,21/10/2025 , 17:30:24,306,306
4160,21/10/2025 , 18:30:24,306,306
4161,21/10/2025 , 19:30:24,306,306
4162,21/10/2025 , 20:30:24,306,306
4163,21/10/2025 , 21:30:24,306,306
4164,21/10/2025 , 22:30:24,306,306
4165,21/10/2025 , 23:30:24,306,306
4166,22/10/2025 , 00:30:24,306,306
4167,22/10/2025 , 01:30:24,306,306
4168,22/10/2025 , 02:30:24,306,306
4169,22/10/2025 , 03:30:24,306,306
4170,22/10/2025 , 04:30:24,306,306
4171,22/10/2025 , 05:30:24,306,306
4172,22/10/2025 , 06:30:24,306,306
4173,22/10/2025 , 07:30:24,306,306
4174,22/10/2025 , 08:30:24,306,306
4175,22/10/2025 , 09:30:24,306,306
4176,22/10/2025 , 10:30:24,306,306
4177,22/10/2025 , 11:30:24,306,306
4178,22/10/2025 , 12:30:24,306,306
4179,22/10/2025 , 13:30:24,306,306
4180,22/10/2025 , 14:30:24,306,306
4181,22/10/2025 , 15:30:24,306,306
4182,22/10/2025 , 16:30:24,306,306
4183,22/10/2025 , 17:30:24,306,306
4184,22/10/2025 , 18:30:24,306,306
4185,22/10/2025 , 19:30:24,306,306
4186,22/10/2025 , 20:30:24,306,306
4187,22/10/2025 , 21:30:24,306,306
4188,22/10/2025 , 22:30:24,306,306
4189,22/10/2025 , 23:30:24,306,306
4190,23/10/2025 , 00:30:24,306,306
4191,23/10/2025 , 01:30:24,306,306
4192,23/10/2025 , 02:30:24,306,306
4193,23/10/2025 , 03:30:24,306,306
4194,23/10/2025 , 04:30:24,306,306
4195,23/10/2025 , 05:30:24,306,306
4196,23/10/2025 , 06:30:24,306,306
4197,23/10/2025 , 07:30:24,306,306
4198,23/10/2025 , 08:30:24,306,306
4199,23/10/2025 , 09:30:24,306,306
4200,23/10/2025 , 10:30:24,306,306
4201,23/10/2025 , 11:30:24,306,306
4202,23/10/2025 , 12:30:24,306,306
4203,23/10/2025 , 13:30:24,306,306
4204,23/10/2025 , 14:30:24,306,306
4205,23/10/2025 , 15:30:24,306,306
4206,23/10/2025 , 16:30:24,306,306
4207,23/10/2025 , 17:30:24,306,306
4208,23/10/2025 , 18:30:24,306,306
4209,23/10/2025 , 19:30:24,306,306
4210,23/10/2025 , 20:30:24,306,306
4211,23/10/2025 , 21:30:24,306,306
4212,23/10/2025 , 22:30:24,306,306
4213,23/10/2025 , 23:30:24,306,306
4214,24/10/2025 , 00:30:24,306,306
4215,24/10/2025 , 01:30:24,306,306
4216,24/10/2025 , 02:30:24,306,306
4217,24/10/2025 , 03:30:24,306,306
4218,24/10/2025 , 04:30:24,306,306
4219,24/10/2025 , 05:30:24,306,306
4220,24/10/2025 , 06:30:24,306,306
4221,24/10/2025 , 07:30:24,306,306
4222,24/10/2025 , 08:30:24,306,306
4223,24/10/2025 , 09:30:24,306,306
4224,24/10/2025 , 10:30:24,306,306
4225,24/10/2025 , 11:30:24,306,306
4226,24/10/2025 , 12:30:24,306,306
4227,24/10/2025 , 13:30:24,306,306
4228,24/10/2025 , 14:30:24,306,306
4229,24/10/2025 , 15:30:24,306,306
4230,24/10/2025 , 16:30:24,306,306
4231,24/10/2025 , 17:30:24,306,306
4232,24/10/2025 , 18:30:24,306,306
4233,24/10/2025 , 19:30:24,306,306
4234,24/10/2025 , 20:30:24,306,306
4235,24/10/2025 , 21:30:24,306,306
4236,24/10/2025 , 22:30:24,306,306
4237,24/10/2025 , 23:30:24,306,306
4238,25/10/2025 , 00:30:24,306,306
4239,25/10/2025 , 01:30:24,306,306
4240,25/10/2025 , 02:30:24,306,306
4241,25/10/2025 , 03:30:24,306,306
4242,25/10/2025 , 04:30:24,306,306
4243,25/10/2025 , 05:30:24,306,306
4244,25/10/2025 , 06:30:24,306,306
4245,25/10/2025 , 07:30:24,306,306
4246,25/10/2025 , 08:30:24,306,306
4247,25/10/2025 , 09:30:24,306,306
4248,25/10/2025 , 10:30:24,306,306
4249,25/10/2025 , 11:30:24,306,306
4250,25/10/2025 , 12:30:24,306,306
4251,25/10/2025 , 13:30:24,306,306
4252,25/10/2025 , 14:30:24,306,306
4253,25/10/2025 , 15:30:24,306,306
4254,25/10/2025 , 16:30:24,306,306
4255,25/10/2025 , 17:30:24,306,306
4256,25/10/2025 , 18:30:24,306,306
4257,25/10/2025 , 19:30:24,306,306
4258,25/10/2025 , 20:30:24,306,306
4259,25/10/2025 , 21:30:24,306,306
4260,25/10/2025 , 22:30:24,306,306
4261,25/10/2025 , 23:30:24,306,306
4262,26/10/2025 , 00:30:24,306,306
4263,26/10/2025 , 01:30:24,306,306
4264,26/10/2025 , 02:30:24,306,306
4265,26/10/2025 , 03:30:24,306,306
4266,26/10/2025 , 04:30:24,306,306
4267,26/10/2025 , 05:30:24,306,306
4268,26/10/2025 , 06:30:24,306,306
4269,26/10/2025 , 07:30:24,306,306
4270,26/10/2025 , 08:30:24,306,306
4271,26/10/2025 , 09:30:24,306,306
4272,26/10/2025 , 10:30:24,306,306
4273,26/10/2025 , 11:30:24,306,306
4274,26/10/2025 , 12:30:24,306,306
4275,26/10/2025 , 13:30:24,306,306
4276,26/10/2025 , 14:30:24,306,306
4277,26/10/2025 , 15:30:24,306,306
4278,26/10/2025 , 16:30:24,306,306
4279,26/10/2025 , 17:30:24,306,306
4280,26/10/2025 , 18:30:24,306,306
4281,26/10/2025 , 19:30:24,306,306
4282,26/10/2025 , 20:30:24,306,306
4283,26/10/2025 , 21:30:24,306,306
4284,26/10/2025 , 22:30:24,306,306
4285,26/10/2025 , 23:30:24,306,306
4286,27/10/2025 , 00:30:24,306,306
4287,27/10/2025 , 01:30:24,306,306
4288,27/10/2025 , 02:30:24,306,306
4289,27/10/2025 , 03:30:24,306,306
4290,27/10/2025 , 04:30:24,306,306
4291,27/10/2025 , 05:30:24,306,306
4292,27/10/2025 , 06:30:24,306,306
4293,27/10/2025 , 07:30:24,306,306
4294,27/10/2025 , 08:30:24,306,306
4295,27/10/2025 , 09:30:24,306,306
4296,27/10/2025 , 10:30:24,306,306
4297,27/10/2025 , 11:30:24,306,306
4298,27/10/2025 , 12:30:24,306,306
4299,27/10/2025 , 13:30:24,306,306
4300,27/10/2025 , 14:30:24,306,306
4301,27/10/2025 , 15:30:24,306,306
4302,27/10/2025 , 16:30:24,306,306
4303,27/10/2025 , 17:30:24,306,306
4304,27/10/2025 , 18:30:24,306,306
4305,27/10/2025 , 19:30:24,306,306
4306,27/10/2025 , 20:30:24,306,306
4307,27/10/2025 , 21:30:24,306,306
4308,27/10/2025 , 22:30:24,306,306
4309,27/10/2025 , 23:30:24,306,306
4310,28/10/2025 , 00:30:24,306,306
4311,28/10/2025 , 01:30:24,306,306
4312,28/10/2025 , 02:30:24,306,306
4313,28/10/2025 , 03:30:24,306,306
4314,28/10/2025 , 04:30:24,306,306
4315,28/10/2025 , 05:30:24,306,306
4316,28/10/2025 , 06:30:24,306,306
4317,28/10/2025 , 07:30:24,306,306
4318,28/10/2025 , 08:30:24,306,306
4319,28/10/2025 , 09:30:24,306,306
4320,28/10/2025 , 10:30:24,306,306
4321,28/10/2025 , 11:30:24,306,306
4322,28/10/2025 , 12:30:24,306,306
4323,28/10/2025 , 13:30:24,306,306
4324,28/10/2025 , 14:30:24,306,306
4325,28/10/2025 , 15:30:24,306,306
4326,28/10/2025 , 16:30:24,306,306
4327,28/10/2025 , 17:30:24,306,306
4328,28/10/2025 , 18:30:24,306,306
4329,28/10/2025 , 19:30:24,306,306
4330,28/10/2025 , 20:30:24,306,306
4331,28/10/2025 , 21:30:24,306,306
4332,28/10/2025 , 22:30:24,306,306
4333,28/10/2025 , 23:30:24,306,306
4334,29/10/2025 , 00:30:24,306,306
4335,29/10/2025 , 01:30:24,306,306
4336,29/10/2025 , 02:30:24,306,306
4337,29/10/2025 , 03:30:24,306,306
4338,29/10/2025 , 04:30:24,306,306
4339,29/10/2025 , 05:30:24,306,306
4340,29/10/2025 , 06:30:24,306,306
4341,29/10/2025 , 07:30:24,306,306
4342,29/10/2025 , 08:30:24,306,306
4343,29/10/2025 , 09:30:24,306,306
4344,29/10/2025 , 10:30:24,306,306
4345,29/10/2025 , 11:30:24,306,306
4346,29/10/2025 , 12:30:24,306,306
4347,29/10/2025 , 13:30:24,306,306
4348,29/10/2025 , 14:30:24,306,306
4349,29/10/2025 , 15:30:24,306,306
4350,29/10/2025 , 16:30:24,306,306
4351,29/10/2025 , 17:30:24,306,306
4352,29/10/2025 , 18:30:24,306,306
4353,29/10/2025 , 19:30:24,306,306
4354,29/10/2025 , 20:30:24,306,306
4355,29/10/2025 , 21:30:24,306,306
4356,29/10/2025 , 22:30:24,306,306
4357,29/10/2025 , 23:30:24,306,306
4358,30/10/2025 , 00:30:24,306,306
4359,30/10/2025 , 01:30:24,306,306
4360,30/10/2025 , 02:30:24,306,306
4361,30/10/2025 , 03:30:24,306,306
4362,30/10/2025 , 04:30:24,306,306
4363,30/10/2025 , 05:30:24,306,306
4364,30/10/2025 , 06:30:24,306,306
4365,30/10/2025 , 07:30:24,306,306
4366,30/10/2025 , 08:30:24,306,306
4367,30/10/2025 , 09:30:24,306,306
4368,30/10/2025 , 10:30:24,306,306
4369,30/10/2025 , 11:30:24,306,306
4370,30/10/2025 , 12:30:24,306,306
4371,30/10/2025 , 13:30:24,306,306
4372,30/10/2025 , 14:30:24,306,306
4373,30/10/2025 , 15:30:24,306,306
4374,30/10/2025 , 16:30:24,306,306
4375,30/10/2025 , 17:30:24,306,306
4376,30/10/2025 , 18:30:24,306,306
4377,30/10/2025 , 19:30:24,306,306
4378,30/10/2025 , 20:30:24,306,306
4379,30/10/2025 , 21:30:24,306,306
4380,30/10/2025 , 22:30:24,306,306
4381,30/10/2025 , 23:30:24,306,306
4382,31/10/2025 , 00:30:24,306,306
4383,31/10/2025 , 01:30:24,306,306
4384,31/10/2025 , 02:30:24,306,306
4385,31/10/2025 , 03:30:24,306,306
4386,31/10/2025 , 04:30:24,306,306
4387,31/10/2025 , 05:30:24,306,306
4388,31/10/2025 , 06:30:24,306,306
4389,31/10/2025 , 07:30:24,306,306
4390,31/10/2025 , 08:30:24,306,306
4391,31/10/2025 , 09:30:24,306,306
4392,31/10/2025 , 10:30:24,306,306
4393,31/10/2025 , 11:30:24,306,306
4394,31/10/2025 , 12:30:24,306,306
4395,31/10/2025 , 13:30:24,306,306
4396,31/10/2025 , 14:30:24,306,306
4397,31/10/2025 , 15:30:24,306,306
4398,31/10/2025 , 16:30:24,306,306
4399,31/10/2025 , 17:30:24,306,306
4400,31/10/2025 , 18:30:24,306,306
4401,31/10/2025 , 19:30:24,306,306
4402,31/10/2025 , 20:30:24,306,306
4403,31/10/2025 , 21:30:24,306,306
4404,31/10/2025 , 22:30:24,306,306
4405,31/10/2025 , 23:30:24,306,306
4406,01/11/2025 , 00:30:24,306,306
4407,01/11/2025 , 01:30:24,306,306
4408,01/11/2025 , 02:30:24,306,306
4409,01/11/2025 , 03:30:24,306,306
4410,01/11/2025 , 04:30:24,306,306
4411,01/11/2025 , 05:30:24,306,306
4412,01/11/2025 , 06:30:24,306,306
4413,01/11/2025 , 07:30:24,306,306
4414,01/11/2025 , 08:30:24,306,306
4415,01/11/2025 , 09:30:24,306,306
4416,01/11/2025 , 10:30:24,306,306
4417,01/11/2025 , 11:30:24,306,306
4418,01/11/2025 , 12:30:24,306,306
4419,01/11/2025 , 13:30:24,306,306
4420,01/11/2025 , 14:30:24,306,306
4421,01/11/2025 , 15:30:24,306,306
4422,01/11/2025 , 16:30:24,306,306
4423,01/11/2025 , 17:30:24,306,306
4424,01/11/2025 , 18:30:24,306,306
4425,01/11/2025 , 19:30:24,306,306
4426,01/11/2025 , 20:30:24,306,306
4427,01/11/2025 , 21:30:24,306,306
4428,01/11/2025 , 22:30:24,306,306
4429,01/11/2025 , 23:30:24,306,306
4430,02/11/2025 , 00:30:24,306,306
4431,02/11/2025 , 01:30:24,306,306
4432,02/11/2025 , 02:30:24,306,306
4433,02/11/2025 , 03:30:24,306,306
4434,02/11/2025 , 04:30:24,306,306
4435,02/11/2025 , 05:30:24,306,306
4436,02/11/2025 , 06:30:24,306,306
4437,02/11/2025 , 07:30:24,306,306
4438,02/11/2025 , 08:30:24,306,306
4439,02/11/2025 , 09:30:24,306,306
4440,02/11/2025 , 10:30:24,306,306
4441,02/11/2025 , 11:30:24,306,306
4442,02/11/2025 , 12:30:24,306,306
4443,02/11/2025 , 13:30:24,306,306
4444,02/11/2025 , 14:30:24,306,306
4445,02/11/2025 , 15:30:24,306,306
4446,02/11/2025 , 16:30:24,306,306
4447,02/11/2025 , 17:30:24,306,306
4448,02/11/2025 , 18:30:24,306,306
4449,02/11/2025 , 19:30:24,306,306
4450,02/11/2025 , 20:30:24,306,306
4451,02/11/2025 , 21:30:24,306,306
4452,02/11/2025 , 22:30:24,306,306
4453,02/11/2025 , 23:30:24,306,306
4454,03/11/2025 , 00:30:24,306,306
4455,03/11/2025 , 01:30:24,306,306
4456,03/11/2025 , 02:30:24,306,306
4457,03/11/2025 , 03:30:24,306,306
4458,03/11/2025 , 04:30:24,306,306
4459,03/11/2025 , 05:30:24,306,306
4460,03/11/2025 , 06:30:24,306,306
4461,03/11/2025 , 07:30:24,306,306
4462,03/11/2025 , 08:30:24,306,306
4463,03/11/2025 , 09:30:24,306,306
4464,03/11/2025 , 10:30:24,366,366
4465,03/11/2025 , 11:30:24,306,306
4466,03/11/2025 , 12:30:24,306,306
4467,03/11/2025 , 13:30:24,306,306
4468,03/11/2025 , 14:30:24,306,306
4469,03/11/2025 , 15:30:24,306,306
4470,03/11/2025 , 16:30:24,306,306
4471,03/11/2025 , 17:30:24,306,306
4472,03/11/2025 , 18:30:24,306,306
4473,03/11/2025 , 19:30:24,306,306
4474,03/11/2025 , 20:30:24,306,306
4475,03/11/2025 , 21:30:24,306,306
4476,03/11/2025 , 22:30:24,306,306
4477,03/11/2025 , 23:30:24,306,306
4478,04/11/2025 , 00:30:24,306,306
4479,04/11/2025 , 01:30:24,306,306
4480,04/11/2025 , 02:30:24,306,306
4481,04/11/2025 , 03:30:24,306,306
4482,04/11/2025 , 04:30:24,306,306
4483,04/11/2025 , 05:30:24,306,306
4484,04/11/2025 , 06:30:24,306,306
4485,04/11/2025 , 07:30:24,306,306
4486,04/11/2025 , 08:30:24,306,306
4487,04/11/2025 , 09:30:24,306,306
4488,04/11/2025 , 10:30:24,306,306
4489,04/11/2025 , 11:30:24,306,306
4490,04/11/2025 , 12:30:24,306,306
4491,04/11/2025 , 13:30:24,306,306
4492,04/11/2025 , 14:30:24,306,306
4493,04/11/2025 , 15:30:24,306,306
4494,04/11/2025 , 16:30:24,306,306
4495,04/11/2025 , 17:30:24,306,306
4496,04/11/2025 , 18:30:24,306,306
4497,04/11/2025 , 19:30:24,306,306
4498,04/11/2025 , 20:30:24,306,306
4499,04/11/2025 , 21:30:24,306,306
4500,04/11/2025 , 22:30:24,306,306
4501,04/11/2025 , 23:30:24,306,306
4502,05/11/2025 , 00:30:24,306,306
4503,05/11/2025 , 01:30:24,306,306
4504,05/11/2025 , 02:30:24,306,306
4505,05/11/2025 , 03:30:24,306,306
4506,05/11/2025 , 04:30:24,306,306
4507,05/11/2025 , 05:30:24,306,306
4508,05/11/2025 , 06:30:24,306,306
4509,05/11/2025 , 07:30:24,306,306
4510,05/11/2025 , 08:30:24,306,306
4511,05/11/2025 , 09:30:24,306,306
4512,05/11/2025 , 10:30:24,306,306
4513,05/11/2025 , 11:30:24,306,306
4514,05/11/2025 , 12:30:24,306,306
4515,05/11/2025 , 13:30:24,306,306
4516,05/11/2025 , 14:30:24,306,306
4517,05/11/2025 , 15:30:24,306,306
4518,05/11/2025 , 16:30:24,306,306
4519,05/11/2025 , 17:30:24,306,306
4520,05/11/2025 , 18:30:24,306,306
4521,05/11/2025 , 19:30:24,306,306
4522,05/11/2025 , 20:30:24,306,306
4523,05/11/2025 , 21:30:24,306,306
4524,05/11/2025 , 22:30:24,306,306
4525,05/11/2025 , 23:30:24,306,306
4526,06/11/2025 , 00:30:24,306,306
4527,06/11/2025 , 01:30:24,306,306
4528,06/11/2025 , 02:30:24,306,306
4529,06/11/2025 , 03:30:24,306,306
4530,06/11/2025 , 04:30:24,306,306
4531,06/11/2025 , 05:30:24,306,306
4532,06/11/2025 , 06:30:24,306,306
4533,06/11/2025 , 07:30:24,306,306
4534,06/11/2025 , 08:30:24,306,306
4535,06/11/2025 , 09:30:24,306,306
4536,06/11/2025 , 10:30:24,306,306
4537,06/11/2025 , 11:30:24,306,306
4538,06/11/2025 , 12:30:24,306,306
4539,06/11/2025 , 13:30:24,306,306
4540,06/11/2025 , 14:30:24,306,306
4541,06/11/2025 , 15:30:24,306,306
4542,06/11/2025 , 16:30:24,306,306
4543,06/11/2025 , 17:30:24,306,306
4544,06/11/2025 , 18:30:24,306,306
4545,06/11/2025 , 19:30:24,306,306
4546,06/11/2025 , 20:30:24,306,306
4547,06/11/2025 , 21:30:24,306,306
4548,06/11/2025 , 22:30:24,306,306
4549,06/11/2025 , 23:30:24,306,306
4550,07/11/2025 , 00:30:24,306,306
4551,07/11/2025 , 01:30:24,306,306
4552,07/11/2025 , 02:30:24,306,306
4553,07/11/2025 , 03:30:24,306,306
4554,07/11/2025 , 04:30:24,306,306
4555,07/11/2025 , 05:30:24,306,306
4556,07/11/2025 , 06:30:24,306,306
4557,07/11/2025 , 07:30:24,306,306
4558,07/11/2025 , 08:30:24,306,306
4559,07/11/2025 , 09:30:24,306,306
4560,07/11/2025 , 10:30:24,306,306
4561,07/11/2025 , 11:30:24,306,306
4562,07/11/2025 , 12:30:24,306,306
4563,07/11/2025 , 13:30:24,306,306
4564,07/11/2025 , 14:30:24,306,306
4565,07/11/2025 , 15:30:24,306,306
4566,07/11/2025 , 16:30:24,306,306
4567,07/11/2025 , 17:30:24,306,306
4568,07/11/2025 , 18:30:24,306,306
4569,07/11/2025 , 19:30:24,306,306
4570,07/11/2025 , 20:30:24,306,306
4571,07/11/2025 , 21:30:24,306,306
4572,07/11/2025 , 22:30:24,306,306
4573,07/11/2025 , 23:30:24,306,306
4574,08/11/2025 , 00:30:24,306,306
4575,08/11/2025 , 01:30:24,306,306
4576,08/11/2025 , 02:30:24,306,306
4577,08/11/2025 , 03:30:24,306,306
4578,08/11/2025 , 04:30:24,306,306
4579,08/11/2025 , 05:30:24,306,306
4580,08/11/2025 , 06:30:24,306,306
4581,08/11/2025 , 07:30:24,306,306
4582,08/11/2025 , 08:30:24,306,306
4583,08/11/2025 , 09:30:24,306,306
4584,08/11/2025 , 10:30:24,306,306
4585,08/11/2025 , 11:30:24,306,306
4586,08/11/2025 , 12:30:24,306,306
4587,08/11/2025 , 13:30:24,306,306
4588,08/11/2025 , 14:30:24,306,306
4589,08/11/2025 , 15:30:24,306,306
4590,08/11/2025 , 16:30:24,306,306
4591,08/11/2025 , 17:30:24,306,306
4592,08/11/2025 , 18:30:24,306,306
4593,08/11/2025 , 19:30:24,306,306
4594,08/11/2025 , 20:30:24,306,306
4595,08/11/2025 , 21:30:24,306,306
4596,08/11/2025 , 22:30:24,306,306
4597,08/11/2025 , 23:30:24,306,306
4598,09/11/2025 , 00:30:24,306,306
4599,09/11/2025 , 01:30:24,306,306
4600,09/11/2025 , 02:30:24,306,306
4601,09/11/2025 , 03:30:24,323,323
4602,09/11/2025 , 04:30:24,306,306
4603,09/11/2025 , 05:30:24,306,306
4604,09/11/2025 , 06:30:24,309,309
4605,09/11/2025 , 07:30:24,323,323
4606,09/11/2025 , 08:30:24,377,377
4607,09/11/2025 , 09:30:24,335,335
4608,09/11/2025 , 10:30:24,349,349
4609,09/11/2025 , 11:30:24,306,306
4610,09/11/2025 , 12:30:24,306,306
4611,09/11/2025 , 13:30:24,306,306
4612,09/11/2025 , 14:30:24,306,306
4613,09/11/2025 , 15:30:24,306,306
4614,09/11/2025 , 16:30:24,306,306
4615,09/11/2025 , 17:30:24,306,306
4616,09/11/2025 , 18:30:24,306,306
4617,09/11/2025 , 19:30:24,306,306
4618,09/11/2025 , 20:30:24,306,306
4619,09/11/2025 , 21:30:24,306,306
4620,09/11/2025 , 22:30:24,306,306
4621,09/11/2025 , 23:30:24,306,306
4622,10/11/2025 , 00:30:24,306,306
4623,10/11/2025 , 01:30:24,306,306
4624,10/11/2025 , 02:30:24,306,306
4625,10/11/2025 , 03:30:24,306,306
4626,10/11/2025 , 04:30:24,306,306
4627,10/11/2025 , 05:30:24,306,306
4628,10/11/2025 , 06:30:24,306,306
4629,10/11/2025 , 07:30:24,306,306
4630,10/11/2025 , 08:30:24,306,306
4631,10/11/2025 , 09:30:24,306,306
4632,10/11/2025 , 10:30:24,306,306
4633,10/11/2025 , 11:30:24,306,306
4634,10/11/2025 , 12:30:24,306,306
4635,10/11/2025 , 13:30:24,306,306
4636,10/11/2025 , 14:30:24,306,306
4637,10/11/2025 , 15:30:24,306,306
4638,10/11/2025 , 16:30:24,306,306
4639,10/11/2025 , 17:30:24,306,306
4640,10/11/2025 , 18:30:24,306,306
4641,10/11/2025 , 19:30:24,306,306
4642,10/11/2025 , 20:30:24,306,306
4643,10/11/2025 , 21:30:24,306,306
4644,10/11/2025 , 22:30:24,306,306
4645,10/11/2025 , 23:30:24,306,306
4646,11/11/2025 , 00:30:24,306,306
4647,11/11/2025 , 01:30:24,306,306
4648,11/11/2025 , 02:30:24,306,306
4649,11/11/2025 , 03:30:24,306,306
4650,11/11/2025 , 04:30:24,306,306
4651,11/11/2025 , 05:30:24,306,306
4652,11/11/2025 , 06:30:24,306,306
4653,11/11/2025 , 07:30:24,306,306
4654,11/11/2025 , 08:30:24,306,306
4655,11/11/2025 , 09:30:24,306,306
4656,11/11/2025 , 10:30:24,306,306
4657,11/11/2025 , 11:30:24,306,306
4658,11/11/2025 , 12:30:24,306,306
4659,11/11/2025 , 13:30:24,306,306
4660,11/11/2025 , 14:30:24,306,306
4661,11/11/2025 , 15:30:24,306,306
4662,11/11/2025 , 16:30:24,306,306
4663,11/11/2025 , 17:30:24,306,306
4664,11/11/2025 , 18:30:24,306,306
4665,11/11/2025 , 19:30:24,306,306
4666,11/11/2025 , 20:30:24,306,306
4667,11/11/2025 , 21:30:24,306,306
4668,11/11/2025 , 22:30:24,306,306
4669,11/11/2025 , 23:30:24,306,306
4670,12/11/2025 , 00:30:24,306,306
4671,12/11/2025 , 01:30:24,306,306
4672,12/11/2025 , 02:30:24,306,306
4673,12/11/2025 , 03:30:24,306,306
4674,12/11/2025 , 04:30:24,306,306
4675,12/11/2025 , 05:30:24,306,306
4676,12/11/2025 , 06:30:24,306,306
4677,12/11/2025 , 07:30:24,306,306
4678,12/11/2025 , 08:30:24,306,306
4679,12/11/2025 , 09:30:24,306,306
4680,12/11/2025 , 10:30:24,306,306
4681,12/11/2025 , 11:30:24,306,306
4682,12/11/2025 , 12:30:24,306,306
4683,12/11/2025 , 13:30:24,306,306
4684,12/11/2025 , 14:30:24,306,306
4685,12/11/2025 , 15:30:24,306,306
4686,12/11/2025 , 16:30:24,306,306
4687,12/11/2025 , 17:30:24,306,306
4688,12/11/2025 , 18:30:24,306,306
4689,12/11/2025 , 19:30:24,306,306
4690,12/11/2025 , 20:30:24,306,306
4691,12/11/2025 , 21:30:24,306,306
4692,12/11/2025 , 22:30:24,306,306
4693,12/11/2025 , 23:30:24,306,306
4694,13/11/2025 , 00:30:24,306,306
4695,13/11/2025 , 01:30:24,306,306
4696,13/11/2025 , 02:30:24,306,306
4697,13/11/2025 , 03:30:24,306,306
4698,13/11/2025 , 04:30:24,306,306
4699,13/11/2025 , 05:30:24,306,306
4700,13/11/2025 , 06:30:24,306,306
4701,13/11/2025 , 07:30:24,306,306
4702,13/11/2025 , 08:30:24,306,306
4703,13/11/2025 , 09:30:24,306,306
4704,13/11/2025 , 10:30:24,306,306
4705,13/11/2025 , 11:30:24,306,306
4706,13/11/2025 , 12:30:24,306,306
4707,13/11/2025 , 13:30:24,306,306
4708,13/11/2025 , 14:30:24,306,306
4709,13/11/2025 , 15:30:24,306,306
4710,13/11/2025 , 16:30:24,306,306
4711,13/11/2025 , 17:30:24,306,306
4712,13/11/2025 , 18:30:24,306,306
4713,13/11/2025 , 19:30:24,306,306
4714,13/11/2025 , 20:30:24,306,306
4715,13/11/2025 , 21:30:24,306,306
4716,13/11/2025 , 22:30:24,306,306
4717,13/11/2025 , 23:30:24,306,306
4718,14/11/2025 , 00:30:24,306,306
4719,14/11/2025 , 01:30:24,306,306
4720,14/11/2025 , 02:30:24,306,306
4721,14/11/2025 , 03:30:24,306,306
4722,14/11/2025 , 04:30:24,306,306
4723,14/11/2025 , 05:30:24,306,306
4724,14/11/2025 , 06:30:24,306,306
4725,14/11/2025 , 07:30:24,306,306
4726,14/11/2025 , 08:30:24,306,306
4727,14/11/2025 , 09:30:24,306,306
4728,14/11/2025 , 10:30:24,306,306
4729,14/11/2025 , 11:30:24,306,306
4730,14/11/2025 , 12:30:24,306,306
4731,14/11/2025 , 13:30:24,306,306
4732,14/11/2025 , 14:30:24,306,306
4733,14/11/2025 , 15:30:24,306,306
4734,14/11/2025 , 16:30:24,306,306
4735,14/11/2025 , 17:30:24,306,306
4736,14/11/2025 , 18:30:24,306,306
4737,14/11/2025 , 19:30:24,306,306
4738,14/11/2025 , 20:30:24,306,306
4739,14/11/2025 , 21:30:24,306,306
4740,14/11/2025 , 22:30:24,306,306
4741,14/11/2025 , 23:30:24,306,306
4742,15/11/2025 , 00:30:24,306,306
4743,15/11/2025 , 01:30:24,306,306
4744,15/11/2025 , 02:30:24,306,306
4745,15/11/2025 , 03:30:24,306,306
4746,15/11/2025 , 04:30:24,306,306
4747,15/11/2025 , 05:30:24,306,306
4748,15/11/2025 , 06:30:24,306,306
4749,15/11/2025 , 07:30:24,306,306
4750,15/11/2025 , 08:30:24,306,306
4751,15/11/2025 , 09:30:24,306,306
4752,15/11/2025 , 10:30:24,306,306
4753,15/11/2025 , 11:30:24,306,306
4754,15/11/2025 , 12:30:24,306,306
4755,15/11/2025 , 13:30:24,306,306
4756,15/11/2025 , 14:30:24,306,306
4757,15/11/2025 , 15:30:24,306,306
4758,15/11/2025 , 16:30:24,306,306
4759,15/11/2025 , 17:30:24,306,306
4760,15/11/2025 , 18:30:24,306,306
4761,15/11/2025 , 19:30:24,306,306
4762,15/11/2025 , 20:30:24,306,306
4763,15/11/2025 , 21:30:24,306,306
4764,15/11/2025 , 22:30:24,306,306
4765,15/11/2025 , 23:30:24,306,306
4766,16/11/2025 , 00:30:24,306,306
4767,16/11/2025 , 01:30:24,306,306
4768,16/11/2025 , 02:30:24,306,306
4769,16/11/2025 , 03:30:24,306,306
4770,16/11/2025 , 04:30:24,306,306
4771,16/11/2025 , 05:30:24,306,306
4772,16/11/2025 , 06:30:24,306,306
4773,16/11/2025 , 07:30:24,306,306
4774,16/11/2025 , 08:30:24,306,306
4775,16/11/2025 , 09:30:24,306,306
4776,16/11/2025 , 10:30:24,306,306
4777,16/11/2025 , 11:30:24,306,306
4778,16/11/2025 , 12:30:24,306,306
4779,16/11/2025 , 13:30:24,306,306
4780,16/11/2025 , 14:30:24,306,306
4781,16/11/2025 , 15:30:24,306,306
4782,16/11/2025 , 16:30:24,306,306
4783,16/11/2025 , 17:30:24,306,306
4784,16/11/2025 , 18:30:24,306,306
4785,16/11/2025 , 19:30:24,306,306
4786,16/11/2025 , 20:30:24,306,306
4787,16/11/2025 , 21:30:24,306,306
4788,16/11/2025 , 22:30:24,306,306
4789,16/11/2025 , 23:30:24,306,306
4790,17/11/2025 , 00:30:24,306,306
4791,17/11/2025 , 01:30:24,306,306
4792,17/11/2025 , 02:30:24,306,306
4793,17/11/2025 , 03:30:24,306,306
4794,17/11/2025 , 04:30:24,306,306
4795,17/11/2025 , 05:30:24,306,306
4796,17/11/2025 , 06:30:24,306,306
4797,17/11/2025 , 07:30:24,306,306
4798,17/11/2025 , 08:30:24,306,306
4799,17/11/2025 , 09:30:24,306,306
4800,17/11/2025 , 10:30:24,306,306
4801,17/11/2025 , 11:30:24,306,306
4802,17/11/2025 , 12:30:24,306,306
4803,17/11/2025 , 13:30:24,306,306
4804,17/11/2025 , 14:30:24,306,306
4805,17/11/2025 , 15:30:24,306,306
4806,17/11/2025 , 16:30:24,306,306
4807,17/11/2025 , 17:30:24,306,306
4808,17/11/2025 , 18:30:24,306,306
4809,17/11/2025 , 19:30:24,306,306
4810,17/11/2025 , 20:30:24,306,306
4811,17/11/2025 , 21:30:24,306,306
4812,17/11/2025 , 22:30:24,306,306
4813,17/11/2025 , 23:30:24,306,306
4814,18/11/2025 , 00:30:24,306,306
4815,18/11/2025 , 01:30:24,306,306
4816,18/11/2025 , 02:30:24,306,306
4817,18/11/2025 , 03:30:24,306,306
4818,18/11/2025 , 04:30:24,306,306
4819,18/11/2025 , 05:30:24,306,306
4820,18/11/2025 , 06:30:24,306,306
4821,18/11/2025 , 07:30:24,306,306
4822,18/11/2025 , 08:30:24,306,306
4823,18/11/2025 , 09:30:24,306,306
4824,18/11/2025 , 10:30:24,306,306
4825,18/11/2025 , 11:30:24,306,306
4826,18/11/2025 , 12:30:24,306,306
4827,18/11/2025 , 13:30:24,306,306
4828,18/11/2025 , 14:30:24,306,306
4829,18/11/2025 , 15:30:24,306,306
4830,18/11/2025 , 16:30:24,306,306
4831,18/11/2025 , 17:30:24,306,306
4832,18/11/2025 , 18:30:24,306,306
4833,18/11/2025 , 19:30:24,306,306
4834,18/11/2025 , 20:30:24,306,306
4835,18/11/2025 , 21:30:24,306,306
4836,18/11/2025 , 22:30:24,306,306
4837,18/11/2025 , 23:30:24,306,306
4838,19/11/2025 , 00:30:24,306,306
4839,19/11/2025 , 01:30:24,306,306
4840,19/11/2025 , 02:30:24,306,306
4841,19/11/2025 , 03:30:24,306,306
4842,19/11/2025 , 04:30:24,306,306
4843,19/11/2025 , 05:30:24,306,306
4844,19/11/2025 , 06:30:24,306,306
4845,19/11/2025 , 07:30:24,306,306
4846,19/11/2025 , 08:30:24,306,306
4847,19/11/2025 , 09:30:24,306,306
4848,19/11/2025 , 10:30:24,306,306
4849,19/11/2025 , 11:30:24,306,306
4850,19/11/2025 , 12:30:24,306,306
4851,19/11/2025 , 13:30:24,306,306
4852,19/11/2025 , 14:30:24,306,306
4853,19/11/2025 , 15:30:24,306,306
4854,19/11/2025 , 16:30:24,306,306
4855,19/11/2025 , 17:30:24,306,306
4856,19/11/2025 , 18:30:24,306,306
4857,19/11/2025 , 19:30:24,306,306
4858,19/11/2025 , 20:30:24,306,306
4859,19/11/2025 , 21:30:24,306,306
4860,19/11/2025 , 22:30:24,306,306
4861,19/11/2025 , 23:30:24,306,306
4862,20/11/2025 , 00:30:24,306,306
4863,20/11/2025 , 01:30:24,306,306
4864,20/11/2025 , 02:30:24,306,306
4865,20/11/2025 , 03:30:24,306,306
4866,20/11/2025 , 04:30:24,306,306
4867,20/11/2025 , 05:30:24,306,306
4868,20/11/2025 , 06:30:24,306,306
4869,20/11/2025 , 07:30:24,306,306
4870,20/11/2025 , 08:30:24,306,306
4871,20/11/2025 , 09:30:24,306,306
4872,20/11/2025 , 10:30:24,306,306
4873,20/11/2025 , 11:30:24,306,306
4874,20/11/2025 , 12:30:24,306,306
4875,20/11/2025 , 13:30:24,306,306
4876,20/11/2025 , 14:30:24,306,306
4877,20/11/2025 , 15:30:24,306,306
4878,20/11/2025 , 16:30:24,306,306
4879,20/11/2025 , 17:30:24,306,306
4880,20/11/2025 , 18:30:24,306,306
4881,20/11/2025 , 19:30:24,306,306
4882,20/11/2025 , 20:30:24,306,306
4883,20/11/2025 , 21:30:24,306,306
4884,20/11/2025 , 22:30:24,306,306
4885,20/11/2025 , 23:30:24,306,306
4886,21/11/2025 , 00:30:24,306,306
4887,21/11/2025 , 01:30:24,306,306
4888,21/11/2025 , 02:30:24,306,306
4889,21/11/2025 , 03:30:24,306,306
4890,21/11/2025 , 04:30:24,306,306
4891,21/11/2025 , 05:30:24,306,306
4892,21/11/2025 , 06:30:24,306,306
4893,21/11/2025 , 07:30:24,306,306
4894,21/11/2025 , 08:30:24,306,306
4895,21/11/2025 , 09:30:24,306,306
4896,21/11/2025 , 10:30:24,306,306
4897,21/11/2025 , 11:30:24,306,306
4898,21/11/2025 , 12:30:24,306,306
4899,21/11/2025 , 13:30:24,306,306
4900,21/11/2025 , 14:30:24,306,306
4901,21/11/2025 , 15:30:24,306,306
4902,21/11/2025 , 16:30:24,306,306
4903,21/11/2025 , 17:30:24,306,306
4904,21/11/2025 , 18:30:24,306,306
4905,21/11/2025 , 19:30:24,306,306
4906,21/11/2025 , 20:30:24,306,306
4907,21/11/2025 , 21:30:24,306,306
4908,21/11/2025 , 22:30:24,306,306
4909,21/11/2025 , 23:30:24,306,306
4910,22/11/2025 , 00:30:24,306,306
4911,22/11/2025 , 01:30:24,306,306
4912,22/11/2025 , 02:30:24,306,306
4913,22/11/2025 , 03:30:24,306,306
4914,22/11/2025 , 04:30:24,306,306
4915,22/11/2025 , 05:30:24,306,306
4916,22/11/2025 , 06:30:24,306,306
4917,22/11/2025 , 07:30:24,306,306
4918,22/11/2025 , 08:30:24,306,306
4919,22/11/2025 , 09:30:24,306,306
4920,22/11/2025 , 10:30:24,306,306
4921,22/11/2025 , 11:30:24,306,306
4922,22/11/2025 , 12:30:24,306,306
4923,22/11/2025 , 13:30:24,306,306
4924,22/11/2025 , 14:30:24,306,306
4925,22/11/2025 , 15:30:24,306,306
4926,22/11/2025 , 16:30:24,306,306
4927,22/11/2025 , 17:30:24,306,306
4928,22/11/2025 , 18:30:24,306,306
4929,22/11/2025 , 19:30:24,306,306
4930,22/11/2025 , 20:30:24,306,306
4931,22/11/2025 , 21:30:24,306,306
4932,22/11/2025 , 22:30:24,306,306
4933,22/11/2025 , 23:30:24,306,306
4934,23/11/2025 , 00:30:24,306,306
4935,23/11/2025 , 01:30:24,306,306
4936,23/11/2025 , 02:30:24,306,306
4937,23/11/2025 , 03:30:24,306,306
4938,23/11/2025 , 04:30:24,306,306
4939,23/11/2025 , 05:30:24,306,306
4940,23/11/2025 , 06:30:24,306,306
4941,23/11/2025 , 07:30:24,306,306
4942,23/11/2025 , 08:30:24,306,306
4943,23/11/2025 , 09:30:24,306,306
4944,23/11/2025 , 10:30:24,306,306
4945,23/11/2025 , 11:30:24,306,306
4946,23/11/2025 , 12:30:24,306,306
4947,23/11/2025 , 13:30:24,306,306
4948,23/11/2025 , 14:30:24,306,306
4949,23/11/2025 , 15:30:24,306,306
4950,23/11/2025 , 16:30:24,306,306
4951,23/11/2025 , 17:30:24,306,306
4952,23/11/2025 , 18:30:24,306,306
4953,23/11/2025 , 19:30:24,306,306
4954,23/11/2025 , 20:30:24,306,306
4955,23/11/2025 , 21:30:24,306,306
4956,23/11/2025 , 22:30:24,306,306
4957,23/11/2025 , 23:30:24,306,306
4958,24/11/2025 , 00:30:24,306,306
4959,24/11/2025 , 01:30:24,306,306
4960,24/11/2025 , 02:30:24,306,306
4961,24/11/2025 , 03:30:24,306,306
4962,24/11/2025 , 04:30:24,306,306
4963,24/11/2025 , 05:30:24,306,306
4964,24/11/2025 , 06:30:24,306,306
4965,24/11/2025 , 07:30:24,306,306
4966,24/11/2025 , 08:30:24,306,306
4967,24/11/2025 , 09:30:24,306,306
4968,24/11/2025 , 10:30:24,306,306
4969,24/11/2025 , 11:30:24,306,306
4970,24/11/2025 , 12:30:24,306,306
4971,24/11/2025 , 13:30:24,306,306
4972,24/11/2025 , 14:30:24,306,306
4973,24/11/2025 , 15:30:24,306,306
4974,24/11/2025 , 16:30:24,306,306
4975,24/11/2025 , 17:30:24,306,306
4976,24/11/2025 , 18:30:24,306,306
4977,24/11/2025 , 19:30:24,306,306
4978,24/11/2025 , 20:30:24,306,306
4979,24/11/2025 , 21:30:24,306,306
4980,24/11/2025 , 22:30:24,306,306
4981,24/11/2025 , 23:30:24,306,306
4982,25/11/2025 , 00:30:24,306,306
4983,25/11/2025 , 01:30:24,306,306
4984,25/11/2025 , 02:30:24,306,306
4985,25/11/2025 , 03:30:24,306,306
4986,25/11/2025 , 04:30:24,306,306
4987,25/11/2025 , 05:30:24,306,306
4988,25/11/2025 , 06:30:24,306,306
4989,25/11/2025 , 07:30:24,306,306
4990,25/11/2025 , 08:30:24,306,306
4991,25/11/2025 , 09:30:24,306,306
4992,25/11/2025 , 10:30:24,306,306
4993,25/11/2025 , 11:30:24,306,306
4994,25/11/2025 , 12:30:24,306,306
4995,25/11/2025 , 13:30:24,306,306
4996,25/11/2025 , 14:30:24,306,306
4997,25/11/2025 , 15:30:24,306,306
4998,25/11/2025 , 16:30:24,306,306
4999,25/11/2025 , 17:30:24,306,306
5000,25/11/2025 , 18:30:24,306,306
5001,25/11/2025 , 19:30:24,306,306
5002,25/11/2025 , 20:30:24,306,306
5003,25/11/2025 , 21:30:24,306,306
5004,25/11/2025 , 22:30:24,306,306
5005,25/11/2025 , 23:30:24,306,306
5006,26/11/2025 , 00:30:24,306,306
5007,26/11/2025 , 01:30:24,306,306
5008,26/11/2025 , 02:30:24,306,306
5009,26/11/2025 , 03:30:24,306,306
5010,26/11/2025 , 04:30:24,306,306
5011,26/11/2025 , 05:30:24,306,306
5012,26/11/2025 , 06:30:24,306,306
5013,26/11/2025 , 07:30:24,306,306
5014,26/11/2025 , 08:30:24,306,306
5015,26/11/2025 , 09:30:24,306,306
5016,26/11/2025 , 10:30:24,306,306
5017,26/11/2025 , 11:30:24,306,306
5018,26/11/2025 , 12:30:24,306,306
5019,26/11/2025 , 13:30:24,528,528
5020,26/11/2025 , 14:30:24,387,387
5021,26/11/2025 , 15:30:24,330,330
5022,26/11/2025 , 16:30:24,518,518
5023,26/11/2025 , 17:30:24,363,363
5024,26/11/2025 , 18:30:24,441,441
5025,26/11/2025 , 19:30:24,404,404
5026,26/11/2025 , 20:30:24,371,371
5027,26/11/2025 , 21:30:24,329,329
5028,26/11/2025 , 22:30:24,406,406
5029,26/11/2025 , 23:30:24,434,434
5030,27/11/2025 , 00:30:24,336,336
5031,27/11/2025 , 01:30:24,435,435
5032,27/11/2025 , 02:30:24,705,705
5033,27/11/2025 , 03:30:24,582,582
5034,27/11/2025 , 04:30:24,555,555
5035,27/11/2025 , 05:30:24,822,822
5036,27/11/2025 , 06:30:24,520,520
5037,27/11/2025 , 07:30:24,671,671
5038,27/11/2025 , 08:30:24,531,531
5039,27/11/2025 , 09:30:24,411,411
5040,27/11/2025 , 10:30:24,306,306
5041,27/11/2025 , 11:30:24,306,306
5042,27/11/2025 , 12:30:24,306,306
5043,27/11/2025 , 13:30:24,306,306
5044,27/11/2025 , 14:30:24,306,306
5045,27/11/2025 , 15:30:24,1099,1099
5046,27/11/2025 , 16:30:24,1536,1536
5047,27/11/2025 , 17:30:24,1570,1570
5048,27/11/2025 , 18:30:24,1571,1571
5049,27/11/2025 , 19:30:24,1572,1572
5050,27/11/2025 , 20:30:24,1573,1573
5051,27/11/2025 , 21:30:24,1574,1574
5052,27/11/2025 , 22:30:24,1574,1574
5053,27/11/2025 , 23:30:24,1574,1574
5054,28/11/2025 , 00:30:24,1575,1575
5055,28/11/2025 , 01:30:24,1575,1575
5056,28/11/2025 , 02:30:24,1575,1575
5057,28/11/2025 , 03:30:24,1575,1575
5058,28/11/2025 , 04:30:24,1575,1575
5059,28/11/2025 , 05:30:24,1575,1575
5060,28/11/2025 , 06:30:24,1574,1574
5061,28/11/2025 , 07:30:24,1574,1574
5062,28/11/2025 , 08:30:24,1573,1573
5063,28/11/2025 , 09:30:24,1573,1573
5064,28/11/2025 , 10:30:24,1572,1572
5065,28/11/2025 , 11:30:24,1570,1570
5066,28/11/2025 , 12:30:24,1564,1564
5067,28/11/2025 , 13:30:24,1563,1563
5068,28/11/2025 , 14:30:24,1562,1562
5069,28/11/2025 , 15:30:24,1558,1558
5070,28/11/2025 , 16:30:24,1560,1560
5071,28/11/2025 , 17:30:24,1537,1537
