Site Name ,ST-HENRI
Site Number ,100
Logger ,Capacitive Water Level
Logger Serial Number ,42564


Scan No ,Date and Time,       Capacitive Water Level,        ,
        ,        ,RAW VALUE ,CALIBRATED VALUE,

1,11/06/2024 , 15:00:00,3364,3364
2,11/06/2024 , 16:00:00,3360,3360
3,11/06/2024 , 17:00:00,3356,3356
4,11/06/2024 , 18:00:00,3352,3352
5,11/06/2024 , 19:00:00,3348,3348
6,11/06/2024 , 20:00:00,3344,3344
7,11/06/2024 , 21:00:00,3340,3340
8,11/06/2024 , 22:00:00,3336,3336
9,11/06/2024 , 23:00:00,3333,3333
10,11/06/2024 , 23:59:59,3330,3330
11,12/06/2024 , 01:00:00,3327,3327
12,12/06/2024 , 02:00:00,3322,3322
13,12/06/2024 , 03:00:00,3320,3320
14,12/06/2024 , 04:00:00,3318,3318
15,12/06/2024 , 05:00:00,3317,3317
16,12/06/2024 , 06:00:00,3315,3315
17,12/06/2024 , 07:00:00,3312,3312
18,12/06/2024 , 08:00:00,3310,3310
19,12/06/2024 , 09:00:00,3309,3309
20,12/06/2024 , 10:00:00,3307,3307
21,12/06/2024 , 11:00:00,3305,3305
22,12/06/2024 , 12:00:00,3306,3306
23,12/06/2024 , 13:00:00,3305,3305
24,12/06/2024 , 14:00:00,3302,3302
25,12/06/2024 , 15:00:00,3301,3301
26,12/06/2024 , 16:00:00,3299,3299
27,12/06/2024 , 17:00:00,3298,3298
28,12/06/2024 , 18:00:00,3295,3295
29,12/06/2024 , 19:00:00,3292,3292
30,12/06/2024 , 20:00:00,3288,3288
31,12/06/2024 , 21:00:00,3283,3283
32,12/06/2024 , 22:00:00,3278,3278
33,12/06/2024 , 23:00:00,3273,3273
34,12/06/2024 , 23:59:59,3271,3271
35,13/06/2024 , 01:00:00,3264,3264
36,13/06/2024 , 02:00:00,3259,3259
37,13/06/2024 , 03:00:00,3250,3250
38,13/06/2024 , 04:00:00,3247,3247
39,13/06/2024 , 05:00:00,3245,3245
40,13/06/2024 , 06:00:00,3243,3243
41,13/06/2024 , 07:00:00,3241,3241
42,13/06/2024 , 08:00:00,3240,3240
43,13/06/2024 , 09:00:00,3238,3238
44,13/06/2024 , 10:00:00,3236,3236
45,13/06/2024 , 11:00:00,3236,3236
46,13/06/2024 , 12:00:00,3236,3236
47,13/06/2024 , 13:00:00,3235,3235
48,13/06/2024 , 14:00:00,3236,3236
49,13/06/2024 , 15:00:00,3237,3237
50,13/06/2024 , 16:00:00,3237,3237
51,13/06/2024 , 17:00:00,3236,3236
52,13/06/2024 , 18:00:00,3235,3235
53,13/06/2024 , 19:00:00,3234,3234
54,13/06/2024 , 20:00:00,3231,3231
55,13/06/2024 , 21:00:00,3229,3229
56,13/06/2024 , 22:00:00,3229,3229
57,13/06/2024 , 23:00:00,3230,3230
58,13/06/2024 , 23:59:59,3232,3232
59,14/06/2024 , 01:00:00,3231,3231
60,14/06/2024 , 02:00:00,3230,3230
61,14/06/2024 , 03:00:00,3230,3230
62,14/06/2024 , 04:00:00,3229,3229
63,14/06/2024 , 05:00:00,3228,3228
64,14/06/2024 , 06:00:00,3229,3229
65,14/06/2024 , 07:00:00,3228,3228
66,14/06/2024 , 08:00:00,3227,3227
67,14/06/2024 , 09:00:00,3226,3226
68,14/06/2024 , 10:00:00,3227,3227
69,14/06/2024 , 11:00:00,3226,3226
70,14/06/2024 , 12:00:00,3229,3229
71,14/06/2024 , 13:00:00,3240,3240
72,14/06/2024 , 14:00:00,3257,3257
73,14/06/2024 , 15:00:00,3268,3268
74,14/06/2024 , 16:00:00,3274,3274
75,14/06/2024 , 17:00:00,3278,3278
76,14/06/2024 , 18:00:00,3278,3278
77,14/06/2024 , 19:00:00,3279,3279
78,14/06/2024 , 20:00:00,3278,3278
79,14/06/2024 , 21:00:00,3278,3278
80,14/06/2024 , 22:00:00,3276,3276
81,14/06/2024 , 23:00:00,3274,3274
82,14/06/2024 , 23:59:59,3270,3270
83,15/06/2024 , 01:00:00,3272,3272
84,15/06/2024 , 02:00:00,3278,3278
85,15/06/2024 , 03:00:00,3283,3283
86,15/06/2024 , 04:00:00,3300,3300
87,15/06/2024 , 05:00:00,3305,3305
88,15/06/2024 , 06:00:00,3305,3305
89,15/06/2024 , 07:00:00,3305,3305
90,15/06/2024 , 08:00:00,3305,3305
91,15/06/2024 , 09:00:00,3305,3305
92,15/06/2024 , 10:00:00,3304,3304
93,15/06/2024 , 11:00:00,3303,3303
94,15/06/2024 , 12:00:00,3302,3302
95,15/06/2024 , 13:00:00,3300,3300
96,15/06/2024 , 14:00:00,3299,3299
97,15/06/2024 , 15:00:00,3297,3297
98,15/06/2024 , 16:00:00,3296,3296
99,15/06/2024 , 17:00:00,3294,3294
100,15/06/2024 , 18:00:00,3291,3291
101,15/06/2024 , 19:00:00,3285,3285
102,15/06/2024 , 20:00:00,3277,3277
103,15/06/2024 , 21:00:00,3272,3272
104,15/06/2024 , 22:00:00,3266,3266
105,15/06/2024 , 23:00:00,3257,3257
106,15/06/2024 , 23:59:59,3252,3252
107,16/06/2024 , 01:00:00,3244,3244
108,16/06/2024 , 02:00:00,3240,3240
109,16/06/2024 , 03:00:00,3236,3236
110,16/06/2024 , 04:00:00,3234,3234
111,16/06/2024 , 05:00:00,3232,3232
112,16/06/2024 , 06:00:00,3230,3230
113,16/06/2024 , 07:00:00,3230,3230
114,16/06/2024 , 08:00:00,3229,3229
115,16/06/2024 , 09:00:00,3229,3229
116,16/06/2024 , 10:00:00,3229,3229
117,16/06/2024 , 11:00:00,3228,3228
118,16/06/2024 , 12:00:00,3228,3228
119,16/06/2024 , 13:00:00,3227,3227
120,16/06/2024 , 14:00:00,3227,3227
121,16/06/2024 , 15:00:00,3227,3227
122,16/06/2024 , 16:00:00,3224,3224
123,16/06/2024 , 17:00:00,3224,3224
124,16/06/2024 , 18:00:00,3224,3224
125,16/06/2024 , 19:00:00,3222,3222
126,16/06/2024 , 20:00:00,3221,3221
127,16/06/2024 , 21:00:00,3221,3221
128,16/06/2024 , 22:00:00,3221,3221
129,16/06/2024 , 23:00:00,3221,3221
130,16/06/2024 , 23:59:59,3221,3221
131,17/06/2024 , 01:00:00,3221,3221
132,17/06/2024 , 02:00:00,3221,3221
133,17/06/2024 , 03:00:00,3221,3221
134,17/06/2024 , 04:00:00,3222,3222
135,17/06/2024 , 05:00:00,3224,3224
136,17/06/2024 , 06:00:00,3225,3225
137,17/06/2024 , 07:00:00,3226,3226
138,17/06/2024 , 08:00:00,3236,3236
139,17/06/2024 , 09:00:00,3245,3245
140,17/06/2024 , 10:00:00,3257,3257
141,17/06/2024 , 11:00:00,3266,3266
142,17/06/2024 , 12:00:00,3272,3272
143,17/06/2024 , 13:00:00,3276,3276
144,17/06/2024 , 14:00:00,3288,3288
145,17/06/2024 , 15:00:00,2922,2922
146,17/06/2024 , 16:00:00,2061,2061
147,17/06/2024 , 17:00:00,1037,1037
148,17/06/2024 , 18:00:00,269,269
149,17/06/2024 , 19:00:00,269,269
150,17/06/2024 , 20:00:00,65293,65293
151,17/06/2024 , 21:00:00,64524,64524
152,17/06/2024 , 22:00:00,62988,62988
153,17/06/2024 , 23:00:00,62220,62220
154,17/06/2024 , 23:59:59,61452,61452
155,18/06/2024 , 01:00:00,60428,60428
156,18/06/2024 , 02:00:00,59660,59660
157,18/06/2024 , 03:00:00,58892,58892
158,18/06/2024 , 04:00:00,58124,58124
159,18/06/2024 , 05:00:00,57356,57356
160,18/06/2024 , 06:00:00,56844,56844
161,18/06/2024 , 07:00:00,56588,56588
162,18/06/2024 , 08:00:00,56076,56076
163,18/06/2024 , 09:00:00,55308,55308
164,18/06/2024 , 10:00:00,55308,55308
165,18/06/2024 , 11:00:00,54284,54284
166,18/06/2024 , 12:00:00,53772,53772
167,18/06/2024 , 13:00:00,53772,53772
168,18/06/2024 , 14:00:00,53260,53260
169,18/06/2024 , 15:00:00,53004,53004
170,18/06/2024 , 16:00:00,52236,52236
171,18/06/2024 , 17:00:00,52236,52236
172,18/06/2024 , 18:00:00,51468,51468
173,18/06/2024 , 19:00:00,51468,51468
174,18/06/2024 , 20:00:00,50700,50700
175,18/06/2024 , 21:00:00,49676,49676
176,18/06/2024 , 22:00:00,46348,46348
177,18/06/2024 , 23:00:00,45580,45580
178,18/06/2024 , 23:59:59,44812,44812
179,19/06/2024 , 01:00:00,44044,44044
180,19/06/2024 , 02:00:00,43276,43276
181,19/06/2024 , 03:00:00,42508,42508
182,19/06/2024 , 04:00:00,41740,41740
183,19/06/2024 , 05:00:00,40972,40972
184,19/06/2024 , 06:00:00,40460,40460
185,19/06/2024 , 07:00:00,39948,39948
186,19/06/2024 , 08:00:00,38924,38924
187,19/06/2024 , 09:00:00,38924,38924
188,19/06/2024 , 10:00:00,38412,38412
189,19/06/2024 , 11:00:00,38156,38156
190,19/06/2024 , 12:00:00,38156,38156
191,19/06/2024 , 13:00:00,37644,37644
192,19/06/2024 , 14:00:00,37644,37644
193,19/06/2024 , 15:00:00,37644,37644
194,19/06/2024 , 16:00:00,37644,37644
195,19/06/2024 , 17:00:00,37388,37388
196,19/06/2024 , 18:00:00,37388,37388
197,19/06/2024 , 19:00:00,37388,37388
198,19/06/2024 , 20:00:00,37388,37388
199,19/06/2024 , 21:00:00,37388,37388
200,19/06/2024 , 22:00:00,36876,36876
201,19/06/2024 , 23:00:00,36876,36876
202,19/06/2024 , 23:59:59,36364,36364
203,20/06/2024 , 01:00:00,36108,36108
204,20/06/2024 , 02:00:00,35852,35852
205,20/06/2024 , 03:00:00,35340,35340
206,20/06/2024 , 04:00:00,35340,35340
207,20/06/2024 , 05:00:00,35084,35084
208,20/06/2024 , 06:00:00,35084,35084
209,20/06/2024 , 07:00:00,34828,34828
210,20/06/2024 , 08:00:00,34316,34316
211,20/06/2024 , 09:00:00,34572,34572
212,20/06/2024 , 10:00:00,34316,34316
213,20/06/2024 , 11:00:00,33804,33804
214,20/06/2024 , 12:00:00,33804,33804
215,20/06/2024 , 13:00:00,33804,33804
216,20/06/2024 , 14:00:00,33804,33804
217,20/06/2024 , 15:00:00,33804,33804
218,20/06/2024 , 16:00:00,33804,33804
219,20/06/2024 , 17:00:00,33804,33804
220,20/06/2024 , 18:00:00,33804,33804
221,20/06/2024 , 19:00:00,33804,33804
222,20/06/2024 , 20:00:00,33804,33804
223,20/06/2024 , 21:00:00,34060,34060
224,20/06/2024 , 22:00:00,33804,33804
225,20/06/2024 , 23:00:00,33804,33804
226,20/06/2024 , 23:59:59,33292,33292
227,21/06/2024 , 01:00:00,32780,32780
228,21/06/2024 , 02:00:00,32268,32268
229,21/06/2024 , 03:00:00,32012,32012
230,21/06/2024 , 04:00:00,31756,31756
231,21/06/2024 , 05:00:00,31500,31500
232,21/06/2024 , 06:00:00,31500,31500
233,21/06/2024 , 07:00:00,31244,31244
234,21/06/2024 , 08:00:00,30988,30988
235,21/06/2024 , 09:00:00,30988,30988
236,21/06/2024 , 10:00:00,30476,30476
237,21/06/2024 , 11:00:00,30732,30732
238,21/06/2024 , 12:00:00,30476,30476
239,21/06/2024 , 13:00:00,30476,30476
240,21/06/2024 , 14:00:00,30476,30476
241,21/06/2024 , 15:00:00,30476,30476
242,21/06/2024 , 16:00:00,30476,30476
243,21/06/2024 , 17:00:00,30476,30476
244,21/06/2024 , 18:00:00,30476,30476
245,21/06/2024 , 19:00:00,30476,30476
246,21/06/2024 , 20:00:00,30732,30732
247,21/06/2024 , 21:00:00,30476,30476
248,21/06/2024 , 22:00:00,30476,30476
249,21/06/2024 , 23:00:00,30220,30220
250,21/06/2024 , 23:59:59,29708,29708
251,22/06/2024 , 01:00:00,29196,29196
252,22/06/2024 , 02:00:00,28684,28684
253,22/06/2024 , 03:00:00,28172,28172
254,22/06/2024 , 04:00:00,27916,27916
255,22/06/2024 , 05:00:00,27916,27916
256,22/06/2024 , 06:00:00,25612,25612
257,22/06/2024 , 07:00:00,25100,25100
258,22/06/2024 , 08:00:00,24844,24844
259,22/06/2024 , 09:00:00,24844,24844
260,22/06/2024 , 10:00:00,24588,24588
261,22/06/2024 , 11:00:00,24588,24588
262,22/06/2024 , 12:00:00,24588,24588
263,22/06/2024 , 13:00:00,24588,24588
264,22/06/2024 , 14:00:00,24076,24076
265,22/06/2024 , 15:00:00,24076,24076
266,22/06/2024 , 16:00:00,23820,23820
267,22/06/2024 , 17:00:00,23820,23820
268,22/06/2024 , 18:00:00,25868,25868
269,22/06/2024 , 19:00:00,58124,58124
270,22/06/2024 , 20:00:00,12812,12812
271,22/06/2024 , 21:00:00,14093,14093
272,22/06/2024 , 22:00:00,13581,13581
273,22/06/2024 , 23:00:00,11277,11277
274,22/06/2024 , 23:59:59,15373,15373
275,23/06/2024 , 01:00:00,10509,10509
276,23/06/2024 , 02:00:00,6925,6925
277,23/06/2024 , 03:00:00,4877,4877
278,23/06/2024 , 04:00:00,3341,3341
279,23/06/2024 , 05:00:00,2317,2317
280,23/06/2024 , 06:00:00,1037,1037
281,23/06/2024 , 07:00:00,269,269
282,23/06/2024 , 08:00:00,65293,65293
283,23/06/2024 , 09:00:00,64524,64524
284,23/06/2024 , 10:00:00,64012,64012
285,23/06/2024 , 11:00:00,62732,62732
286,23/06/2024 , 12:00:00,62220,62220
287,23/06/2024 , 13:00:00,62220,62220
288,23/06/2024 , 14:00:00,61452,61452
289,23/06/2024 , 15:00:00,61196,61196
290,23/06/2024 , 16:00:00,60940,60940
291,23/06/2024 , 17:00:00,60172,60172
292,23/06/2024 , 18:00:00,59404,59404
293,23/06/2024 , 19:00:00,58892,58892
294,23/06/2024 , 20:00:00,58636,58636
295,23/06/2024 , 21:00:00,58636,58636
296,23/06/2024 , 22:00:00,58636,58636
297,23/06/2024 , 23:00:00,58124,58124
298,23/06/2024 , 23:59:59,57612,57612
299,24/06/2024 , 01:00:00,57100,57100
300,24/06/2024 , 02:00:00,56076,56076
301,24/06/2024 , 03:00:00,55308,55308
302,24/06/2024 , 04:00:00,54540,54540
303,24/06/2024 , 05:00:00,53772,53772
304,24/06/2024 , 06:00:00,53004,53004
305,24/06/2024 , 07:00:00,51468,51468
306,24/06/2024 , 08:00:00,50700,50700
307,24/06/2024 , 09:00:00,49676,49676
308,24/06/2024 , 10:00:00,48396,48396
309,24/06/2024 , 11:00:00,47884,47884
310,24/06/2024 , 12:00:00,47628,47628
311,24/06/2024 , 13:00:00,47116,47116
312,24/06/2024 , 14:00:00,47372,47372
313,24/06/2024 , 15:00:00,46860,46860
314,24/06/2024 , 16:00:00,46860,46860
315,24/06/2024 , 17:00:00,44300,44300
316,24/06/2024 , 18:00:00,44044,44044
317,24/06/2024 , 19:00:00,44044,44044
318,24/06/2024 , 20:00:00,43788,43788
319,24/06/2024 , 21:00:00,43276,43276
320,24/06/2024 , 22:00:00,43276,43276
321,24/06/2024 , 23:00:00,42764,42764
322,24/06/2024 , 23:59:59,42252,42252
323,25/06/2024 , 01:00:00,41740,41740
324,25/06/2024 , 02:00:00,41228,41228
325,25/06/2024 , 03:00:00,40460,40460
326,25/06/2024 , 04:00:00,39692,39692
327,25/06/2024 , 05:00:00,39180,39180
328,25/06/2024 , 06:00:00,38668,38668
329,25/06/2024 , 07:00:00,38412,38412
330,25/06/2024 , 08:00:00,37900,37900
331,25/06/2024 , 09:00:00,37644,37644
332,25/06/2024 , 10:00:00,36876,36876
333,25/06/2024 , 11:00:00,36876,36876
334,25/06/2024 , 12:00:00,36364,36364
335,25/06/2024 , 13:00:00,36364,36364
336,25/06/2024 , 14:00:00,36620,36620
337,25/06/2024 , 15:00:00,36364,36364
338,25/06/2024 , 16:00:00,36364,36364
339,25/06/2024 , 17:00:00,36364,36364
340,25/06/2024 , 18:00:00,36364,36364
341,25/06/2024 , 19:00:00,36364,36364
342,25/06/2024 , 20:00:00,36108,36108
343,25/06/2024 , 21:00:00,36364,36364
344,25/06/2024 , 22:00:00,36108,36108
345,25/06/2024 , 23:00:00,35852,35852
346,25/06/2024 , 23:59:59,35852,35852
347,26/06/2024 , 01:00:00,35596,35596
348,26/06/2024 , 02:00:00,35340,35340
349,26/06/2024 , 03:00:00,35084,35084
350,26/06/2024 , 04:00:00,34828,34828
351,26/06/2024 , 05:00:00,34828,34828
352,26/06/2024 , 06:00:00,34572,34572
353,26/06/2024 , 07:00:00,34572,34572
354,26/06/2024 , 08:00:00,34572,34572
355,26/06/2024 , 09:00:00,34572,34572
356,26/06/2024 , 10:00:00,34316,34316
357,26/06/2024 , 11:00:00,34572,34572
358,26/06/2024 , 12:00:00,34572,34572
359,26/06/2024 , 13:00:00,34572,34572
360,26/06/2024 , 14:00:00,34316,34316
361,26/06/2024 , 15:00:00,34316,34316
362,26/06/2024 , 16:00:00,34060,34060
363,26/06/2024 , 17:00:00,34316,34316
364,26/06/2024 , 18:00:00,34060,34060
365,26/06/2024 , 19:00:00,34316,34316
366,26/06/2024 , 20:00:00,34316,34316
367,26/06/2024 , 21:00:00,33804,33804
368,26/06/2024 , 22:00:00,33548,33548
369,26/06/2024 , 23:00:00,33804,33804
370,26/06/2024 , 23:59:59,33292,33292
371,27/06/2024 , 01:00:00,33292,33292
372,27/06/2024 , 02:00:00,33292,33292
373,27/06/2024 , 03:00:00,33292,33292
374,27/06/2024 , 04:00:00,33292,33292
375,27/06/2024 , 05:00:00,33292,33292
376,27/06/2024 , 06:00:00,33292,33292
377,27/06/2024 , 07:00:00,33292,33292
378,27/06/2024 , 08:00:00,33548,33548
379,27/06/2024 , 09:00:00,43020,43020
380,27/06/2024 , 10:00:00,58380,58380
381,27/06/2024 , 11:00:00,64524,64524
382,27/06/2024 , 12:00:00,2572,2572
383,27/06/2024 , 13:00:00,3341,3341
384,27/06/2024 , 14:00:00,3085,3085
385,27/06/2024 , 15:00:00,2573,2573
386,27/06/2024 , 16:00:00,1549,1549
387,27/06/2024 , 17:00:00,781,781
388,27/06/2024 , 18:00:00,269,269
389,27/06/2024 , 19:00:00,65293,65293
390,27/06/2024 , 20:00:00,65036,65036
391,27/06/2024 , 21:00:00,64268,64268
392,27/06/2024 , 22:00:00,62988,62988
393,27/06/2024 , 23:00:00,62476,62476
394,27/06/2024 , 23:59:59,62220,62220
395,28/06/2024 , 01:00:00,30988,30988
396,28/06/2024 , 02:00:00,23053,23053
397,28/06/2024 , 03:00:00,20237,20237
398,28/06/2024 , 04:00:00,18445,18445
399,28/06/2024 , 05:00:00,16141,16141
400,28/06/2024 , 06:00:00,14093,14093
401,28/06/2024 , 07:00:00,12813,12813
402,28/06/2024 , 08:00:00,11021,11021
403,28/06/2024 , 09:00:00,9741,9741
404,28/06/2024 , 10:00:00,8717,8717
405,28/06/2024 , 11:00:00,7693,7693
406,28/06/2024 , 12:00:00,6669,6669
407,28/06/2024 , 13:00:00,5645,5645
408,28/06/2024 , 14:00:00,4877,4877
409,28/06/2024 , 15:00:00,3853,3853
410,28/06/2024 , 16:00:00,3085,3085
411,28/06/2024 , 17:00:00,2317,2317
412,28/06/2024 , 18:00:00,1293,1293
413,28/06/2024 , 19:00:00,269,269
414,28/06/2024 , 20:00:00,13,13
415,28/06/2024 , 21:00:00,65037,65037
416,28/06/2024 , 22:00:00,64524,64524
417,28/06/2024 , 23:00:00,64012,64012
418,28/06/2024 , 23:59:59,63756,63756
419,29/06/2024 , 01:00:00,62220,62220
420,29/06/2024 , 02:00:00,62220,62220
421,29/06/2024 , 03:00:00,61708,61708
422,29/06/2024 , 04:00:00,61196,61196
423,29/06/2024 , 05:00:00,60428,60428
424,29/06/2024 , 06:00:00,59916,59916
425,29/06/2024 , 07:00:00,59660,59660
426,29/06/2024 , 08:00:00,59148,59148
427,29/06/2024 , 09:00:00,58380,58380
428,29/06/2024 , 10:00:00,58124,58124
429,29/06/2024 , 11:00:00,57868,57868
430,29/06/2024 , 12:00:00,57356,57356
431,29/06/2024 , 13:00:00,57100,57100
432,29/06/2024 , 14:00:00,56844,56844
433,29/06/2024 , 15:00:00,56588,56588
434,29/06/2024 , 16:00:00,56332,56332
435,29/06/2024 , 17:00:00,56076,56076
436,29/06/2024 , 18:00:00,55564,55564
437,29/06/2024 , 19:00:00,55564,55564
438,29/06/2024 , 20:00:00,55308,55308
439,29/06/2024 , 21:00:00,55052,55052
440,29/06/2024 , 22:00:00,54540,54540
441,29/06/2024 , 23:00:00,54028,54028
442,29/06/2024 , 23:59:59,53516,53516
443,30/06/2024 , 01:00:00,53004,53004
444,30/06/2024 , 02:00:00,51980,51980
445,30/06/2024 , 03:00:00,51212,51212
446,30/06/2024 , 04:00:00,50700,50700
447,30/06/2024 , 05:00:00,49420,49420
448,30/06/2024 , 06:00:00,48396,48396
449,30/06/2024 , 07:00:00,47628,47628
450,30/06/2024 , 08:00:00,47372,47372
451,30/06/2024 , 09:00:00,44812,44812
452,30/06/2024 , 10:00:00,44300,44300
453,30/06/2024 , 11:00:00,44300,44300
454,30/06/2024 , 12:00:00,43788,43788
455,30/06/2024 , 13:00:00,43532,43532
456,30/06/2024 , 14:00:00,43276,43276
457,30/06/2024 , 15:00:00,43020,43020
458,30/06/2024 , 16:00:00,42764,42764
459,30/06/2024 , 17:00:00,43020,43020
460,30/06/2024 , 18:00:00,43020,43020
461,30/06/2024 , 19:00:00,42508,42508
462,30/06/2024 , 20:00:00,42508,42508
463,30/06/2024 , 21:00:00,42508,42508
464,30/06/2024 , 22:00:00,42508,42508
465,30/06/2024 , 23:00:00,41740,41740
466,30/06/2024 , 23:59:59,41484,41484
467,01/07/2024 , 01:00:00,41228,41228
468,01/07/2024 , 02:00:00,40460,40460
469,01/07/2024 , 03:00:00,39436,39436
470,01/07/2024 , 04:00:00,38924,38924
471,01/07/2024 , 05:00:00,38412,38412
472,01/07/2024 , 06:00:00,38156,38156
473,01/07/2024 , 07:00:00,37644,37644
474,01/07/2024 , 08:00:00,37644,37644
475,01/07/2024 , 09:00:00,37132,37132
476,01/07/2024 , 10:00:00,36620,36620
477,01/07/2024 , 11:00:00,36364,36364
478,01/07/2024 , 12:00:00,36364,36364
479,01/07/2024 , 13:00:00,36364,36364
480,01/07/2024 , 14:00:00,36364,36364
481,01/07/2024 , 15:00:00,36108,36108
482,01/07/2024 , 16:00:00,36108,36108
483,01/07/2024 , 17:00:00,36364,36364
484,01/07/2024 , 18:00:00,35852,35852
485,01/07/2024 , 19:00:00,35852,35852
486,01/07/2024 , 20:00:00,36364,36364
487,01/07/2024 , 21:00:00,36364,36364
488,01/07/2024 , 22:00:00,35852,35852
489,01/07/2024 , 23:00:00,35852,35852
490,01/07/2024 , 23:59:59,35596,35596
491,02/07/2024 , 01:00:00,35340,35340
492,02/07/2024 , 02:00:00,35340,35340
493,02/07/2024 , 03:00:00,34572,34572
494,02/07/2024 , 04:00:00,34572,34572
495,02/07/2024 , 05:00:00,34316,34316
496,02/07/2024 , 06:00:00,34316,34316
497,02/07/2024 , 07:00:00,34060,34060
498,02/07/2024 , 08:00:00,33804,33804
499,02/07/2024 , 09:00:00,33548,33548
500,02/07/2024 , 10:00:00,33804,33804
501,02/07/2024 , 11:00:00,33804,33804
502,02/07/2024 , 12:00:00,33548,33548
503,02/07/2024 , 13:00:00,33292,33292
504,02/07/2024 , 14:00:00,33292,33292
505,02/07/2024 , 15:00:00,33292,33292
506,02/07/2024 , 16:00:00,35084,35084
507,02/07/2024 , 17:00:00,34316,34316
508,02/07/2024 , 18:00:00,34316,34316
509,02/07/2024 , 19:00:00,34316,34316
510,02/07/2024 , 20:00:00,34316,34316
511,02/07/2024 , 21:00:00,34316,34316
512,02/07/2024 , 22:00:00,33804,33804
513,02/07/2024 , 23:00:00,34060,34060
514,02/07/2024 , 23:59:59,32780,32780
515,03/07/2024 , 01:00:00,32012,32012
516,03/07/2024 , 02:00:00,31756,31756
517,03/07/2024 , 03:00:00,32012,32012
518,03/07/2024 , 04:00:00,33036,33036
519,03/07/2024 , 05:00:00,30988,30988
520,03/07/2024 , 06:00:00,30220,30220
521,03/07/2024 , 07:00:00,29196,29196
522,03/07/2024 , 08:00:00,29196,29196
523,03/07/2024 , 09:00:00,29964,29964
524,03/07/2024 , 10:00:00,29196,29196
525,03/07/2024 , 11:00:00,29964,29964
526,03/07/2024 , 12:00:00,28684,28684
527,03/07/2024 , 13:00:00,28172,28172
528,03/07/2024 , 14:00:00,28172,28172
529,03/07/2024 , 15:00:00,28428,28428
530,03/07/2024 , 16:00:00,28172,28172
531,03/07/2024 , 17:00:00,28172,28172
532,03/07/2024 , 18:00:00,27660,27660
533,03/07/2024 , 19:00:00,27404,27404
534,03/07/2024 , 20:00:00,27148,27148
535,03/07/2024 , 21:00:00,27148,27148
536,03/07/2024 , 22:00:00,27660,27660
537,03/07/2024 , 23:00:00,27404,27404
538,03/07/2024 , 23:59:59,27404,27404
539,04/07/2024 , 01:00:00,27148,27148
540,04/07/2024 , 02:00:00,26892,26892
541,04/07/2024 , 03:00:00,26892,26892
542,04/07/2024 , 04:00:00,26636,26636
543,04/07/2024 , 05:00:00,24588,24588
544,04/07/2024 , 06:00:00,24332,24332
545,04/07/2024 , 07:00:00,24076,24076
546,04/07/2024 , 08:00:00,23820,23820
547,04/07/2024 , 09:00:00,23820,23820
548,04/07/2024 , 10:00:00,23564,23564
549,04/07/2024 , 11:00:00,24844,24844
550,04/07/2024 , 12:00:00,23564,23564
551,04/07/2024 , 13:00:00,23052,23052
552,04/07/2024 , 14:00:00,22796,22796
553,04/07/2024 , 15:00:00,24588,24588
554,04/07/2024 , 16:00:00,22540,22540
555,04/07/2024 , 17:00:00,22284,22284
556,04/07/2024 , 18:00:00,22540,22540
557,04/07/2024 , 19:00:00,22540,22540
558,04/07/2024 , 20:00:00,22284,22284
559,04/07/2024 , 21:00:00,22028,22028
560,04/07/2024 , 22:00:00,21772,21772
561,04/07/2024 , 23:00:00,21516,21516
562,04/07/2024 , 23:59:59,21260,21260
563,05/07/2024 , 01:00:00,21004,21004
564,05/07/2024 , 02:00:00,20748,20748
565,05/07/2024 , 03:00:00,20748,20748
566,05/07/2024 , 04:00:00,20748,20748
567,05/07/2024 , 05:00:00,20748,20748
568,05/07/2024 , 06:00:00,23820,23820
569,05/07/2024 , 07:00:00,23820,23820
570,05/07/2024 , 08:00:00,23308,23308
571,05/07/2024 , 09:00:00,23052,23052
572,05/07/2024 , 10:00:00,23052,23052
573,05/07/2024 , 11:00:00,23052,23052
574,05/07/2024 , 12:00:00,23052,23052
575,05/07/2024 , 13:00:00,23052,23052
576,05/07/2024 , 14:00:00,22796,22796
577,05/07/2024 , 15:00:00,22284,22284
578,05/07/2024 , 16:00:00,22028,22028
579,05/07/2024 , 17:00:00,21516,21516
580,05/07/2024 , 18:00:00,21772,21772
581,05/07/2024 , 19:00:00,21260,21260
582,05/07/2024 , 20:00:00,21516,21516
583,05/07/2024 , 21:00:00,21260,21260
584,05/07/2024 , 22:00:00,21516,21516
585,05/07/2024 , 23:00:00,21260,21260
586,05/07/2024 , 23:59:59,21260,21260
587,06/07/2024 , 01:00:00,21004,21004
588,06/07/2024 , 02:00:00,21004,21004
589,06/07/2024 , 03:00:00,20748,20748
590,06/07/2024 , 04:00:00,20236,20236
591,06/07/2024 , 05:00:00,20492,20492
592,06/07/2024 , 06:00:00,19980,19980
593,06/07/2024 , 07:00:00,19724,19724
594,06/07/2024 , 08:00:00,19212,19212
595,06/07/2024 , 09:00:00,18956,18956
596,06/07/2024 , 10:00:00,18700,18700
597,06/07/2024 , 11:00:00,18700,18700
598,06/07/2024 , 12:00:00,18700,18700
599,06/07/2024 , 13:00:00,18444,18444
600,06/07/2024 , 14:00:00,18188,18188
601,06/07/2024 , 15:00:00,18188,18188
602,06/07/2024 , 16:00:00,18188,18188
603,06/07/2024 , 17:00:00,18188,18188
604,06/07/2024 , 18:00:00,17932,17932
605,06/07/2024 , 19:00:00,17932,17932
606,06/07/2024 , 20:00:00,17676,17676
607,06/07/2024 , 21:00:00,17676,17676
608,06/07/2024 , 22:00:00,17676,17676
609,06/07/2024 , 23:00:00,17420,17420
610,06/07/2024 , 23:59:59,17164,17164
611,07/07/2024 , 01:00:00,16908,16908
612,07/07/2024 , 02:00:00,16908,16908
613,07/07/2024 , 03:00:00,16396,16396
614,07/07/2024 , 04:00:00,16652,16652
615,07/07/2024 , 05:00:00,15628,15628
616,07/07/2024 , 06:00:00,15628,15628
617,07/07/2024 , 07:00:00,15884,15884
618,07/07/2024 , 08:00:00,16140,16140
619,07/07/2024 , 09:00:00,16140,16140
620,07/07/2024 , 10:00:00,16140,16140
621,07/07/2024 , 11:00:00,15884,15884
622,07/07/2024 , 12:00:00,15628,15628
623,07/07/2024 , 13:00:00,15372,15372
624,07/07/2024 , 14:00:00,15116,15116
625,07/07/2024 , 15:00:00,14604,14604
626,07/07/2024 , 16:00:00,14348,14348
627,07/07/2024 , 17:00:00,14092,14092
628,07/07/2024 , 18:00:00,13836,13836
629,07/07/2024 , 19:00:00,13836,13836
630,07/07/2024 , 20:00:00,13836,13836
631,07/07/2024 , 21:00:00,13836,13836
632,07/07/2024 , 22:00:00,13836,13836
633,07/07/2024 , 23:00:00,13580,13580
634,07/07/2024 , 23:59:59,13580,13580
635,08/07/2024 , 01:00:00,13324,13324
636,08/07/2024 , 02:00:00,13324,13324
637,08/07/2024 , 03:00:00,13068,13068
638,08/07/2024 , 04:00:00,12812,12812
639,08/07/2024 , 05:00:00,12556,12556
640,08/07/2024 , 06:00:00,12300,12300
641,08/07/2024 , 07:00:00,12300,12300
642,08/07/2024 , 08:00:00,11788,11788
643,08/07/2024 , 09:00:00,11788,11788
644,08/07/2024 , 10:00:00,11532,11532
645,08/07/2024 , 11:00:00,11276,11276
646,08/07/2024 , 12:00:00,11020,11020
647,08/07/2024 , 13:00:00,10508,10508
648,08/07/2024 , 14:00:00,10508,10508
649,08/07/2024 , 15:00:00,9996,9996
650,08/07/2024 , 16:00:00,9740,9740
651,08/07/2024 , 17:00:00,9484,9484
652,08/07/2024 , 18:00:00,9228,9228
653,08/07/2024 , 19:00:00,9228,9228
654,08/07/2024 , 20:00:00,8972,8972
655,08/07/2024 , 21:00:00,8972,8972
656,08/07/2024 , 22:00:00,8716,8716
657,08/07/2024 , 23:00:00,8716,8716
658,08/07/2024 , 23:59:59,8204,8204
659,09/07/2024 , 01:00:00,8204,8204
660,09/07/2024 , 02:00:00,8204,8204
661,09/07/2024 , 03:00:00,8204,8204
662,09/07/2024 , 04:00:00,8204,8204
663,09/07/2024 , 05:00:00,8204,8204
664,09/07/2024 , 06:00:00,8204,8204
665,09/07/2024 , 07:00:00,7948,7948
666,09/07/2024 , 08:00:00,7948,7948
667,09/07/2024 , 09:00:00,7692,7692
668,09/07/2024 , 10:00:00,7692,7692
669,09/07/2024 , 11:00:00,7692,7692
670,09/07/2024 , 12:00:00,7692,7692
671,09/07/2024 , 13:00:00,7692,7692
672,09/07/2024 , 14:00:00,7692,7692
673,09/07/2024 , 15:00:00,7436,7436
674,09/07/2024 , 16:00:00,7692,7692
675,09/07/2024 , 17:00:00,7436,7436
676,09/07/2024 , 18:00:00,7436,7436
677,09/07/2024 , 19:00:00,7436,7436
678,09/07/2024 , 20:00:00,7436,7436
679,09/07/2024 , 21:00:00,7180,7180
680,09/07/2024 , 22:00:00,7180,7180
681,09/07/2024 , 23:00:00,6924,6924
682,09/07/2024 , 23:59:59,7180,7180
683,10/07/2024 , 01:00:00,6924,6924
684,10/07/2024 , 02:00:00,6924,6924
685,10/07/2024 , 03:00:00,6668,6668
686,10/07/2024 , 04:00:00,6412,6412
687,10/07/2024 , 05:00:00,6156,6156
688,10/07/2024 , 06:00:00,6156,6156
689,10/07/2024 , 07:00:00,5900,5900
690,10/07/2024 , 08:00:00,5644,5644
691,10/07/2024 , 09:00:00,5644,5644
692,10/07/2024 , 10:00:00,5132,5132
693,10/07/2024 , 11:00:00,5132,5132
694,10/07/2024 , 12:00:00,4876,4876
695,10/07/2024 , 13:00:00,4876,4876
696,10/07/2024 , 14:00:00,4620,4620
697,10/07/2024 , 15:00:00,4364,4364
698,10/07/2024 , 16:00:00,4108,4108
699,10/07/2024 , 17:00:00,4108,4108
700,10/07/2024 , 18:00:00,3852,3852
701,10/07/2024 , 19:00:00,3852,3852
702,10/07/2024 , 20:00:00,3596,3596
703,10/07/2024 , 21:00:00,3340,3340
704,10/07/2024 , 22:00:00,3340,3340
705,10/07/2024 , 23:00:00,3084,3084
706,10/07/2024 , 23:59:59,3084,3084
707,11/07/2024 , 01:00:00,2828,2828
708,11/07/2024 , 02:00:00,2572,2572
709,11/07/2024 , 03:00:00,2316,2316
710,11/07/2024 , 04:00:00,2060,2060
711,11/07/2024 , 05:00:00,1804,1804
712,11/07/2024 , 06:00:00,1804,1804
713,11/07/2024 , 07:00:00,1548,1548
714,11/07/2024 , 08:00:00,1292,1292
715,11/07/2024 , 09:00:00,1292,1292
716,11/07/2024 , 10:00:00,1036,1036
717,11/07/2024 , 11:00:00,1292,1292
718,11/07/2024 , 12:00:00,2060,2060
719,11/07/2024 , 13:00:00,2316,2316
720,11/07/2024 , 14:00:00,2316,2316
721,11/07/2024 , 15:00:00,2316,2316
722,11/07/2024 , 16:00:00,2316,2316
723,11/07/2024 , 17:00:00,2060,2060
724,11/07/2024 , 18:00:00,2316,2316
725,11/07/2024 , 19:00:00,10764,10764
726,11/07/2024 , 20:00:00,35340,35340
727,11/07/2024 , 21:00:00,63756,63756
728,11/07/2024 , 22:00:00,61196,61196
729,11/07/2024 , 23:00:00,59660,59660
730,11/07/2024 , 23:59:59,57868,57868
731,12/07/2024 , 01:00:00,56844,56844
732,12/07/2024 , 02:00:00,55308,55308
733,12/07/2024 , 03:00:00,53772,53772
734,12/07/2024 , 04:00:00,51724,51724
735,12/07/2024 , 05:00:00,49420,49420
736,12/07/2024 , 06:00:00,45580,45580
737,12/07/2024 , 07:00:00,44812,44812
738,12/07/2024 , 08:00:00,43788,43788
739,12/07/2024 , 09:00:00,42764,42764
740,12/07/2024 , 10:00:00,41740,41740
741,12/07/2024 , 11:00:00,41484,41484
742,12/07/2024 , 12:00:00,40972,40972
743,12/07/2024 , 13:00:00,40460,40460
744,12/07/2024 , 14:00:00,39948,39948
745,12/07/2024 , 15:00:00,39948,39948
746,12/07/2024 , 16:00:00,39692,39692
747,12/07/2024 , 17:00:00,39436,39436
748,12/07/2024 , 18:00:00,39692,39692
749,12/07/2024 , 19:00:00,39436,39436
750,12/07/2024 , 20:00:00,39436,39436
751,12/07/2024 , 21:00:00,39180,39180
752,12/07/2024 , 22:00:00,39180,39180
753,12/07/2024 , 23:00:00,39180,39180
754,12/07/2024 , 23:59:59,38668,38668
755,13/07/2024 , 01:00:00,38412,38412
756,13/07/2024 , 02:00:00,37900,37900
757,13/07/2024 , 03:00:00,37388,37388
758,13/07/2024 , 04:00:00,36876,36876
759,13/07/2024 , 05:00:00,36364,36364
760,13/07/2024 , 06:00:00,35852,35852
761,13/07/2024 , 07:00:00,35340,35340
762,13/07/2024 , 08:00:00,35084,35084
763,13/07/2024 , 09:00:00,34316,34316
764,13/07/2024 , 10:00:00,34060,34060
765,13/07/2024 , 11:00:00,33804,33804
766,13/07/2024 , 12:00:00,33548,33548
767,13/07/2024 , 13:00:00,33548,33548
768,13/07/2024 , 14:00:00,33036,33036
769,13/07/2024 , 15:00:00,32268,32268
770,13/07/2024 , 16:00:00,31756,31756
771,13/07/2024 , 17:00:00,30988,30988
772,13/07/2024 , 18:00:00,30220,30220
773,13/07/2024 , 19:00:00,30220,30220
774,13/07/2024 , 20:00:00,29964,29964
775,13/07/2024 , 21:00:00,29964,29964
776,13/07/2024 , 22:00:00,29708,29708
777,13/07/2024 , 23:00:00,29708,29708
778,13/07/2024 , 23:59:59,29196,29196
779,14/07/2024 , 01:00:00,28684,28684
780,14/07/2024 , 02:00:00,25868,25868
781,14/07/2024 , 03:00:00,25100,25100
782,14/07/2024 , 04:00:00,24588,24588
783,14/07/2024 , 05:00:00,24076,24076
784,14/07/2024 , 06:00:00,23820,23820
785,14/07/2024 , 07:00:00,23308,23308
786,14/07/2024 , 08:00:00,22796,22796
787,14/07/2024 , 09:00:00,22540,22540
788,14/07/2024 , 10:00:00,22028,22028
789,14/07/2024 , 11:00:00,21516,21516
790,14/07/2024 , 12:00:00,21260,21260
791,14/07/2024 , 13:00:00,20748,20748
792,14/07/2024 , 14:00:00,20492,20492
793,14/07/2024 , 15:00:00,20236,20236
794,14/07/2024 , 16:00:00,19980,19980
795,14/07/2024 , 17:00:00,19724,19724
796,14/07/2024 , 18:00:00,19724,19724
797,14/07/2024 , 19:00:00,19468,19468
798,14/07/2024 , 20:00:00,19468,19468
799,14/07/2024 , 21:00:00,19468,19468
800,14/07/2024 , 22:00:00,19468,19468
801,14/07/2024 , 23:00:00,18956,18956
802,14/07/2024 , 23:59:59,18444,18444
803,15/07/2024 , 01:00:00,18188,18188
804,15/07/2024 , 02:00:00,17932,17932
805,15/07/2024 , 03:00:00,17420,17420
806,15/07/2024 , 04:00:00,17164,17164
807,15/07/2024 , 05:00:00,16652,16652
808,15/07/2024 , 06:00:00,16140,16140
809,15/07/2024 , 07:00:00,15884,15884
810,15/07/2024 , 08:00:00,15372,15372
811,15/07/2024 , 09:00:00,15116,15116
812,15/07/2024 , 10:00:00,14860,14860
813,15/07/2024 , 11:00:00,14604,14604
814,15/07/2024 , 12:00:00,14348,14348
815,15/07/2024 , 13:00:00,14092,14092
816,15/07/2024 , 14:00:00,13836,13836
817,15/07/2024 , 15:00:00,13836,13836
818,15/07/2024 , 16:00:00,13324,13324
819,15/07/2024 , 17:00:00,13324,13324
820,15/07/2024 , 18:00:00,12812,12812
821,15/07/2024 , 19:00:00,12812,12812
822,15/07/2024 , 20:00:00,12556,12556
823,15/07/2024 , 21:00:00,12556,12556
824,15/07/2024 , 22:00:00,12044,12044
825,15/07/2024 , 23:00:00,11532,11532
826,15/07/2024 , 23:59:59,11020,11020
827,16/07/2024 , 01:00:00,10508,10508
828,16/07/2024 , 02:00:00,10252,10252
829,16/07/2024 , 03:00:00,9740,9740
830,16/07/2024 , 04:00:00,9484,9484
831,16/07/2024 , 05:00:00,9228,9228
832,16/07/2024 , 06:00:00,8972,8972
833,16/07/2024 , 07:00:00,8716,8716
834,16/07/2024 , 08:00:00,8460,8460
835,16/07/2024 , 09:00:00,8716,8716
836,16/07/2024 , 10:00:00,8460,8460
837,16/07/2024 , 11:00:00,8460,8460
838,16/07/2024 , 12:00:00,8460,8460
839,16/07/2024 , 13:00:00,8460,8460
840,16/07/2024 , 14:00:00,8460,8460
841,16/07/2024 , 15:00:00,8204,8204
842,16/07/2024 , 16:00:00,8204,8204
843,16/07/2024 , 17:00:00,8204,8204
844,16/07/2024 , 18:00:00,8204,8204
845,16/07/2024 , 19:00:00,8204,8204
846,16/07/2024 , 20:00:00,8204,8204
847,16/07/2024 , 21:00:00,7948,7948
848,16/07/2024 , 22:00:00,8204,8204
849,16/07/2024 , 23:00:00,7948,7948
850,16/07/2024 , 23:59:59,7692,7692
851,17/07/2024 , 01:00:00,7692,7692
852,17/07/2024 , 02:00:00,7180,7180
853,17/07/2024 , 03:00:00,7180,7180
854,17/07/2024 , 04:00:00,62988,62988
855,17/07/2024 , 05:00:00,56844,56844
856,17/07/2024 , 06:00:00,54540,54540
857,17/07/2024 , 07:00:00,50444,50444
858,17/07/2024 , 08:00:00,46092,46092
859,17/07/2024 , 09:00:00,44044,44044
860,17/07/2024 , 10:00:00,42252,42252
861,17/07/2024 , 11:00:00,41228,41228
862,17/07/2024 , 12:00:00,39948,39948
863,17/07/2024 , 13:00:00,39180,39180
864,17/07/2024 , 14:00:00,39180,39180
865,17/07/2024 , 15:00:00,38668,38668
866,17/07/2024 , 16:00:00,37644,37644
867,17/07/2024 , 17:00:00,37644,37644
868,17/07/2024 , 18:00:00,37388,37388
869,17/07/2024 , 19:00:00,36876,36876
870,17/07/2024 , 20:00:00,36876,36876
871,17/07/2024 , 21:00:00,35852,35852
872,17/07/2024 , 22:00:00,35340,35340
873,17/07/2024 , 23:00:00,35340,35340
874,17/07/2024 , 23:59:59,34828,34828
875,18/07/2024 , 01:00:00,34316,34316
876,18/07/2024 , 02:00:00,15628,15628
877,18/07/2024 , 03:00:00,2317,2317
878,18/07/2024 , 04:00:00,64525,64525
879,18/07/2024 , 05:00:00,62476,62476
880,18/07/2024 , 06:00:00,60940,60940
881,18/07/2024 , 07:00:00,60428,60428
882,18/07/2024 , 08:00:00,59404,59404
883,18/07/2024 , 09:00:00,59660,59660
884,18/07/2024 , 10:00:00,30476,30476
885,18/07/2024 , 11:00:00,24845,24845
886,18/07/2024 , 12:00:00,21517,21517
887,18/07/2024 , 13:00:00,18957,18957
888,18/07/2024 , 14:00:00,15885,15885
889,18/07/2024 , 15:00:00,14093,14093
890,18/07/2024 , 16:00:00,11789,11789
891,18/07/2024 , 17:00:00,10509,10509
892,18/07/2024 , 18:00:00,9229,9229
893,18/07/2024 , 19:00:00,8205,8205
894,18/07/2024 , 20:00:00,7181,7181
895,18/07/2024 , 21:00:00,6157,6157
896,18/07/2024 , 22:00:00,6413,6413
897,18/07/2024 , 23:00:00,5901,5901
898,18/07/2024 , 23:59:59,3853,3853
899,19/07/2024 , 01:00:00,2061,2061
900,19/07/2024 , 02:00:00,1037,1037
901,19/07/2024 , 03:00:00,13,13
902,19/07/2024 , 04:00:00,64269,64269
903,19/07/2024 , 05:00:00,63500,63500
904,19/07/2024 , 06:00:00,62988,62988
905,19/07/2024 , 07:00:00,62220,62220
906,19/07/2024 , 08:00:00,61452,61452
907,19/07/2024 , 09:00:00,61196,61196
908,19/07/2024 , 10:00:00,60428,60428
909,19/07/2024 , 11:00:00,59916,59916
910,19/07/2024 , 12:00:00,59660,59660
911,19/07/2024 , 13:00:00,59404,59404
912,19/07/2024 , 14:00:00,58892,58892
913,19/07/2024 , 15:00:00,58380,58380
914,19/07/2024 , 16:00:00,58124,58124
915,19/07/2024 , 17:00:00,57868,57868
916,19/07/2024 , 18:00:00,57868,57868
917,19/07/2024 , 19:00:00,57356,57356
918,19/07/2024 , 20:00:00,57100,57100
919,19/07/2024 , 21:00:00,56588,56588
920,19/07/2024 , 22:00:00,56076,56076
921,19/07/2024 , 23:00:00,55820,55820
922,19/07/2024 , 23:59:59,55052,55052
923,20/07/2024 , 01:00:00,52748,52748
924,20/07/2024 , 02:00:00,50956,50956
925,20/07/2024 , 03:00:00,47884,47884
926,20/07/2024 , 04:00:00,46860,46860
927,20/07/2024 , 05:00:00,52492,52492
928,20/07/2024 , 06:00:00,52748,52748
929,20/07/2024 , 07:00:00,51468,51468
930,20/07/2024 , 08:00:00,50188,50188
931,20/07/2024 , 09:00:00,49676,49676
932,20/07/2024 , 10:00:00,49164,49164
933,20/07/2024 , 11:00:00,48396,48396
934,20/07/2024 , 12:00:00,47628,47628
935,20/07/2024 , 13:00:00,47116,47116
936,20/07/2024 , 14:00:00,46860,46860
937,20/07/2024 , 15:00:00,46348,46348
938,20/07/2024 , 16:00:00,46348,46348
939,20/07/2024 , 17:00:00,45836,45836
940,20/07/2024 , 18:00:00,45836,45836
941,20/07/2024 , 19:00:00,45580,45580
942,20/07/2024 , 20:00:00,45324,45324
943,20/07/2024 , 21:00:00,45068,45068
944,20/07/2024 , 22:00:00,44812,44812
945,20/07/2024 , 23:00:00,44556,44556
946,20/07/2024 , 23:59:59,43788,43788
947,21/07/2024 , 01:00:00,43532,43532
948,21/07/2024 , 02:00:00,42764,42764
949,21/07/2024 , 03:00:00,42508,42508
950,21/07/2024 , 04:00:00,41740,41740
951,21/07/2024 , 05:00:00,41228,41228
952,21/07/2024 , 06:00:00,41228,41228
953,21/07/2024 , 07:00:00,40716,40716
954,21/07/2024 , 08:00:00,40204,40204
955,21/07/2024 , 09:00:00,39948,39948
956,21/07/2024 , 10:00:00,39692,39692
957,21/07/2024 , 11:00:00,39692,39692
958,21/07/2024 , 12:00:00,39692,39692
959,21/07/2024 , 13:00:00,39692,39692
960,21/07/2024 , 14:00:00,39436,39436
961,21/07/2024 , 15:00:00,39180,39180
962,21/07/2024 , 16:00:00,39180,39180
963,21/07/2024 , 17:00:00,38924,38924
964,21/07/2024 , 18:00:00,38924,38924
965,21/07/2024 , 19:00:00,39180,39180
966,21/07/2024 , 20:00:00,39180,39180
967,21/07/2024 , 21:00:00,39180,39180
968,21/07/2024 , 22:00:00,39180,39180
969,21/07/2024 , 23:00:00,38668,38668
970,21/07/2024 , 23:59:59,38156,38156
971,22/07/2024 , 01:00:00,37388,37388
972,22/07/2024 , 02:00:00,36876,36876
973,22/07/2024 , 03:00:00,36620,36620
974,22/07/2024 , 04:00:00,36364,36364
975,22/07/2024 , 05:00:00,35852,35852
976,22/07/2024 , 06:00:00,35852,35852
977,22/07/2024 , 07:00:00,35340,35340
978,22/07/2024 , 08:00:00,35340,35340
979,22/07/2024 , 09:00:00,34828,34828
980,22/07/2024 , 10:00:00,34828,34828
981,22/07/2024 , 11:00:00,34828,34828
982,22/07/2024 , 12:00:00,34828,34828
983,22/07/2024 , 13:00:00,34572,34572
984,22/07/2024 , 14:00:00,34316,34316
985,22/07/2024 , 15:00:00,34572,34572
986,22/07/2024 , 16:00:00,34316,34316
987,22/07/2024 , 17:00:00,33804,33804
988,22/07/2024 , 18:00:00,33804,33804
989,22/07/2024 , 19:00:00,33548,33548
990,22/07/2024 , 20:00:00,33292,33292
991,22/07/2024 , 21:00:00,33292,33292
992,22/07/2024 , 22:00:00,33036,33036
993,22/07/2024 , 23:00:00,33036,33036
994,22/07/2024 , 23:59:59,32268,32268
995,23/07/2024 , 01:00:00,32012,32012
996,23/07/2024 , 02:00:00,31756,31756
997,23/07/2024 , 03:00:00,31500,31500
998,23/07/2024 , 04:00:00,31244,31244
999,23/07/2024 , 05:00:00,30988,30988
1000,23/07/2024 , 06:00:00,30732,30732
1001,23/07/2024 , 07:00:00,31500,31500
1002,23/07/2024 , 08:00:00,33548,33548
1003,23/07/2024 , 09:00:00,34060,34060
1004,23/07/2024 , 10:00:00,34828,34828
1005,23/07/2024 , 11:00:00,35340,35340
1006,23/07/2024 , 12:00:00,35852,35852
1007,23/07/2024 , 13:00:00,36620,36620
1008,23/07/2024 , 14:00:00,37388,37388
1009,23/07/2024 , 15:00:00,38156,38156
1010,23/07/2024 , 16:00:00,38412,38412
1011,23/07/2024 , 17:00:00,39180,39180
1012,23/07/2024 , 18:00:00,39948,39948
1013,23/07/2024 , 19:00:00,40460,40460
1014,23/07/2024 , 20:00:00,41484,41484
1015,23/07/2024 , 21:00:00,41996,41996
1016,23/07/2024 , 22:00:00,42252,42252
1017,23/07/2024 , 23:00:00,42252,42252
1018,23/07/2024 , 23:59:59,42764,42764
1019,24/07/2024 , 01:00:00,42508,42508
1020,24/07/2024 , 02:00:00,42508,42508
1021,24/07/2024 , 03:00:00,41740,41740
1022,24/07/2024 , 04:00:00,41228,41228
1023,24/07/2024 , 05:00:00,40972,40972
1024,24/07/2024 , 06:00:00,40716,40716
1025,24/07/2024 , 07:00:00,40972,40972
1026,24/07/2024 , 08:00:00,40204,40204
1027,24/07/2024 , 09:00:00,39948,39948
1028,24/07/2024 , 10:00:00,39692,39692
1029,24/07/2024 , 11:00:00,39436,39436
1030,24/07/2024 , 12:00:00,39180,39180
1031,24/07/2024 , 13:00:00,39180,39180
1032,24/07/2024 , 14:00:00,38668,38668
1033,24/07/2024 , 15:00:00,38412,38412
1034,24/07/2024 , 16:00:00,38156,38156
1035,24/07/2024 , 17:00:00,37644,37644
1036,24/07/2024 , 18:00:00,37132,37132
1037,24/07/2024 , 19:00:00,36876,36876
1038,24/07/2024 , 20:00:00,37132,37132
1039,24/07/2024 , 21:00:00,36876,36876
1040,24/07/2024 , 22:00:00,36876,36876
1041,24/07/2024 , 23:00:00,36876,36876
1042,24/07/2024 , 23:59:59,35852,35852
1043,25/07/2024 , 01:00:00,35852,35852
1044,25/07/2024 , 02:00:00,35084,35084
1045,25/07/2024 , 03:00:00,34828,34828
1046,25/07/2024 , 04:00:00,34572,34572
1047,25/07/2024 , 05:00:00,34316,34316
1048,25/07/2024 , 06:00:00,33804,33804
1049,25/07/2024 , 07:00:00,33292,33292
1050,25/07/2024 , 08:00:00,33036,33036
1051,25/07/2024 , 09:00:00,32012,32012
1052,25/07/2024 , 10:00:00,31756,31756
1053,25/07/2024 , 11:00:00,30732,30732
1054,25/07/2024 , 12:00:00,30220,30220
1055,25/07/2024 , 13:00:00,30220,30220
1056,25/07/2024 , 14:00:00,29452,29452
1057,25/07/2024 , 15:00:00,29196,29196
1058,25/07/2024 , 16:00:00,28684,28684
1059,25/07/2024 , 17:00:00,27916,27916
1060,25/07/2024 , 18:00:00,27148,27148
1061,25/07/2024 , 19:00:00,27148,27148
1062,25/07/2024 , 20:00:00,26636,26636
1063,25/07/2024 , 21:00:00,26892,26892
1064,25/07/2024 , 22:00:00,26892,26892
1065,25/07/2024 , 23:00:00,26892,26892
1066,25/07/2024 , 23:59:59,24844,24844
1067,26/07/2024 , 01:00:00,24332,24332
1068,26/07/2024 , 02:00:00,24076,24076
1069,26/07/2024 , 03:00:00,23564,23564
1070,26/07/2024 , 04:00:00,23564,23564
1071,26/07/2024 , 05:00:00,23308,23308
1072,26/07/2024 , 06:00:00,23052,23052
1073,26/07/2024 , 07:00:00,22796,22796
1074,26/07/2024 , 08:00:00,22540,22540
1075,26/07/2024 , 09:00:00,22284,22284
1076,26/07/2024 , 10:00:00,22284,22284
1077,26/07/2024 , 11:00:00,21772,21772
1078,26/07/2024 , 12:00:00,22028,22028
1079,26/07/2024 , 13:00:00,21772,21772
1080,26/07/2024 , 14:00:00,21516,21516
1081,26/07/2024 , 15:00:00,21516,21516
1082,26/07/2024 , 16:00:00,21260,21260
1083,26/07/2024 , 17:00:00,21004,21004
1084,26/07/2024 , 18:00:00,21004,21004
1085,26/07/2024 , 19:00:00,20748,20748
1086,26/07/2024 , 20:00:00,20492,20492
1087,26/07/2024 , 21:00:00,20492,20492
1088,26/07/2024 , 22:00:00,21004,21004
1089,26/07/2024 , 23:00:00,21260,21260
1090,26/07/2024 , 23:59:59,21772,21772
1091,27/07/2024 , 01:00:00,22284,22284
1092,27/07/2024 , 02:00:00,25868,25868
1093,27/07/2024 , 03:00:00,43276,43276
1094,27/07/2024 , 04:00:00,13580,13580
1095,27/07/2024 , 05:00:00,28173,28173
1096,27/07/2024 , 06:00:00,35597,35597
1097,27/07/2024 , 07:00:00,32013,32013
1098,27/07/2024 , 08:00:00,28685,28685
1099,27/07/2024 , 09:00:00,33037,33037
1100,27/07/2024 , 10:00:00,33037,33037
1101,27/07/2024 , 11:00:00,27405,27405
1102,27/07/2024 , 12:00:00,24333,24333
1103,27/07/2024 , 13:00:00,24333,24333
1104,27/07/2024 , 14:00:00,22285,22285
1105,27/07/2024 , 15:00:00,18957,18957
1106,27/07/2024 , 16:00:00,17933,17933
1107,27/07/2024 , 17:00:00,15629,15629
1108,27/07/2024 , 18:00:00,15117,15117
1109,27/07/2024 , 19:00:00,13581,13581
1110,27/07/2024 , 20:00:00,11789,11789
1111,27/07/2024 , 21:00:00,10765,10765
1112,27/07/2024 , 22:00:00,10253,10253
1113,27/07/2024 , 23:00:00,9485,9485
1114,27/07/2024 , 23:59:59,8461,8461
1115,28/07/2024 , 01:00:00,7693,7693
1116,28/07/2024 , 02:00:00,7181,7181
1117,28/07/2024 , 03:00:00,6157,6157
1118,28/07/2024 , 04:00:00,5133,5133
1119,28/07/2024 , 05:00:00,4109,4109
1120,28/07/2024 , 06:00:00,3085,3085
1121,28/07/2024 , 07:00:00,2317,2317
1122,28/07/2024 , 08:00:00,1549,1549
1123,28/07/2024 , 09:00:00,1037,1037
1124,28/07/2024 , 10:00:00,269,269
1125,28/07/2024 , 11:00:00,13,13
1126,28/07/2024 , 12:00:00,65037,65037
1127,28/07/2024 , 13:00:00,64524,64524
1128,28/07/2024 , 14:00:00,63756,63756
1129,28/07/2024 , 15:00:00,63756,63756
1130,28/07/2024 , 16:00:00,63244,63244
1131,28/07/2024 , 17:00:00,62732,62732
1132,28/07/2024 , 18:00:00,62476,62476
1133,28/07/2024 , 19:00:00,61708,61708
1134,28/07/2024 , 20:00:00,61452,61452
1135,28/07/2024 , 21:00:00,61196,61196
1136,28/07/2024 , 22:00:00,60940,60940
1137,28/07/2024 , 23:00:00,60172,60172
1138,28/07/2024 , 23:59:59,59404,59404
1139,29/07/2024 , 01:00:00,58892,58892
1140,29/07/2024 , 02:00:00,58380,58380
1141,29/07/2024 , 03:00:00,57868,57868
1142,29/07/2024 , 04:00:00,57100,57100
1143,29/07/2024 , 05:00:00,56588,56588
1144,29/07/2024 , 06:00:00,56076,56076
1145,29/07/2024 , 07:00:00,55308,55308
1146,29/07/2024 , 08:00:00,54540,54540
1147,29/07/2024 , 09:00:00,54028,54028
1148,29/07/2024 , 10:00:00,53516,53516
1149,29/07/2024 , 11:00:00,52492,52492
1150,29/07/2024 , 12:00:00,51980,51980
1151,29/07/2024 , 13:00:00,50956,50956
1152,29/07/2024 , 14:00:00,50188,50188
1153,29/07/2024 , 15:00:00,49932,49932
1154,29/07/2024 , 16:00:00,49164,49164
1155,29/07/2024 , 17:00:00,49164,49164
1156,29/07/2024 , 18:00:00,48908,48908
1157,29/07/2024 , 19:00:00,46604,46604
1158,29/07/2024 , 20:00:00,46348,46348
1159,29/07/2024 , 21:00:00,46092,46092
1160,29/07/2024 , 22:00:00,45836,45836
1161,29/07/2024 , 23:00:00,45580,45580
1162,29/07/2024 , 23:59:59,44812,44812
1163,30/07/2024 , 01:00:00,44300,44300
1164,30/07/2024 , 02:00:00,43788,43788
1165,30/07/2024 , 03:00:00,43276,43276
1166,30/07/2024 , 04:00:00,42764,42764
1167,30/07/2024 , 05:00:00,42764,42764
1168,30/07/2024 , 06:00:00,42508,42508
1169,30/07/2024 , 07:00:00,41996,41996
1170,30/07/2024 , 08:00:00,41484,41484
1171,30/07/2024 , 09:00:00,41484,41484
1172,30/07/2024 , 10:00:00,40972,40972
1173,30/07/2024 , 11:00:00,40972,40972
1174,30/07/2024 , 12:00:00,41228,41228
1175,30/07/2024 , 13:00:00,41228,41228
1176,30/07/2024 , 14:00:00,40972,40972
1177,30/07/2024 , 15:00:00,41228,41228
1178,30/07/2024 , 16:00:00,40972,40972
1179,30/07/2024 , 17:00:00,40716,40716
1180,30/07/2024 , 18:00:00,40460,40460
1181,30/07/2024 , 19:00:00,40460,40460
1182,30/07/2024 , 20:00:00,40716,40716
1183,30/07/2024 , 21:00:00,40460,40460
1184,30/07/2024 , 22:00:00,40716,40716
1185,30/07/2024 , 23:00:00,41228,41228
1186,30/07/2024 , 23:59:59,40460,40460
1187,31/07/2024 , 01:00:00,40460,40460
1188,31/07/2024 , 02:00:00,40460,40460
1189,31/07/2024 , 03:00:00,40204,40204
1190,31/07/2024 , 04:00:00,39948,39948
1191,31/07/2024 , 05:00:00,39948,39948
1192,31/07/2024 , 06:00:00,39692,39692
1193,31/07/2024 , 07:00:00,39436,39436
1194,31/07/2024 , 08:00:00,38924,38924
1195,31/07/2024 , 09:00:00,38668,38668
1196,31/07/2024 , 10:00:00,38412,38412
1197,31/07/2024 , 11:00:00,38412,38412
1198,31/07/2024 , 12:00:00,38156,38156
1199,31/07/2024 , 13:00:00,38156,38156
1200,31/07/2024 , 14:00:00,37900,37900
1201,31/07/2024 , 15:00:00,37644,37644
1202,31/07/2024 , 16:00:00,37644,37644
1203,31/07/2024 , 17:00:00,37388,37388
1204,31/07/2024 , 18:00:00,36876,36876
1205,31/07/2024 , 19:00:00,36364,36364
1206,31/07/2024 , 20:00:00,36620,36620
1207,31/07/2024 , 21:00:00,36620,36620
1208,31/07/2024 , 22:00:00,36876,36876
1209,31/07/2024 , 23:00:00,36364,36364
1210,31/07/2024 , 23:59:59,36364,36364
1211,01/08/2024 , 01:00:00,36108,36108
1212,01/08/2024 , 02:00:00,36108,36108
1213,01/08/2024 , 03:00:00,35596,35596
1214,01/08/2024 , 04:00:00,35596,35596
1215,01/08/2024 , 05:00:00,35084,35084
1216,01/08/2024 , 06:00:00,34828,34828
1217,01/08/2024 , 07:00:00,34572,34572
1218,01/08/2024 , 08:00:00,33804,33804
1219,01/08/2024 , 09:00:00,33548,33548
1220,01/08/2024 , 10:00:00,33292,33292
1221,01/08/2024 , 11:00:00,33292,33292
1222,01/08/2024 , 12:00:00,33292,33292
1223,01/08/2024 , 13:00:00,33036,33036
1224,01/08/2024 , 14:00:00,33036,33036
1225,01/08/2024 , 15:00:00,32524,32524
1226,01/08/2024 , 16:00:00,32524,32524
1227,01/08/2024 , 17:00:00,32524,32524
1228,01/08/2024 , 18:00:00,32268,32268
1229,01/08/2024 , 19:00:00,32012,32012
1230,01/08/2024 , 20:00:00,31756,31756
1231,01/08/2024 , 21:00:00,32268,32268
1232,01/08/2024 , 22:00:00,32012,32012
1233,01/08/2024 , 23:00:00,31756,31756
1234,01/08/2024 , 23:59:59,31244,31244
1235,02/08/2024 , 01:00:00,31500,31500
1236,02/08/2024 , 02:00:00,31244,31244
1237,02/08/2024 , 03:00:00,31244,31244
1238,02/08/2024 , 04:00:00,30732,30732
1239,02/08/2024 , 05:00:00,30732,30732
1240,02/08/2024 , 06:00:00,30220,30220
1241,02/08/2024 , 07:00:00,29708,29708
1242,02/08/2024 , 08:00:00,29196,29196
1243,02/08/2024 , 09:00:00,28940,28940
1244,02/08/2024 , 10:00:00,28428,28428
1245,02/08/2024 , 11:00:00,28172,28172
1246,02/08/2024 , 12:00:00,28172,28172
1247,02/08/2024 , 13:00:00,27916,27916
1248,02/08/2024 , 14:00:00,27660,27660
1249,02/08/2024 , 15:00:00,27660,27660
1250,02/08/2024 , 16:00:00,25100,25100
1251,02/08/2024 , 17:00:00,25100,25100
1252,02/08/2024 , 18:00:00,24844,24844
1253,02/08/2024 , 19:00:00,24588,24588
1254,02/08/2024 , 20:00:00,24588,24588
1255,02/08/2024 , 21:00:00,24588,24588
1256,02/08/2024 , 22:00:00,24332,24332
1257,02/08/2024 , 23:00:00,24332,24332
1258,02/08/2024 , 23:59:59,24076,24076
1259,03/08/2024 , 01:00:00,23820,23820
1260,03/08/2024 , 02:00:00,23564,23564
1261,03/08/2024 , 03:00:00,23308,23308
1262,03/08/2024 , 04:00:00,23052,23052
1263,03/08/2024 , 05:00:00,23052,23052
1264,03/08/2024 , 06:00:00,22796,22796
1265,03/08/2024 , 07:00:00,22540,22540
1266,03/08/2024 , 08:00:00,22284,22284
1267,03/08/2024 , 09:00:00,22028,22028
1268,03/08/2024 , 10:00:00,21772,21772
1269,03/08/2024 , 11:00:00,21772,21772
1270,03/08/2024 , 12:00:00,21516,21516
1271,03/08/2024 , 13:00:00,21516,21516
1272,03/08/2024 , 14:00:00,21260,21260
1273,03/08/2024 , 15:00:00,21004,21004
1274,03/08/2024 , 16:00:00,20748,20748
1275,03/08/2024 , 17:00:00,21004,21004
1276,03/08/2024 , 18:00:00,20748,20748
1277,03/08/2024 , 19:00:00,20748,20748
1278,03/08/2024 , 20:00:00,20748,20748
1279,03/08/2024 , 21:00:00,20748,20748
1280,03/08/2024 , 22:00:00,20748,20748
1281,03/08/2024 , 23:00:00,20492,20492
1282,03/08/2024 , 23:59:59,20236,20236
1283,04/08/2024 , 01:00:00,19980,19980
1284,04/08/2024 , 02:00:00,19980,19980
1285,04/08/2024 , 03:00:00,19724,19724
1286,04/08/2024 , 04:00:00,19468,19468
1287,04/08/2024 , 05:00:00,19212,19212
1288,04/08/2024 , 06:00:00,19212,19212
1289,04/08/2024 , 07:00:00,18956,18956
1290,04/08/2024 , 08:00:00,18700,18700
1291,04/08/2024 , 09:00:00,18700,18700
1292,04/08/2024 , 10:00:00,18444,18444
1293,04/08/2024 , 11:00:00,18188,18188
1294,04/08/2024 , 12:00:00,18188,18188
1295,04/08/2024 , 13:00:00,17932,17932
1296,04/08/2024 , 14:00:00,17932,17932
1297,04/08/2024 , 15:00:00,17676,17676
1298,04/08/2024 , 16:00:00,17420,17420
1299,04/08/2024 , 17:00:00,17420,17420
1300,04/08/2024 , 18:00:00,17164,17164
1301,04/08/2024 , 19:00:00,17164,17164
1302,04/08/2024 , 20:00:00,17164,17164
1303,04/08/2024 , 21:00:00,17164,17164
1304,04/08/2024 , 22:00:00,17164,17164
1305,04/08/2024 , 23:00:00,17164,17164
1306,04/08/2024 , 23:59:59,16908,16908
1307,05/08/2024 , 01:00:00,16908,16908
1308,05/08/2024 , 02:00:00,16652,16652
1309,05/08/2024 , 03:00:00,16652,16652
1310,05/08/2024 , 04:00:00,16652,16652
1311,05/08/2024 , 05:00:00,16396,16396
1312,05/08/2024 , 06:00:00,16140,16140
1313,05/08/2024 , 07:00:00,16140,16140
1314,05/08/2024 , 08:00:00,15884,15884
1315,05/08/2024 , 09:00:00,15628,15628
1316,05/08/2024 , 10:00:00,15628,15628
1317,05/08/2024 , 11:00:00,15628,15628
1318,05/08/2024 , 12:00:00,15372,15372
1319,05/08/2024 , 13:00:00,15372,15372
1320,05/08/2024 , 14:00:00,15116,15116
1321,05/08/2024 , 15:00:00,15116,15116
1322,05/08/2024 , 16:00:00,14860,14860
1323,05/08/2024 , 17:00:00,14860,14860
1324,05/08/2024 , 18:00:00,14604,14604
1325,05/08/2024 , 19:00:00,35340,35340
1326,05/08/2024 , 20:00:00,49164,49164
1327,05/08/2024 , 21:00:00,48908,48908
1328,05/08/2024 , 22:00:00,47372,47372
1329,05/08/2024 , 23:00:00,53004,53004
1330,05/08/2024 , 23:59:59,55564,55564
1331,06/08/2024 , 01:00:00,65292,65292
1332,06/08/2024 , 02:00:00,4108,4108
1333,06/08/2024 , 03:00:00,34829,34829
1334,06/08/2024 , 04:00:00,27405,27405
1335,06/08/2024 , 05:00:00,28173,28173
1336,06/08/2024 , 06:00:00,26637,26637
1337,06/08/2024 , 07:00:00,24845,24845
1338,06/08/2024 , 08:00:00,24077,24077
1339,06/08/2024 , 09:00:00,22285,22285
1340,06/08/2024 , 10:00:00,23053,23053
1341,06/08/2024 , 11:00:00,22541,22541
1342,06/08/2024 , 12:00:00,22285,22285
1343,06/08/2024 , 13:00:00,20493,20493
1344,06/08/2024 , 14:00:00,18445,18445
1345,06/08/2024 , 15:00:00,16397,16397
1346,06/08/2024 , 16:00:00,14605,14605
1347,06/08/2024 , 17:00:00,12557,12557
1348,06/08/2024 , 18:00:00,13837,13837
1349,06/08/2024 , 19:00:00,15373,15373
1350,06/08/2024 , 20:00:00,22029,22029
1351,06/08/2024 , 21:00:00,24333,24333
1352,06/08/2024 , 22:00:00,24077,24077
1353,06/08/2024 , 23:00:00,21773,21773
1354,06/08/2024 , 23:59:59,19469,19469
1355,07/08/2024 , 01:00:00,17421,17421
1356,07/08/2024 , 02:00:00,15629,15629
1357,07/08/2024 , 03:00:00,13581,13581
1358,07/08/2024 , 04:00:00,12045,12045
1359,07/08/2024 , 05:00:00,11533,11533
1360,07/08/2024 , 06:00:00,10509,10509
1361,07/08/2024 , 07:00:00,9485,9485
1362,07/08/2024 , 08:00:00,8205,8205
1363,07/08/2024 , 09:00:00,7693,7693
1364,07/08/2024 , 10:00:00,6413,6413
1365,07/08/2024 , 11:00:00,5645,5645
1366,07/08/2024 , 12:00:00,4877,4877
1367,07/08/2024 , 13:00:00,3853,3853
1368,07/08/2024 , 14:00:00,3341,3341
1369,07/08/2024 , 15:00:00,2573,2573
1370,07/08/2024 , 16:00:00,2061,2061
1371,07/08/2024 , 17:00:00,1549,1549
1372,07/08/2024 , 18:00:00,1037,1037
1373,07/08/2024 , 19:00:00,781,781
1374,07/08/2024 , 20:00:00,269,269
1375,07/08/2024 , 21:00:00,13,13
1376,07/08/2024 , 22:00:00,65293,65293
1377,07/08/2024 , 23:00:00,65036,65036
1378,07/08/2024 , 23:59:59,64268,64268
1379,08/08/2024 , 01:00:00,64268,64268
1380,08/08/2024 , 02:00:00,63756,63756
1381,08/08/2024 , 03:00:00,63244,63244
1382,08/08/2024 , 04:00:00,62988,62988
1383,08/08/2024 , 05:00:00,62476,62476
1384,08/08/2024 , 06:00:00,62220,62220
1385,08/08/2024 , 07:00:00,61452,61452
1386,08/08/2024 , 08:00:00,61196,61196
1387,08/08/2024 , 09:00:00,60940,60940
1388,08/08/2024 , 10:00:00,62220,62220
1389,08/08/2024 , 11:00:00,64012,64012
1390,08/08/2024 , 12:00:00,63756,63756
1391,08/08/2024 , 13:00:00,62988,62988
1392,08/08/2024 , 14:00:00,1804,1804
1393,08/08/2024 , 15:00:00,17933,17933
1394,08/08/2024 , 16:00:00,15885,15885
1395,08/08/2024 , 17:00:00,11533,11533
1396,08/08/2024 , 18:00:00,9229,9229
1397,08/08/2024 , 19:00:00,7949,7949
1398,08/08/2024 , 20:00:00,6925,6925
1399,08/08/2024 , 21:00:00,6157,6157
1400,08/08/2024 , 22:00:00,5389,5389
1401,08/08/2024 , 23:00:00,4621,4621
1402,08/08/2024 , 23:59:59,3853,3853
1403,09/08/2024 , 01:00:00,3085,3085
1404,09/08/2024 , 02:00:00,2573,2573
1405,09/08/2024 , 03:00:00,2317,2317
1406,09/08/2024 , 04:00:00,1293,1293
1407,09/08/2024 , 05:00:00,1037,1037
1408,09/08/2024 , 06:00:00,269,269
1409,09/08/2024 , 07:00:00,64781,64781
1410,09/08/2024 , 08:00:00,64268,64268
1411,09/08/2024 , 09:00:00,64012,64012
1412,09/08/2024 , 10:00:00,63500,63500
1413,09/08/2024 , 11:00:00,63244,63244
1414,09/08/2024 , 12:00:00,62732,62732
1415,09/08/2024 , 13:00:00,62476,62476
1416,09/08/2024 , 14:00:00,61708,61708
1417,09/08/2024 , 15:00:00,61452,61452
1418,09/08/2024 , 16:00:00,61196,61196
1419,09/08/2024 , 17:00:00,60940,60940
1420,09/08/2024 , 18:00:00,60428,60428
1421,09/08/2024 , 19:00:00,59916,59916
1422,09/08/2024 , 20:00:00,60172,60172
1423,09/08/2024 , 21:00:00,59660,59660
1424,09/08/2024 , 22:00:00,59660,59660
1425,09/08/2024 , 23:00:00,59404,59404
1426,09/08/2024 , 23:59:59,58636,58636
1427,10/08/2024 , 01:00:00,58380,58380
1428,10/08/2024 , 02:00:00,57868,57868
1429,10/08/2024 , 03:00:00,57100,57100
1430,10/08/2024 , 04:00:00,56332,56332
1431,10/08/2024 , 05:00:00,55308,55308
1432,10/08/2024 , 06:00:00,54028,54028
1433,10/08/2024 , 07:00:00,53004,53004
1434,10/08/2024 , 08:00:00,49420,49420
1435,10/08/2024 , 09:00:00,48652,48652
1436,10/08/2024 , 10:00:00,47884,47884
1437,10/08/2024 , 11:00:00,47628,47628
1438,10/08/2024 , 12:00:00,47372,47372
1439,10/08/2024 , 13:00:00,47116,47116
1440,10/08/2024 , 14:00:00,46860,46860
1441,10/08/2024 , 15:00:00,46604,46604
1442,10/08/2024 , 16:00:00,45836,45836
1443,10/08/2024 , 17:00:00,45836,45836
1444,10/08/2024 , 18:00:00,45836,45836
1445,10/08/2024 , 19:00:00,45580,45580
1446,10/08/2024 , 20:00:00,45324,45324
1447,10/08/2024 , 21:00:00,45324,45324
1448,10/08/2024 , 22:00:00,45068,45068
1449,10/08/2024 , 23:00:00,45068,45068
1450,10/08/2024 , 23:59:59,45324,45324
1451,11/08/2024 , 01:00:00,45068,45068
1452,11/08/2024 , 02:00:00,44556,44556
1453,11/08/2024 , 03:00:00,44044,44044
1454,11/08/2024 , 04:00:00,43276,43276
1455,11/08/2024 , 05:00:00,43276,43276
1456,11/08/2024 , 06:00:00,42764,42764
1457,11/08/2024 , 07:00:00,42508,42508
1458,11/08/2024 , 08:00:00,43276,43276
1459,11/08/2024 , 09:00:00,42764,42764
1460,11/08/2024 , 10:00:00,42764,42764
1461,11/08/2024 , 11:00:00,42508,42508
1462,11/08/2024 , 12:00:00,42508,42508
1463,11/08/2024 , 13:00:00,42508,42508
1464,11/08/2024 , 14:00:00,42764,42764
1465,11/08/2024 , 15:00:00,43020,43020
1466,11/08/2024 , 16:00:00,43276,43276
1467,11/08/2024 , 17:00:00,43020,43020
1468,11/08/2024 , 18:00:00,43276,43276
1469,11/08/2024 , 19:00:00,43020,43020
1470,11/08/2024 , 20:00:00,43276,43276
1471,11/08/2024 , 21:00:00,43276,43276
1472,11/08/2024 , 22:00:00,43276,43276
1473,11/08/2024 , 23:00:00,43276,43276
1474,11/08/2024 , 23:59:59,43020,43020
1475,12/08/2024 , 01:00:00,42764,42764
1476,12/08/2024 , 02:00:00,42508,42508
1477,12/08/2024 , 03:00:00,41996,41996
1478,12/08/2024 , 04:00:00,41996,41996
1479,12/08/2024 , 05:00:00,41740,41740
1480,12/08/2024 , 06:00:00,41484,41484
1481,12/08/2024 , 07:00:00,41228,41228
1482,12/08/2024 , 08:00:00,41228,41228
1483,12/08/2024 , 09:00:00,41484,41484
1484,12/08/2024 , 10:00:00,41228,41228
1485,12/08/2024 , 11:00:00,40972,40972
1486,12/08/2024 , 12:00:00,40972,40972
1487,12/08/2024 , 13:00:00,40972,40972
1488,12/08/2024 , 14:00:00,41228,41228
1489,12/08/2024 , 15:00:00,40460,40460
1490,12/08/2024 , 16:00:00,40716,40716
1491,12/08/2024 , 17:00:00,40972,40972
1492,12/08/2024 , 18:00:00,40460,40460
1493,12/08/2024 , 19:00:00,40972,40972
1494,12/08/2024 , 20:00:00,41228,41228
1495,12/08/2024 , 21:00:00,41228,41228
1496,12/08/2024 , 22:00:00,41228,41228
1497,12/08/2024 , 23:00:00,41228,41228
1498,12/08/2024 , 23:59:59,40972,40972
1499,13/08/2024 , 01:00:00,40460,40460
1500,13/08/2024 , 02:00:00,40204,40204
1501,13/08/2024 , 03:00:00,39692,39692
1502,13/08/2024 , 04:00:00,39692,39692
1503,13/08/2024 , 05:00:00,39180,39180
1504,13/08/2024 , 06:00:00,39180,39180
1505,13/08/2024 , 07:00:00,38668,38668
1506,13/08/2024 , 08:00:00,38668,38668
1507,13/08/2024 , 09:00:00,38412,38412
1508,13/08/2024 , 10:00:00,38156,38156
1509,13/08/2024 , 11:00:00,38156,38156
1510,13/08/2024 , 12:00:00,37900,37900
1511,13/08/2024 , 13:00:00,37900,37900
1512,13/08/2024 , 14:00:00,37644,37644
1513,13/08/2024 , 15:00:00,37644,37644
1514,13/08/2024 , 16:00:00,37132,37132
1515,13/08/2024 , 17:00:00,36876,36876
1516,13/08/2024 , 18:00:00,37132,37132
1517,13/08/2024 , 19:00:00,36876,36876
1518,13/08/2024 , 20:00:00,36876,36876
1519,13/08/2024 , 21:00:00,37388,37388
1520,13/08/2024 , 22:00:00,37132,37132
1521,13/08/2024 , 23:00:00,36876,36876
1522,13/08/2024 , 23:59:59,36876,36876
1523,14/08/2024 , 01:00:00,36108,36108
1524,14/08/2024 , 02:00:00,36364,36364
1525,14/08/2024 , 03:00:00,35852,35852
1526,14/08/2024 , 04:00:00,35340,35340
1527,14/08/2024 , 05:00:00,35340,35340
1528,14/08/2024 , 06:00:00,35084,35084
1529,14/08/2024 , 07:00:00,34572,34572
1530,14/08/2024 , 08:00:00,34572,34572
1531,14/08/2024 , 09:00:00,34572,34572
1532,14/08/2024 , 10:00:00,34316,34316
1533,14/08/2024 , 11:00:00,34060,34060
1534,14/08/2024 , 12:00:00,33804,33804
1535,14/08/2024 , 13:00:00,34060,34060
1536,14/08/2024 , 14:00:00,33804,33804
1537,14/08/2024 , 15:00:00,34316,34316
1538,14/08/2024 , 16:00:00,38668,38668
1539,14/08/2024 , 17:00:00,42252,42252
1540,14/08/2024 , 18:00:00,42764,42764
1541,14/08/2024 , 19:00:00,42508,42508
1542,14/08/2024 , 20:00:00,43020,43020
1543,14/08/2024 , 21:00:00,43532,43532
1544,14/08/2024 , 22:00:00,44300,44300
1545,14/08/2024 , 23:00:00,44556,44556
1546,14/08/2024 , 23:59:59,44300,44300
1547,15/08/2024 , 01:00:00,44300,44300
1548,15/08/2024 , 02:00:00,44044,44044
1549,15/08/2024 , 03:00:00,43788,43788
1550,15/08/2024 , 04:00:00,43276,43276
1551,15/08/2024 , 05:00:00,43276,43276
1552,15/08/2024 , 06:00:00,42508,42508
1553,15/08/2024 , 07:00:00,42508,42508
1554,15/08/2024 , 08:00:00,42252,42252
1555,15/08/2024 , 09:00:00,41740,41740
1556,15/08/2024 , 10:00:00,41484,41484
1557,15/08/2024 , 11:00:00,41228,41228
1558,15/08/2024 , 12:00:00,40972,40972
1559,15/08/2024 , 13:00:00,40972,40972
1560,15/08/2024 , 14:00:00,40204,40204
1561,15/08/2024 , 15:00:00,39692,39692
1562,15/08/2024 , 16:00:00,39180,39180
1563,15/08/2024 , 17:00:00,38668,38668
1564,15/08/2024 , 18:00:00,38412,38412
1565,15/08/2024 , 19:00:00,37644,37644
1566,15/08/2024 , 20:00:00,37644,37644
1567,15/08/2024 , 21:00:00,38156,38156
1568,15/08/2024 , 22:00:00,38156,38156
1569,15/08/2024 , 23:00:00,37900,37900
1570,15/08/2024 , 23:59:59,37900,37900
1571,16/08/2024 , 01:00:00,37644,37644
1572,16/08/2024 , 02:00:00,37132,37132
1573,16/08/2024 , 03:00:00,36876,36876
1574,16/08/2024 , 04:00:00,36364,36364
1575,16/08/2024 , 05:00:00,36364,36364
1576,16/08/2024 , 06:00:00,35852,35852
1577,16/08/2024 , 07:00:00,35596,35596
1578,16/08/2024 , 08:00:00,34828,34828
1579,16/08/2024 , 09:00:00,34316,34316
1580,16/08/2024 , 10:00:00,34060,34060
1581,16/08/2024 , 11:00:00,33548,33548
1582,16/08/2024 , 12:00:00,33036,33036
1583,16/08/2024 , 13:00:00,32524,32524
1584,16/08/2024 , 14:00:00,32524,32524
1585,16/08/2024 , 15:00:00,32268,32268
1586,16/08/2024 , 16:00:00,32268,32268
1587,16/08/2024 , 17:00:00,31756,31756
1588,16/08/2024 , 18:00:00,31756,31756
1589,16/08/2024 , 19:00:00,31500,31500
1590,16/08/2024 , 20:00:00,31500,31500
1591,16/08/2024 , 21:00:00,31756,31756
1592,16/08/2024 , 22:00:00,31756,31756
1593,16/08/2024 , 23:00:00,32012,32012
1594,16/08/2024 , 23:59:59,31500,31500
1595,17/08/2024 , 01:00:00,31244,31244
1596,17/08/2024 , 02:00:00,31756,31756
1597,17/08/2024 , 03:00:00,31244,31244
1598,17/08/2024 , 04:00:00,30988,30988
1599,17/08/2024 , 05:00:00,30220,30220
1600,17/08/2024 , 06:00:00,30476,30476
1601,17/08/2024 , 07:00:00,29708,29708
1602,17/08/2024 , 08:00:00,29196,29196
1603,17/08/2024 , 09:00:00,28940,28940
1604,17/08/2024 , 10:00:00,28684,28684
1605,17/08/2024 , 11:00:00,28428,28428
1606,17/08/2024 , 12:00:00,28428,28428
1607,17/08/2024 , 13:00:00,28172,28172
1608,17/08/2024 , 14:00:00,27660,27660
1609,17/08/2024 , 15:00:00,27660,27660
1610,17/08/2024 , 16:00:00,27660,27660
1611,17/08/2024 , 17:00:00,27404,27404
1612,17/08/2024 , 18:00:00,27148,27148
1613,17/08/2024 , 19:00:00,27148,27148
1614,17/08/2024 , 20:00:00,26892,26892
1615,17/08/2024 , 21:00:00,26636,26636
1616,17/08/2024 , 22:00:00,26380,26380
1617,17/08/2024 , 23:00:00,26380,26380
1618,17/08/2024 , 23:59:59,26380,26380
1619,18/08/2024 , 01:00:00,24844,24844
1620,18/08/2024 , 02:00:00,24844,24844
1621,18/08/2024 , 03:00:00,24844,24844
1622,18/08/2024 , 04:00:00,24844,24844
1623,18/08/2024 , 05:00:00,24844,24844
1624,18/08/2024 , 06:00:00,24588,24588
1625,18/08/2024 , 07:00:00,25100,25100
1626,18/08/2024 , 08:00:00,24844,24844
1627,18/08/2024 , 09:00:00,34572,34572
1628,18/08/2024 , 10:00:00,39692,39692
1629,18/08/2024 , 11:00:00,41484,41484
1630,18/08/2024 , 12:00:00,43788,43788
1631,18/08/2024 , 13:00:00,45580,45580
1632,18/08/2024 , 14:00:00,47116,47116
1633,18/08/2024 , 15:00:00,48140,48140
1634,18/08/2024 , 16:00:00,48908,48908
1635,18/08/2024 , 17:00:00,49420,49420
1636,18/08/2024 , 18:00:00,49420,49420
1637,18/08/2024 , 19:00:00,49676,49676
1638,18/08/2024 , 20:00:00,49676,49676
1639,18/08/2024 , 21:00:00,49676,49676
1640,18/08/2024 , 22:00:00,49164,49164
1641,18/08/2024 , 23:00:00,49164,49164
1642,18/08/2024 , 23:59:59,49164,49164
1643,19/08/2024 , 01:00:00,49164,49164
1644,19/08/2024 , 02:00:00,48396,48396
1645,19/08/2024 , 03:00:00,47628,47628
1646,19/08/2024 , 04:00:00,46860,46860
1647,19/08/2024 , 05:00:00,58380,58380
1648,19/08/2024 , 06:00:00,8204,8204
1649,19/08/2024 , 07:00:00,8205,8205
1650,19/08/2024 , 08:00:00,6413,6413
1651,19/08/2024 , 09:00:00,4877,4877
1652,19/08/2024 , 10:00:00,3597,3597
1653,19/08/2024 , 11:00:00,2829,2829
1654,19/08/2024 , 12:00:00,2061,2061
1655,19/08/2024 , 13:00:00,1037,1037
1656,19/08/2024 , 14:00:00,269,269
1657,19/08/2024 , 15:00:00,65293,65293
1658,19/08/2024 , 16:00:00,64524,64524
1659,19/08/2024 , 17:00:00,63756,63756
1660,19/08/2024 , 18:00:00,62732,62732
1661,19/08/2024 , 19:00:00,62732,62732
1662,19/08/2024 , 20:00:00,62732,62732
1663,19/08/2024 , 21:00:00,62476,62476
1664,19/08/2024 , 22:00:00,62220,62220
1665,19/08/2024 , 23:00:00,61964,61964
1666,19/08/2024 , 23:59:59,61196,61196
1667,20/08/2024 , 01:00:00,60940,60940
1668,20/08/2024 , 02:00:00,59916,59916
1669,20/08/2024 , 03:00:00,59404,59404
1670,20/08/2024 , 04:00:00,58380,58380
1671,20/08/2024 , 05:00:00,57356,57356
1672,20/08/2024 , 06:00:00,56332,56332
1673,20/08/2024 , 07:00:00,55052,55052
1674,20/08/2024 , 08:00:00,53772,53772
1675,20/08/2024 , 09:00:00,52748,52748
1676,20/08/2024 , 10:00:00,50700,50700
1677,20/08/2024 , 11:00:00,47884,47884
1678,20/08/2024 , 12:00:00,47116,47116
1679,20/08/2024 , 13:00:00,46860,46860
1680,20/08/2024 , 14:00:00,46348,46348
1681,20/08/2024 , 15:00:00,46092,46092
1682,20/08/2024 , 16:00:00,45580,45580
1683,20/08/2024 , 17:00:00,45068,45068
1684,20/08/2024 , 18:00:00,44812,44812
1685,20/08/2024 , 19:00:00,44812,44812
1686,20/08/2024 , 20:00:00,44556,44556
1687,20/08/2024 , 21:00:00,44556,44556
1688,20/08/2024 , 22:00:00,44812,44812
1689,20/08/2024 , 23:00:00,44812,44812
1690,20/08/2024 , 23:59:59,43788,43788
1691,21/08/2024 , 01:00:00,43788,43788
1692,21/08/2024 , 02:00:00,43020,43020
1693,21/08/2024 , 03:00:00,42252,42252
1694,21/08/2024 , 04:00:00,41996,41996
1695,21/08/2024 , 05:00:00,41484,41484
1696,21/08/2024 , 06:00:00,41228,41228
1697,21/08/2024 , 07:00:00,40972,40972
1698,21/08/2024 , 08:00:00,40972,40972
1699,21/08/2024 , 09:00:00,40460,40460
1700,21/08/2024 , 10:00:00,40972,40972
1701,21/08/2024 , 11:00:00,40972,40972
1702,21/08/2024 , 12:00:00,40972,40972
1703,21/08/2024 , 13:00:00,40716,40716
1704,21/08/2024 , 14:00:00,40716,40716
1705,21/08/2024 , 15:00:00,40460,40460
1706,21/08/2024 , 16:00:00,40204,40204
1707,21/08/2024 , 17:00:00,40460,40460
1708,21/08/2024 , 18:00:00,40204,40204
1709,21/08/2024 , 19:00:00,40204,40204
1710,21/08/2024 , 20:00:00,40204,40204
1711,21/08/2024 , 21:00:00,40460,40460
1712,21/08/2024 , 22:00:00,40716,40716
1713,21/08/2024 , 23:00:00,40716,40716
1714,21/08/2024 , 23:59:59,39948,39948
1715,22/08/2024 , 01:00:00,40204,40204
1716,22/08/2024 , 02:00:00,39948,39948
1717,22/08/2024 , 03:00:00,39948,39948
1718,22/08/2024 , 04:00:00,39436,39436
1719,22/08/2024 , 05:00:00,38924,38924
1720,22/08/2024 , 06:00:00,39180,39180
1721,22/08/2024 , 07:00:00,38924,38924
1722,22/08/2024 , 08:00:00,38924,38924
1723,22/08/2024 , 09:00:00,38668,38668
1724,22/08/2024 , 10:00:00,38412,38412
1725,22/08/2024 , 11:00:00,38412,38412
1726,22/08/2024 , 12:00:00,38156,38156
1727,22/08/2024 , 13:00:00,38156,38156
1728,22/08/2024 , 14:00:00,37900,37900
1729,22/08/2024 , 15:00:00,37644,37644
1730,22/08/2024 , 16:00:00,37388,37388
1731,22/08/2024 , 17:00:00,36876,36876
1732,22/08/2024 , 18:00:00,36876,36876
1733,22/08/2024 , 19:00:00,36876,36876
1734,22/08/2024 , 20:00:00,36620,36620
1735,22/08/2024 , 21:00:00,36876,36876
1736,22/08/2024 , 22:00:00,36876,36876
1737,22/08/2024 , 23:00:00,36620,36620
1738,22/08/2024 , 23:59:59,36364,36364
1739,23/08/2024 , 01:00:00,35852,35852
1740,23/08/2024 , 02:00:00,35852,35852
1741,23/08/2024 , 03:00:00,35340,35340
1742,23/08/2024 , 04:00:00,35084,35084
1743,23/08/2024 , 05:00:00,34828,34828
1744,23/08/2024 , 06:00:00,34828,34828
1745,23/08/2024 , 07:00:00,34572,34572
1746,23/08/2024 , 08:00:00,34316,34316
1747,23/08/2024 , 09:00:00,34316,34316
1748,23/08/2024 , 10:00:00,33804,33804
1749,23/08/2024 , 11:00:00,33804,33804
1750,23/08/2024 , 12:00:00,33804,33804
1751,23/08/2024 , 13:00:00,33548,33548
1752,23/08/2024 , 14:00:00,33292,33292
1753,23/08/2024 , 15:00:00,33036,33036
1754,23/08/2024 , 16:00:00,32780,32780
1755,23/08/2024 , 17:00:00,32524,32524
1756,23/08/2024 , 18:00:00,32268,32268
1757,23/08/2024 , 19:00:00,32268,32268
1758,23/08/2024 , 20:00:00,32268,32268
1759,23/08/2024 , 21:00:00,32524,32524
1760,23/08/2024 , 22:00:00,32268,32268
1761,23/08/2024 , 23:00:00,32268,32268
1762,23/08/2024 , 23:59:59,32268,32268
1763,24/08/2024 , 01:00:00,32012,32012
1764,24/08/2024 , 02:00:00,31756,31756
1765,24/08/2024 , 03:00:00,31500,31500
1766,24/08/2024 , 04:00:00,31244,31244
1767,24/08/2024 , 05:00:00,31244,31244
1768,24/08/2024 , 06:00:00,30476,30476
1769,24/08/2024 , 07:00:00,30220,30220
1770,24/08/2024 , 08:00:00,29964,29964
1771,24/08/2024 , 09:00:00,29708,29708
1772,24/08/2024 , 10:00:00,29452,29452
1773,24/08/2024 , 11:00:00,29196,29196
1774,24/08/2024 , 12:00:00,29196,29196
1775,24/08/2024 , 13:00:00,28684,28684
1776,24/08/2024 , 14:00:00,28684,28684
1777,24/08/2024 , 15:00:00,28428,28428
1778,24/08/2024 , 16:00:00,28428,28428
1779,24/08/2024 , 17:00:00,28172,28172
1780,24/08/2024 , 18:00:00,27660,27660
1781,24/08/2024 , 19:00:00,27660,27660
1782,24/08/2024 , 20:00:00,27660,27660
1783,24/08/2024 , 21:00:00,27916,27916
1784,24/08/2024 , 22:00:00,27660,27660
1785,24/08/2024 , 23:00:00,27404,27404
1786,24/08/2024 , 23:59:59,27660,27660
1787,25/08/2024 , 01:00:00,27404,27404
1788,25/08/2024 , 02:00:00,27148,27148
1789,25/08/2024 , 03:00:00,26892,26892
1790,25/08/2024 , 04:00:00,26892,26892
1791,25/08/2024 , 05:00:00,26892,26892
1792,25/08/2024 , 06:00:00,26636,26636
1793,25/08/2024 , 07:00:00,26380,26380
1794,25/08/2024 , 08:00:00,26380,26380
1795,25/08/2024 , 09:00:00,26380,26380
1796,25/08/2024 , 10:00:00,26380,26380
1797,25/08/2024 , 11:00:00,26124,26124
1798,25/08/2024 , 12:00:00,26124,26124
1799,25/08/2024 , 13:00:00,23820,23820
1800,25/08/2024 , 14:00:00,23820,23820
1801,25/08/2024 , 15:00:00,24076,24076
1802,25/08/2024 , 16:00:00,23820,23820
1803,25/08/2024 , 17:00:00,23820,23820
1804,25/08/2024 , 18:00:00,23564,23564
1805,25/08/2024 , 19:00:00,23052,23052
1806,25/08/2024 , 20:00:00,22796,22796
1807,25/08/2024 , 21:00:00,22540,22540
1808,25/08/2024 , 22:00:00,22540,22540
1809,25/08/2024 , 23:00:00,22284,22284
1810,25/08/2024 , 23:59:59,22540,22540
1811,26/08/2024 , 01:00:00,22284,22284
1812,26/08/2024 , 02:00:00,22284,22284
1813,26/08/2024 , 03:00:00,22284,22284
1814,26/08/2024 , 04:00:00,22284,22284
1815,26/08/2024 , 05:00:00,22284,22284
1816,26/08/2024 , 06:00:00,22028,22028
1817,26/08/2024 , 07:00:00,22028,22028
1818,26/08/2024 , 08:00:00,21772,21772
1819,26/08/2024 , 09:00:00,21516,21516
1820,26/08/2024 , 10:00:00,21516,21516
1821,26/08/2024 , 11:00:00,21516,21516
1822,26/08/2024 , 12:00:00,21516,21516
1823,26/08/2024 , 13:00:00,21516,21516
1824,26/08/2024 , 14:00:00,21516,21516
1825,26/08/2024 , 15:00:00,21516,21516
1826,26/08/2024 , 16:00:00,21260,21260
1827,26/08/2024 , 17:00:00,21260,21260
1828,26/08/2024 , 18:00:00,21260,21260
1829,26/08/2024 , 19:00:00,21004,21004
1830,26/08/2024 , 20:00:00,21260,21260
1831,26/08/2024 , 21:00:00,21260,21260
1832,26/08/2024 , 22:00:00,21260,21260
1833,26/08/2024 , 23:00:00,21516,21516
1834,26/08/2024 , 23:59:59,21260,21260
1835,27/08/2024 , 01:00:00,21004,21004
1836,27/08/2024 , 02:00:00,21004,21004
1837,27/08/2024 , 03:00:00,21004,21004
1838,27/08/2024 , 04:00:00,21004,21004
1839,27/08/2024 , 05:00:00,20748,20748
1840,27/08/2024 , 06:00:00,20492,20492
1841,27/08/2024 , 07:00:00,20492,20492
1842,27/08/2024 , 08:00:00,20236,20236
1843,27/08/2024 , 09:00:00,19980,19980
1844,27/08/2024 , 10:00:00,19980,19980
1845,27/08/2024 , 11:00:00,19724,19724
1846,27/08/2024 , 12:00:00,19468,19468
1847,27/08/2024 , 13:00:00,19468,19468
1848,27/08/2024 , 14:00:00,19212,19212
1849,27/08/2024 , 15:00:00,18956,18956
1850,27/08/2024 , 16:00:00,18700,18700
1851,27/08/2024 , 17:00:00,18700,18700
1852,27/08/2024 , 18:00:00,18700,18700
1853,27/08/2024 , 19:00:00,18444,18444
1854,27/08/2024 , 20:00:00,18700,18700
1855,27/08/2024 , 21:00:00,18700,18700
1856,27/08/2024 , 22:00:00,18700,18700
1857,27/08/2024 , 23:00:00,18700,18700
1858,27/08/2024 , 23:59:59,18444,18444
1859,28/08/2024 , 01:00:00,18188,18188
1860,28/08/2024 , 02:00:00,18188,18188
1861,28/08/2024 , 03:00:00,17932,17932
1862,28/08/2024 , 04:00:00,17932,17932
1863,28/08/2024 , 05:00:00,17676,17676
1864,28/08/2024 , 06:00:00,17676,17676
1865,28/08/2024 , 07:00:00,17420,17420
1866,28/08/2024 , 08:00:00,17420,17420
1867,28/08/2024 , 09:00:00,16908,16908
1868,28/08/2024 , 10:00:00,16652,16652
1869,28/08/2024 , 11:00:00,16396,16396
1870,28/08/2024 , 12:00:00,16140,16140
1871,28/08/2024 , 13:00:00,15884,15884
1872,28/08/2024 , 14:00:00,15628,15628
1873,28/08/2024 , 15:00:00,15628,15628
1874,28/08/2024 , 16:00:00,15372,15372
1875,28/08/2024 , 17:00:00,15372,15372
1876,28/08/2024 , 18:00:00,15372,15372
1877,28/08/2024 , 19:00:00,15116,15116
1878,28/08/2024 , 20:00:00,15372,15372
1879,28/08/2024 , 21:00:00,15372,15372
1880,28/08/2024 , 22:00:00,15372,15372
1881,28/08/2024 , 23:00:00,15372,15372
1882,28/08/2024 , 23:59:59,15372,15372
1883,29/08/2024 , 01:00:00,15372,15372
1884,29/08/2024 , 02:00:00,15116,15116
1885,29/08/2024 , 03:00:00,14860,14860
1886,29/08/2024 , 04:00:00,14604,14604
1887,29/08/2024 , 05:00:00,14348,14348
1888,29/08/2024 , 06:00:00,14092,14092
1889,29/08/2024 , 07:00:00,13836,13836
1890,29/08/2024 , 08:00:00,13836,13836
1891,29/08/2024 , 09:00:00,13580,13580
1892,29/08/2024 , 10:00:00,13324,13324
1893,29/08/2024 , 11:00:00,13324,13324
1894,29/08/2024 , 12:00:00,13068,13068
1895,29/08/2024 , 13:00:00,12812,12812
1896,29/08/2024 , 14:00:00,12812,12812
1897,29/08/2024 , 15:00:00,12300,12300
1898,29/08/2024 , 16:00:00,12300,12300
1899,29/08/2024 , 17:00:00,12044,12044
1900,29/08/2024 , 18:00:00,11788,11788
1901,29/08/2024 , 19:00:00,11788,11788
1902,29/08/2024 , 20:00:00,11788,11788
1903,29/08/2024 , 21:00:00,11788,11788
1904,29/08/2024 , 22:00:00,11788,11788
1905,29/08/2024 , 23:00:00,11532,11532
1906,29/08/2024 , 23:59:59,11532,11532
1907,30/08/2024 , 01:00:00,11276,11276
1908,30/08/2024 , 02:00:00,11276,11276
1909,30/08/2024 , 03:00:00,11276,11276
1910,30/08/2024 , 04:00:00,11020,11020
1911,30/08/2024 , 05:00:00,11020,11020
1912,30/08/2024 , 06:00:00,11532,11532
1913,30/08/2024 , 07:00:00,11276,11276
1914,30/08/2024 , 08:00:00,11276,11276
1915,30/08/2024 , 09:00:00,11276,11276
1916,30/08/2024 , 10:00:00,11276,11276
1917,30/08/2024 , 11:00:00,11276,11276
1918,30/08/2024 , 12:00:00,11276,11276
1919,30/08/2024 , 13:00:00,11276,11276
1920,30/08/2024 , 14:00:00,11020,11020
1921,30/08/2024 , 15:00:00,11276,11276
1922,30/08/2024 , 16:00:00,11276,11276
1923,30/08/2024 , 17:00:00,11020,11020
1924,30/08/2024 , 18:00:00,11020,11020
1925,30/08/2024 , 19:00:00,11020,11020
1926,30/08/2024 , 20:00:00,11276,11276
1927,30/08/2024 , 21:00:00,11276,11276
1928,30/08/2024 , 22:00:00,11532,11532
1929,30/08/2024 , 23:00:00,11532,11532
1930,30/08/2024 , 23:59:59,11276,11276
1931,31/08/2024 , 01:00:00,11020,11020
1932,31/08/2024 , 02:00:00,11020,11020
1933,31/08/2024 , 03:00:00,10764,10764
1934,31/08/2024 , 04:00:00,10764,10764
1935,31/08/2024 , 05:00:00,10764,10764
1936,31/08/2024 , 06:00:00,10764,10764
1937,31/08/2024 , 07:00:00,10508,10508
1938,31/08/2024 , 08:00:00,10508,10508
1939,31/08/2024 , 09:00:00,10508,10508
1940,31/08/2024 , 10:00:00,10508,10508
1941,31/08/2024 , 11:00:00,10252,10252
1942,31/08/2024 , 12:00:00,10252,10252
1943,31/08/2024 , 13:00:00,10252,10252
1944,31/08/2024 , 14:00:00,10252,10252
1945,31/08/2024 , 15:00:00,10252,10252
1946,31/08/2024 , 16:00:00,9996,9996
1947,31/08/2024 , 17:00:00,9740,9740
1948,31/08/2024 , 18:00:00,9740,9740
1949,31/08/2024 , 19:00:00,9484,9484
1950,31/08/2024 , 20:00:00,9484,9484
1951,31/08/2024 , 21:00:00,9484,9484
1952,31/08/2024 , 22:00:00,9484,9484
1953,31/08/2024 , 23:00:00,9484,9484
1954,31/08/2024 , 23:59:59,9484,9484
1955,01/09/2024 , 01:00:00,9484,9484
1956,01/09/2024 , 02:00:00,9228,9228
1957,01/09/2024 , 03:00:00,9228,9228
1958,01/09/2024 , 04:00:00,9228,9228
1959,01/09/2024 , 05:00:00,8972,8972
1960,01/09/2024 , 06:00:00,8716,8716
1961,01/09/2024 , 07:00:00,8716,8716
1962,01/09/2024 , 08:00:00,8460,8460
1963,01/09/2024 , 09:00:00,8204,8204
1964,01/09/2024 , 10:00:00,8204,8204
1965,01/09/2024 , 11:00:00,7948,7948
1966,01/09/2024 , 12:00:00,7692,7692
1967,01/09/2024 , 13:00:00,7436,7436
1968,01/09/2024 , 14:00:00,7180,7180
1969,01/09/2024 , 15:00:00,7180,7180
1970,01/09/2024 , 16:00:00,6924,6924
1971,01/09/2024 , 17:00:00,6668,6668
1972,01/09/2024 , 18:00:00,6668,6668
1973,01/09/2024 , 19:00:00,6412,6412
1974,01/09/2024 , 20:00:00,6668,6668
1975,01/09/2024 , 21:00:00,6668,6668
1976,01/09/2024 , 22:00:00,6668,6668
1977,01/09/2024 , 23:00:00,6924,6924
1978,01/09/2024 , 23:59:59,6412,6412
1979,02/09/2024 , 01:00:00,6412,6412
1980,02/09/2024 , 02:00:00,6156,6156
1981,02/09/2024 , 03:00:00,6156,6156
1982,02/09/2024 , 04:00:00,6156,6156
1983,02/09/2024 , 05:00:00,6156,6156
1984,02/09/2024 , 06:00:00,5900,5900
1985,02/09/2024 , 07:00:00,5644,5644
1986,02/09/2024 , 08:00:00,5388,5388
1987,02/09/2024 , 09:00:00,5388,5388
1988,02/09/2024 , 10:00:00,5132,5132
1989,02/09/2024 , 11:00:00,5132,5132
1990,02/09/2024 , 12:00:00,5132,5132
1991,02/09/2024 , 13:00:00,5132,5132
1992,02/09/2024 , 14:00:00,4876,4876
1993,02/09/2024 , 15:00:00,4876,4876
1994,02/09/2024 , 16:00:00,4876,4876
1995,02/09/2024 , 17:00:00,4620,4620
1996,02/09/2024 , 18:00:00,4620,4620
1997,02/09/2024 , 19:00:00,4620,4620
1998,02/09/2024 , 20:00:00,4620,4620
1999,02/09/2024 , 21:00:00,4876,4876
2000,02/09/2024 , 22:00:00,4876,4876
2001,02/09/2024 , 23:00:00,4620,4620
2002,02/09/2024 , 23:59:59,4620,4620
2003,03/09/2024 , 01:00:00,4364,4364
2004,03/09/2024 , 02:00:00,4364,4364
2005,03/09/2024 , 03:00:00,4108,4108
2006,03/09/2024 , 04:00:00,4108,4108
2007,03/09/2024 , 05:00:00,4108,4108
2008,03/09/2024 , 06:00:00,3852,3852
2009,03/09/2024 , 07:00:00,3852,3852
2010,03/09/2024 , 08:00:00,3596,3596
2011,03/09/2024 , 09:00:00,3596,3596
2012,03/09/2024 , 10:00:00,3596,3596
2013,03/09/2024 , 11:00:00,3596,3596
2014,03/09/2024 , 12:00:00,3596,3596
2015,03/09/2024 , 13:00:00,3340,3340
2016,03/09/2024 , 14:00:00,3340,3340
2017,03/09/2024 , 15:00:00,3340,3340
2018,03/09/2024 , 16:00:00,3340,3340
2019,03/09/2024 , 17:00:00,3340,3340
2020,03/09/2024 , 18:00:00,3084,3084
2021,03/09/2024 , 19:00:00,3340,3340
2022,03/09/2024 , 20:00:00,3340,3340
2023,03/09/2024 , 21:00:00,3340,3340
2024,03/09/2024 , 22:00:00,3340,3340
2025,03/09/2024 , 23:00:00,3084,3084
2026,03/09/2024 , 23:59:59,3084,3084
2027,04/09/2024 , 01:00:00,2828,2828
2028,04/09/2024 , 02:00:00,2828,2828
2029,04/09/2024 , 03:00:00,2572,2572
2030,04/09/2024 , 04:00:00,2572,2572
2031,04/09/2024 , 05:00:00,2572,2572
2032,04/09/2024 , 06:00:00,2316,2316
2033,04/09/2024 , 07:00:00,2316,2316
2034,04/09/2024 , 08:00:00,2060,2060
2035,04/09/2024 , 09:00:00,2060,2060
2036,04/09/2024 , 10:00:00,2060,2060
2037,04/09/2024 , 11:00:00,2060,2060
2038,04/09/2024 , 12:00:00,2060,2060
2039,04/09/2024 , 13:00:00,1804,1804
2040,04/09/2024 , 14:00:00,1804,1804
2041,04/09/2024 , 15:00:00,1804,1804
2042,04/09/2024 , 16:00:00,1548,1548
2043,04/09/2024 , 17:00:00,1548,1548
2044,04/09/2024 , 18:00:00,1548,1548
2045,04/09/2024 , 19:00:00,1292,1292
2046,04/09/2024 , 20:00:00,1292,1292
2047,04/09/2024 , 21:00:00,1548,1548
2048,04/09/2024 , 22:00:00,1548,1548
2049,04/09/2024 , 23:00:00,1548,1548
2050,04/09/2024 , 23:59:59,1548,1548
2051,05/09/2024 , 01:00:00,1548,1548
2052,05/09/2024 , 02:00:00,1292,1292
2053,05/09/2024 , 03:00:00,1036,1036
2054,05/09/2024 , 04:00:00,1036,1036
2055,05/09/2024 , 05:00:00,1036,1036
2056,05/09/2024 , 06:00:00,1036,1036
2057,05/09/2024 , 07:00:00,1036,1036
2058,05/09/2024 , 08:00:00,1036,1036
2059,05/09/2024 , 09:00:00,1036,1036
2060,05/09/2024 , 10:00:00,1036,1036
2061,05/09/2024 , 11:00:00,1036,1036
2062,05/09/2024 , 12:00:00,780,780
2063,05/09/2024 , 13:00:00,780,780
2064,05/09/2024 , 14:00:00,780,780
2065,05/09/2024 , 15:00:00,780,780
2066,05/09/2024 , 16:00:00,780,780
2067,05/09/2024 , 17:00:00,780,780
2068,05/09/2024 , 18:00:00,524,524
2069,05/09/2024 , 19:00:00,524,524
2070,05/09/2024 , 20:00:00,524,524
2071,05/09/2024 , 21:00:00,780,780
2072,05/09/2024 , 22:00:00,780,780
2073,05/09/2024 , 23:00:00,780,780
2074,05/09/2024 , 23:59:59,780,780
2075,06/09/2024 , 01:00:00,780,780
2076,06/09/2024 , 02:00:00,524,524
2077,06/09/2024 , 03:00:00,524,524
2078,06/09/2024 , 04:00:00,268,268
2079,06/09/2024 , 05:00:00,268,268
2080,06/09/2024 , 06:00:00,12,12
2081,06/09/2024 , 07:00:00,268,268
2082,06/09/2024 , 08:00:00,268,268
2083,06/09/2024 , 09:00:00,12,12
2084,06/09/2024 , 10:00:00,12,12
2085,06/09/2024 , 11:00:00,12,12
2086,06/09/2024 , 12:00:00,65292,65292
2087,06/09/2024 , 13:00:00,65291,65291
2088,06/09/2024 , 14:00:00,65291,65291
2089,06/09/2024 , 15:00:00,65291,65291
2090,06/09/2024 , 16:00:00,65291,65291
2091,06/09/2024 , 17:00:00,65035,65035
2092,06/09/2024 , 18:00:00,65035,65035
2093,06/09/2024 , 19:00:00,65035,65035
2094,06/09/2024 , 20:00:00,65035,65035
2095,06/09/2024 , 21:00:00,64779,64779
2096,06/09/2024 , 22:00:00,65035,65035
2097,06/09/2024 , 23:00:00,64779,64779
2098,06/09/2024 , 23:59:59,64779,64779
2099,07/09/2024 , 01:00:00,64523,64523
2100,07/09/2024 , 02:00:00,64523,64523
2101,07/09/2024 , 03:00:00,64523,64523
2102,07/09/2024 , 04:00:00,64523,64523
2103,07/09/2024 , 05:00:00,64267,64267
2104,07/09/2024 , 06:00:00,64267,64267
2105,07/09/2024 , 07:00:00,64267,64267
2106,07/09/2024 , 08:00:00,64011,64011
2107,07/09/2024 , 09:00:00,63755,63755
2108,07/09/2024 , 10:00:00,63755,63755
2109,07/09/2024 , 11:00:00,63243,63243
2110,07/09/2024 , 12:00:00,63243,63243
2111,07/09/2024 , 13:00:00,62987,62987
2112,07/09/2024 , 14:00:00,62475,62475
2113,07/09/2024 , 15:00:00,62219,62219
2114,07/09/2024 , 16:00:00,61451,61451
2115,07/09/2024 , 17:00:00,60683,60683
2116,07/09/2024 , 18:00:00,60171,60171
2117,07/09/2024 , 19:00:00,59915,59915
2118,07/09/2024 , 20:00:00,59659,59659
2119,07/09/2024 , 21:00:00,59403,59403
2120,07/09/2024 , 22:00:00,59147,59147
2121,07/09/2024 , 23:00:00,58891,58891
2122,07/09/2024 , 23:59:59,58891,58891
2123,08/09/2024 , 01:00:00,58891,58891
2124,08/09/2024 , 02:00:00,58635,58635
2125,08/09/2024 , 03:00:00,58635,58635
2126,08/09/2024 , 04:00:00,58379,58379
2127,08/09/2024 , 05:00:00,58379,58379
2128,08/09/2024 , 06:00:00,58123,58123
2129,08/09/2024 , 07:00:00,58123,58123
2130,08/09/2024 , 08:00:00,55051,55051
2131,08/09/2024 , 09:00:00,54539,54539
2132,08/09/2024 , 10:00:00,54539,54539
2133,08/09/2024 , 11:00:00,54539,54539
2134,08/09/2024 , 12:00:00,54283,54283
2135,08/09/2024 , 13:00:00,54283,54283
2136,08/09/2024 , 14:00:00,53771,53771
2137,08/09/2024 , 15:00:00,53771,53771
2138,08/09/2024 , 16:00:00,53515,53515
2139,08/09/2024 , 17:00:00,53259,53259
2140,08/09/2024 , 18:00:00,53003,53003
2141,08/09/2024 , 19:00:00,52747,52747
2142,08/09/2024 , 20:00:00,52747,52747
2143,08/09/2024 , 21:00:00,52747,52747
2144,08/09/2024 , 22:00:00,52747,52747
2145,08/09/2024 , 23:00:00,52491,52491
2146,08/09/2024 , 23:59:59,52491,52491
2147,09/09/2024 , 01:00:00,52235,52235
2148,09/09/2024 , 02:00:00,51979,51979
2149,09/09/2024 , 03:00:00,51723,51723
2150,09/09/2024 , 04:00:00,51723,51723
2151,09/09/2024 , 05:00:00,51723,51723
2152,09/09/2024 , 06:00:00,51467,51467
2153,09/09/2024 , 07:00:00,51211,51211
2154,09/09/2024 , 08:00:00,50955,50955
2155,09/09/2024 , 09:00:00,50955,50955
2156,09/09/2024 , 10:00:00,50699,50699
2157,09/09/2024 , 11:00:00,50443,50443
2158,09/09/2024 , 12:00:00,50443,50443
2159,09/09/2024 , 13:00:00,50187,50187
2160,09/09/2024 , 14:00:00,49931,49931
2161,09/09/2024 , 15:00:00,49675,49675
2162,09/09/2024 , 16:00:00,49419,49419
2163,09/09/2024 , 17:00:00,49419,49419
2164,09/09/2024 , 18:00:00,49163,49163
2165,09/09/2024 , 19:00:00,48907,48907
2166,09/09/2024 , 20:00:00,48907,48907
2167,09/09/2024 , 21:00:00,48907,48907
2168,09/09/2024 , 22:00:00,48651,48651
2169,09/09/2024 , 23:00:00,48651,48651
2170,09/09/2024 , 23:59:59,48395,48395
2171,10/09/2024 , 01:00:00,48395,48395
2172,10/09/2024 , 02:00:00,48139,48139
2173,10/09/2024 , 03:00:00,48139,48139
2174,10/09/2024 , 04:00:00,47883,47883
2175,10/09/2024 , 05:00:00,47627,47627
2176,10/09/2024 , 06:00:00,47371,47371
2177,10/09/2024 , 07:00:00,47115,47115
2178,10/09/2024 , 08:00:00,47115,47115
2179,10/09/2024 , 09:00:00,46859,46859
2180,10/09/2024 , 10:00:00,46603,46603
2181,10/09/2024 , 11:00:00,46603,46603
2182,10/09/2024 , 12:00:00,46091,46091
2183,10/09/2024 , 13:00:00,46091,46091
2184,10/09/2024 , 14:00:00,45835,45835
2185,10/09/2024 , 15:00:00,45835,45835
2186,10/09/2024 , 16:00:00,45323,45323
2187,10/09/2024 , 17:00:00,45323,45323
2188,10/09/2024 , 18:00:00,45067,45067
2189,10/09/2024 , 19:00:00,45067,45067
2190,10/09/2024 , 20:00:00,44811,44811
2191,10/09/2024 , 21:00:00,44811,44811
2192,10/09/2024 , 22:00:00,44811,44811
2193,10/09/2024 , 23:00:00,44811,44811
2194,10/09/2024 , 23:59:59,44811,44811
2195,11/09/2024 , 01:00:00,44555,44555
2196,11/09/2024 , 02:00:00,44555,44555
2197,11/09/2024 , 03:00:00,44555,44555
2198,11/09/2024 , 04:00:00,44299,44299
2199,11/09/2024 , 05:00:00,44299,44299
2200,11/09/2024 , 06:00:00,44299,44299
2201,11/09/2024 , 07:00:00,44043,44043
2202,11/09/2024 , 08:00:00,44043,44043
2203,11/09/2024 , 09:00:00,43787,43787
2204,11/09/2024 , 10:00:00,43787,43787
2205,11/09/2024 , 11:00:00,43787,43787
2206,11/09/2024 , 12:00:00,43531,43531
2207,11/09/2024 , 13:00:00,43275,43275
2208,11/09/2024 , 14:00:00,43275,43275
2209,11/09/2024 , 15:00:00,43019,43019
2210,11/09/2024 , 16:00:00,43019,43019
2211,11/09/2024 , 17:00:00,43019,43019
2212,11/09/2024 , 18:00:00,42763,42763
2213,11/09/2024 , 19:00:00,42507,42507
2214,11/09/2024 , 20:00:00,42507,42507
2215,11/09/2024 , 21:00:00,42507,42507
2216,11/09/2024 , 22:00:00,42507,42507
2217,11/09/2024 , 23:00:00,42507,42507
2218,11/09/2024 , 23:59:59,42507,42507
2219,12/09/2024 , 01:00:00,42507,42507
2220,12/09/2024 , 02:00:00,42507,42507
2221,12/09/2024 , 03:00:00,42507,42507
2222,12/09/2024 , 04:00:00,42507,42507
2223,12/09/2024 , 05:00:00,42507,42507
2224,12/09/2024 , 06:00:00,42507,42507
2225,12/09/2024 , 07:00:00,42507,42507
2226,12/09/2024 , 08:00:00,42507,42507
2227,12/09/2024 , 09:00:00,42251,42251
2228,12/09/2024 , 10:00:00,42251,42251
2229,12/09/2024 , 11:00:00,42507,42507
2230,12/09/2024 , 12:00:00,53259,53259
2231,12/09/2024 , 13:00:00,64779,64779
2232,12/09/2024 , 14:00:00,2315,2315
2233,12/09/2024 , 15:00:00,3852,3852
2234,12/09/2024 , 16:00:00,4108,4108
2235,12/09/2024 , 17:00:00,4620,4620
2236,12/09/2024 , 18:00:00,4876,4876
2237,12/09/2024 , 19:00:00,5900,5900
2238,12/09/2024 , 20:00:00,25356,25356
2239,12/09/2024 , 21:00:00,45580,45580
2240,12/09/2024 , 22:00:00,50444,50444
2241,12/09/2024 , 23:00:00,51724,51724
2242,12/09/2024 , 23:59:59,53260,53260
2243,13/09/2024 , 01:00:00,1804,1804
2244,13/09/2024 , 02:00:00,7693,7693
2245,13/09/2024 , 03:00:00,10509,10509
2246,13/09/2024 , 04:00:00,10765,10765
2247,13/09/2024 , 05:00:00,7181,7181
2248,13/09/2024 , 06:00:00,4877,4877
2249,13/09/2024 , 07:00:00,3341,3341
2250,13/09/2024 , 08:00:00,2317,2317
2251,13/09/2024 , 09:00:00,1293,1293
2252,13/09/2024 , 10:00:00,781,781
2253,13/09/2024 , 11:00:00,13,13
2254,13/09/2024 , 12:00:00,65037,65037
2255,13/09/2024 , 13:00:00,64524,64524
2256,13/09/2024 , 14:00:00,63756,63756
2257,13/09/2024 , 15:00:00,62988,62988
2258,13/09/2024 , 16:00:00,62476,62476
2259,13/09/2024 , 17:00:00,62220,62220
2260,13/09/2024 , 18:00:00,61452,61452
2261,13/09/2024 , 19:00:00,60428,60428
2262,13/09/2024 , 20:00:00,59916,59916
2263,13/09/2024 , 21:00:00,59660,59660
2264,13/09/2024 , 22:00:00,58892,58892
2265,13/09/2024 , 23:00:00,58380,58380
2266,13/09/2024 , 23:59:59,57612,57612
2267,14/09/2024 , 01:00:00,56844,56844
2268,14/09/2024 , 02:00:00,55308,55308
2269,14/09/2024 , 03:00:00,53516,53516
2270,14/09/2024 , 04:00:00,52748,52748
2271,14/09/2024 , 05:00:00,49420,49420
2272,14/09/2024 , 06:00:00,49164,49164
2273,14/09/2024 , 07:00:00,49164,49164
2274,14/09/2024 , 08:00:00,48908,48908
2275,14/09/2024 , 09:00:00,49420,49420
2276,14/09/2024 , 10:00:00,48908,48908
2277,14/09/2024 , 11:00:00,48652,48652
2278,14/09/2024 , 12:00:00,48140,48140
2279,14/09/2024 , 13:00:00,47884,47884
2280,14/09/2024 , 14:00:00,47372,47372
2281,14/09/2024 , 15:00:00,47372,47372
2282,14/09/2024 , 16:00:00,46860,46860
2283,14/09/2024 , 17:00:00,46604,46604
2284,14/09/2024 , 18:00:00,46092,46092
2285,14/09/2024 , 19:00:00,45836,45836
2286,14/09/2024 , 20:00:00,45580,45580
2287,14/09/2024 , 21:00:00,45324,45324
2288,14/09/2024 , 22:00:00,45324,45324
2289,14/09/2024 , 23:00:00,44812,44812
2290,14/09/2024 , 23:59:59,44556,44556
2291,15/09/2024 , 01:00:00,44556,44556
2292,15/09/2024 , 02:00:00,44556,44556
2293,15/09/2024 , 03:00:00,44300,44300
2294,15/09/2024 , 04:00:00,44044,44044
2295,15/09/2024 , 05:00:00,43788,43788
2296,15/09/2024 , 06:00:00,43788,43788
2297,15/09/2024 , 07:00:00,43532,43532
2298,15/09/2024 , 08:00:00,43532,43532
2299,15/09/2024 , 09:00:00,43276,43276
2300,15/09/2024 , 10:00:00,43532,43532
2301,15/09/2024 , 11:00:00,43276,43276
2302,15/09/2024 , 12:00:00,43020,43020
2303,15/09/2024 , 13:00:00,42764,42764
2304,15/09/2024 , 14:00:00,42508,42508
2305,15/09/2024 , 15:00:00,42252,42252
2306,15/09/2024 , 16:00:00,42252,42252
2307,15/09/2024 , 17:00:00,41740,41740
2308,15/09/2024 , 18:00:00,41740,41740
2309,15/09/2024 , 19:00:00,41484,41484
2310,15/09/2024 , 20:00:00,41740,41740
2311,15/09/2024 , 21:00:00,41740,41740
2312,15/09/2024 , 22:00:00,41740,41740
2313,15/09/2024 , 23:00:00,41740,41740
2314,15/09/2024 , 23:59:59,41996,41996
2315,16/09/2024 , 01:00:00,41740,41740
2316,16/09/2024 , 02:00:00,41740,41740
2317,16/09/2024 , 03:00:00,41740,41740
2318,16/09/2024 , 04:00:00,41484,41484
2319,16/09/2024 , 05:00:00,41228,41228
2320,16/09/2024 , 06:00:00,41228,41228
2321,16/09/2024 , 07:00:00,40972,40972
2322,16/09/2024 , 08:00:00,40460,40460
2323,16/09/2024 , 09:00:00,40460,40460
2324,16/09/2024 , 10:00:00,40460,40460
2325,16/09/2024 , 11:00:00,40204,40204
2326,16/09/2024 , 12:00:00,39692,39692
2327,16/09/2024 , 13:00:00,39692,39692
2328,16/09/2024 , 14:00:00,39180,39180
2329,16/09/2024 , 15:00:00,38924,38924
2330,16/09/2024 , 16:00:00,38668,38668
2331,16/09/2024 , 17:00:00,38156,38156
2332,16/09/2024 , 18:00:00,37644,37644
2333,16/09/2024 , 19:00:00,37644,37644
2334,16/09/2024 , 20:00:00,37644,37644
2335,16/09/2024 , 21:00:00,37644,37644
2336,16/09/2024 , 22:00:00,37900,37900
2337,16/09/2024 , 23:00:00,37900,37900
2338,16/09/2024 , 23:59:59,37644,37644
2339,17/09/2024 , 01:00:00,37388,37388
2340,17/09/2024 , 02:00:00,36876,36876
2341,17/09/2024 , 03:00:00,36876,36876
2342,17/09/2024 , 04:00:00,36364,36364
2343,17/09/2024 , 05:00:00,36364,36364
2344,17/09/2024 , 06:00:00,36108,36108
2345,17/09/2024 , 07:00:00,36108,36108
2346,17/09/2024 , 08:00:00,35852,35852
2347,17/09/2024 , 09:00:00,35340,35340
2348,17/09/2024 , 10:00:00,35340,35340
2349,17/09/2024 , 11:00:00,34828,34828
2350,17/09/2024 , 12:00:00,34828,34828
2351,17/09/2024 , 13:00:00,34316,34316
2352,17/09/2024 , 14:00:00,33548,33548
2353,17/09/2024 , 15:00:00,32524,32524
2354,17/09/2024 , 16:00:00,31756,31756
2355,17/09/2024 , 17:00:00,31500,31500
2356,17/09/2024 , 18:00:00,31244,31244
2357,17/09/2024 , 19:00:00,27660,27660
2358,17/09/2024 , 20:00:00,27404,27404
2359,17/09/2024 , 21:00:00,27148,27148
2360,17/09/2024 , 22:00:00,27148,27148
2361,17/09/2024 , 23:00:00,27148,27148
2362,17/09/2024 , 23:59:59,27148,27148
2363,18/09/2024 , 01:00:00,26892,26892
2364,18/09/2024 , 02:00:00,26380,26380
2365,18/09/2024 , 03:00:00,26380,26380
2366,18/09/2024 , 04:00:00,25868,25868
2367,18/09/2024 , 05:00:00,25868,25868
2368,18/09/2024 , 06:00:00,25612,25612
2369,18/09/2024 , 07:00:00,25356,25356
2370,18/09/2024 , 08:00:00,25356,25356
2371,18/09/2024 , 09:00:00,25100,25100
2372,18/09/2024 , 10:00:00,25100,25100
2373,18/09/2024 , 11:00:00,25100,25100
2374,18/09/2024 , 12:00:00,24844,24844
2375,18/09/2024 , 13:00:00,24588,24588
2376,18/09/2024 , 14:00:00,24588,24588
2377,18/09/2024 , 15:00:00,24332,24332
2378,18/09/2024 , 16:00:00,24076,24076
2379,18/09/2024 , 17:00:00,23820,23820
2380,18/09/2024 , 18:00:00,23820,23820
2381,18/09/2024 , 19:00:00,23308,23308
2382,18/09/2024 , 20:00:00,23564,23564
2383,18/09/2024 , 21:00:00,23564,23564
2384,18/09/2024 , 22:00:00,23820,23820
2385,18/09/2024 , 23:00:00,23564,23564
2386,18/09/2024 , 23:59:59,23308,23308
2387,19/09/2024 , 01:00:00,23564,23564
2388,19/09/2024 , 02:00:00,23308,23308
2389,19/09/2024 , 03:00:00,23308,23308
2390,19/09/2024 , 04:00:00,23052,23052
2391,19/09/2024 , 05:00:00,23052,23052
2392,19/09/2024 , 06:00:00,22796,22796
2393,19/09/2024 , 07:00:00,22796,22796
2394,19/09/2024 , 08:00:00,22796,22796
2395,19/09/2024 , 09:00:00,22796,22796
2396,19/09/2024 , 10:00:00,22796,22796
2397,19/09/2024 , 11:00:00,22796,22796
2398,19/09/2024 , 12:00:00,22796,22796
2399,19/09/2024 , 13:00:00,22796,22796
2400,19/09/2024 , 14:00:00,22540,22540
2401,19/09/2024 , 15:00:00,22284,22284
2402,19/09/2024 , 16:00:00,22284,22284
2403,19/09/2024 , 17:00:00,22284,22284
2404,19/09/2024 , 18:00:00,21772,21772
2405,19/09/2024 , 19:00:00,21772,21772
2406,19/09/2024 , 20:00:00,21516,21516
2407,19/09/2024 , 21:00:00,21772,21772
2408,19/09/2024 , 22:00:00,21516,21516
2409,19/09/2024 , 23:00:00,21260,21260
2410,19/09/2024 , 23:59:59,21260,21260
2411,20/09/2024 , 01:00:00,21260,21260
2412,20/09/2024 , 02:00:00,20748,20748
2413,20/09/2024 , 03:00:00,20748,20748
2414,20/09/2024 , 04:00:00,20492,20492
2415,20/09/2024 , 05:00:00,20236,20236
2416,20/09/2024 , 06:00:00,20236,20236
2417,20/09/2024 , 07:00:00,20236,20236
2418,20/09/2024 , 08:00:00,19980,19980
2419,20/09/2024 , 09:00:00,19724,19724
2420,20/09/2024 , 10:00:00,19468,19468
2421,20/09/2024 , 11:00:00,19212,19212
2422,20/09/2024 , 12:00:00,18956,18956
2423,20/09/2024 , 13:00:00,18444,18444
2424,20/09/2024 , 14:00:00,18188,18188
2425,20/09/2024 , 15:00:00,17932,17932
2426,20/09/2024 , 16:00:00,17676,17676
2427,20/09/2024 , 17:00:00,17164,17164
2428,20/09/2024 , 18:00:00,16908,16908
2429,20/09/2024 , 19:00:00,16652,16652
2430,20/09/2024 , 20:00:00,16652,16652
2431,20/09/2024 , 21:00:00,16908,16908
2432,20/09/2024 , 22:00:00,17164,17164
2433,20/09/2024 , 23:00:00,17164,17164
2434,20/09/2024 , 23:59:59,17164,17164
2435,21/09/2024 , 01:00:00,16908,16908
2436,21/09/2024 , 02:00:00,16652,16652
2437,21/09/2024 , 03:00:00,16652,16652
2438,21/09/2024 , 04:00:00,16396,16396
2439,21/09/2024 , 05:00:00,16396,16396
2440,21/09/2024 , 06:00:00,16140,16140
2441,21/09/2024 , 07:00:00,15884,15884
2442,21/09/2024 , 08:00:00,15884,15884
2443,21/09/2024 , 09:00:00,15628,15628
2444,21/09/2024 , 10:00:00,15628,15628
2445,21/09/2024 , 11:00:00,15628,15628
2446,21/09/2024 , 12:00:00,15372,15372
2447,21/09/2024 , 13:00:00,15116,15116
2448,21/09/2024 , 14:00:00,14860,14860
2449,21/09/2024 , 15:00:00,14604,14604
2450,21/09/2024 , 16:00:00,14604,14604
2451,21/09/2024 , 17:00:00,14860,14860
2452,21/09/2024 , 18:00:00,15116,15116
2453,21/09/2024 , 19:00:00,15372,15372
2454,21/09/2024 , 20:00:00,15372,15372
2455,21/09/2024 , 21:00:00,15628,15628
2456,21/09/2024 , 22:00:00,15372,15372
2457,21/09/2024 , 23:00:00,15372,15372
2458,21/09/2024 , 23:59:59,15372,15372
2459,22/09/2024 , 01:00:00,15116,15116
2460,22/09/2024 , 02:00:00,15116,15116
2461,22/09/2024 , 03:00:00,14860,14860
2462,22/09/2024 , 04:00:00,14604,14604
2463,22/09/2024 , 05:00:00,14604,14604
2464,22/09/2024 , 06:00:00,14092,14092
2465,22/09/2024 , 07:00:00,14092,14092
2466,22/09/2024 , 08:00:00,13836,13836
2467,22/09/2024 , 09:00:00,13836,13836
2468,22/09/2024 , 10:00:00,13580,13580
2469,22/09/2024 , 11:00:00,13324,13324
2470,22/09/2024 , 12:00:00,13068,13068
2471,22/09/2024 , 13:00:00,13068,13068
2472,22/09/2024 , 14:00:00,12812,12812
2473,22/09/2024 , 15:00:00,12812,12812
2474,22/09/2024 , 16:00:00,12812,12812
2475,22/09/2024 , 17:00:00,12812,12812
2476,22/09/2024 , 18:00:00,12812,12812
2477,22/09/2024 , 19:00:00,12556,12556
2478,22/09/2024 , 20:00:00,12812,12812
2479,22/09/2024 , 21:00:00,12812,12812
2480,22/09/2024 , 22:00:00,12812,12812
2481,22/09/2024 , 23:00:00,12812,12812
2482,22/09/2024 , 23:59:59,12812,12812
2483,23/09/2024 , 01:00:00,12812,12812
2484,23/09/2024 , 02:00:00,12812,12812
2485,23/09/2024 , 03:00:00,12812,12812
2486,23/09/2024 , 04:00:00,12812,12812
2487,23/09/2024 , 05:00:00,12812,12812
2488,23/09/2024 , 06:00:00,12812,12812
2489,23/09/2024 , 07:00:00,12812,12812
2490,23/09/2024 , 08:00:00,12812,12812
2491,23/09/2024 , 09:00:00,12812,12812
2492,23/09/2024 , 10:00:00,12556,12556
2493,23/09/2024 , 11:00:00,12556,12556
2494,23/09/2024 , 12:00:00,12300,12300
2495,23/09/2024 , 13:00:00,12300,12300
2496,23/09/2024 , 14:00:00,12556,12556
2497,23/09/2024 , 15:00:00,13836,13836
2498,23/09/2024 , 16:00:00,14348,14348
2499,23/09/2024 , 17:00:00,14604,14604
2500,23/09/2024 , 18:00:00,19724,19724
2501,23/09/2024 , 19:00:00,25100,25100
2502,23/09/2024 , 20:00:00,30220,30220
2503,23/09/2024 , 21:00:00,37132,37132
2504,23/09/2024 , 22:00:00,39436,39436
2505,23/09/2024 , 23:00:00,41740,41740
2506,23/09/2024 , 23:59:59,44044,44044
2507,24/09/2024 , 01:00:00,45324,45324
2508,24/09/2024 , 02:00:00,46860,46860
2509,24/09/2024 , 03:00:00,47372,47372
2510,24/09/2024 , 04:00:00,47628,47628
2511,24/09/2024 , 05:00:00,47628,47628
2512,24/09/2024 , 06:00:00,47628,47628
2513,24/09/2024 , 07:00:00,47628,47628
2514,24/09/2024 , 08:00:00,47628,47628
2515,24/09/2024 , 09:00:00,47372,47372
2516,24/09/2024 , 10:00:00,47116,47116
2517,24/09/2024 , 11:00:00,46604,46604
2518,24/09/2024 , 12:00:00,47116,47116
2519,24/09/2024 , 13:00:00,46604,46604
2520,24/09/2024 , 14:00:00,46092,46092
2521,24/09/2024 , 15:00:00,45580,45580
2522,24/09/2024 , 16:00:00,45068,45068
2523,24/09/2024 , 17:00:00,44812,44812
2524,24/09/2024 , 18:00:00,43788,43788
2525,24/09/2024 , 19:00:00,43788,43788
2526,24/09/2024 , 20:00:00,43788,43788
2527,24/09/2024 , 21:00:00,44300,44300
2528,24/09/2024 , 22:00:00,44300,44300
2529,24/09/2024 , 23:00:00,44300,44300
2530,24/09/2024 , 23:59:59,44300,44300
2531,25/09/2024 , 01:00:00,44044,44044
2532,25/09/2024 , 02:00:00,43788,43788
2533,25/09/2024 , 03:00:00,43788,43788
2534,25/09/2024 , 04:00:00,43788,43788
2535,25/09/2024 , 05:00:00,43020,43020
2536,25/09/2024 , 06:00:00,43020,43020
2537,25/09/2024 , 07:00:00,42508,42508
2538,25/09/2024 , 08:00:00,41740,41740
2539,25/09/2024 , 09:00:00,41228,41228
2540,25/09/2024 , 10:00:00,41228,41228
2541,25/09/2024 , 11:00:00,40972,40972
2542,25/09/2024 , 12:00:00,40460,40460
2543,25/09/2024 , 13:00:00,40204,40204
2544,25/09/2024 , 14:00:00,39948,39948
2545,25/09/2024 , 15:00:00,39948,39948
2546,25/09/2024 , 16:00:00,39692,39692
2547,25/09/2024 , 17:00:00,39948,39948
2548,25/09/2024 , 18:00:00,39948,39948
2549,25/09/2024 , 19:00:00,39948,39948
2550,25/09/2024 , 20:00:00,40204,40204
2551,25/09/2024 , 21:00:00,40716,40716
2552,25/09/2024 , 22:00:00,41484,41484
2553,25/09/2024 , 23:00:00,41484,41484
2554,25/09/2024 , 23:59:59,41740,41740
2555,26/09/2024 , 01:00:00,41996,41996
2556,26/09/2024 , 02:00:00,42252,42252
2557,26/09/2024 , 03:00:00,42252,42252
2558,26/09/2024 , 04:00:00,42252,42252
2559,26/09/2024 , 05:00:00,41996,41996
2560,26/09/2024 , 06:00:00,41996,41996
2561,26/09/2024 , 07:00:00,41740,41740
2562,26/09/2024 , 08:00:00,41740,41740
2563,26/09/2024 , 09:00:00,40972,40972
2564,26/09/2024 , 10:00:00,40972,40972
2565,26/09/2024 , 11:00:00,40972,40972
2566,26/09/2024 , 12:00:00,40460,40460
2567,26/09/2024 , 13:00:00,40204,40204
2568,26/09/2024 , 14:00:00,39692,39692
2569,26/09/2024 , 15:00:00,39948,39948
2570,26/09/2024 , 16:00:00,39948,39948
2571,26/09/2024 , 17:00:00,39948,39948
2572,26/09/2024 , 18:00:00,39692,39692
2573,26/09/2024 , 19:00:00,38156,38156
2574,26/09/2024 , 20:00:00,38412,38412
2575,26/09/2024 , 21:00:00,38924,38924
2576,26/09/2024 , 22:00:00,39180,39180
2577,26/09/2024 , 23:00:00,39180,39180
2578,26/09/2024 , 23:59:59,39436,39436
2579,27/09/2024 , 01:00:00,39436,39436
2580,27/09/2024 , 02:00:00,39692,39692
2581,27/09/2024 , 03:00:00,39436,39436
2582,27/09/2024 , 04:00:00,38924,38924
2583,27/09/2024 , 05:00:00,39180,39180
2584,27/09/2024 , 06:00:00,39180,39180
2585,27/09/2024 , 07:00:00,38924,38924
2586,27/09/2024 , 08:00:00,38668,38668
2587,27/09/2024 , 09:00:00,38668,38668
2588,27/09/2024 , 10:00:00,38412,38412
2589,27/09/2024 , 11:00:00,38156,38156
2590,27/09/2024 , 12:00:00,37900,37900
2591,27/09/2024 , 13:00:00,37644,37644
2592,27/09/2024 , 14:00:00,37132,37132
2593,27/09/2024 , 15:00:00,36876,36876
2594,27/09/2024 , 16:00:00,36876,36876
2595,27/09/2024 , 17:00:00,36876,36876
2596,27/09/2024 , 18:00:00,36876,36876
2597,27/09/2024 , 19:00:00,36620,36620
2598,27/09/2024 , 20:00:00,36620,36620
2599,27/09/2024 , 21:00:00,36620,36620
2600,27/09/2024 , 22:00:00,36876,36876
2601,27/09/2024 , 23:00:00,36876,36876
2602,27/09/2024 , 23:59:59,36364,36364
2603,28/09/2024 , 01:00:00,36620,36620
2604,28/09/2024 , 02:00:00,36364,36364
2605,28/09/2024 , 03:00:00,36620,36620
2606,28/09/2024 , 04:00:00,36364,36364
2607,28/09/2024 , 05:00:00,36108,36108
2608,28/09/2024 , 06:00:00,35852,35852
2609,28/09/2024 , 07:00:00,36108,36108
2610,28/09/2024 , 08:00:00,36108,36108
2611,28/09/2024 , 09:00:00,35852,35852
2612,28/09/2024 , 10:00:00,35852,35852
2613,28/09/2024 , 11:00:00,35852,35852
2614,28/09/2024 , 12:00:00,35852,35852
2615,28/09/2024 , 13:00:00,35852,35852
2616,28/09/2024 , 14:00:00,58124,58124
2617,28/09/2024 , 15:00:00,1036,1036
2618,28/09/2024 , 16:00:00,2061,2061
2619,28/09/2024 , 17:00:00,2317,2317
2620,28/09/2024 , 18:00:00,2061,2061
2621,28/09/2024 , 19:00:00,1549,1549
2622,28/09/2024 , 20:00:00,1549,1549
2623,28/09/2024 , 21:00:00,1293,1293
2624,28/09/2024 , 22:00:00,1037,1037
2625,28/09/2024 , 23:00:00,269,269
2626,28/09/2024 , 23:59:59,13,13
2627,29/09/2024 , 01:00:00,65293,65293
2628,29/09/2024 , 02:00:00,65036,65036
2629,29/09/2024 , 03:00:00,64268,64268
2630,29/09/2024 , 04:00:00,64012,64012
2631,29/09/2024 , 05:00:00,63500,63500
2632,29/09/2024 , 06:00:00,62732,62732
2633,29/09/2024 , 07:00:00,62220,62220
2634,29/09/2024 , 08:00:00,61452,61452
2635,29/09/2024 , 09:00:00,60684,60684
2636,29/09/2024 , 10:00:00,60172,60172
2637,29/09/2024 , 11:00:00,59404,59404
2638,29/09/2024 , 12:00:00,58636,58636
2639,29/09/2024 , 13:00:00,57356,57356
2640,29/09/2024 , 14:00:00,56844,56844
2641,29/09/2024 , 15:00:00,56076,56076
2642,29/09/2024 , 16:00:00,51724,51724
2643,29/09/2024 , 17:00:00,50700,50700
2644,29/09/2024 , 18:00:00,50188,50188
2645,29/09/2024 , 19:00:00,49420,49420
2646,29/09/2024 , 20:00:00,49420,49420
2647,29/09/2024 , 21:00:00,49164,49164
2648,29/09/2024 , 22:00:00,49420,49420
2649,29/09/2024 , 23:00:00,49164,49164
2650,29/09/2024 , 23:59:59,48908,48908
2651,30/09/2024 , 01:00:00,48652,48652
2652,30/09/2024 , 02:00:00,48140,48140
2653,30/09/2024 , 03:00:00,47628,47628
2654,30/09/2024 , 04:00:00,47372,47372
2655,30/09/2024 , 05:00:00,46860,46860
2656,30/09/2024 , 06:00:00,46348,46348
2657,30/09/2024 , 07:00:00,45580,45580
2658,30/09/2024 , 08:00:00,45324,45324
2659,30/09/2024 , 09:00:00,44812,44812
2660,30/09/2024 , 10:00:00,44556,44556
2661,30/09/2024 , 11:00:00,44300,44300
2662,30/09/2024 , 12:00:00,44044,44044
2663,30/09/2024 , 13:00:00,44044,44044
2664,30/09/2024 , 14:00:00,44044,44044
2665,30/09/2024 , 15:00:00,44044,44044
2666,30/09/2024 , 16:00:00,44044,44044
2667,30/09/2024 , 17:00:00,44044,44044
2668,30/09/2024 , 18:00:00,43788,43788
2669,30/09/2024 , 19:00:00,43788,43788
2670,30/09/2024 , 20:00:00,43532,43532
2671,30/09/2024 , 21:00:00,43788,43788
2672,30/09/2024 , 22:00:00,44044,44044
2673,30/09/2024 , 23:00:00,44044,44044
2674,30/09/2024 , 23:59:59,44044,44044
2675,01/10/2024 , 01:00:00,44300,44300
2676,01/10/2024 , 02:00:00,44556,44556
2677,01/10/2024 , 03:00:00,45324,45324
2678,01/10/2024 , 04:00:00,48652,48652
2679,01/10/2024 , 05:00:00,60428,60428
2680,01/10/2024 , 06:00:00,64780,64780
2681,01/10/2024 , 07:00:00,65036,65036
2682,01/10/2024 , 08:00:00,65036,65036
2683,01/10/2024 , 09:00:00,65036,65036
2684,01/10/2024 , 10:00:00,65292,65292
2685,01/10/2024 , 11:00:00,1292,1292
2686,01/10/2024 , 12:00:00,2573,2573
2687,01/10/2024 , 13:00:00,2573,2573
2688,01/10/2024 , 14:00:00,2573,2573
2689,01/10/2024 , 15:00:00,2573,2573
2690,01/10/2024 , 16:00:00,2573,2573
2691,01/10/2024 , 17:00:00,2317,2317
2692,01/10/2024 , 18:00:00,2061,2061
2693,01/10/2024 , 19:00:00,1549,1549
2694,01/10/2024 , 20:00:00,1293,1293
2695,01/10/2024 , 21:00:00,1037,1037
2696,01/10/2024 , 22:00:00,1037,1037
2697,01/10/2024 , 23:00:00,781,781
2698,01/10/2024 , 23:59:59,781,781
2699,02/10/2024 , 01:00:00,781,781
2700,02/10/2024 , 02:00:00,525,525
2701,02/10/2024 , 03:00:00,269,269
2702,02/10/2024 , 04:00:00,65293,65293
2703,02/10/2024 , 05:00:00,65036,65036
2704,02/10/2024 , 06:00:00,64524,64524
2705,02/10/2024 , 07:00:00,64268,64268
2706,02/10/2024 , 08:00:00,64012,64012
2707,02/10/2024 , 09:00:00,63756,63756
2708,02/10/2024 , 10:00:00,62988,62988
2709,02/10/2024 , 11:00:00,62476,62476
2710,02/10/2024 , 12:00:00,61708,61708
2711,02/10/2024 , 13:00:00,61452,61452
2712,02/10/2024 , 14:00:00,61452,61452
2713,02/10/2024 , 15:00:00,61452,61452
2714,02/10/2024 , 16:00:00,60940,60940
2715,02/10/2024 , 17:00:00,60428,60428
2716,02/10/2024 , 18:00:00,60428,60428
2717,02/10/2024 , 19:00:00,60172,60172
2718,02/10/2024 , 20:00:00,59660,59660
2719,02/10/2024 , 21:00:00,59148,59148
2720,02/10/2024 , 22:00:00,58892,58892
2721,02/10/2024 , 23:00:00,58380,58380
2722,02/10/2024 , 23:59:59,57868,57868
2723,03/10/2024 , 01:00:00,57100,57100
2724,03/10/2024 , 02:00:00,53004,53004
2725,03/10/2024 , 03:00:00,52236,52236
2726,03/10/2024 , 04:00:00,51724,51724
2727,03/10/2024 , 05:00:00,51468,51468
2728,03/10/2024 , 06:00:00,50700,50700
2729,03/10/2024 , 07:00:00,50188,50188
2730,03/10/2024 , 08:00:00,49420,49420
2731,03/10/2024 , 09:00:00,49164,49164
2732,03/10/2024 , 10:00:00,48908,48908
2733,03/10/2024 , 11:00:00,48652,48652
2734,03/10/2024 , 12:00:00,47884,47884
2735,03/10/2024 , 13:00:00,47884,47884
2736,03/10/2024 , 14:00:00,47372,47372
2737,03/10/2024 , 15:00:00,47372,47372
2738,03/10/2024 , 16:00:00,46860,46860
2739,03/10/2024 , 17:00:00,46860,46860
2740,03/10/2024 , 18:00:00,46348,46348
2741,03/10/2024 , 19:00:00,46348,46348
2742,03/10/2024 , 20:00:00,46092,46092
2743,03/10/2024 , 21:00:00,46348,46348
2744,03/10/2024 , 22:00:00,46348,46348
2745,03/10/2024 , 23:00:00,46860,46860
2746,03/10/2024 , 23:59:59,46604,46604
2747,04/10/2024 , 01:00:00,46860,46860
2748,04/10/2024 , 02:00:00,46604,46604
2749,04/10/2024 , 03:00:00,46604,46604
2750,04/10/2024 , 04:00:00,46348,46348
2751,04/10/2024 , 05:00:00,46348,46348
2752,04/10/2024 , 06:00:00,46092,46092
2753,04/10/2024 , 07:00:00,45836,45836
2754,04/10/2024 , 08:00:00,45324,45324
2755,04/10/2024 , 09:00:00,44812,44812
2756,04/10/2024 , 10:00:00,44300,44300
2757,04/10/2024 , 11:00:00,44300,44300
2758,04/10/2024 , 12:00:00,43788,43788
2759,04/10/2024 , 13:00:00,43532,43532
2760,04/10/2024 , 14:00:00,43020,43020
2761,04/10/2024 , 15:00:00,43020,43020
2762,04/10/2024 , 16:00:00,42508,42508
2763,04/10/2024 , 17:00:00,42508,42508
2764,04/10/2024 , 18:00:00,42764,42764
2765,04/10/2024 , 19:00:00,42508,42508
2766,04/10/2024 , 20:00:00,42508,42508
2767,04/10/2024 , 21:00:00,42764,42764
2768,04/10/2024 , 22:00:00,43020,43020
2769,04/10/2024 , 23:00:00,43276,43276
2770,04/10/2024 , 23:59:59,43788,43788
2771,05/10/2024 , 01:00:00,43788,43788
2772,05/10/2024 , 02:00:00,44044,44044
2773,05/10/2024 , 03:00:00,44044,44044
2774,05/10/2024 , 04:00:00,44044,44044
2775,05/10/2024 , 05:00:00,44044,44044
2776,05/10/2024 , 06:00:00,44044,44044
2777,05/10/2024 , 07:00:00,44044,44044
2778,05/10/2024 , 08:00:00,44044,44044
2779,05/10/2024 , 09:00:00,44044,44044
2780,05/10/2024 , 10:00:00,43788,43788
2781,05/10/2024 , 11:00:00,43788,43788
2782,05/10/2024 , 12:00:00,43788,43788
2783,05/10/2024 , 13:00:00,43276,43276
2784,05/10/2024 , 14:00:00,43020,43020
2785,05/10/2024 , 15:00:00,43020,43020
2786,05/10/2024 , 16:00:00,42764,42764
2787,05/10/2024 , 17:00:00,42508,42508
2788,05/10/2024 , 18:00:00,42764,42764
2789,05/10/2024 , 19:00:00,42252,42252
2790,05/10/2024 , 20:00:00,42508,42508
2791,05/10/2024 , 21:00:00,42764,42764
2792,05/10/2024 , 22:00:00,43020,43020
2793,05/10/2024 , 23:00:00,43532,43532
2794,05/10/2024 , 23:59:59,43276,43276
2795,06/10/2024 , 01:00:00,43788,43788
2796,06/10/2024 , 02:00:00,43788,43788
2797,06/10/2024 , 03:00:00,43020,43020
2798,06/10/2024 , 04:00:00,43020,43020
2799,06/10/2024 , 05:00:00,43020,43020
2800,06/10/2024 , 06:00:00,42764,42764
2801,06/10/2024 , 07:00:00,43020,43020
2802,06/10/2024 , 08:00:00,43020,43020
2803,06/10/2024 , 09:00:00,43020,43020
2804,06/10/2024 , 10:00:00,43276,43276
2805,06/10/2024 , 11:00:00,43276,43276
2806,06/10/2024 , 12:00:00,43020,43020
2807,06/10/2024 , 13:00:00,42764,42764
2808,06/10/2024 , 14:00:00,43020,43020
2809,06/10/2024 , 15:00:00,42508,42508
2810,06/10/2024 , 16:00:00,42508,42508
2811,06/10/2024 , 17:00:00,42508,42508
2812,06/10/2024 , 18:00:00,41996,41996
2813,06/10/2024 , 19:00:00,41740,41740
2814,06/10/2024 , 20:00:00,41740,41740
2815,06/10/2024 , 21:00:00,41996,41996
2816,06/10/2024 , 22:00:00,42252,42252
2817,06/10/2024 , 23:00:00,42508,42508
2818,06/10/2024 , 23:59:59,42508,42508
2819,07/10/2024 , 01:00:00,42508,42508
2820,07/10/2024 , 02:00:00,42252,42252
2821,07/10/2024 , 03:00:00,42252,42252
2822,07/10/2024 , 04:00:00,41740,41740
2823,07/10/2024 , 05:00:00,41740,41740
2824,07/10/2024 , 06:00:00,41484,41484
2825,07/10/2024 , 07:00:00,41484,41484
2826,07/10/2024 , 08:00:00,41740,41740
2827,07/10/2024 , 09:00:00,41484,41484
2828,07/10/2024 , 10:00:00,41484,41484
2829,07/10/2024 , 11:00:00,41484,41484
2830,07/10/2024 , 12:00:00,41740,41740
2831,07/10/2024 , 13:00:00,40972,40972
2832,07/10/2024 , 14:00:00,40460,40460
2833,07/10/2024 , 15:00:00,40460,40460
2834,07/10/2024 , 16:00:00,41228,41228
2835,07/10/2024 , 17:00:00,40972,40972
2836,07/10/2024 , 18:00:00,41228,41228
2837,07/10/2024 , 19:00:00,41484,41484
2838,07/10/2024 , 20:00:00,41484,41484
2839,07/10/2024 , 21:00:00,41484,41484
2840,07/10/2024 , 22:00:00,41484,41484
2841,07/10/2024 , 23:00:00,41228,41228
2842,07/10/2024 , 23:59:59,41228,41228
2843,08/10/2024 , 01:00:00,40972,40972
2844,08/10/2024 , 02:00:00,40460,40460
2845,08/10/2024 , 03:00:00,40460,40460
2846,08/10/2024 , 04:00:00,40204,40204
2847,08/10/2024 , 05:00:00,40204,40204
2848,08/10/2024 , 06:00:00,40204,40204
2849,08/10/2024 , 07:00:00,40204,40204
2850,08/10/2024 , 08:00:00,40204,40204
2851,08/10/2024 , 09:00:00,40204,40204
2852,08/10/2024 , 10:00:00,40204,40204
2853,08/10/2024 , 11:00:00,40204,40204
2854,08/10/2024 , 12:00:00,40204,40204
2855,08/10/2024 , 13:00:00,39948,39948
2856,08/10/2024 , 14:00:00,40204,40204
2857,08/10/2024 , 15:00:00,39948,39948
2858,08/10/2024 , 16:00:00,39692,39692
2859,08/10/2024 , 17:00:00,39948,39948
2860,08/10/2024 , 18:00:00,39948,39948
2861,08/10/2024 , 19:00:00,39436,39436
2862,08/10/2024 , 20:00:00,39692,39692
2863,08/10/2024 , 21:00:00,39436,39436
2864,08/10/2024 , 22:00:00,39692,39692
2865,08/10/2024 , 23:00:00,39948,39948
2866,08/10/2024 , 23:59:59,40204,40204
2867,09/10/2024 , 01:00:00,39948,39948
2868,09/10/2024 , 02:00:00,39948,39948
2869,09/10/2024 , 03:00:00,39692,39692
2870,09/10/2024 , 04:00:00,39692,39692
2871,09/10/2024 , 05:00:00,39436,39436
2872,09/10/2024 , 06:00:00,39436,39436
2873,09/10/2024 , 07:00:00,39692,39692
2874,09/10/2024 , 08:00:00,39692,39692
2875,09/10/2024 , 09:00:00,39436,39436
2876,09/10/2024 , 10:00:00,39436,39436
2877,09/10/2024 , 11:00:00,39436,39436
2878,09/10/2024 , 12:00:00,39436,39436
2879,09/10/2024 , 13:00:00,39436,39436
2880,09/10/2024 , 14:00:00,39180,39180
2881,09/10/2024 , 15:00:00,39180,39180
2882,09/10/2024 , 16:00:00,39180,39180
2883,09/10/2024 , 17:00:00,39180,39180
2884,09/10/2024 , 18:00:00,39180,39180
2885,09/10/2024 , 19:00:00,39180,39180
2886,09/10/2024 , 20:00:00,39180,39180
2887,09/10/2024 , 21:00:00,39436,39436
2888,09/10/2024 , 22:00:00,39436,39436
2889,09/10/2024 , 23:00:00,39692,39692
2890,09/10/2024 , 23:59:59,39180,39180
2891,10/10/2024 , 01:00:00,38924,38924
2892,10/10/2024 , 02:00:00,38668,38668
2893,10/10/2024 , 03:00:00,38668,38668
2894,10/10/2024 , 04:00:00,38412,38412
2895,10/10/2024 , 05:00:00,38412,38412
2896,10/10/2024 , 06:00:00,38412,38412
2897,10/10/2024 , 07:00:00,38668,38668
2898,10/10/2024 , 08:00:00,38668,38668
2899,10/10/2024 , 09:00:00,38924,38924
2900,10/10/2024 , 10:00:00,38668,38668
2901,10/10/2024 , 11:00:00,38412,38412
2902,10/10/2024 , 12:00:00,38924,38924
2903,10/10/2024 , 13:00:00,38924,38924
2904,10/10/2024 , 14:00:00,38924,38924
2905,10/10/2024 , 15:00:00,38924,38924
2906,10/10/2024 , 16:00:00,38924,38924
2907,10/10/2024 , 17:00:00,38924,38924
2908,10/10/2024 , 18:00:00,39436,39436
2909,10/10/2024 , 19:00:00,39436,39436
2910,10/10/2024 , 20:00:00,39436,39436
2911,10/10/2024 , 21:00:00,39692,39692
2912,10/10/2024 , 22:00:00,39692,39692
2913,10/10/2024 , 23:00:00,39436,39436
2914,10/10/2024 , 23:59:59,39948,39948
2915,11/10/2024 , 01:00:00,39948,39948
2916,11/10/2024 , 02:00:00,39692,39692
2917,11/10/2024 , 03:00:00,39692,39692
2918,11/10/2024 , 04:00:00,39436,39436
2919,11/10/2024 , 05:00:00,39436,39436
2920,11/10/2024 , 06:00:00,39180,39180
2921,11/10/2024 , 07:00:00,38924,38924
2922,11/10/2024 , 08:00:00,38668,38668
2923,11/10/2024 , 09:00:00,38668,38668
2924,11/10/2024 , 10:00:00,38156,38156
2925,11/10/2024 , 11:00:00,37900,37900
2926,11/10/2024 , 12:00:00,37388,37388
2927,11/10/2024 , 13:00:00,37388,37388
2928,11/10/2024 , 14:00:00,37388,37388
2929,11/10/2024 , 15:00:00,36876,36876
2930,11/10/2024 , 16:00:00,36876,36876
2931,11/10/2024 , 17:00:00,36364,36364
2932,11/10/2024 , 18:00:00,35852,35852
2933,11/10/2024 , 19:00:00,35852,35852
2934,11/10/2024 , 20:00:00,36108,36108
2935,11/10/2024 , 21:00:00,36364,36364
2936,11/10/2024 , 22:00:00,36876,36876
2937,11/10/2024 , 23:00:00,37132,37132
2938,11/10/2024 , 23:59:59,37132,37132
2939,12/10/2024 , 01:00:00,37644,37644
2940,12/10/2024 , 02:00:00,37644,37644
2941,12/10/2024 , 03:00:00,37900,37900
2942,12/10/2024 , 04:00:00,37900,37900
2943,12/10/2024 , 05:00:00,37644,37644
2944,12/10/2024 , 06:00:00,37644,37644
2945,12/10/2024 , 07:00:00,37388,37388
2946,12/10/2024 , 08:00:00,37388,37388
2947,12/10/2024 , 09:00:00,37388,37388
2948,12/10/2024 , 10:00:00,37132,37132
2949,12/10/2024 , 11:00:00,37132,37132
2950,12/10/2024 , 12:00:00,36620,36620
2951,12/10/2024 , 13:00:00,37132,37132
2952,12/10/2024 , 14:00:00,37132,37132
2953,12/10/2024 , 15:00:00,37132,37132
2954,12/10/2024 , 16:00:00,37132,37132
2955,12/10/2024 , 17:00:00,36876,36876
2956,12/10/2024 , 18:00:00,37132,37132
2957,12/10/2024 , 19:00:00,37644,37644
2958,12/10/2024 , 20:00:00,41996,41996
2959,12/10/2024 , 21:00:00,41996,41996
2960,12/10/2024 , 22:00:00,41740,41740
2961,12/10/2024 , 23:00:00,41996,41996
2962,12/10/2024 , 23:59:59,42252,42252
2963,13/10/2024 , 01:00:00,42252,42252
2964,13/10/2024 , 02:00:00,41740,41740
2965,13/10/2024 , 03:00:00,41484,41484
2966,13/10/2024 , 04:00:00,40972,40972
2967,13/10/2024 , 05:00:00,40972,40972
2968,13/10/2024 , 06:00:00,40460,40460
2969,13/10/2024 , 07:00:00,40204,40204
2970,13/10/2024 , 08:00:00,40204,40204
2971,13/10/2024 , 09:00:00,39948,39948
2972,13/10/2024 , 10:00:00,39692,39692
2973,13/10/2024 , 11:00:00,38668,38668
2974,13/10/2024 , 12:00:00,38412,38412
2975,13/10/2024 , 13:00:00,38156,38156
2976,13/10/2024 , 14:00:00,37644,37644
2977,13/10/2024 , 15:00:00,37644,37644
2978,13/10/2024 , 16:00:00,37644,37644
2979,13/10/2024 , 17:00:00,37132,37132
2980,13/10/2024 , 18:00:00,36364,36364
2981,13/10/2024 , 19:00:00,36108,36108
2982,13/10/2024 , 20:00:00,35852,35852
2983,13/10/2024 , 21:00:00,36364,36364
2984,13/10/2024 , 22:00:00,36620,36620
2985,13/10/2024 , 23:00:00,36620,36620
2986,13/10/2024 , 23:59:59,36876,36876
2987,14/10/2024 , 01:00:00,36876,36876
2988,14/10/2024 , 02:00:00,36876,36876
2989,14/10/2024 , 03:00:00,36620,36620
2990,14/10/2024 , 04:00:00,37132,37132
2991,14/10/2024 , 05:00:00,36364,36364
2992,14/10/2024 , 06:00:00,36108,36108
2993,14/10/2024 , 07:00:00,35340,35340
2994,14/10/2024 , 08:00:00,35340,35340
2995,14/10/2024 , 09:00:00,35084,35084
2996,14/10/2024 , 10:00:00,35084,35084
2997,14/10/2024 , 11:00:00,34828,34828
2998,14/10/2024 , 12:00:00,34572,34572
2999,14/10/2024 , 13:00:00,34572,34572
3000,14/10/2024 , 14:00:00,34316,34316
3001,14/10/2024 , 15:00:00,34316,34316
3002,14/10/2024 , 16:00:00,34316,34316
3003,14/10/2024 , 17:00:00,34060,34060
3004,14/10/2024 , 18:00:00,34060,34060
3005,14/10/2024 , 19:00:00,34060,34060
3006,14/10/2024 , 20:00:00,33804,33804
3007,14/10/2024 , 21:00:00,34060,34060
3008,14/10/2024 , 22:00:00,34060,34060
3009,14/10/2024 , 23:00:00,34572,34572
3010,14/10/2024 , 23:59:59,35340,35340
3011,15/10/2024 , 01:00:00,35596,35596
3012,15/10/2024 , 02:00:00,35596,35596
3013,15/10/2024 , 03:00:00,35596,35596
3014,15/10/2024 , 04:00:00,35340,35340
3015,15/10/2024 , 05:00:00,34828,34828
3016,15/10/2024 , 06:00:00,34316,34316
3017,15/10/2024 , 07:00:00,34316,34316
3018,15/10/2024 , 08:00:00,34316,34316
3019,15/10/2024 , 09:00:00,33804,33804
3020,15/10/2024 , 10:00:00,33548,33548
3021,15/10/2024 , 11:00:00,33036,33036
3022,15/10/2024 , 12:00:00,32524,32524
3023,15/10/2024 , 13:00:00,32268,32268
3024,15/10/2024 , 14:00:00,32012,32012
3025,15/10/2024 , 15:00:00,27916,27916
3026,15/10/2024 , 16:00:00,28172,28172
3027,15/10/2024 , 17:00:00,28172,28172
3028,15/10/2024 , 18:00:00,27660,27660
3029,15/10/2024 , 19:00:00,27660,27660
3030,15/10/2024 , 20:00:00,27404,27404
3031,15/10/2024 , 21:00:00,28172,28172
3032,15/10/2024 , 22:00:00,28428,28428
3033,15/10/2024 , 23:00:00,28940,28940
3034,15/10/2024 , 23:59:59,29196,29196
3035,16/10/2024 , 01:00:00,29196,29196
3036,16/10/2024 , 02:00:00,29196,29196
3037,16/10/2024 , 03:00:00,29196,29196
3038,16/10/2024 , 04:00:00,29196,29196
3039,16/10/2024 , 05:00:00,28940,28940
3040,16/10/2024 , 06:00:00,28940,28940
3041,16/10/2024 , 07:00:00,28684,28684
3042,16/10/2024 , 08:00:00,28684,28684
3043,16/10/2024 , 09:00:00,28684,28684
3044,16/10/2024 , 10:00:00,28684,28684
3045,16/10/2024 , 11:00:00,28684,28684
3046,16/10/2024 , 12:00:00,28684,28684
3047,16/10/2024 , 13:00:00,28684,28684
3048,16/10/2024 , 14:00:00,28428,28428
3049,16/10/2024 , 15:00:00,28684,28684
3050,16/10/2024 , 16:00:00,28684,28684
3051,16/10/2024 , 17:00:00,28428,28428
3052,16/10/2024 , 18:00:00,28684,28684
3053,16/10/2024 , 19:00:00,28684,28684
3054,16/10/2024 , 20:00:00,28684,28684
3055,16/10/2024 , 21:00:00,28940,28940
3056,16/10/2024 , 22:00:00,28940,28940
3057,16/10/2024 , 23:00:00,29196,29196
3058,16/10/2024 , 23:59:59,29196,29196
3059,17/10/2024 , 01:00:00,29196,29196
3060,17/10/2024 , 02:00:00,29196,29196
3061,17/10/2024 , 03:00:00,29452,29452
3062,17/10/2024 , 04:00:00,29196,29196
3063,17/10/2024 , 05:00:00,29196,29196
3064,17/10/2024 , 06:00:00,29452,29452
3065,17/10/2024 , 07:00:00,29196,29196
3066,17/10/2024 , 08:00:00,29452,29452
3067,17/10/2024 , 09:00:00,29452,29452
3068,17/10/2024 , 10:00:00,29196,29196
3069,17/10/2024 , 11:00:00,29452,29452
3070,17/10/2024 , 12:00:00,29452,29452
3071,17/10/2024 , 13:00:00,29708,29708
3072,17/10/2024 , 14:00:00,32268,32268
3073,17/10/2024 , 15:00:00,31756,31756
3074,17/10/2024 , 16:00:00,31756,31756
3075,17/10/2024 , 17:00:00,31500,31500
3076,17/10/2024 , 18:00:00,31756,31756
3077,17/10/2024 , 19:00:00,31500,31500
3078,17/10/2024 , 20:00:00,31244,31244
3079,17/10/2024 , 21:00:00,31244,31244
3080,17/10/2024 , 22:00:00,31244,31244
3081,17/10/2024 , 23:00:00,31244,31244
3082,17/10/2024 , 23:59:59,31244,31244
3083,18/10/2024 , 01:00:00,31244,31244
3084,18/10/2024 , 02:00:00,30988,30988
3085,18/10/2024 , 03:00:00,30988,30988
3086,18/10/2024 , 04:00:00,30732,30732
3087,18/10/2024 , 05:00:00,30732,30732
3088,18/10/2024 , 06:00:00,30732,30732
3089,18/10/2024 , 07:00:00,30732,30732
3090,18/10/2024 , 08:00:00,30988,30988
3091,18/10/2024 , 09:00:00,33804,33804
3092,18/10/2024 , 10:00:00,34828,34828
3093,18/10/2024 , 11:00:00,46348,46348
3094,18/10/2024 , 12:00:00,268,268
3095,18/10/2024 , 13:00:00,2061,2061
3096,18/10/2024 , 14:00:00,6669,6669
3097,18/10/2024 , 15:00:00,4109,4109
3098,18/10/2024 , 16:00:00,4109,4109
3099,18/10/2024 , 17:00:00,5389,5389
3100,18/10/2024 , 18:00:00,5901,5901
3101,18/10/2024 , 19:00:00,4621,4621
3102,18/10/2024 , 20:00:00,4109,4109
3103,18/10/2024 , 21:00:00,4109,4109
3104,18/10/2024 , 22:00:00,3853,3853
3105,18/10/2024 , 23:00:00,22797,22797
3106,18/10/2024 , 23:59:59,19725,19725
3107,19/10/2024 , 01:00:00,18445,18445
3108,19/10/2024 , 02:00:00,17421,17421
3109,19/10/2024 , 03:00:00,16909,16909
3110,19/10/2024 , 04:00:00,15885,15885
3111,19/10/2024 , 05:00:00,14605,14605
3112,19/10/2024 , 06:00:00,13069,13069
3113,19/10/2024 , 07:00:00,12045,12045
3114,19/10/2024 , 08:00:00,11021,11021
3115,19/10/2024 , 09:00:00,9997,9997
3116,19/10/2024 , 10:00:00,9229,9229
3117,19/10/2024 , 11:00:00,8205,8205
3118,19/10/2024 , 12:00:00,7693,7693
3119,19/10/2024 , 13:00:00,6925,6925
3120,19/10/2024 , 14:00:00,6157,6157
3121,19/10/2024 , 15:00:00,5133,5133
3122,19/10/2024 , 16:00:00,4621,4621
3123,19/10/2024 , 17:00:00,4109,4109
3124,19/10/2024 , 18:00:00,3597,3597
3125,19/10/2024 , 19:00:00,3597,3597
3126,19/10/2024 , 20:00:00,3341,3341
3127,19/10/2024 , 21:00:00,3341,3341
3128,19/10/2024 , 22:00:00,2829,2829
3129,19/10/2024 , 23:00:00,2829,2829
3130,19/10/2024 , 23:59:59,2573,2573
3131,20/10/2024 , 01:00:00,2317,2317
3132,20/10/2024 , 02:00:00,2061,2061
3133,20/10/2024 , 03:00:00,1805,1805
3134,20/10/2024 , 04:00:00,1293,1293
3135,20/10/2024 , 05:00:00,1037,1037
3136,20/10/2024 , 06:00:00,781,781
3137,20/10/2024 , 07:00:00,269,269
3138,20/10/2024 , 08:00:00,65293,65293
3139,20/10/2024 , 09:00:00,65036,65036
3140,20/10/2024 , 10:00:00,64524,64524
3141,20/10/2024 , 11:00:00,64268,64268
3142,20/10/2024 , 12:00:00,64012,64012
3143,20/10/2024 , 13:00:00,63244,63244
3144,20/10/2024 , 14:00:00,62732,62732
3145,20/10/2024 , 15:00:00,62476,62476
3146,20/10/2024 , 16:00:00,62220,62220
3147,20/10/2024 , 17:00:00,62220,62220
3148,20/10/2024 , 18:00:00,61708,61708
3149,20/10/2024 , 19:00:00,61196,61196
3150,20/10/2024 , 20:00:00,60684,60684
3151,20/10/2024 , 21:00:00,59916,59916
3152,20/10/2024 , 22:00:00,59404,59404
3153,20/10/2024 , 23:00:00,59404,59404
3154,20/10/2024 , 23:59:59,59660,59660
3155,21/10/2024 , 01:00:00,59404,59404
3156,21/10/2024 , 02:00:00,59148,59148
3157,21/10/2024 , 03:00:00,58636,58636
3158,21/10/2024 , 04:00:00,58124,58124
3159,21/10/2024 , 05:00:00,57100,57100
3160,21/10/2024 , 06:00:00,56588,56588
3161,21/10/2024 , 07:00:00,55564,55564
3162,21/10/2024 , 08:00:00,51468,51468
3163,21/10/2024 , 09:00:00,50956,50956
3164,21/10/2024 , 10:00:00,50700,50700
3165,21/10/2024 , 11:00:00,50188,50188
3166,21/10/2024 , 12:00:00,49932,49932
3167,21/10/2024 , 13:00:00,49676,49676
3168,21/10/2024 , 14:00:00,49420,49420
3169,21/10/2024 , 15:00:00,48908,48908
3170,21/10/2024 , 16:00:00,48396,48396
3171,21/10/2024 , 17:00:00,47884,47884
3172,21/10/2024 , 18:00:00,47884,47884
3173,21/10/2024 , 19:00:00,47116,47116
3174,21/10/2024 , 20:00:00,46860,46860
3175,21/10/2024 , 21:00:00,46604,46604
3176,21/10/2024 , 22:00:00,46860,46860
3177,21/10/2024 , 23:00:00,46860,46860
3178,21/10/2024 , 23:59:59,46860,46860
3179,22/10/2024 , 01:00:00,46860,46860
3180,22/10/2024 , 02:00:00,47116,47116
3181,22/10/2024 , 03:00:00,46604,46604
3182,22/10/2024 , 04:00:00,46860,46860
3183,22/10/2024 , 05:00:00,46348,46348
3184,22/10/2024 , 06:00:00,46604,46604
3185,22/10/2024 , 07:00:00,45836,45836
3186,22/10/2024 , 08:00:00,46348,46348
3187,22/10/2024 , 09:00:00,46348,46348
3188,22/10/2024 , 10:00:00,46604,46604
3189,22/10/2024 , 11:00:00,46860,46860
3190,22/10/2024 , 12:00:00,46860,46860
3191,22/10/2024 , 13:00:00,47372,47372
3192,22/10/2024 , 14:00:00,48652,48652
3193,22/10/2024 , 15:00:00,49932,49932
3194,22/10/2024 , 16:00:00,51724,51724
3195,22/10/2024 , 17:00:00,54028,54028
3196,22/10/2024 , 18:00:00,56076,56076
3197,22/10/2024 , 19:00:00,57356,57356
3198,22/10/2024 , 20:00:00,58636,58636
3199,22/10/2024 , 21:00:00,59660,59660
3200,22/10/2024 , 22:00:00,59916,59916
3201,22/10/2024 , 23:00:00,60428,60428
3202,22/10/2024 , 23:59:59,60428,60428
3203,23/10/2024 , 01:00:00,60428,60428
3204,23/10/2024 , 02:00:00,60428,60428
3205,23/10/2024 , 03:00:00,60940,60940
3206,23/10/2024 , 04:00:00,61708,61708
3207,23/10/2024 , 05:00:00,64268,64268
3208,23/10/2024 , 06:00:00,4620,4620
3209,23/10/2024 , 07:00:00,7693,7693
3210,23/10/2024 , 08:00:00,12557,12557
3211,23/10/2024 , 09:00:00,13325,13325
3212,23/10/2024 , 10:00:00,13069,13069
3213,23/10/2024 , 11:00:00,12813,12813
3214,23/10/2024 , 12:00:00,12045,12045
3215,23/10/2024 , 13:00:00,11277,11277
3216,23/10/2024 , 14:00:00,10765,10765
3217,23/10/2024 , 15:00:00,10253,10253
3218,23/10/2024 , 16:00:00,9485,9485
3219,23/10/2024 , 17:00:00,8973,8973
3220,23/10/2024 , 18:00:00,8461,8461
3221,23/10/2024 , 19:00:00,7693,7693
3222,23/10/2024 , 20:00:00,7181,7181
3223,23/10/2024 , 21:00:00,6413,6413
3224,23/10/2024 , 22:00:00,5901,5901
3225,23/10/2024 , 23:00:00,5389,5389
3226,23/10/2024 , 23:59:59,4877,4877
3227,24/10/2024 , 01:00:00,4877,4877
3228,24/10/2024 , 02:00:00,4621,4621
3229,24/10/2024 , 03:00:00,4621,4621
3230,24/10/2024 , 04:00:00,4109,4109
3231,24/10/2024 , 05:00:00,3853,3853
3232,24/10/2024 , 06:00:00,3597,3597
3233,24/10/2024 , 07:00:00,3341,3341
3234,24/10/2024 , 08:00:00,2829,2829
3235,24/10/2024 , 09:00:00,2573,2573
3236,24/10/2024 , 10:00:00,2317,2317
3237,24/10/2024 , 11:00:00,2061,2061
3238,24/10/2024 , 12:00:00,1549,1549
3239,24/10/2024 , 13:00:00,1293,1293
3240,24/10/2024 , 14:00:00,1037,1037
3241,24/10/2024 , 15:00:00,781,781
3242,24/10/2024 , 16:00:00,269,269
3243,24/10/2024 , 17:00:00,65037,65037
3244,24/10/2024 , 18:00:00,64268,64268
3245,24/10/2024 , 19:00:00,63756,63756
3246,24/10/2024 , 20:00:00,63244,63244
3247,24/10/2024 , 21:00:00,63244,63244
3248,24/10/2024 , 22:00:00,63500,63500
3249,24/10/2024 , 23:00:00,63244,63244
3250,24/10/2024 , 23:59:59,63244,63244
3251,25/10/2024 , 01:00:00,62988,62988
3252,25/10/2024 , 02:00:00,62476,62476
3253,25/10/2024 , 03:00:00,62220,62220
3254,25/10/2024 , 04:00:00,61964,61964
3255,25/10/2024 , 05:00:00,61452,61452
3256,25/10/2024 , 06:00:00,60940,60940
3257,25/10/2024 , 07:00:00,60428,60428
3258,25/10/2024 , 08:00:00,59916,59916
3259,25/10/2024 , 09:00:00,59660,59660
3260,25/10/2024 , 10:00:00,59404,59404
3261,25/10/2024 , 11:00:00,59148,59148
3262,25/10/2024 , 12:00:00,58892,58892
3263,25/10/2024 , 13:00:00,58636,58636
3264,25/10/2024 , 14:00:00,58124,58124
3265,25/10/2024 , 15:00:00,58124,58124
3266,25/10/2024 , 16:00:00,57868,57868
3267,25/10/2024 , 17:00:00,57356,57356
3268,25/10/2024 , 18:00:00,57356,57356
3269,25/10/2024 , 19:00:00,56844,56844
3270,25/10/2024 , 20:00:00,56332,56332
3271,25/10/2024 , 21:00:00,56076,56076
3272,25/10/2024 , 22:00:00,55820,55820
3273,25/10/2024 , 23:00:00,55308,55308
3274,25/10/2024 , 23:59:59,55052,55052
3275,26/10/2024 , 01:00:00,54540,54540
3276,26/10/2024 , 02:00:00,52492,52492
3277,26/10/2024 , 03:00:00,54796,54796
3278,26/10/2024 , 04:00:00,54540,54540
3279,26/10/2024 , 05:00:00,51980,51980
3280,26/10/2024 , 06:00:00,51468,51468
3281,26/10/2024 , 07:00:00,51212,51212
3282,26/10/2024 , 08:00:00,50700,50700
3283,26/10/2024 , 09:00:00,50188,50188
3284,26/10/2024 , 10:00:00,49932,49932
3285,26/10/2024 , 11:00:00,49676,49676
3286,26/10/2024 , 12:00:00,49164,49164
3287,26/10/2024 , 13:00:00,48908,48908
3288,26/10/2024 , 14:00:00,48652,48652
3289,26/10/2024 , 15:00:00,47884,47884
3290,26/10/2024 , 16:00:00,47628,47628
3291,26/10/2024 , 17:00:00,47372,47372
3292,26/10/2024 , 18:00:00,47372,47372
3293,26/10/2024 , 19:00:00,47372,47372
3294,26/10/2024 , 20:00:00,46860,46860
3295,26/10/2024 , 21:00:00,46860,46860
3296,26/10/2024 , 22:00:00,45836,45836
3297,26/10/2024 , 23:00:00,46348,46348
3298,26/10/2024 , 23:59:59,46348,46348
3299,27/10/2024 , 01:00:00,46348,46348
3300,27/10/2024 , 02:00:00,45324,45324
3301,27/10/2024 , 03:00:00,45580,45580
3302,27/10/2024 , 04:00:00,45324,45324
3303,27/10/2024 , 05:00:00,45068,45068
3304,27/10/2024 , 06:00:00,44556,44556
3305,27/10/2024 , 07:00:00,44300,44300
3306,27/10/2024 , 08:00:00,44044,44044
3307,27/10/2024 , 09:00:00,44044,44044
3308,27/10/2024 , 10:00:00,43788,43788
3309,27/10/2024 , 11:00:00,43788,43788
3310,27/10/2024 , 12:00:00,43532,43532
3311,27/10/2024 , 13:00:00,43276,43276
3312,27/10/2024 , 14:00:00,43276,43276
3313,27/10/2024 , 15:00:00,43020,43020
3314,27/10/2024 , 16:00:00,43020,43020
3315,27/10/2024 , 17:00:00,43020,43020
3316,27/10/2024 , 18:00:00,43020,43020
3317,27/10/2024 , 19:00:00,43020,43020
3318,27/10/2024 , 20:00:00,43276,43276
3319,27/10/2024 , 21:00:00,43020,43020
3320,27/10/2024 , 22:00:00,43276,43276
3321,27/10/2024 , 23:00:00,43276,43276
3322,27/10/2024 , 23:59:59,43788,43788
3323,28/10/2024 , 01:00:00,43788,43788
3324,28/10/2024 , 02:00:00,44044,44044
3325,28/10/2024 , 03:00:00,43788,43788
3326,28/10/2024 , 04:00:00,43788,43788
3327,28/10/2024 , 05:00:00,43788,43788
3328,28/10/2024 , 06:00:00,43532,43532
3329,28/10/2024 , 07:00:00,43532,43532
3330,28/10/2024 , 08:00:00,43276,43276
3331,28/10/2024 , 09:00:00,43276,43276
3332,28/10/2024 , 10:00:00,43532,43532
3333,28/10/2024 , 11:00:00,43276,43276
3334,28/10/2024 , 12:00:00,43020,43020
3335,28/10/2024 , 13:00:00,43020,43020
3336,28/10/2024 , 14:00:00,43276,43276
3337,28/10/2024 , 15:00:00,43020,43020
3338,28/10/2024 , 16:00:00,43532,43532
3339,28/10/2024 , 17:00:00,43276,43276
3340,28/10/2024 , 18:00:00,43276,43276
3341,28/10/2024 , 19:00:00,45324,45324
3342,28/10/2024 , 20:00:00,46860,46860
3343,28/10/2024 , 21:00:00,48908,48908
3344,28/10/2024 , 22:00:00,51212,51212
3345,28/10/2024 , 23:00:00,53260,53260
3346,28/10/2024 , 23:59:59,56588,56588
3347,29/10/2024 , 01:00:00,60428,60428
3348,29/10/2024 , 02:00:00,64012,64012
3349,29/10/2024 , 03:00:00,268,268
3350,29/10/2024 , 04:00:00,2317,2317
3351,29/10/2024 , 05:00:00,2317,2317
3352,29/10/2024 , 06:00:00,2573,2573
3353,29/10/2024 , 07:00:00,2317,2317
3354,29/10/2024 , 08:00:00,2061,2061
3355,29/10/2024 , 09:00:00,2061,2061
3356,29/10/2024 , 10:00:00,1805,1805
3357,29/10/2024 , 11:00:00,1549,1549
3358,29/10/2024 , 12:00:00,1293,1293
3359,29/10/2024 , 13:00:00,1293,1293
3360,29/10/2024 , 14:00:00,1037,1037
3361,29/10/2024 , 15:00:00,781,781
3362,29/10/2024 , 16:00:00,781,781
3363,29/10/2024 , 17:00:00,1037,1037
3364,29/10/2024 , 18:00:00,1293,1293
3365,29/10/2024 , 19:00:00,1293,1293
3366,29/10/2024 , 20:00:00,1293,1293
3367,29/10/2024 , 21:00:00,1037,1037
3368,29/10/2024 , 22:00:00,1037,1037
3369,29/10/2024 , 23:00:00,781,781
3370,29/10/2024 , 23:59:59,525,525
3371,30/10/2024 , 01:00:00,269,269
3372,30/10/2024 , 02:00:00,13,13
3373,30/10/2024 , 03:00:00,65293,65293
3374,30/10/2024 , 04:00:00,12,12
3375,30/10/2024 , 05:00:00,13,13
3376,30/10/2024 , 06:00:00,65037,65037
3377,30/10/2024 , 07:00:00,64524,64524
3378,30/10/2024 , 08:00:00,64268,64268
3379,30/10/2024 , 09:00:00,64012,64012
3380,30/10/2024 , 10:00:00,63756,63756
3381,30/10/2024 , 11:00:00,63244,63244
3382,30/10/2024 , 12:00:00,62732,62732
3383,30/10/2024 , 13:00:00,62220,62220
3384,30/10/2024 , 14:00:00,61964,61964
3385,30/10/2024 , 15:00:00,61452,61452
3386,30/10/2024 , 16:00:00,61196,61196
3387,30/10/2024 , 17:00:00,60684,60684
3388,30/10/2024 , 18:00:00,60172,60172
3389,30/10/2024 , 19:00:00,59660,59660
3390,30/10/2024 , 20:00:00,59148,59148
3391,30/10/2024 , 21:00:00,59148,59148
3392,30/10/2024 , 22:00:00,58636,58636
3393,30/10/2024 , 23:00:00,58636,58636
3394,30/10/2024 , 23:59:59,58380,58380
3395,31/10/2024 , 01:00:00,58124,58124
3396,31/10/2024 , 02:00:00,57868,57868
3397,31/10/2024 , 03:00:00,57100,57100
3398,31/10/2024 , 04:00:00,56588,56588
3399,31/10/2024 , 05:00:00,56332,56332
3400,31/10/2024 , 06:00:00,55308,55308
3401,31/10/2024 , 07:00:00,54796,54796
3402,31/10/2024 , 08:00:00,50956,50956
3403,31/10/2024 , 09:00:00,50700,50700
3404,31/10/2024 , 10:00:00,50188,50188
3405,31/10/2024 , 11:00:00,49676,49676
3406,31/10/2024 , 12:00:00,49676,49676
3407,31/10/2024 , 13:00:00,49164,49164
3408,31/10/2024 , 14:00:00,49164,49164
3409,31/10/2024 , 15:00:00,48652,48652
3410,31/10/2024 , 16:00:00,48652,48652
3411,31/10/2024 , 17:00:00,47884,47884
3412,31/10/2024 , 18:00:00,47628,47628
3413,31/10/2024 , 19:00:00,47372,47372
3414,31/10/2024 , 20:00:00,47116,47116
3415,31/10/2024 , 21:00:00,47116,47116
3416,31/10/2024 , 22:00:00,47372,47372
3417,31/10/2024 , 23:00:00,47372,47372
3418,31/10/2024 , 23:59:59,47116,47116
3419,01/11/2024 , 01:00:00,11788,11788
3420,01/11/2024 , 02:00:00,22278,22278
3421,01/11/2024 , 03:00:00,56838,56838
3422,01/11/2024 , 04:00:00,64774,64774
3423,01/11/2024 , 05:00:00,64517,64517
3424,01/11/2024 , 06:00:00,63749,63749
3425,01/11/2024 , 07:00:00,63237,63237
3426,01/11/2024 , 08:00:00,62981,62981
3427,01/11/2024 , 09:00:00,62981,62981
3428,01/11/2024 , 10:00:00,62981,62981
3429,01/11/2024 , 11:00:00,62981,62981
3430,01/11/2024 , 12:00:00,62725,62725
3431,01/11/2024 , 13:00:00,62725,62725
3432,01/11/2024 , 14:00:00,62725,62725
3433,01/11/2024 , 15:00:00,62725,62725
3434,01/11/2024 , 16:00:00,62469,62469
3435,01/11/2024 , 17:00:00,62469,62469
3436,01/11/2024 , 18:00:00,62469,62469
3437,01/11/2024 , 19:00:00,62469,62469
3438,01/11/2024 , 20:00:00,62469,62469
3439,01/11/2024 , 21:00:00,62469,62469
3440,01/11/2024 , 22:00:00,62469,62469
3441,01/11/2024 , 23:00:00,62469,62469
3442,01/11/2024 , 23:59:59,62213,62213
3443,02/11/2024 , 01:00:00,62213,62213
3444,02/11/2024 , 02:00:00,62213,62213
3445,02/11/2024 , 03:00:00,62213,62213
3446,02/11/2024 , 04:00:00,62213,62213
3447,02/11/2024 , 05:00:00,62213,62213
3448,02/11/2024 , 06:00:00,62213,62213
3449,02/11/2024 , 07:00:00,62213,62213
3450,02/11/2024 , 08:00:00,62213,62213
3451,02/11/2024 , 09:00:00,62213,62213
3452,02/11/2024 , 10:00:00,61957,61957
3453,02/11/2024 , 11:00:00,61957,61957
3454,02/11/2024 , 12:00:00,61957,61957
3455,02/11/2024 , 13:00:00,61957,61957
3456,02/11/2024 , 14:00:00,61957,61957
3457,02/11/2024 , 15:00:00,61957,61957
3458,02/11/2024 , 16:00:00,61957,61957
3459,02/11/2024 , 17:00:00,61957,61957
3460,02/11/2024 , 18:00:00,61957,61957
3461,02/11/2024 , 19:00:00,61957,61957
3462,02/11/2024 , 20:00:00,61957,61957
3463,02/11/2024 , 21:00:00,61957,61957
3464,02/11/2024 , 22:00:00,61957,61957
3465,02/11/2024 , 23:00:00,61957,61957
3466,02/11/2024 , 23:59:59,61957,61957
3467,03/11/2024 , 01:00:00,61957,61957
3468,03/11/2024 , 02:00:00,61957,61957
3469,03/11/2024 , 03:00:00,61957,61957
3470,03/11/2024 , 04:00:00,61957,61957
3471,03/11/2024 , 05:00:00,61957,61957
3472,03/11/2024 , 06:00:00,61957,61957
3473,03/11/2024 , 07:00:00,61957,61957
3474,03/11/2024 , 08:00:00,61957,61957
3475,03/11/2024 , 09:00:00,61957,61957
3476,03/11/2024 , 10:00:00,61957,61957
3477,03/11/2024 , 11:00:00,61957,61957
3478,03/11/2024 , 12:00:00,61957,61957
3479,03/11/2024 , 13:00:00,61957,61957
3480,03/11/2024 , 14:00:00,61957,61957
3481,03/11/2024 , 15:00:00,61957,61957
3482,03/11/2024 , 16:00:00,61957,61957
3483,03/11/2024 , 17:00:00,61957,61957
3484,03/11/2024 , 18:00:00,61957,61957
3485,03/11/2024 , 19:00:00,61957,61957
3486,03/11/2024 , 20:00:00,61957,61957
3487,03/11/2024 , 21:00:00,61957,61957
3488,03/11/2024 , 22:00:00,61957,61957
3489,03/11/2024 , 23:00:00,61957,61957
3490,03/11/2024 , 23:59:59,61957,61957
3491,04/11/2024 , 01:00:00,61957,61957
3492,04/11/2024 , 02:00:00,61957,61957
3493,04/11/2024 , 03:00:00,61957,61957
3494,04/11/2024 , 04:00:00,61957,61957
3495,04/11/2024 , 05:00:00,61957,61957
3496,04/11/2024 , 06:00:00,61957,61957
3497,04/11/2024 , 07:00:00,61957,61957
3498,04/11/2024 , 08:00:00,61957,61957
3499,04/11/2024 , 09:00:00,61957,61957
3500,04/11/2024 , 10:00:00,61957,61957
3501,04/11/2024 , 11:00:00,61957,61957
3502,04/11/2024 , 12:00:00,61957,61957
3503,04/11/2024 , 13:00:00,61957,61957
3504,04/11/2024 , 14:00:00,61957,61957
3505,04/11/2024 , 15:00:00,61957,61957
3506,04/11/2024 , 16:00:00,61957,61957
3507,04/11/2024 , 17:00:00,61957,61957
3508,04/11/2024 , 18:00:00,61957,61957
3509,04/11/2024 , 19:00:00,61957,61957
3510,04/11/2024 , 20:00:00,61957,61957
3511,04/11/2024 , 21:00:00,61957,61957
3512,04/11/2024 , 22:00:00,61957,61957
3513,04/11/2024 , 23:00:00,61957,61957
3514,04/11/2024 , 23:59:59,61957,61957
3515,05/11/2024 , 01:00:00,61957,61957
3516,05/11/2024 , 02:00:00,61957,61957
3517,05/11/2024 , 03:00:00,61957,61957
3518,05/11/2024 , 04:00:00,61957,61957
3519,05/11/2024 , 05:00:00,61957,61957
3520,05/11/2024 , 06:00:00,61957,61957
3521,05/11/2024 , 07:00:00,61957,61957
3522,05/11/2024 , 08:00:00,61957,61957
3523,05/11/2024 , 09:00:00,61957,61957
3524,05/11/2024 , 10:00:00,61957,61957
3525,05/11/2024 , 11:00:00,61957,61957
3526,05/11/2024 , 12:00:00,61957,61957
3527,05/11/2024 , 13:00:00,61957,61957
3528,05/11/2024 , 14:00:00,61957,61957
3529,05/11/2024 , 15:00:00,61957,61957
3530,05/11/2024 , 16:00:00,61957,61957
3531,05/11/2024 , 17:00:00,61957,61957
3532,05/11/2024 , 18:00:00,61957,61957
3533,05/11/2024 , 19:00:00,61957,61957
3534,05/11/2024 , 20:00:00,61957,61957
3535,05/11/2024 , 21:00:00,61957,61957
3536,05/11/2024 , 22:00:00,61957,61957
3537,05/11/2024 , 23:00:00,61957,61957
3538,05/11/2024 , 23:59:59,61957,61957
3539,06/11/2024 , 01:00:00,61957,61957
3540,06/11/2024 , 02:00:00,61957,61957
3541,06/11/2024 , 03:00:00,61957,61957
3542,06/11/2024 , 04:00:00,61957,61957
3543,06/11/2024 , 05:00:00,61957,61957
3544,06/11/2024 , 06:00:00,61957,61957
3545,06/11/2024 , 07:00:00,61957,61957
3546,06/11/2024 , 08:00:00,61957,61957
3547,06/11/2024 , 09:00:00,61957,61957
3548,06/11/2024 , 10:00:00,61957,61957
3549,06/11/2024 , 11:00:00,61957,61957
3550,06/11/2024 , 12:00:00,61957,61957
3551,06/11/2024 , 13:00:00,61957,61957
3552,06/11/2024 , 14:00:00,61957,61957
3553,06/11/2024 , 15:00:00,61957,61957
3554,06/11/2024 , 16:00:00,61701,61701
3555,06/11/2024 , 17:00:00,61701,61701
3556,06/11/2024 , 18:00:00,61701,61701
3557,06/11/2024 , 19:00:00,61701,61701
3558,06/11/2024 , 20:00:00,61701,61701
3559,06/11/2024 , 21:00:00,61701,61701
3560,06/11/2024 , 22:00:00,61701,61701
3561,06/11/2024 , 23:00:00,61701,61701
3562,06/11/2024 , 23:59:59,61701,61701
3563,07/11/2024 , 01:00:00,61701,61701
3564,07/11/2024 , 02:00:00,61701,61701
3565,07/11/2024 , 03:00:00,61701,61701
3566,07/11/2024 , 04:00:00,61701,61701
3567,07/11/2024 , 05:00:00,61701,61701
3568,07/11/2024 , 06:00:00,61701,61701
3569,07/11/2024 , 07:00:00,61701,61701
3570,07/11/2024 , 08:00:00,61701,61701
3571,07/11/2024 , 09:00:00,61701,61701
3572,07/11/2024 , 10:00:00,61701,61701
3573,07/11/2024 , 11:00:00,61701,61701
3574,07/11/2024 , 12:00:00,61701,61701
3575,07/11/2024 , 13:00:00,61701,61701
3576,07/11/2024 , 14:00:00,61701,61701
3577,07/11/2024 , 15:00:00,61701,61701
3578,07/11/2024 , 16:00:00,61701,61701
3579,07/11/2024 , 17:00:00,61701,61701
3580,07/11/2024 , 18:00:00,61701,61701
3581,07/11/2024 , 19:00:00,61701,61701
3582,07/11/2024 , 20:00:00,61701,61701
3583,07/11/2024 , 21:00:00,61701,61701
3584,07/11/2024 , 22:00:00,61701,61701
3585,07/11/2024 , 23:00:00,61701,61701
3586,07/11/2024 , 23:59:59,61701,61701
3587,08/11/2024 , 01:00:00,61701,61701
3588,08/11/2024 , 02:00:00,61701,61701
3589,08/11/2024 , 03:00:00,61701,61701
3590,08/11/2024 , 04:00:00,61701,61701
3591,08/11/2024 , 05:00:00,61701,61701
3592,08/11/2024 , 06:00:00,61701,61701
3593,08/11/2024 , 07:00:00,61701,61701
3594,08/11/2024 , 08:00:00,61701,61701
3595,08/11/2024 , 09:00:00,61701,61701
3596,08/11/2024 , 10:00:00,61701,61701
3597,08/11/2024 , 11:00:00,61701,61701
3598,08/11/2024 , 12:00:00,61701,61701
3599,08/11/2024 , 13:00:00,61701,61701
3600,08/11/2024 , 14:00:00,61701,61701
3601,08/11/2024 , 15:00:00,61701,61701
3602,08/11/2024 , 16:00:00,61701,61701
3603,08/11/2024 , 17:00:00,61701,61701
3604,08/11/2024 , 18:00:00,61701,61701
3605,08/11/2024 , 19:00:00,61701,61701
3606,08/11/2024 , 20:00:00,61701,61701
3607,08/11/2024 , 21:00:00,61701,61701
3608,08/11/2024 , 22:00:00,61701,61701
3609,08/11/2024 , 23:00:00,61701,61701
3610,08/11/2024 , 23:59:59,61701,61701
3611,09/11/2024 , 01:00:00,61701,61701
3612,09/11/2024 , 02:00:00,61701,61701
3613,09/11/2024 , 03:00:00,61701,61701
3614,09/11/2024 , 04:00:00,61701,61701
3615,09/11/2024 , 05:00:00,61701,61701
3616,09/11/2024 , 06:00:00,61701,61701
3617,09/11/2024 , 07:00:00,61701,61701
3618,09/11/2024 , 08:00:00,61701,61701
3619,09/11/2024 , 09:00:00,61701,61701
3620,09/11/2024 , 10:00:00,61701,61701
3621,09/11/2024 , 11:00:00,61701,61701
3622,09/11/2024 , 12:00:00,61701,61701
3623,09/11/2024 , 13:00:00,61701,61701
3624,09/11/2024 , 14:00:00,61701,61701
3625,09/11/2024 , 15:00:00,61701,61701
3626,09/11/2024 , 16:00:00,61701,61701
3627,09/11/2024 , 17:00:00,61701,61701
3628,09/11/2024 , 18:00:00,61701,61701
3629,09/11/2024 , 19:00:00,61701,61701
3630,09/11/2024 , 20:00:00,61701,61701
3631,09/11/2024 , 21:00:00,61701,61701
3632,09/11/2024 , 22:00:00,61701,61701
3633,09/11/2024 , 23:00:00,61701,61701
3634,09/11/2024 , 23:59:59,61701,61701
3635,10/11/2024 , 01:00:00,61701,61701
3636,10/11/2024 , 02:00:00,61701,61701
3637,10/11/2024 , 03:00:00,61701,61701
3638,10/11/2024 , 04:00:00,61701,61701
3639,10/11/2024 , 05:00:00,61701,61701
3640,10/11/2024 , 06:00:00,61701,61701
3641,10/11/2024 , 07:00:00,61701,61701
3642,10/11/2024 , 08:00:00,61701,61701
3643,10/11/2024 , 09:00:00,61701,61701
3644,10/11/2024 , 10:00:00,61701,61701
3645,10/11/2024 , 11:00:00,61701,61701
3646,10/11/2024 , 12:00:00,61701,61701
3647,10/11/2024 , 13:00:00,61701,61701
3648,10/11/2024 , 14:00:00,61701,61701
3649,10/11/2024 , 15:00:00,61701,61701
3650,10/11/2024 , 16:00:00,61701,61701
3651,10/11/2024 , 17:00:00,61701,61701
3652,10/11/2024 , 18:00:00,61701,61701
3653,10/11/2024 , 19:00:00,61701,61701
3654,10/11/2024 , 20:00:00,61701,61701
3655,10/11/2024 , 21:00:00,61701,61701
3656,10/11/2024 , 22:00:00,61701,61701
3657,10/11/2024 , 23:00:00,61701,61701
3658,10/11/2024 , 23:59:59,61701,61701
3659,11/11/2024 , 01:00:00,61701,61701
3660,11/11/2024 , 02:00:00,61701,61701
3661,11/11/2024 , 03:00:00,61701,61701
3662,11/11/2024 , 04:00:00,61701,61701
3663,11/11/2024 , 05:00:00,61701,61701
3664,11/11/2024 , 06:00:00,61701,61701
3665,11/11/2024 , 07:00:00,61701,61701
3666,11/11/2024 , 08:00:00,61445,61445
3667,11/11/2024 , 09:00:00,61445,61445
3668,11/11/2024 , 10:00:00,61445,61445
3669,11/11/2024 , 11:00:00,61445,61445
3670,11/11/2024 , 12:00:00,61445,61445
3671,11/11/2024 , 13:00:00,61445,61445
3672,11/11/2024 , 14:00:00,61445,61445
3673,11/11/2024 , 15:00:00,61445,61445
3674,11/11/2024 , 16:00:00,61445,61445
3675,11/11/2024 , 17:00:00,61445,61445
3676,11/11/2024 , 18:00:00,61445,61445
3677,11/11/2024 , 19:00:00,61445,61445
3678,11/11/2024 , 20:00:00,61445,61445
3679,11/11/2024 , 21:00:00,61445,61445
3680,11/11/2024 , 22:00:00,61445,61445
3681,11/11/2024 , 23:00:00,61445,61445
3682,11/11/2024 , 23:59:59,61445,61445
3683,12/11/2024 , 01:00:00,61957,61957
3684,12/11/2024 , 02:00:00,5,5
3685,12/11/2024 , 03:00:00,10,10
3686,12/11/2024 , 04:00:00,10,10
3687,12/11/2024 , 05:00:00,10,10
3688,12/11/2024 , 06:00:00,10,10
3689,12/11/2024 , 07:00:00,10,10
3690,12/11/2024 , 08:00:00,10,10
3691,12/11/2024 , 09:00:00,266,266
3692,12/11/2024 , 10:00:00,266,266
3693,12/11/2024 , 11:00:00,266,266
3694,12/11/2024 , 12:00:00,266,266
3695,12/11/2024 , 13:00:00,266,266
3696,12/11/2024 , 14:00:00,266,266
3697,12/11/2024 , 15:00:00,266,266
3698,12/11/2024 , 16:00:00,266,266
3699,12/11/2024 , 17:00:00,266,266
3700,12/11/2024 , 18:00:00,266,266
3701,12/11/2024 , 19:00:00,266,266
3702,12/11/2024 , 20:00:00,266,266
3703,12/11/2024 , 21:00:00,266,266
3704,12/11/2024 , 22:00:00,266,266
3705,12/11/2024 , 23:00:00,266,266
3706,12/11/2024 , 23:59:59,266,266
3707,13/11/2024 , 01:00:00,522,522
3708,13/11/2024 , 02:00:00,522,522
3709,13/11/2024 , 03:00:00,778,778
3710,13/11/2024 , 04:00:00,1034,1034
3711,13/11/2024 , 05:00:00,1034,1034
3712,13/11/2024 , 06:00:00,522,522
3713,13/11/2024 , 07:00:00,522,522
3714,13/11/2024 , 08:00:00,522,522
3715,13/11/2024 , 09:00:00,522,522
3716,13/11/2024 , 10:00:00,778,778
3717,13/11/2024 , 11:00:00,778,778
3718,13/11/2024 , 12:00:00,778,778
3719,13/11/2024 , 13:00:00,778,778
3720,13/11/2024 , 14:00:00,778,778
3721,13/11/2024 , 15:00:00,778,778
3722,13/11/2024 , 16:00:00,778,778
3723,13/11/2024 , 17:00:00,778,778
3724,13/11/2024 , 18:00:00,778,778
3725,13/11/2024 , 19:00:00,1034,1034
3726,13/11/2024 , 20:00:00,1034,1034
3727,13/11/2024 , 21:00:00,1290,1290
3728,13/11/2024 , 22:00:00,1290,1290
3729,13/11/2024 , 23:00:00,1034,1034
3730,13/11/2024 , 23:59:59,1034,1034
3731,14/11/2024 , 01:00:00,1034,1034
3732,14/11/2024 , 02:00:00,1034,1034
3733,14/11/2024 , 03:00:00,1034,1034
3734,14/11/2024 , 04:00:00,1034,1034
3735,14/11/2024 , 05:00:00,1034,1034
3736,14/11/2024 , 06:00:00,1034,1034
3737,14/11/2024 , 07:00:00,1034,1034
3738,14/11/2024 , 08:00:00,1034,1034
3739,14/11/2024 , 09:00:00,1034,1034
3740,14/11/2024 , 10:00:00,1034,1034
3741,14/11/2024 , 11:00:00,1034,1034
3742,14/11/2024 , 12:00:00,1034,1034
3743,14/11/2024 , 13:00:00,1034,1034
3744,14/11/2024 , 14:00:00,1034,1034
3745,14/11/2024 , 15:00:00,1034,1034
3746,14/11/2024 , 16:00:00,1290,1290
3747,14/11/2024 , 17:00:00,1290,1290
3748,14/11/2024 , 18:00:00,1034,1034
3749,14/11/2024 , 19:00:00,1034,1034
3750,14/11/2024 , 20:00:00,1034,1034
3751,14/11/2024 , 21:00:00,1034,1034
3752,14/11/2024 , 22:00:00,1034,1034
3753,14/11/2024 , 23:00:00,778,778
3754,14/11/2024 , 23:59:59,1034,1034
3755,15/11/2024 , 01:00:00,1034,1034
3756,15/11/2024 , 02:00:00,778,778
3757,15/11/2024 , 03:00:00,1034,1034
3758,15/11/2024 , 04:00:00,1034,1034
3759,15/11/2024 , 05:00:00,1034,1034
3760,15/11/2024 , 06:00:00,1034,1034
3761,15/11/2024 , 07:00:00,1034,1034
3762,15/11/2024 , 08:00:00,1034,1034
3763,15/11/2024 , 09:00:00,778,778
3764,15/11/2024 , 10:00:00,1034,1034
3765,15/11/2024 , 11:00:00,1034,1034
3766,15/11/2024 , 12:00:00,1290,1290
3767,15/11/2024 , 13:00:00,1034,1034
3768,15/11/2024 , 14:00:00,1290,1290
3769,15/11/2024 , 15:00:00,1290,1290
3770,15/11/2024 , 16:00:00,1034,1034
3771,15/11/2024 , 17:00:00,1034,1034
3772,15/11/2024 , 18:00:00,1034,1034
3773,15/11/2024 , 19:00:00,1034,1034
3774,15/11/2024 , 20:00:00,1034,1034
3775,15/11/2024 , 21:00:00,1034,1034
3776,15/11/2024 , 22:00:00,1034,1034
3777,15/11/2024 , 23:00:00,1034,1034
3778,15/11/2024 , 23:59:59,1034,1034
3779,16/11/2024 , 01:00:00,1034,1034
3780,16/11/2024 , 02:00:00,1034,1034
3781,16/11/2024 , 03:00:00,1034,1034
3782,16/11/2024 , 04:00:00,1034,1034
3783,16/11/2024 , 05:00:00,778,778
3784,16/11/2024 , 06:00:00,778,778
3785,16/11/2024 , 07:00:00,522,522
3786,16/11/2024 , 08:00:00,778,778
3787,16/11/2024 , 09:00:00,778,778
3788,16/11/2024 , 10:00:00,778,778
3789,16/11/2024 , 11:00:00,3850,3850
3790,16/11/2024 , 12:00:00,3850,3850
3791,16/11/2024 , 13:00:00,3594,3594
3792,16/11/2024 , 14:00:00,3082,3082
3793,16/11/2024 , 15:00:00,2826,2826
3794,16/11/2024 , 16:00:00,2826,2826
3795,16/11/2024 , 17:00:00,2570,2570
3796,16/11/2024 , 18:00:00,2570,2570
3797,16/11/2024 , 19:00:00,3082,3082
3798,16/11/2024 , 20:00:00,2826,2826
3799,16/11/2024 , 21:00:00,2826,2826
3800,16/11/2024 , 22:00:00,2314,2314
3801,16/11/2024 , 23:00:00,2570,2570
3802,16/11/2024 , 23:59:59,2826,2826
3803,17/11/2024 , 01:00:00,3338,3338
3804,17/11/2024 , 02:00:00,3338,3338
3805,17/11/2024 , 03:00:00,3082,3082
3806,17/11/2024 , 04:00:00,3338,3338
3807,17/11/2024 , 05:00:00,3338,3338
3808,17/11/2024 , 06:00:00,3338,3338
3809,17/11/2024 , 07:00:00,3850,3850
3810,17/11/2024 , 08:00:00,3850,3850
3811,17/11/2024 , 09:00:00,3850,3850
3812,17/11/2024 , 10:00:00,4362,4362
3813,17/11/2024 , 11:00:00,4362,4362
3814,17/11/2024 , 12:00:00,4874,4874
3815,17/11/2024 , 13:00:00,5130,5130
3816,17/11/2024 , 14:00:00,8202,8202
3817,17/11/2024 , 15:00:00,7946,7946
3818,17/11/2024 , 16:00:00,7946,7946
3819,17/11/2024 , 17:00:00,8458,8458
3820,17/11/2024 , 18:00:00,8714,8714
3821,17/11/2024 , 19:00:00,8970,8970
3822,17/11/2024 , 20:00:00,9226,9226
3823,17/11/2024 , 21:00:00,9482,9482
3824,17/11/2024 , 22:00:00,9994,9994
3825,17/11/2024 , 23:00:00,10250,10250
3826,17/11/2024 , 23:59:59,10762,10762
3827,18/11/2024 , 01:00:00,11530,11530
3828,18/11/2024 , 02:00:00,12042,12042
3829,18/11/2024 , 03:00:00,13066,13066
3830,18/11/2024 , 04:00:00,13578,13578
3831,18/11/2024 , 05:00:00,14090,14090
3832,18/11/2024 , 06:00:00,14858,14858
3833,18/11/2024 , 07:00:00,15626,15626
3834,18/11/2024 , 08:00:00,19210,19210
3835,18/11/2024 , 09:00:00,21002,21002
3836,18/11/2024 , 10:00:00,20746,20746
3837,18/11/2024 , 11:00:00,20746,20746
3838,18/11/2024 , 12:00:00,21002,21002
3839,18/11/2024 , 13:00:00,21002,21002
3840,18/11/2024 , 14:00:00,21258,21258
3841,18/11/2024 , 15:00:00,21514,21514
3842,18/11/2024 , 16:00:00,21770,21770
3843,18/11/2024 , 17:00:00,22282,22282
3844,18/11/2024 , 18:00:00,22538,22538
3845,18/11/2024 , 19:00:00,22794,22794
3846,18/11/2024 , 20:00:00,23306,23306
3847,18/11/2024 , 21:00:00,23306,23306
3848,18/11/2024 , 22:00:00,23818,23818
3849,18/11/2024 , 23:00:00,24330,24330
3850,18/11/2024 , 23:59:59,24842,24842
3851,19/11/2024 , 01:00:00,25098,25098
3852,19/11/2024 , 02:00:00,25354,25354
3853,19/11/2024 , 03:00:00,25610,25610
3854,19/11/2024 , 04:00:00,25610,25610
3855,19/11/2024 , 05:00:00,26378,26378
3856,19/11/2024 , 06:00:00,26378,26378
3857,19/11/2024 , 07:00:00,26634,26634
3858,19/11/2024 , 08:00:00,26634,26634
3859,19/11/2024 , 09:00:00,26890,26890
3860,19/11/2024 , 10:00:00,27146,27146
3861,19/11/2024 , 11:00:00,27402,27402
3862,19/11/2024 , 12:00:00,27402,27402
3863,19/11/2024 , 13:00:00,27658,27658
3864,19/11/2024 , 14:00:00,27914,27914
3865,19/11/2024 , 15:00:00,27914,27914
3866,19/11/2024 , 16:00:00,28170,28170
3867,19/11/2024 , 17:00:00,28170,28170
3868,19/11/2024 , 18:00:00,28426,28426
3869,19/11/2024 , 19:00:00,28938,28938
3870,19/11/2024 , 20:00:00,28938,28938
3871,19/11/2024 , 21:00:00,29194,29194
3872,19/11/2024 , 22:00:00,29450,29450
3873,19/11/2024 , 23:00:00,29450,29450
3874,19/11/2024 , 23:59:59,29706,29706
3875,20/11/2024 , 01:00:00,29962,29962
3876,20/11/2024 , 02:00:00,29962,29962
3877,20/11/2024 , 03:00:00,30218,30218
3878,20/11/2024 , 04:00:00,30218,30218
3879,20/11/2024 , 05:00:00,30474,30474
3880,20/11/2024 , 06:00:00,30730,30730
3881,20/11/2024 , 07:00:00,30730,30730
3882,20/11/2024 , 08:00:00,30730,30730
3883,20/11/2024 , 09:00:00,30986,30986
3884,20/11/2024 , 10:00:00,31242,31242
3885,20/11/2024 , 11:00:00,31498,31498
3886,20/11/2024 , 12:00:00,31498,31498
3887,20/11/2024 , 13:00:00,31498,31498
3888,20/11/2024 , 14:00:00,31754,31754
3889,20/11/2024 , 15:00:00,31754,31754
3890,20/11/2024 , 16:00:00,31754,31754
3891,20/11/2024 , 17:00:00,32010,32010
3892,20/11/2024 , 18:00:00,32010,32010
3893,20/11/2024 , 19:00:00,32266,32266
3894,20/11/2024 , 20:00:00,32522,32522
3895,20/11/2024 , 21:00:00,32522,32522
3896,20/11/2024 , 22:00:00,32778,32778
3897,20/11/2024 , 23:00:00,33034,33034
3898,20/11/2024 , 23:59:59,33034,33034
3899,21/11/2024 , 01:00:00,33034,33034
3900,21/11/2024 , 02:00:00,33034,33034
3901,21/11/2024 , 03:00:00,33034,33034
3902,21/11/2024 , 04:00:00,33034,33034
3903,21/11/2024 , 05:00:00,33290,33290
3904,21/11/2024 , 06:00:00,33290,33290
3905,21/11/2024 , 07:00:00,33546,33546
3906,21/11/2024 , 08:00:00,33546,33546
3907,21/11/2024 , 09:00:00,33802,33802
3908,21/11/2024 , 10:00:00,33546,33546
3909,21/11/2024 , 11:00:00,33802,33802
3910,21/11/2024 , 12:00:00,33802,33802
3911,21/11/2024 , 13:00:00,33802,33802
3912,21/11/2024 , 14:00:00,33802,33802
3913,21/11/2024 , 15:00:00,33802,33802
3914,21/11/2024 , 16:00:00,34058,34058
3915,21/11/2024 , 17:00:00,34058,34058
3916,21/11/2024 , 18:00:00,34314,34314
3917,21/11/2024 , 19:00:00,34314,34314
3918,21/11/2024 , 20:00:00,34570,34570
3919,21/11/2024 , 21:00:00,34826,34826
3920,21/11/2024 , 22:00:00,34826,34826
3921,21/11/2024 , 23:00:00,35082,35082
3922,21/11/2024 , 23:59:59,35338,35338
3923,22/11/2024 , 01:00:00,35338,35338
3924,22/11/2024 , 02:00:00,35338,35338
3925,22/11/2024 , 03:00:00,35338,35338
3926,22/11/2024 , 04:00:00,35594,35594
3927,22/11/2024 , 05:00:00,35594,35594
3928,22/11/2024 , 06:00:00,35594,35594
3929,22/11/2024 , 07:00:00,35594,35594
3930,22/11/2024 , 08:00:00,35850,35850
3931,22/11/2024 , 09:00:00,35850,35850
3932,22/11/2024 , 10:00:00,36106,36106
3933,22/11/2024 , 11:00:00,36106,36106
3934,22/11/2024 , 12:00:00,36106,36106
3935,22/11/2024 , 13:00:00,36362,36362
3936,22/11/2024 , 14:00:00,36106,36106
3937,22/11/2024 , 15:00:00,36362,36362
3938,22/11/2024 , 16:00:00,36362,36362
3939,22/11/2024 , 17:00:00,36362,36362
3940,22/11/2024 , 18:00:00,36618,36618
3941,22/11/2024 , 19:00:00,36874,36874
3942,22/11/2024 , 20:00:00,36618,36618
3943,22/11/2024 , 21:00:00,36874,36874
3944,22/11/2024 , 22:00:00,36874,36874
3945,22/11/2024 , 23:00:00,36874,36874
3946,22/11/2024 , 23:59:59,37130,37130
3947,23/11/2024 , 01:00:00,37130,37130
3948,23/11/2024 , 02:00:00,37130,37130
3949,23/11/2024 , 03:00:00,37386,37386
3950,23/11/2024 , 04:00:00,37386,37386
3951,23/11/2024 , 05:00:00,37386,37386
3952,23/11/2024 , 06:00:00,37386,37386
3953,23/11/2024 , 07:00:00,37386,37386
3954,23/11/2024 , 08:00:00,37386,37386
3955,23/11/2024 , 09:00:00,37642,37642
3956,23/11/2024 , 10:00:00,37642,37642
3957,23/11/2024 , 11:00:00,37898,37898
3958,23/11/2024 , 12:00:00,37898,37898
3959,23/11/2024 , 13:00:00,37898,37898
3960,23/11/2024 , 14:00:00,38154,38154
3961,23/11/2024 , 15:00:00,38154,38154
3962,23/11/2024 , 16:00:00,38154,38154
3963,23/11/2024 , 17:00:00,38410,38410
3964,23/11/2024 , 18:00:00,38410,38410
3965,23/11/2024 , 19:00:00,38410,38410
3966,23/11/2024 , 20:00:00,38666,38666
3967,23/11/2024 , 21:00:00,38666,38666
3968,23/11/2024 , 22:00:00,38666,38666
3969,23/11/2024 , 23:00:00,38922,38922
3970,23/11/2024 , 23:59:59,38922,38922
3971,24/11/2024 , 01:00:00,38922,38922
3972,24/11/2024 , 02:00:00,39178,39178
3973,24/11/2024 , 03:00:00,39178,39178
3974,24/11/2024 , 04:00:00,39178,39178
3975,24/11/2024 , 05:00:00,39434,39434
3976,24/11/2024 , 06:00:00,39434,39434
3977,24/11/2024 , 07:00:00,39690,39690
3978,24/11/2024 , 08:00:00,39690,39690
3979,24/11/2024 , 09:00:00,39690,39690
3980,24/11/2024 , 10:00:00,39690,39690
3981,24/11/2024 , 11:00:00,39690,39690
3982,24/11/2024 , 12:00:00,39946,39946
3983,24/11/2024 , 13:00:00,39946,39946
3984,24/11/2024 , 14:00:00,39946,39946
3985,24/11/2024 , 15:00:00,39946,39946
3986,24/11/2024 , 16:00:00,39946,39946
3987,24/11/2024 , 17:00:00,39946,39946
3988,24/11/2024 , 18:00:00,40202,40202
3989,24/11/2024 , 19:00:00,40202,40202
3990,24/11/2024 , 20:00:00,40202,40202
3991,24/11/2024 , 21:00:00,40458,40458
3992,24/11/2024 , 22:00:00,40202,40202
3993,24/11/2024 , 23:00:00,40202,40202
3994,24/11/2024 , 23:59:59,40202,40202
3995,25/11/2024 , 01:00:00,40458,40458
3996,25/11/2024 , 02:00:00,40458,40458
3997,25/11/2024 , 03:00:00,40458,40458
3998,25/11/2024 , 04:00:00,40458,40458
3999,25/11/2024 , 05:00:00,40458,40458
4000,25/11/2024 , 06:00:00,40458,40458
4001,25/11/2024 , 07:00:00,40458,40458
4002,25/11/2024 , 08:00:00,40458,40458
4003,25/11/2024 , 09:00:00,40458,40458
4004,25/11/2024 , 10:00:00,40714,40714
4005,25/11/2024 , 11:00:00,40714,40714
4006,25/11/2024 , 12:00:00,40714,40714
4007,25/11/2024 , 13:00:00,40714,40714